,accepted,ans_num,crt_ans,link,rep,time
0,Undetermined,2,no,https://stackoverflow.com/questions/50149603/could-wasm-be-used-to-check-integrity-of-a-js-method,"19,122,603","2018-05-03 09:28:39Z,2018-05-07 22:40:08Z"
1,Accepted,9,1,https://stackoverflow.com/questions/4377109/shell-script-execute-a-python-program-from-within-a-shell-script,"6669,1481,6560,475,729,3161,781,21,577","2010-12-07 13:34:45Z,2010-12-07 13:54:30Z,2010-12-07 15:08:21Z,2018-03-08 09:42:31Z,2010-12-07 13:36:01Z,2016-09-12 06:05:43Z,2015-07-21 04:12:54Z,2017-12-29 02:04:07Z,2018-09-05 06:45:20Z"
2,Undetermined,1,no,https://stackoverflow.com/questions/38199051/boost-python-make-constructor-and-custodians-and-ward,641,2020-06-22 17:17:25Z
3,Accepted,4,1,https://stackoverflow.com/questions/4167233/how-do-i-pass-arrays-from-java-to-c-using-swig,"1,062,080,618,506,850,000","2010-11-14 16:56:44Z,2010-11-12 19:34:20Z,2010-11-12 17:20:02Z,2010-11-12 17:23:55Z"
4,Accepted,1,1,https://stackoverflow.com/questions/11926340/how-to-pass-a-c-object-to-another-c-object-with-boost-python,49017,2012-08-15 20:43:28Z
5,Accepted,9,1,https://stackoverflow.com/questions/33326699/passing-laravel-array-in-javascript,"15,341,083,711,344,100,000,000,000,000,000,000","2018-02-06 17:15:48Z,2015-10-25 05:59:33Z,2019-03-15 18:40:06Z,2019-06-28 06:38:05Z,2015-10-25 05:59:20Z,2019-06-05 06:35:47Z,2018-08-28 07:41:40Z,2020-03-31 12:57:35Z,2021-08-13 08:51:07Z"
6,Accepted,9,1,https://stackoverflow.com/questions/15485354/angularjs-http-post-to-php-and-undefined,"67920,794,4706,3646,1970,73,23063,867,1318","2013-03-18 19:54:40Z,2014-06-10 12:25:20Z,2014-05-22 14:56:15Z,2014-05-22 19:01:59Z,2014-06-27 06:46:54Z,2014-03-18 00:02:42Z,2015-03-11 14:31:05Z,2015-06-17 02:34:42Z,2016-07-14 08:04:46Z"
7,Accepted,3,1,https://stackoverflow.com/questions/21278915/getting-to-interactive-django-shell-in-pydev,"127,911,069,565","2014-03-03 17:04:40Z,2015-05-03 06:16:24Z,2017-06-23 18:18:18Z"
8,Accepted,2,1,https://stackoverflow.com/questions/14661249/java-jni-creating-a-swing-window-using-jni-from-c,"10,955,169","2013-05-07 14:56:22Z,2013-12-27 09:23:49Z"
9,Accepted,5,1,https://stackoverflow.com/questions/21153805/convert-php-associative-array-into-javascript-object,"39438,137,757,71,21","2014-01-16 05:15:29Z,2017-03-15 19:52:14Z,2018-06-11 16:03:54Z,2020-04-14 16:11:19Z,2017-05-03 13:22:44Z"
10,Accepted,1,1,https://stackoverflow.com/questions/29745584/using-getdirectbufferaddress-from-jni,11107,2015-04-20 13:45:46Z
11,Accepted,1,1,https://stackoverflow.com/questions/44123252/detecting-c-types-limits-limits-h-in-python,224034,2017-05-22 23:03:08Z
12,Accepted,6,1,https://stackoverflow.com/questions/2566764/encode-compress-sequence-of-repeating-integers,"520,728,200,380,448,000,000,000,000","2010-04-02 13:09:41Z,2010-04-02 13:18:28Z,2010-04-02 13:25:11Z,2010-04-02 13:41:05Z,2010-04-02 13:46:01Z,2015-07-16 06:26:27Z"
13,Accepted,2,1,https://stackoverflow.com/questions/8654519/what-happens-if-i-call-a-java-function-from-multiple-threads-from-c-with-jni,"15,086,506,268","2011-12-28 12:07:21Z,2011-12-28 11:26:08Z"
14,Accepted,4,1,https://stackoverflow.com/questions/2462230/interacting-with-java-code-from-c-sharp,"201,441,079,053,041,000,000","2010-03-17 12:49:54Z,2010-03-17 12:47:52Z,2010-03-17 12:52:42Z,2012-08-03 21:14:06Z"
15,Undetermined,2,no,https://stackoverflow.com/questions/46420476/polymorphic-exception-handling-how-to-catch-subclass-exception,"1,673,450","2017-10-04 10:03:36Z,2017-10-06 09:28:30Z"
16,Undetermined,2,no,https://stackoverflow.com/questions/39193510/how-to-insert-arbitrary-json-in-htmls-script-tag,"13,546,264","2019-09-04 22:28:45Z,2017-08-30 02:17:53Z"
17,Accepted,2,1,https://stackoverflow.com/questions/2663429/what-is-the-best-way-to-identify-which-form-has-been-submitted,"1,805,211,819","2010-04-18 18:41:53Z,2010-04-18 18:43:32Z"
18,Accepted,5,1,https://stackoverflow.com/questions/58927296/adding-utf-8-support-to-js-php-script,"1,146,413,573,104,450,000,000","2019-11-21 23:49:08Z,2019-11-19 05:55:07Z,2019-11-21 07:58:26Z,2019-11-22 20:11:36Z,2019-11-23 23:52:38Z"
19,Accepted,1,1,https://stackoverflow.com/questions/799076/returning-a-stdstring-from-a-c-dll-to-a-c-sharp-program-invalid-address-s,12456,2009-04-28 18:16:33Z
20,Accepted,2,1,https://stackoverflow.com/questions/39948485/how-can-i-convert-python-boolean-object-to-c-int-or-c-boolean-python-c-api,"11,568,912,689","2016-10-25 21:28:16Z,2016-10-09 22:40:08Z"
21,Accepted,2,1,https://stackoverflow.com/questions/29733594/thymeleaf-print-json-string-as-json-object-into-a-javascript-variable,"130,433,314","2015-05-09 22:00:10Z,2015-12-22 23:43:07Z"
22,Undetermined,3,no,https://stackoverflow.com/questions/44331769/how-to-post-a-tweet-using-codebird-php-from-pop-up-window,"11,438,117,734","2017-06-12 12:36:53Z,2017-06-07 18:47:31Z,2017-06-21 00:54:55Z"
23,Undetermined,2,no,https://stackoverflow.com/questions/473029/how-can-i-get-the-full-backtrace-in-spidermonkey-jsapi-from-my-reporterror-fun,"1,371,699","2014-03-03 11:17:24Z,2012-06-06 14:01:50Z"
24,Accepted,7,1,https://stackoverflow.com/questions/4365738/how-to-access-php-session-variables-from-jquery-function-in-a-js-file,"19880,964,9364,21,66430,537,2377","2010-12-06 11:12:53Z,2011-12-05 10:58:58Z,2013-04-17 10:27:10Z,2011-09-20 15:11:26Z,2010-12-06 11:09:34Z,2016-09-02 11:34:05Z,2017-11-24 09:19:49Z"
25,Accepted,2,1,https://stackoverflow.com/questions/4591461/marshalling-a-char-in-c-sharp,"2,612,713,893","2011-01-04 07:37:46Z,2011-01-04 07:56:15Z"
26,Accepted,6,1,https://stackoverflow.com/questions/13242098/why-should-i-embed-a-scripting-language,"10,091,007,819,837,100,000,000,000","2012-11-05 23:37:15Z,2012-11-06 02:00:09Z,2012-11-05 23:33:29Z,2012-11-05 23:51:36Z,2012-11-06 02:11:52Z,2012-11-06 02:58:52Z"
27,Accepted,2,1,https://stackoverflow.com/questions/1309509/correct-way-to-marshal-size-t,"9,625,553,312","2009-08-21 00:19:39Z,2009-08-21 01:32:44Z"
28,Accepted,1,1,https://stackoverflow.com/questions/9696980/php-constant-inside-js-file,4955,2012-03-14 06:36:46Z
29,Undetermined,4,no,https://stackoverflow.com/questions/2357106/weird-mono-compilation-error,"53920,1954,25112,83","2010-03-21 06:31:20Z,2010-03-10 08:33:55Z,2010-03-14 16:22:31Z,2010-03-17 19:51:11Z"
30,Accepted,2,1,https://stackoverflow.com/questions/2381241/what-is-the-subprocess-popen-max-length-of-the-args-parameter,"12,043,148,065","2010-03-04 18:29:16Z,2019-03-02 14:51:44Z"
31,Accepted,4,1,https://stackoverflow.com/questions/13289171/marshalasunmanagedtype-lpstr-how-does-this-convert-utf-8-strings-to-char,"8,860,391,532,698,170","2012-11-08 13:45:47Z,2018-03-21 03:34:23Z,2014-11-29 04:10:27Z,2020-11-18 15:45:24Z"
32,Accepted,2,1,https://stackoverflow.com/questions/6872482/how-to-write-javascript-in-the-code-behind-file,"8,399,159,579","2011-07-29 11:44:00Z,2011-08-01 07:23:26Z"
33,Accepted,6,1,https://stackoverflow.com/questions/808692/creating-an-interactive-shell-for-net-apps-and-embed-scripting-languages-like-p,"340,835,917,366,453,000,000,000,000","2009-04-30 19:45:40Z,2009-04-30 20:53:52Z,2009-04-30 20:05:49Z,2009-04-30 20:15:16Z,2009-06-27 11:33:14Z,2009-04-30 19:52:54Z"
34,Accepted,3,1,https://stackoverflow.com/questions/213628/how-to-convert-a-c-string-char-array-into-a-python-string-when-there-are-non-a,"95,517,013,862,495","2008-10-18 19:59:25Z,2008-10-17 20:00:47Z,2008-10-17 20:47:20Z"
35,Accepted,1,1,https://stackoverflow.com/questions/8241732/application-exits-no-exception-when-referencing-64bit-dll-from-c-sharp,886039,2011-11-23 13:17:38Z
36,Accepted,1,1,https://stackoverflow.com/questions/3456345/gwt-how-to-return-and-handle-an-error-from-multipart-form-file-upload,15261,2010-08-11 12:36:38Z
37,Accepted,2,1,https://stackoverflow.com/questions/9993465/handling-session-timeout-on-client-side,"12494,21","2012-04-06 08:50:50Z,2016-06-28 15:41:14Z"
38,Accepted,2,1,https://stackoverflow.com/questions/32028339/writing-a-long-from-java-in-a-file-and-reading-it-in-c,"68,679,916,975","2015-08-15 19:19:32Z,2015-08-15 19:13:00Z"
39,Undetermined,1,no,https://stackoverflow.com/questions/2480565/directory-layout-for-a-python-project-with-c-extension-modules,787530,2010-03-19 21:28:00Z
40,Accepted,4,2,https://stackoverflow.com/questions/7057022/is-it-safe-to-keep-c-pointers-in-c,"1,355,988,603,960,100,000,000","2011-08-14 13:26:41Z,2011-08-14 13:48:42Z,2011-08-14 13:26:19Z,2011-08-14 13:41:49Z"
41,Accepted,5,1,https://stackoverflow.com/questions/5700186/meta-programming-into-several-output-languages,"663,815,972,856,305,000,000","2011-04-18 09:00:23Z,2011-04-18 08:42:42Z,2011-04-18 08:25:00Z,2011-04-18 09:25:23Z,2011-04-18 13:02:14Z"
42,Accepted,5,1,https://stackoverflow.com/questions/16693178/c-vector-to-python-3-3,"35,131,985,534,551,700,000","2013-06-03 21:20:36Z,2013-05-29 20:27:02Z,2013-05-22 13:35:23Z,2013-05-22 15:56:20Z,2013-06-04 03:11:17Z"
43,Accepted,1,1,https://stackoverflow.com/questions/14371758/can-a-python-function-taking-args-kwargs-be-called-from-c-or-another-language,114486,2013-01-17 03:49:39Z
44,Accepted,4,2,https://stackoverflow.com/questions/8933263/how-do-i-wrap-a-c-class-with-cython,"14,869,197,077,704,800","2012-01-19 21:47:10Z,2012-02-07 19:30:30Z,2012-01-19 21:11:52Z,2020-08-02 04:22:24Z"
45,Accepted,1,1,https://stackoverflow.com/questions/33779063/nuget-package-with-a-dependency-on-visual-c-2013-runtime,19746,2016-02-21 18:26:23Z
46,Undetermined,3,no,https://stackoverflow.com/questions/31766219/export-constants-from-header-with-cython,"7521,81,11","2015-08-02 01:54:38Z,2015-11-19 15:46:05Z,2018-08-05 12:59:33Z"
47,Accepted,4,1,https://stackoverflow.com/questions/2087840/add-a-reference-from-a-c-sharp-app-to-a-dll-compiled-without-clr,"55,907,688,731,146,300,000","2010-01-18 17:33:53Z,2010-01-18 17:23:17Z,2010-01-18 18:42:48Z,2011-05-30 14:22:42Z"
48,Undetermined,3,no,https://stackoverflow.com/questions/30990129/encrypt-in-python-decrypt-in-javascript,"59134,151,21","2015-06-22 22:10:33Z,2016-09-20 15:39:32Z,2020-10-26 22:40:01Z"
49,Accepted,8,1,https://stackoverflow.com/questions/3628601/how-fast-is-client-side-javascript-versus-server-side-java,"137167,102777,331562,131182,29811,713,19,38070","2010-09-02 15:28:15Z,2010-09-02 15:33:24Z,2010-09-02 15:28:53Z,2010-09-02 15:28:25Z,2010-09-02 15:33:12Z,2010-09-02 15:34:30Z,2010-09-03 02:45:50Z,2019-06-25 18:14:22Z"
50,Accepted,4,1,https://stackoverflow.com/questions/32512444/use-jquery-to-post-data-to-mvc-action-method,"2,044,123,383,233,240,000","2015-09-13 22:08:42Z,2015-09-11 00:49:40Z,2015-09-14 20:52:02Z,2015-09-10 22:16:50Z"
51,Accepted,2,1,https://stackoverflow.com/questions/6111843/limitations-of-pytuple-setitem,"45,071,720,144","2011-05-24 14:20:39Z,2011-05-24 14:19:56Z"
52,Undetermined,2,no,https://stackoverflow.com/questions/18155582/should-the-order-of-import-statements-matter-when-importing-a-so,"226,098,696","2013-08-15 16:22:03Z,2013-08-19 13:15:06Z"
53,Accepted,2,1,https://stackoverflow.com/questions/20054822/exposing-c-interface-in-boost-python,"49017,71","2013-11-18 19:45:58Z,2016-05-31 10:52:18Z"
54,Accepted,5,1,https://stackoverflow.com/questions/5187242/encode-a-string-to-be-used-as-shell-argument,"501,1533,59,7905,30124","2014-10-23 22:13:36Z,2011-03-03 22:43:43Z,2020-09-03 10:00:27Z,2011-03-03 22:14:15Z,2011-03-03 22:13:11Z"
55,Undetermined,2,no,https://stackoverflow.com/questions/7446992/using-nltk-in-c-sharp-via-ironpython,"4333,67","2011-09-16 15:59:19Z,2017-10-13 22:12:20Z"
56,Accepted,4,1,https://stackoverflow.com/questions/2874603/is-it-possible-to-embed-c-code-in-a-c-sharp-project,"1333,80039,0,88","2010-05-20 14:28:55Z,2010-05-20 14:27:59Z,2010-05-20 14:36:09Z,2010-05-20 14:29:36Z"
57,Accepted,8,1,https://stackoverflow.com/questions/2865289/php-redirection-with-post-parameters,"474,3504,5729,292079,71946,267,705,1","2013-12-18 17:24:48Z,2010-05-19 12:44:09Z,2018-05-04 15:34:48Z,2010-05-19 12:20:43Z,2010-05-19 12:41:43Z,2010-05-19 13:10:45Z,2016-08-26 05:21:30Z,2016-10-07 17:58:10Z"
58,Accepted,1,1,https://stackoverflow.com/questions/33813735/nginx-with-expires-on-javascript-files-dynamically-generated-by-php,27978,2015-11-24 10:01:42Z
59,Accepted,4,1,https://stackoverflow.com/questions/1953731/python-pytables-java-tying-all-together,"4,122,366,453,110,330,000","2009-12-23 17:27:12Z,2009-12-23 16:32:28Z,2009-12-23 16:19:31Z,2010-08-21 22:55:46Z"
60,Accepted,1,1,https://stackoverflow.com/questions/6407034/can-java-interact-with-system-v-linux-message-queues,109415,2011-06-20 05:52:03Z
61,Accepted,5,1,https://stackoverflow.com/questions/9444342/adding-a-javascript-script-tag-some-place-so-that-it-works-for-every-file-in-sph,"44,007,397,752,525,200,000","2012-02-26 16:11:00Z,2012-03-21 16:38:51Z,2017-01-27 01:37:02Z,2020-08-25 18:22:25Z,2020-09-16 07:56:46Z"
62,Accepted,1,1,https://stackoverflow.com/questions/18679264/how-to-use-malloc-and-free-with-python-ctypes,140835,2013-09-08 01:33:00Z
63,Accepted,6,1,https://stackoverflow.com/questions/726410/serialize-in-c-then-deserialize-in-c,"181,162,103,714,734,000,000,000,000,000","2009-04-07 15:48:37Z,2011-12-20 09:39:47Z,2009-04-07 15:53:18Z,2009-04-07 15:54:04Z,2009-04-07 15:55:04Z,2009-04-07 15:55:29Z"
64,Accepted,12,1,https://stackoverflow.com/questions/1153577/integrate-python-and-c,"7236,25982,76308,24674,13044,3036,9858,38782,7176,19439,40290,11","2009-07-20 13:35:54Z,2009-07-20 13:31:37Z,2009-07-20 13:31:48Z,2009-07-20 13:31:53Z,2009-07-20 14:52:10Z,2017-10-05 19:57:23Z,2009-07-20 13:33:47Z,2009-07-20 14:19:57Z,2012-03-01 09:31:20Z,2013-08-15 21:37:47Z,2009-07-20 13:30:06Z,2021-09-06 22:40:29Z"
65,Accepted,1,1,https://stackoverflow.com/questions/29287311/how-to-append-datetime-value-to-formdata-and-receive-it-in-controller,13345,2015-03-26 20:41:45Z
66,Undetermined,2,no,https://stackoverflow.com/questions/6751825/simplest-way-to-pass-float-to-c-via-jni,"84,701,986","2011-07-19 18:21:03Z,2017-12-12 06:56:27Z"
67,Accepted,10,1,https://stackoverflow.com/questions/3121367/php-script-malicious-javascript-code-at-the-end,"36,420,362,115,215,000,000,000,000,000,000,000,000,000,000","2010-07-02 15:20:43Z,2010-06-25 20:58:06Z,2010-06-25 20:55:49Z,2010-07-03 16:17:00Z,2010-06-30 23:01:04Z,2010-06-25 20:57:14Z,2010-07-01 04:11:47Z,2010-07-03 16:38:55Z,2010-06-25 21:01:51Z,2010-06-30 23:07:48Z"
68,Accepted,10,1,https://stackoverflow.com/questions/1496731/how-do-i-remove-unnecessary-resources-from-my-project,"14913,13539,18291,1244,110391,924,11,2753,2015,216","2010-08-05 06:26:52Z,2009-09-30 08:36:39Z,2009-09-30 17:24:55Z,2009-10-01 22:50:28Z,2009-10-03 08:27:59Z,2009-10-02 21:26:37Z,2014-05-05 21:14:31Z,2009-09-30 08:16:06Z,2009-10-01 20:32:23Z,2009-10-03 17:57:38Z"
69,Undetermined,4,no,https://stackoverflow.com/questions/30551935/javascript-variable-and-smarty,"282,263,012,884,007","2015-05-30 22:29:53Z,2015-06-08 10:07:25Z,2015-06-05 18:20:48Z,2015-06-08 13:03:47Z"
70,Accepted,4,1,https://stackoverflow.com/questions/729562/how-to-compile-c-sharp-application-with-c-static-library,"1,297,364,955,249,990,000","2009-04-08 11:27:28Z,2009-04-08 12:08:22Z,2009-04-08 11:46:39Z,2009-04-08 11:28:36Z"
71,Accepted,2,1,https://stackoverflow.com/questions/33677231/how-to-expose-a-function-returning-a-c-object-to-python-without-copying-the-ob,"25419,94","2015-11-12 19:17:49Z,2015-11-12 17:29:55Z"
72,Accepted,8,1,https://stackoverflow.com/questions/11430773/how-to-use-javascript-with-selenium-webdriver-java,"35965,7948,339,777,33,243,1,2517","2012-07-11 19:24:51Z,2015-07-08 13:04:24Z,2015-12-18 11:23:47Z,2018-09-05 14:19:40Z,2016-06-03 18:31:57Z,2020-03-10 11:58:16Z,2018-07-31 20:17:22Z,2012-07-12 14:12:47Z"
73,Undetermined,5,no,https://stackoverflow.com/questions/21256679/how-to-include-jquery-in-a-wordpress-theme,"13033,1121,79,7896,876","2014-01-21 12:26:37Z,2014-01-21 12:12:34Z,2014-01-21 11:46:49Z,2014-01-21 11:31:57Z,2014-01-21 12:23:31Z"
74,Accepted,4,1,https://stackoverflow.com/questions/2219982/getting-php-to-run-a-python-script,"369,335,586,110,632,000","2010-02-08 06:49:46Z,2010-02-12 13:13:18Z,2010-02-08 06:44:49Z,2013-01-22 16:57:17Z"
75,Accepted,2,2,https://stackoverflow.com/questions/60892286/javascript-to-c-sharp-numeric-precision-loss,"4,947,963","2020-03-27 18:59:55Z,2020-03-29 22:38:21Z"
76,Accepted,2,1,https://stackoverflow.com/questions/2753056/jquery-get-only-passing-first-two-data-parameters-in-url,"32,494,637","2010-05-02 10:35:17Z,2010-05-02 10:31:39Z"
77,Accepted,3,1,https://stackoverflow.com/questions/15449428/does-the-shell-in-shell-true-in-subprocess-means-bash,"55,723,744,563,215,200","2013-03-16 12:49:25Z,2013-03-16 12:50:30Z,2013-03-16 12:49:47Z"
78,Accepted,3,1,https://stackoverflow.com/questions/4541565/how-can-i-assert-from-python-c-code,"117,953,227,031,849","2010-12-27 20:51:19Z,2010-12-27 20:28:18Z,2015-01-15 02:28:34Z"
79,Accepted,12,2,https://stackoverflow.com/questions/1942298/wrapping-a-c-library-in-python-c-cython-or-ctypes,"16,716,798,147,794,700,000,000,000,000,000,000,000,000,000,000,000,000","2011-04-16 13:41:45Z,2009-12-21 20:37:14Z,2009-12-21 20:32:22Z,2013-02-18 17:33:30Z,2009-12-21 20:09:31Z,2009-12-21 20:36:42Z,2009-12-27 15:13:27Z,2009-12-21 20:37:56Z,2013-06-12 14:15:18Z,2014-02-23 11:31:10Z,2020-01-04 03:47:56Z,2011-09-01 05:19:39Z"
80,Undetermined,2,no,https://stackoverflow.com/questions/3529160/how-do-i-get-a-stdexception-error-description-when-calling-a-c-dll-from-c-sh,"59,874,548","2011-06-30 08:37:27Z,2010-08-20 08:20:41Z"
81,Accepted,8,1,https://stackoverflow.com/questions/10073564/how-can-i-convert-python-dictionary-to-javascript-hash-table,"1522,3928,89,425,214668,1610,1,1364","2012-04-09 13:11:10Z,2012-04-09 13:01:29Z,2017-09-26 00:10:22Z,2019-10-05 03:11:56Z,2012-04-09 16:53:27Z,2013-03-13 10:09:53Z,2017-12-29 04:15:11Z,2018-05-11 13:24:25Z"
82,Accepted,2,1,https://stackoverflow.com/questions/3632283/does-accesscontroller-doprivileged-give-javascript-threads-the-permissions-of-th,"120,003,680","2010-09-03 15:28:42Z,2010-09-03 02:07:59Z"
83,Accepted,2,1,https://stackoverflow.com/questions/49156/importing-javascript-in-jsp-tags,"64,361,166","2008-09-08 05:37:56Z,2008-09-08 04:58:26Z"
84,Accepted,10,1,https://stackoverflow.com/questions/1119696/java-python-integration,"129,736,476,141,846,000,000,000,000,000,000,000,000,000,000,000,000","2009-07-13 14:17:25Z,2009-07-13 14:44:27Z,2017-03-18 15:53:54Z,2009-07-13 14:45:12Z,2019-10-30 11:30:40Z,2009-07-13 14:24:21Z,2009-07-13 14:16:46Z,2009-07-13 14:21:39Z,2020-05-13 07:46:58Z,2009-07-13 14:17:55Z"
85,Accepted,2,1,https://stackoverflow.com/questions/8102244/swig-c-to-python-warning362-operator-ignored,"28,569,140,835","2011-11-12 03:09:51Z,2011-11-12 13:47:54Z"
86,Undetermined,6,no,https://stackoverflow.com/questions/10847370/tips-for-using-a-c-library-from-c-sharp,"59217,110779,22703,1896,4132,11","2012-06-05 11:32:26Z,2012-06-01 09:07:54Z,2012-06-01 09:30:10Z,2012-06-01 15:59:34Z,2012-06-01 17:59:22Z,2016-07-12 12:57:07Z"
87,Accepted,2,1,https://stackoverflow.com/questions/10549872/why-cant-python-execute-java-exe-via-subprocess,"241,21","2012-05-11 20:03:47Z,2013-07-29 12:47:05Z"
88,Accepted,2,1,https://stackoverflow.com/questions/3544240/conditional-ctypedef-with-cython,"90,408,811","2010-08-23 02:47:02Z,2016-02-16 04:12:26Z"
89,Accepted,6,1,https://stackoverflow.com/questions/2179601/good-php-framework-for-fully-ajax-based-web-applications,"102581,5609,3582,11,628,10900","2010-02-01 20:20:39Z,2010-02-01 19:57:43Z,2010-02-01 22:23:01Z,2016-08-18 13:55:07Z,2010-02-01 20:44:44Z,2010-02-04 21:27:43Z"
90,Undetermined,4,no,https://stackoverflow.com/questions/2962038/how-to-remove-dangerous-charactersie-script-tags,"6928,1049,31,2023","2011-12-07 10:19:38Z,2012-08-23 02:04:21Z,2019-05-29 07:23:10Z,2010-06-02 22:38:39Z"
91,Accepted,2,1,https://stackoverflow.com/questions/3074614/how-do-you-fight-against-all-these-ways-javascript-and-its-million-different-w,"3,744,912,158","2010-06-19 07:23:31Z,2010-06-19 07:03:21Z"
92,Undetermined,4,no,https://stackoverflow.com/questions/5882650/how-to-execute-a-shell-script-in-php,"11472,481,151,41","2011-05-04 11:39:05Z,2011-05-04 11:34:37Z,2013-03-29 13:25:04Z,2017-07-10 14:38:22Z"
93,Accepted,2,1,https://stackoverflow.com/questions/2692873/quote-posix-shell-special-characters-in-python-output,"643,684,270","2010-04-22 17:18:34Z,2010-04-22 17:05:58Z"
94,Accepted,3,1,https://stackoverflow.com/questions/18050937/how-can-i-execute-shell-command-with-a-pipe-in-it,"326,260,558,716,488","2013-08-05 05:14:56Z,2013-08-05 05:38:00Z,2013-08-05 05:16:17Z"
95,Accepted,5,1,https://stackoverflow.com/questions/5522063/serving-php-as-css-js-is-it-fast-enough-what-drawbacks-are-there,"11,402,114,021,172,400,000,000","2011-04-02 15:10:29Z,2011-04-02 12:00:16Z,2011-04-02 09:41:08Z,2011-04-02 09:53:50Z,2013-09-05 06:34:20Z"
96,Undetermined,1,no,https://stackoverflow.com/questions/26904725/pylucene-error-with-icetea-jdk-jre,0,2015-04-13 13:55:25Z
97,Accepted,2,1,https://stackoverflow.com/questions/7919856/how-to-use-websockets-with-play-framework,"52094,79","2011-10-27 18:17:49Z,2012-07-11 18:04:19Z"
98,Accepted,5,1,https://stackoverflow.com/questions/419240/how-to-get-javascript-function-data-into-a-php-variable,"1,095,635,146,999,700,000","2009-01-07 05:48:28Z,2009-01-07 05:06:09Z,2009-01-07 06:01:46Z,2009-01-07 05:05:31Z,2012-11-26 08:14:06Z"
99,Accepted,5,1,https://stackoverflow.com/questions/3128709/adding-facebook-connect-to-a-codeigniter-website,"604,827,974,936,114,000,000","2010-06-28 21:04:34Z,2010-07-12 00:38:23Z,2011-12-29 10:37:20Z,2010-07-07 07:07:10Z,2010-07-08 14:24:22Z"
100,Accepted,2,1,https://stackoverflow.com/questions/3819071/asp-net-scriptservice-deserialization-problem-with-derived-types,"128081,1","2010-09-29 06:20:55Z,2018-11-23 12:44:03Z"
101,Undetermined,1,no,https://stackoverflow.com/questions/16218929/how-to-instantiate-a-template-method-of-a-template-class-with-swig,140835,2013-04-29 00:12:42Z
102,Accepted,3,1,https://stackoverflow.com/questions/4354411/debugging-native-code-when-called-from-managed,"339,293,835,114,520","2010-12-04 16:05:04Z,2015-07-27 08:25:33Z,2018-04-13 00:56:11Z"
103,Accepted,4,1,https://stackoverflow.com/questions/2356098/what-is-the-best-tool-for-performance-regression-testing,"223,10864,7990,36","2010-03-01 15:23:05Z,2010-03-03 22:18:57Z,2010-03-01 14:00:50Z,2010-03-01 14:25:22Z"
104,Accepted,6,2,https://stackoverflow.com/questions/438594/how-to-call-java-objects-and-functions-from-cpython,"73,813,664,536,154,900,000,000,000","2010-09-25 10:55:08Z,2009-01-13 11:28:40Z,2009-01-14 20:00:08Z,2009-01-13 11:15:46Z,2014-06-16 16:07:00Z,2009-01-13 11:11:40Z"
105,Accepted,4,3,https://stackoverflow.com/questions/3259967/sending-displaying-a-base64-encoded-image,"436,033,689,424,716,000","2010-07-15 21:00:47Z,2012-01-14 04:26:34Z,2010-07-15 20:57:54Z,2017-10-12 09:24:50Z"
106,Accepted,2,1,https://stackoverflow.com/questions/7672792/calling-c-exe-functions-from-c-sharp,"2,620,212,604","2011-10-06 10:06:02Z,2011-10-06 12:22:58Z"
107,Undetermined,2,no,https://stackoverflow.com/questions/18096415/convert-object-to-void-and-back,"95,351,068,871","2013-08-07 06:57:51Z,2013-08-07 07:05:05Z"
108,Undetermined,4,no,https://stackoverflow.com/questions/4011180/how-to-use-a-c-library-in-a-c-sharp-app,"344,231,176,826,782,000","2010-10-25 00:34:31Z,2010-10-25 00:38:56Z,2010-10-25 02:37:09Z,2010-10-29 19:42:27Z"
109,Accepted,2,1,https://stackoverflow.com/questions/210978/using-os-execvp-in-python,"4,094,362,495","2008-10-17 03:07:53Z,2008-10-17 12:11:04Z"
110,Accepted,5,1,https://stackoverflow.com/questions/23622923/is-it-acceptable-practice-to-unit-test-a-program-in-a-different-language,"99,956,211,892,341,300,000,000","2014-05-13 04:55:46Z,2014-05-13 04:56:20Z,2014-05-13 04:56:04Z,2014-05-13 04:50:51Z,2014-05-13 04:55:36Z"
111,Undetermined,3,no,https://stackoverflow.com/questions/57172870/how-to-use-a-different-c-compiler-in-cython,"49,716,481,098","2019-11-26 21:35:33Z,2019-12-14 15:52:04Z,2021-07-05 16:23:10Z"
112,Accepted,1,1,https://stackoverflow.com/questions/25882150/python-h-not-found-using-swig-and-anaconda-python,97327,2014-09-17 05:41:23Z
113,Undetermined,1,no,https://stackoverflow.com/questions/41759122/how-to-use-googletest-for-testing-c-code-that-calls-into-java-on-android,1028,2017-01-25 16:58:56Z
114,Accepted,1,1,https://stackoverflow.com/questions/43621948/c-python-module-import-error-undefined-symbol-py-initmodule3-py-initmodu,3527,2017-04-25 23:13:37Z
115,Accepted,1,1,https://stackoverflow.com/questions/29006439/boost-python-multiple-modules-in-one-shared-object,791,2015-04-16 08:05:46Z
116,Accepted,1,1,https://stackoverflow.com/questions/49866263/how-are-symbols-contained-in-the-libpythonx-x-linked-to-numpy-extension-dynamic,1211,2019-05-07 08:43:45Z
117,Accepted,2,1,https://stackoverflow.com/questions/4259170/python-setup-script-extensions-how-do-you-include-a-h-file,"31,361,713","2010-11-23 19:07:07Z,2010-11-23 18:31:46Z"
118,Undetermined,3,no,https://stackoverflow.com/questions/16520052/how-to-generate-64-bit-dll-which-gcc-compiler-or-other-cant-load-ia-32-bit-d,"519,7545,66","2013-11-07 15:06:33Z,2013-11-21 15:46:47Z,2015-12-08 16:01:59Z"
119,Accepted,1,1,https://stackoverflow.com/questions/66498069/what-is-the-most-conventional-way-to-integrate-c-code-into-a-python-library-usin,3674,2021-03-07 13:57:57Z
120,Accepted,1,1,https://stackoverflow.com/questions/42763186/how-to-release-the-gil-in-cython-for-a-multithreaded-c-class,25419,2017-03-13 18:57:04Z
121,Accepted,5,3,https://stackoverflow.com/questions/2941960/a-call-to-pinvoke-function-has-unbalanced-the-stack,"1481,751,6196,51,21","2011-02-08 17:53:25Z,2011-07-20 20:37:52Z,2010-05-31 07:23:29Z,2014-05-07 05:51:29Z,2010-11-11 09:37:36Z"
122,Accepted,1,1,https://stackoverflow.com/questions/30455178/numpy-ctypes-dynamic-module-does-not-define-init-function-error-if-not-recompi,30544,2015-05-26 13:45:42Z
123,Undetermined,3,no,https://stackoverflow.com/questions/6887338/wrapper-is-disabled-in-the-server-configuration-by-allow-url-include-0,"24391,11,489","2011-07-31 05:18:01Z,2013-03-19 18:46:51Z,2015-02-10 10:12:52Z"
124,Undetermined,2,no,https://stackoverflow.com/questions/50261675/url-redirect-not-loading-resources-from-correct-relative-source,"39679,1","2018-05-10 05:37:33Z,2018-12-30 20:43:47Z"
125,Accepted,1,1,https://stackoverflow.com/questions/39649807/how-to-setup-qwebchannel-js-api-for-use-in-a-qwebengineview,686,2016-09-22 22:24:44Z
126,Accepted,1,1,https://stackoverflow.com/questions/36530637/embedding-python-in-c-error-in-linking-undefined-reference-to-pystring-asstri,121298,2016-04-10 14:27:24Z
127,Accepted,4,3,https://stackoverflow.com/questions/7195959/hello-world-with-boost-python-and-python-3-2,"59,244,400,126,176","2012-07-18 22:47:55Z,2011-08-25 22:15:20Z,2015-08-15 02:43:20Z,2018-08-22 04:17:21Z"
128,Undetermined,2,no,https://stackoverflow.com/questions/20904131/how-to-calculate-code-coverage-of-selenium-tests-with-respect-to-web-application,"14,699,712","2015-01-20 23:20:05Z,2015-01-17 14:02:04Z"
129,Accepted,4,1,https://stackoverflow.com/questions/19100085/javascript-runtime-error-unable-to-get-property-msie-of-undefined-or-null-ref,"9,629,719,815,112,090","2013-09-30 17:22:28Z,2015-03-12 16:59:35Z,2014-05-29 09:04:45Z,2016-11-11 04:00:43Z"
130,Accepted,2,1,https://stackoverflow.com/questions/6336094/jquery-autocomplete-in-background-of-input-text-box,"30,971,776","2011-06-13 21:02:52Z,2011-06-13 20:50:37Z"
131,Accepted,1,1,https://stackoverflow.com/questions/50674904/firing-events-in-c-and-handling-them-in-c-sharp,886039,2018-06-04 09:11:16Z
132,Accepted,1,1,https://stackoverflow.com/questions/11643666/python-importerror-undefined-symbol-for-custom-c-module,5339,2012-07-26 06:07:16Z
133,Accepted,9,2,https://stackoverflow.com/questions/5051059/codeigniter-and-javascript-jquery-library,"141,60113,2284,362115,845,43,11,35,471","2011-03-28 12:44:11Z,2011-02-19 14:53:03Z,2011-11-08 03:55:46Z,2011-02-19 13:38:57Z,2013-10-14 06:46:31Z,2015-05-02 07:46:44Z,2013-10-14 06:34:27Z,2014-08-09 17:02:43Z,2015-04-15 04:23:10Z"
134,Accepted,1,1,https://stackoverflow.com/questions/32440486/what-does-a-blue-dot-beneath-the-visual-studio-breakpoint-mean,4645,2015-09-07 14:09:08Z
135,Accepted,1,1,https://stackoverflow.com/questions/35716417/show-previously-uploaded-images-in-fine-uploader,18796,2016-03-04 15:15:23Z
136,Undetermined,3,no,https://stackoverflow.com/questions/28607708/event-source-server-returns-event-stream-in-bulk-rather-then-returning-in-chu,"643,510,392,146","2015-12-01 11:36:49Z,2015-11-27 16:57:39Z,2015-12-04 15:16:36Z"
137,Undetermined,1,no,https://stackoverflow.com/questions/34823870/ghostdriver-1-2-1-phantomjs-2-0-latest-selenium-cant-find-variable-error-in,867,2021-07-21 08:55:08Z
138,Accepted,1,1,https://stackoverflow.com/questions/24621889/minimal-example-of-wrapping-c-code-with-cython-passing-int-and-struct,3234,2015-01-03 04:55:31Z
139,Undetermined,1,no,https://stackoverflow.com/questions/11114277/execute-perl-in-php,5019,2012-06-20 07:19:16Z
140,Undetermined,2,no,https://stackoverflow.com/questions/33293538/compiling-c-from-php-with-exec-error-trying-to-exec-cc1,"4,664,038,383","2015-10-23 01:43:08Z,2018-10-20 21:05:03Z"
141,Undetermined,2,no,https://stackoverflow.com/questions/49953785/which-options-do-exist-for-defining-a-python-package-with-node-js-dependencies,"14,810,166,624","2018-04-26 14:04:00Z,2018-04-21 12:49:17Z"
142,Undetermined,5,no,https://stackoverflow.com/questions/40826295/react-routing-and-django-url-conflict,"312,633,855,977,052,000","2016-11-27 07:22:59Z,2019-03-07 22:21:14Z,2018-10-02 14:08:08Z,2021-03-09 19:46:43Z,2020-12-24 21:52:29Z"
143,Accepted,11,1,https://stackoverflow.com/questions/7067512/jquery-cannot-change-a-value-where-js-can-because-the-library-is-out-of-date,"23170,91270,20077,12993,3211,3211,32516,20486,2443,214993,89","2011-08-25 12:03:03Z,2011-08-24 01:02:37Z,2011-08-15 16:17:12Z,2011-08-17 23:13:50Z,2011-08-18 23:27:07Z,2011-08-19 16:54:49Z,2011-08-21 08:07:30Z,2011-08-22 05:51:12Z,2011-08-24 11:46:40Z,2011-08-24 12:58:44Z,2011-08-24 20:00:42Z"
144,Accepted,3,1,https://stackoverflow.com/questions/19428747/java-equivalent-of-c-copy-assignment-operator,"686,799,159,440,495,000","2013-10-17 14:02:37Z,2013-10-17 14:00:19Z,2013-10-17 14:00:02Z"
145,Undetermined,3,no,https://stackoverflow.com/questions/22846186/paypal-redirects-to-the-same-popup-window,"214,256,841,140","2014-06-11 11:41:28Z,2014-04-04 00:47:56Z,2014-09-08 15:34:25Z"
146,Accepted,1,1,https://stackoverflow.com/questions/49793560/build-c-plugin-for-unity,109463,2018-04-12 11:43:29Z
147,Undetermined,2,no,https://stackoverflow.com/questions/13845475/mpdf-ignoring-javascript,"24,233,392","2013-02-26 09:15:02Z,2012-12-12 18:58:38Z"
148,Accepted,1,1,https://stackoverflow.com/questions/30686266/how-to-include-csrf-token-in-an-external-js-file-in-laravel,46479,2015-06-06 18:37:47Z
149,Accepted,1,1,https://stackoverflow.com/questions/5182857/can-i-use-fabric-to-perform-interactive-shell-commands,3762,2011-03-04 23:06:31Z
150,Accepted,3,1,https://stackoverflow.com/questions/10916952/in-visual-studio-c-is-there-a-way-to-apply-web-config-transforms-to-javascript,"55,033,553,217,007","2012-06-06 15:15:53Z,2012-06-07 23:51:22Z,2012-06-06 15:17:31Z"
151,Accepted,1,1,https://stackoverflow.com/questions/30603810/authenticate-firebase-firechat-with-wordpress-user-or-database,150,2015-06-02 19:39:17Z
152,Accepted,3,1,https://stackoverflow.com/questions/911034/how-to-debug-jni-c-library,"765,397,397","2009-05-26 15:13:00Z,2012-07-24 17:47:50Z,2013-05-12 07:53:01Z"
153,Accepted,3,1,https://stackoverflow.com/questions/9940381/how-to-generate-jni-header-file-in-eclipse,"7498,754,91","2012-03-31 03:32:05Z,2014-03-18 14:48:14Z,2016-05-03 11:27:00Z"
154,Undetermined,1,no,https://stackoverflow.com/questions/39059853/nodejs-alternative-to-php-includes,0,2016-08-21 00:31:27Z
155,Accepted,2,2,https://stackoverflow.com/questions/47635408/cythonizing-fails-because-of-unknown-type-name-uint64-t,"615,109","2018-04-22 13:47:42Z,2017-12-08 19:41:24Z"
156,Undetermined,2,no,https://stackoverflow.com/questions/40360372/cant-import-numpy-from-c,"3,911,606","2016-11-02 08:45:26Z,2019-10-08 14:40:28Z"
157,Accepted,3,2,https://stackoverflow.com/questions/2885822/which-logging-library-to-use-for-cross-language-java-c-python-system,"71,791,189,731,226","2010-05-21 21:55:27Z,2010-05-22 00:31:09Z,2010-05-28 04:00:36Z"
158,Accepted,3,1,https://stackoverflow.com/questions/4421832/compiling-python-to-c-using-cython,"1052,0,5821","2010-12-12 15:07:04Z,2010-12-12 13:24:31Z,2010-12-12 16:03:59Z"
159,Accepted,1,1,https://stackoverflow.com/questions/40674654/can-not-add-data-attributes-in-script-tag-in-prestashop-1-6,841,2017-01-04 14:40:40Z
160,Accepted,4,2,https://stackoverflow.com/questions/7598431/adding-jquery-to-magento,"3015,5272,10742,11","2012-07-08 00:39:26Z,2011-09-29 14:37:35Z,2011-09-29 14:12:14Z,2014-02-24 13:20:30Z"
161,Accepted,2,1,https://stackoverflow.com/questions/26194684/how-to-disable-python-shell-spawning-less-with-help,"25,323,111","2014-10-04 16:29:09Z,2016-01-04 16:24:49Z"
162,Accepted,1,1,https://stackoverflow.com/questions/30983220/ctypes-error-attributeerror-symbol-not-found-os-x-10-7-5,38889,2015-06-22 15:14:05Z
163,Accepted,2,1,https://stackoverflow.com/questions/10561212/parsing-namespaces-with-clang-ast-differences-in-when-including-a-header-in-ano,"12,943,547","2012-05-13 23:11:18Z,2014-06-17 15:42:07Z"
164,Undetermined,1,no,https://stackoverflow.com/questions/36160451/how-can-a-c-cli-project-reference-a-portable-class-library,515,2016-10-06 23:38:46Z
165,Accepted,2,1,https://stackoverflow.com/questions/148071/problem-using-large-binary-segment-in-ooxml,"361,128","2008-10-06 12:35:42Z,2008-09-29 19:29:58Z"
166,Undetermined,1,no,https://stackoverflow.com/questions/25303766/creating-custom-function-in-sqlite3-in-android,2020,2014-08-27 11:55:07Z
167,Undetermined,1,no,https://stackoverflow.com/questions/18861818/cmake-conditionally-generate-protobuf-pb-hcpp-files-when-proto-files-ch,750,2013-10-15 01:00:38Z
168,Accepted,2,1,https://stackoverflow.com/questions/28296252/ajax-not-post-base64-data-of-large-image,"921,55","2015-02-03 11:02:40Z,2015-02-03 11:12:13Z"
169,Accepted,10,1,https://stackoverflow.com/questions/8525193/how-to-install-jpype-on-os-x-lion-to-use-with-neo4j,"1112,2463,51,17708,1374,111,619,0,4904,51","2011-12-15 21:50:09Z,2012-09-21 13:48:20Z,2012-07-19 05:41:35Z,2013-01-09 22:57:10Z,2012-11-22 22:43:48Z,2012-08-23 15:48:14Z,2011-12-16 17:21:33Z,2013-03-31 16:41:31Z,2014-03-01 17:43:16Z,2012-09-29 10:54:14Z"
170,Accepted,2,1,https://stackoverflow.com/questions/19865757/importerror-usr-lib-libboost-python-so-1-54-0-undefined-symbol-pyclass-type,"42,549,017","2013-11-10 20:17:49Z,2013-11-08 23:59:09Z"
171,Accepted,1,1,https://stackoverflow.com/questions/43942476/load-custom-ner-model-stanford-corenlp,8536,2017-05-12 22:50:42Z
172,Accepted,1,1,https://stackoverflow.com/questions/8295645/cython-vector-operations,507123,2011-11-28 12:18:22Z
173,Accepted,1,1,https://stackoverflow.com/questions/53762552/with-pybind11-how-to-split-my-code-into-multiple-modules-files,1349,2018-12-14 22:36:04Z
174,Accepted,1,1,https://stackoverflow.com/questions/35321671/compiling-c-code-that-uses-both-r-and-numpy-on-linux,1584,2016-02-12 12:49:13Z
175,Accepted,1,1,https://stackoverflow.com/questions/4058423/how-can-i-serve-a-dynamic-javascript-file-from-wicket,8330,2010-10-30 12:07:55Z
176,Undetermined,1,no,https://stackoverflow.com/questions/11355110/debugging-python-ctypes-segmentation-fault,140835,2012-07-07 08:05:33Z
177,Accepted,6,1,https://stackoverflow.com/questions/3400381/calling-a-python-script-from-command-line-without-typing-python-first,"4,931,465,727,269,300,000,000,000","2010-08-03 20:10:07Z,2010-08-03 20:10:38Z,2010-08-03 20:11:04Z,2010-08-03 21:04:42Z,2015-10-05 15:58:13Z,2014-09-28 04:25:41Z"
178,Accepted,6,1,https://stackoverflow.com/questions/126781/c-union-in-c-sharp,"30670,6054,3167,28405,9321,43","2008-09-24 12:24:41Z,2008-09-24 15:37:33Z,2016-09-21 10:47:51Z,2008-09-24 12:25:03Z,2008-09-24 12:34:54Z,2018-06-29 08:49:51Z"
179,Accepted,6,1,https://stackoverflow.com/questions/15321431/how-to-pass-a-list-from-python-by-jinja2-to-javascript,"161,272,285,119,004,000,000,000,000","2013-03-10 12:11:24Z,2014-03-03 21:20:51Z,2018-12-27 23:54:26Z,2018-04-18 16:14:10Z,2017-01-07 11:58:13Z,2019-12-09 05:22:39Z"
180,Accepted,2,1,https://stackoverflow.com/questions/14341549/passing-a-set-of-numpy-arrays-into-c-function-for-input-and-output,"73,769,855","2013-01-16 10:23:35Z,2013-01-15 19:37:13Z"
181,Accepted,4,1,https://stackoverflow.com/questions/5664737/calling-c-dll-from-c-sharp,"54,431,324,219,769,600","2011-04-18 15:00:04Z,2011-04-14 14:36:34Z,2011-04-14 14:45:23Z,2011-04-14 14:30:05Z"
182,Accepted,9,1,https://stackoverflow.com/questions/18470702/how-do-i-convert-a-c-sharp-liststring-to-a-javascript-array,"1,947,073,030,289,810,000,000,000,000,000,000","2013-08-27 16:28:23Z,2016-02-26 12:05:18Z,2018-01-24 15:10:35Z,2014-12-09 00:57:21Z,2013-08-27 16:38:29Z,2017-07-28 15:19:25Z,2018-04-30 16:11:24Z,2019-04-30 18:40:25Z,2013-08-27 17:45:16Z"
183,Accepted,1,1,https://stackoverflow.com/questions/54899367/send-numpy-array-as-bytes-from-python-to-js-through-flask,5824,2019-03-02 04:12:41Z
184,Undetermined,1,no,https://stackoverflow.com/questions/62208433/trouble-passing-a-c-sharp-string-from-userland-to-kernelmode-c-and-using-it-to-f,383,2020-06-05 05:41:46Z
185,Accepted,5,1,https://stackoverflow.com/questions/4619996/how-to-run-ruby-python-scripts-from-inside-php-passing-and-receiving-parameters,"153072,71490,740,177,47","2011-01-06 23:48:51Z,2011-01-06 21:33:09Z,2011-01-06 21:32:53Z,2011-01-07 14:23:42Z,2016-10-05 08:20:00Z"
186,Accepted,10,2,https://stackoverflow.com/questions/1224793/javascript-serialization-of-datetime-in-asp-net-is-not-giving-a-javascript-date,"63102,7984,71,41,2105,350,313,4844,14589,14589","2009-08-04 14:12:07Z,2009-08-04 15:50:18Z,2012-07-06 12:35:31Z,2012-02-15 20:27:06Z,2012-05-09 21:16:44Z,2017-10-23 16:58:10Z,2013-07-10 20:28:12Z,2012-04-28 15:22:52Z,2009-08-03 21:56:39Z,2009-08-04 14:09:05Z"
187,Accepted,1,1,https://stackoverflow.com/questions/28068305/converting-a-symfony2-php-entity-object-for-use-within-javascript,1858,2015-01-21 13:32:53Z
188,Accepted,1,1,https://stackoverflow.com/questions/6270245/return-c-object-to-java,8062,2011-06-19 16:56:43Z
189,Undetermined,2,no,https://stackoverflow.com/questions/43363710/json-net-is-throwing-additional-text-found-in-json-string-after-finishing-deser,"29,747,576","2017-04-12 08:42:00Z,2017-04-12 08:16:34Z"
190,Accepted,4,2,https://stackoverflow.com/questions/30165475/how-to-compress-minimize-size-of-json-jsonify-with-flask-in-python,"449,110,172,801,409","2020-01-07 19:59:24Z,2015-05-11 10:47:45Z,2020-06-11 18:39:05Z,2020-12-05 17:32:59Z"
191,Accepted,2,1,https://stackoverflow.com/questions/33291631/is-there-a-simple-way-to-get-rid-of-junk-values-that-come-when-you-ssh-using-pyt,"1,575,811,475","2015-10-23 06:31:07Z,2015-10-22 22:16:31Z"
192,Undetermined,2,no,https://stackoverflow.com/questions/8875185/casting-into-a-python-string-from-a-char-returned-by-a-dll,"1,465,140,835","2012-01-16 02:46:41Z,2012-01-16 07:50:35Z"
193,Accepted,2,1,https://stackoverflow.com/questions/41323746/use-python-regex-to-parse-string-of-floats-output-by-java-arrays-deeptostring,"27,378,564,245","2016-12-25 19:03:23Z,2016-12-25 19:03:03Z"
194,Accepted,2,2,https://stackoverflow.com/questions/21890805/encrypt-aes-with-c-sharp-to-match-java-encryption,"3,829,209,997","2014-02-19 20:05:08Z,2014-02-19 19:58:23Z"
195,Undetermined,1,no,https://stackoverflow.com/questions/20676831/how-to-compress-json-in-java-and-decompression-in-javascript,12712,2013-12-19 08:46:02Z
196,Undetermined,1,no,https://stackoverflow.com/questions/40643196/php-password-verify-vs-python-bcrypt-hashpw,351,2016-12-07 00:30:03Z
197,Undetermined,2,no,https://stackoverflow.com/questions/30005700/convert-stdstring-to-ndk-jstring,"53,430,601","2020-06-13 13:40:59Z,2020-06-13 10:06:17Z"
198,Accepted,3,1,https://stackoverflow.com/questions/12558996/jquery-knob-display-number-change,"2,266,431,406","2012-09-24 05:44:46Z,2014-06-20 17:36:18Z,2013-10-14 13:18:46Z"
199,Undetermined,3,no,https://stackoverflow.com/questions/50439315/encryption-and-decryption-between-java-and-javascript-wont-work,"8,880,213,845,773","2018-05-20 21:17:17Z,2018-06-08 09:46:37Z,2018-06-11 16:23:03Z"
200,Accepted,3,1,https://stackoverflow.com/questions/28383478/most-efficient-way-to-fix-an-invalid-json,"129,251,795,605","2015-02-07 14:54:05Z,2015-02-07 16:32:23Z,2019-12-13 20:35:21Z"
201,Accepted,3,1,https://stackoverflow.com/questions/11568232/javascript-readable-json-from-python,"198,255,931,160","2012-07-19 20:04:26Z,2012-07-19 21:06:20Z,2012-07-19 19:58:25Z"
202,Accepted,1,1,https://stackoverflow.com/questions/53340627/typeerror-expected-bytes-like-object-not-str,919,2018-11-16 15:27:50Z
203,Accepted,1,1,https://stackoverflow.com/questions/45992396/jsonobj-data-not-being-passed-via-ajax-and-post-on-ie11-only,10662,2017-09-04 10:32:12Z
204,Accepted,2,1,https://stackoverflow.com/questions/24164951/2f-instead-of-slash-in-url,"34,250,120","2014-06-11 14:23:09Z,2014-06-11 14:48:44Z"
205,Accepted,4,1,https://stackoverflow.com/questions/1662769/rsa-encryption-java-to-php,"2,499,171,946,186,150","2009-11-02 18:35:57Z,2009-11-02 19:27:54Z,2010-10-28 02:53:34Z,2012-02-16 15:24:54Z"
206,Accepted,5,1,https://stackoverflow.com/questions/4086817/l-prefix-for-strings-in-c,"1,269,031,570,237,090,000,000,000","2010-11-03 12:02:54Z,2010-11-03 12:19:39Z,2010-11-03 15:15:43Z,2010-11-05 13:50:06Z,2010-11-03 12:04:50Z"
207,Undetermined,2,no,https://stackoverflow.com/questions/10515886/converting-jdouble-to-double-of-type-c,"3,719,654,253","2012-05-09 12:17:52Z,2017-03-02 16:53:11Z"
208,Accepted,2,1,https://stackoverflow.com/questions/7045764/scraping-javascript-variables-to-php,"1,137,217,802","2011-08-12 20:23:58Z,2011-08-12 20:28:58Z"
209,Accepted,6,2,https://stackoverflow.com/questions/8911075/javascript-and-java-date-json-serialization,"1,730,112,748,384,120,000,000,000","2013-08-13 14:24:37Z,2012-01-18 14:01:44Z,2015-06-08 12:14:41Z,2012-01-18 13:46:40Z,2012-01-18 14:14:41Z,2019-03-27 22:08:38Z"
210,Accepted,3,1,https://stackoverflow.com/questions/38243721/return-json-object-from-php-script,"191,31226,21","2016-07-07 11:05:13Z,2016-07-07 11:00:41Z,2016-07-07 11:22:33Z"
211,Accepted,2,2,https://stackoverflow.com/questions/11873878/c-sharp-encryption-to-php-decryption,"3,886,632","2012-08-10 21:38:33Z,2012-08-10 19:35:53Z"
212,Accepted,3,1,https://stackoverflow.com/questions/1377278/passing-json-encoded-variable-from-php-to-javascript-via-post,"88847,567,1","2009-09-04 04:55:02Z,2012-06-22 01:09:50Z,2016-04-20 12:13:00Z"
213,Accepted,5,4,https://stackoverflow.com/questions/2562648/json-limitation,"327,437,738,198,581,000,000,000","2010-04-01 18:29:51Z,2010-04-01 18:27:48Z,2010-04-01 18:27:06Z,2010-04-01 18:34:03Z,2010-04-01 18:30:42Z"
214,Accepted,2,1,https://stackoverflow.com/questions/39244589/serializing-image-stream-using-protobuf,"194,521,168","2016-08-31 11:37:52Z,2019-10-02 09:03:39Z"
215,Accepted,1,1,https://stackoverflow.com/questions/14036004/how-to-convert-jobject-to-jstring,3043,2012-12-26 09:47:09Z
216,Accepted,1,1,https://stackoverflow.com/questions/17124712/jni-android-converting-char-to-byte-array-and-return-it-to-java,632,2013-06-15 15:16:51Z
217,Accepted,2,1,https://stackoverflow.com/questions/7559676/how-to-correctly-deserialize-a-json-string-into-the-class-that-contains-a-nested,"61,312,484","2011-09-27 13:12:31Z,2011-09-26 18:59:53Z"
218,Undetermined,3,no,https://stackoverflow.com/questions/6236786/customize-jquery-autocomplete-result,"151,826,083,191","2011-06-04 13:29:01Z,2011-06-22 22:57:29Z,2011-06-23 14:04:02Z"
219,Accepted,3,1,https://stackoverflow.com/questions/6536826/dealing-with-commas-in-csv,"257,173,601,813,512","2011-06-30 15:04:01Z,2011-06-30 15:08:12Z,2012-04-30 07:13:12Z"
220,Accepted,1,1,https://stackoverflow.com/questions/43196260/cakephp-how-to-call-javascript-function-in-link,853,2017-04-04 02:47:22Z
221,Accepted,2,1,https://stackoverflow.com/questions/11952365/accessing-an-array-of-pointers-within-a-structure-from-java-with-swig,"492,243","2012-08-14 14:32:42Z,2012-08-14 12:55:13Z"
222,Accepted,1,1,https://stackoverflow.com/questions/16062824/convert-object-of-class-stdclass-to-json-object,9299,2013-04-17 14:50:31Z
223,Undetermined,4,no,https://stackoverflow.com/questions/3838921/how-to-pass-byte-arrays-between-java-and-javascript,"54,11279,13527,11","2011-05-31 17:11:04Z,2010-10-01 13:08:37Z,2010-10-07 11:28:09Z,2013-11-01 20:11:52Z"
224,Accepted,2,1,https://stackoverflow.com/questions/3260259/output-jstl-escaped,"89,583,988","2010-07-15 21:37:18Z,2016-06-04 03:54:18Z"
225,Accepted,3,1,https://stackoverflow.com/questions/26983005/importing-python-flask-json-dictionary-into-javascript-error,"5214,51,395","2014-11-17 22:25:38Z,2018-08-16 10:29:27Z,2021-03-11 12:41:38Z"
226,Accepted,2,1,https://stackoverflow.com/questions/3431950/rijndael-256-encrypt-decrypt-between-c-sharp-and-php,"929,561,504","2010-08-07 21:01:24Z,2011-09-09 10:15:37Z"
227,Accepted,2,1,https://stackoverflow.com/questions/46093210/c-sharp-version-of-the-javascript-function-btoa,"451,56","2017-09-08 12:39:44Z,2020-05-27 11:05:56Z"
228,Accepted,5,1,https://stackoverflow.com/questions/22978025/jackson-json-how-to-convert-array-to-jsonnode-and-objectnode,"1502,258405,123,2920,1","2014-04-10 04:15:33Z,2014-04-10 03:27:43Z,2020-10-31 12:54:12Z,2016-01-27 05:32:17Z,2019-11-07 08:28:55Z"
229,Accepted,1,1,https://stackoverflow.com/questions/29760761/aes-256-on-the-client-side-js-and-in-the-server-php,59134,2015-04-21 07:50:02Z
230,Undetermined,2,no,https://stackoverflow.com/questions/4080344/decompress-string-in-c-sharp-which-were-compressed-by-phps-gzcompress,"28406,11","2010-11-02 18:35:27Z,2019-10-16 10:08:27Z"
231,Accepted,3,1,https://stackoverflow.com/questions/38916788/accessing-laravel-relations-in-javascript-code,"4233,673,21","2016-08-15 04:05:16Z,2016-08-14 21:29:42Z,2016-08-13 11:57:17Z"
232,Accepted,3,1,https://stackoverflow.com/questions/28573479/cython-python-c-inheritance-passing-derived-class-as-argument-to-function-e,"51,332,349,130","2015-02-25 19:03:53Z,2015-02-20 05:48:51Z,2015-02-19 19:53:52Z"
233,Accepted,1,1,https://stackoverflow.com/questions/45658004/how-to-send-audio-blob-from-javascript-to-java-spring-server,3416,2017-08-13 16:56:36Z
234,Accepted,1,1,https://stackoverflow.com/questions/5058688/cant-post-large-html5-canvas-to-server,893,2011-02-21 00:24:04Z
235,Accepted,2,1,https://stackoverflow.com/questions/35752909/bash-script-printf-colors-from-variable,"268,418,256","2016-03-02 16:49:46Z,2016-03-02 17:28:00Z"
236,Undetermined,4,no,https://stackoverflow.com/questions/16359953/why-does-my-unicode-string-get-corrupted-when-passed-from-java-applet-to-java-s,"5,370,833,482,136","2013-05-08 09:10:40Z,2013-05-08 10:12:34Z,2013-05-31 10:01:08Z,2013-05-08 20:13:47Z"
237,Undetermined,1,no,https://stackoverflow.com/questions/34921078/how-to-convert-indic-characters-to-unicode-escaped-characters,157670,2016-01-21 10:27:56Z
238,Accepted,1,1,https://stackoverflow.com/questions/3776485/marshal-c-int-array-to-c-sharp,40039,2010-09-23 08:41:23Z
239,Accepted,4,1,https://stackoverflow.com/questions/5719471/md5-hash-discrepancy-between-python-and-php,"70,084,645,855,525,700,000","2011-04-19 16:20:44Z,2011-04-19 16:24:46Z,2011-04-19 16:19:47Z,2011-04-19 16:31:51Z"
240,Accepted,5,1,https://stackoverflow.com/questions/9001526/send-array-with-ajax-to-php-script,"401,423,961,194,541,000,000,000","2012-01-25 10:59:50Z,2012-01-25 10:59:11Z,2012-01-25 11:01:06Z,2018-07-01 20:41:59Z,2012-01-25 11:02:15Z"
241,Accepted,3,1,https://stackoverflow.com/questions/28749209/do-cython-extension-types-support-class-attributes,"116,383,843","2017-12-08 07:28:12Z,2015-02-27 17:06:53Z,2015-02-26 22:25:54Z"
242,Accepted,3,1,https://stackoverflow.com/questions/35731305/do-json-libraries-agree-on-whats-the-double-precision-value-of-5000-1,"1,430,744,528,415","2016-03-03 15:26:04Z,2016-03-01 19:28:43Z,2016-03-03 15:34:06Z"
243,Undetermined,4,no,https://stackoverflow.com/questions/1406917/compressing-with-java-decompressing-with-php,"904,815,928,265,754","2009-09-10 20:47:08Z,2009-09-10 21:26:35Z,2011-05-20 11:51:34Z,2014-07-21 07:04:48Z"
244,Accepted,6,1,https://stackoverflow.com/questions/30112285/create-dynamic-json-from-foreach,"1,626,170,713,621,360,000,000,000","2015-05-11 08:45:03Z,2015-05-11 17:11:16Z,2015-05-08 09:01:34Z,2015-05-08 07:44:19Z,2015-05-12 03:17:17Z,2015-05-15 20:38:10Z"
245,Accepted,2,1,https://stackoverflow.com/questions/58250341/what-happens-if-undefined-c-behaviour-meets-c-defined-behaviour,"1,412,371,427","2019-10-05 17:01:24Z,2019-10-05 22:51:31Z"
246,Accepted,1,1,https://stackoverflow.com/questions/60333494/this-paymentmethod-was-previously-used-without-being-attached-to-a-customer-or-w,4923,2020-02-21 21:49:30Z
247,Accepted,1,1,https://stackoverflow.com/questions/54876346/pybind11-and-stdvector-how-to-free-data-using-capsules,619,2019-02-26 17:40:06Z
248,Accepted,2,1,https://stackoverflow.com/questions/60032983/record-voice-with-recorder-js-and-upload-it-to-python-flask-server-but-wav-file,"338,95","2020-03-25 14:12:36Z,2020-06-13 09:06:40Z"
249,Undetermined,2,no,https://stackoverflow.com/questions/22491921/how-to-use-a-python-list-to-assign-a-stdvector-in-c-using-swig,"716,662","2014-10-09 20:27:52Z,2014-03-19 00:27:46Z"
250,Accepted,3,1,https://stackoverflow.com/questions/19325761/python-executing-shell-script-with-argumentsvariable-but-argument-is-not-rea,"4625,98672,31","2013-10-11 20:09:05Z,2013-10-11 19:29:34Z,2020-07-01 18:32:57Z"
251,Accepted,1,1,https://stackoverflow.com/questions/10903750/access-javascript-array-elements-from-c-sharp-via-webbrowser,4029,2012-06-06 13:15:54Z
252,Accepted,2,2,https://stackoverflow.com/questions/50579572/export-a-variable-from-bash-and-use-it-in-python,"40,811,120","2018-05-29 08:35:56Z,2018-05-29 08:30:41Z"
253,Accepted,2,1,https://stackoverflow.com/questions/10801258/read-argument-with-spaces-in-python-script-from-a-shell-script,"92,520,399,624","2012-05-29 14:50:50Z,2012-05-29 14:50:51Z"
254,Accepted,1,1,https://stackoverflow.com/questions/9506437/python-subprocess-call-returns-command-not-found-terminal-executes-correctly,744563,2012-02-29 20:56:02Z
255,Accepted,7,1,https://stackoverflow.com/questions/6354358/c-dll-returned-string-is-corrupted-in-the-c-sharp-caller-why,"57,948,330,871,408,300,000,000,000,000,000","2011-06-15 08:03:56Z,2011-06-15 07:26:48Z,2011-06-15 07:46:17Z,2011-06-15 07:50:59Z,2011-06-15 08:44:04Z,2013-09-25 01:52:22Z,2013-09-25 02:04:28Z"
256,Undetermined,3,no,https://stackoverflow.com/questions/3730840/how-to-create-and-initialize-safearray-of-doubles-in-c-to-pass-to-c-sharp,"1340,15914,21","2010-09-17 12:50:55Z,2013-03-23 11:09:47Z,2014-07-09 14:01:19Z"
257,Undetermined,2,no,https://stackoverflow.com/questions/8238328/how-to-know-whether-it-is-a-memory-leak-or-not-when-calling-native-code-in-java,"13,909","2011-11-23 09:48:39Z,2012-01-28 21:05:08Z"
258,Accepted,2,2,https://stackoverflow.com/questions/22105529/np-ascontiguousarray-versus-np-asarray-with-cython,"1,965,659,747","2014-02-28 21:27:06Z,2014-02-28 21:10:54Z"
259,Accepted,3,2,https://stackoverflow.com/questions/9745139/building-relative-urls-for-an-mvc-app-with-javascript,"54,519,782,129,236","2012-03-16 22:20:17Z,2012-03-16 22:15:45Z,2012-03-16 22:32:13Z"
260,Accepted,1,1,https://stackoverflow.com/questions/33377764/error-using-callback-in-python,969,2015-10-30 23:09:04Z
261,Undetermined,1,no,https://stackoverflow.com/questions/915790/memory-leak-using-jni-to-retrieve-strings-value-from-java-code,174,2015-07-07 01:58:42Z
262,Undetermined,1,no,https://stackoverflow.com/questions/18421111/how-to-expose-nullable-types-via-com,57441,2013-08-26 02:21:03Z
263,Accepted,1,1,https://stackoverflow.com/questions/33789011/bokeh-implementing-custom-javascript-in-an-image-plot,2792,2016-02-18 18:53:41Z
264,Accepted,1,1,https://stackoverflow.com/questions/32221090/org-springframework-web-bind-missingservletrequestparameterexception-required,1305,2015-08-26 08:14:00Z
265,Accepted,1,1,https://stackoverflow.com/questions/24139389/unable-to-find-out-what-return-code-of-11-means,205887,2014-06-10 11:08:02Z
266,Accepted,2,1,https://stackoverflow.com/questions/34517668/zend-how-to-correctly-destruct-a-custom-object-in-php-7,"3496,23","2018-05-18 11:08:46Z,2017-10-30 08:30:22Z"
267,Undetermined,1,no,https://stackoverflow.com/questions/2032470/python-ctypes-callback-function-to-swig,1484,2010-03-16 14:21:11Z
268,Accepted,3,2,https://stackoverflow.com/questions/16517355/how-to-send-by-socket-c-compatible-struct-from-java,"1,496,518,168","2013-05-13 08:36:58Z,2013-05-13 11:15:04Z,2013-05-13 08:21:15Z"
269,Accepted,6,1,https://stackoverflow.com/questions/1533916/how-to-set-up-a-c-function-so-that-it-can-be-used-by-p-invoke,"530,816,688,731,207,000,000,000,000","2009-10-07 20:21:52Z,2009-10-07 20:35:08Z,2009-10-07 20:21:29Z,2009-10-07 20:24:22Z,2011-01-26 14:51:24Z,2016-02-24 09:30:21Z"
270,Accepted,5,2,https://stackoverflow.com/questions/4324819/pass-data-between-java-and-c,"4,204,341,683,493,530,000,000","2010-12-01 15:03:08Z,2010-12-01 13:34:16Z,2010-12-01 13:46:52Z,2010-12-01 15:12:12Z,2010-12-01 13:38:16Z"
271,Undetermined,1,no,https://stackoverflow.com/questions/52090826/passing-opencv-mat-from-c-to-python,2461,2019-07-24 04:55:01Z
272,Accepted,1,1,https://stackoverflow.com/questions/10109700/embedding-matplotlib-in-c,1017,2012-04-17 13:09:47Z
273,Accepted,2,1,https://stackoverflow.com/questions/10930789/insert-backbone-js-model-into-mysql-database,"3,206,110,372","2012-06-07 11:41:14Z,2012-06-07 11:33:31Z"
274,Accepted,6,2,https://stackoverflow.com/questions/16932113/passing-multiple-php-variables-to-shell-exec,"10677,15304,24113,4384,31564,21","2013-06-05 05:28:23Z,2013-06-05 05:30:04Z,2013-06-05 05:35:29Z,2013-06-05 05:31:36Z,2013-06-05 05:49:11Z,2015-07-30 11:34:05Z"
275,Undetermined,1,no,https://stackoverflow.com/questions/6780077/system-outofmemoryexception-when-getting-string-array-from-c-on-c-sharp,5200,2011-07-22 07:56:11Z
276,Undetermined,2,no,https://stackoverflow.com/questions/39154055/how-to-pass-char-in-struct-from-c-sharp-to-c,"621,778,524","2016-08-25 21:27:04Z,2016-08-25 22:32:41Z"
277,Accepted,1,1,https://stackoverflow.com/questions/35444656/thrift-java-client-cannot-handle-union-properly,10012,2016-02-26 17:37:37Z
278,Accepted,4,1,https://stackoverflow.com/questions/18647841/retrieve-exit-status-from-php-script-inside-of-shell-script,"16,168,136,094,142","2014-01-14 16:10:15Z,2015-04-22 05:17:42Z,2013-09-06 00:16:44Z,2021-06-01 07:17:17Z"
279,Undetermined,4,no,https://stackoverflow.com/questions/37453671/can-i-run-a-sql-query-in-frontend-javascript,"22,142,505,472,501,900","2016-05-26 07:33:51Z,2016-05-26 07:06:15Z,2016-05-26 07:31:25Z,2016-05-26 07:25:25Z"
280,Undetermined,6,no,https://stackoverflow.com/questions/11141336/filestorage-for-opencv-python-api,"20675,2788,1264,1861,1960,11","2013-04-11 06:52:34Z,2016-02-23 09:07:09Z,2017-07-28 14:12:46Z,2016-03-02 21:53:16Z,2016-09-15 15:01:47Z,2020-03-27 02:56:51Z"
281,Undetermined,2,no,https://stackoverflow.com/questions/42506296/converting-python-dictionary-to-ctypes-structure,"140,835,361","2017-03-01 05:26:43Z,2017-02-28 13:15:31Z"
282,Undetermined,3,no,https://stackoverflow.com/questions/43933897/set-environment-variables-by-file-using-python,"326,260,413,128,432","2017-05-12 09:23:35Z,2019-09-19 15:33:50Z,2017-05-12 10:48:31Z"
283,Accepted,4,1,https://stackoverflow.com/questions/17048140/convert-multidimensional-php-array-to-javascript-array,"24113,69,3708,155","2013-06-11 15:37:30Z,2013-11-26 01:31:17Z,2013-06-11 15:41:11Z,2013-06-11 15:40:35Z"
284,Accepted,1,1,https://stackoverflow.com/questions/6089214/how-do-i-marshal-wchar-t-from-c-to-c-sharp-as-an-out-parameter-or-return-valu,226610,2011-05-22 16:59:18Z
285,Undetermined,5,no,https://stackoverflow.com/questions/17244488/reading-struct-in-python-from-created-struct-in-c,"3,607,488,777,984,510,000,000","2013-06-22 00:27:23Z,2013-06-21 21:34:00Z,2013-06-21 22:12:08Z,2015-09-23 09:51:35Z,2021-02-21 08:22:31Z"
286,Accepted,2,2,https://stackoverflow.com/questions/2228275/java-generics-and-jni,"132,449","2010-02-15 01:05:59Z,2010-02-09 10:29:27Z"
287,Accepted,1,1,https://stackoverflow.com/questions/25379340/nashorn-java-collections-how-to-implement-equals-and-hashcode-in-pure-javascri,8067,2014-08-19 11:06:32Z
288,Accepted,1,1,https://stackoverflow.com/questions/21477881/use-javascript-to-update-a-json-file,63630,2014-01-31 10:46:40Z
289,Accepted,3,1,https://stackoverflow.com/questions/8688400/using-managed-threads-and-fibers-in-clr,"139,303,1","2012-01-05 16:03:38Z,2018-05-21 08:04:58Z,2016-03-18 03:30:25Z"
290,Accepted,4,1,https://stackoverflow.com/questions/15787748/evaluating-javascript-using-a-java-code,"190685,3754,14520,80","2013-04-03 12:55:01Z,2013-04-03 13:01:04Z,2019-05-31 11:22:25Z,2021-04-19 05:35:02Z"
291,Undetermined,2,no,https://stackoverflow.com/questions/18088977/creating-a-byte-in-c-and-returning-it-to-java-using-jni,"381,0","2015-02-12 19:09:39Z,2013-08-06 19:48:56Z"
292,Undetermined,3,no,https://stackoverflow.com/questions/51065913/outlook-refuses-password-from-cryptprotectdata,"86397,11,106","2018-07-16 05:23:32Z,2019-06-28 09:24:56Z,2019-01-10 01:14:46Z"
293,Accepted,2,1,https://stackoverflow.com/questions/14124695/seg-fault-in-php-extension,"1,696,923","2013-01-03 04:57:52Z,2013-01-08 15:11:33Z"
294,Undetermined,3,no,https://stackoverflow.com/questions/5368720/c-sharp-calling-native-c-all-functions-what-types-to-use,"579,483,486,112,074","2011-03-20 13:23:22Z,2011-03-20 13:27:42Z,2011-03-20 13:26:26Z"
295,Accepted,2,1,https://stackoverflow.com/questions/31334390/c-sharp-property-value-doesnt-get-modified-within-javascript-jquery,"14,744,280","2015-07-10 07:04:29Z,2015-07-10 07:03:50Z"
296,Accepted,1,1,https://stackoverflow.com/questions/5236690/float-from-c-to-c-sharp,2650,2011-03-08 21:21:53Z
297,Accepted,1,1,https://stackoverflow.com/questions/45108666/sessions-in-angularjs-and-php-application,4600,2017-07-18 21:14:06Z
298,Accepted,2,2,https://stackoverflow.com/questions/13654561/marshalling-an-array-of-strings-from-managed-to-native-code,"67,773,330","2012-12-01 00:03:29Z,2012-12-03 18:32:54Z"
299,Accepted,2,1,https://stackoverflow.com/questions/6866464/com-safearray-of-guids-returned-from-c-to-c-sharp,"27,081,182","2011-07-29 05:00:53Z,2013-02-17 04:53:14Z"
300,Accepted,3,1,https://stackoverflow.com/questions/17309745/how-to-join-a-group-using-signalr,"58,343,542,072","2013-06-26 00:44:31Z,2020-11-20 16:25:00Z,2019-10-23 15:44:14Z"
301,Undetermined,2,no,https://stackoverflow.com/questions/11582914/mvc-model-binding-a-string-array-from-jquery-post,"269,672,509","2012-07-20 16:04:03Z,2012-07-23 08:50:51Z"
302,Undetermined,1,no,https://stackoverflow.com/questions/32462222/how-to-catch-assertioncaused-in-c-during-runtime-in-python,14379,2015-09-08 21:22:01Z
303,Undetermined,2,no,https://stackoverflow.com/questions/30357115/pyarray-simplenewfromdata-example,"69,111,541","2015-05-20 18:26:04Z,2018-10-10 09:37:50Z"
304,Undetermined,1,no,https://stackoverflow.com/questions/31295122/boost-python-multiple-return-arguments,61,2016-06-07 10:27:32Z
305,Accepted,1,1,https://stackoverflow.com/questions/10314645/jni-multi-threads,12948,2012-04-25 11:39:39Z
306,Accepted,1,1,https://stackoverflow.com/questions/10524365/interop-causes-unity-to-crash,3183,2012-08-08 11:20:20Z
307,Accepted,3,1,https://stackoverflow.com/questions/20419415/c-sharp-call-c-dll-passing-pointer-to-pointer-argument,"411,810,213,570","2013-12-06 13:18:04Z,2016-08-05 16:31:58Z,2013-12-06 08:39:25Z"
308,Accepted,1,1,https://stackoverflow.com/questions/10596052/stdvector-to-java-util-vector-code-generation-with-swig,83598,2012-09-23 09:18:08Z
309,Accepted,2,1,https://stackoverflow.com/questions/13419676/assigning-the-model-to-a-javascript-variable-in-razor,"1,604,714,589","2012-11-16 15:37:08Z,2012-11-16 15:56:25Z"
310,Accepted,2,1,https://stackoverflow.com/questions/7309838/improper-marshaling-c-sharp-array-to-a-c-unmanaged-array,"57,948,340,039","2011-09-05 15:25:48Z,2011-09-05 15:12:09Z"
311,Accepted,3,1,https://stackoverflow.com/questions/30024948/flask-download-a-csv-file-on-clicking-a-button,"149,028,240,541,656","2015-05-05 02:52:37Z,2015-05-05 03:02:14Z,2015-05-04 07:58:05Z"
312,Undetermined,2,no,https://stackoverflow.com/questions/30191582/how-can-i-change-text-of-legend-in-c3-pie-chart,"129,021,163","2015-05-13 15:05:17Z,2017-10-27 21:01:13Z"
313,Accepted,6,1,https://stackoverflow.com/questions/19561877/is-it-possible-to-set-localstorage-or-session-variable-in-asp-net-page-and-read,"1615,1490,722,146,11,4174","2013-10-24 09:37:01Z,2018-05-09 17:11:38Z,2013-10-24 10:36:31Z,2013-10-24 10:07:35Z,2019-11-01 18:11:50Z,2021-05-02 09:24:34Z"
314,Accepted,2,1,https://stackoverflow.com/questions/18545034/how-do-i-convert-my-entire-div-data-into-image-and-save-it-into-directory-withou,"2,634,699","2013-08-31 06:16:23Z,2013-09-02 06:02:59Z"
315,Accepted,2,1,https://stackoverflow.com/questions/29987323/how-do-i-send-data-from-js-to-python-with-flask,"1,070,331","2015-05-01 14:02:16Z,2021-08-10 11:32:42Z"
316,Accepted,1,1,https://stackoverflow.com/questions/3333182/speeding-up-ajax-requests-can-gzip-compression-be-applied,135194,2010-07-26 08:33:46Z
317,Undetermined,5,no,https://stackoverflow.com/questions/3024893/ajax-chat-only-update-if-theres-a-change,"58873,9492,76,1,141872","2010-06-11 18:01:25Z,2010-06-11 17:44:03Z,2010-06-11 17:42:48Z,2010-06-11 17:43:04Z,2010-06-11 18:41:51Z"
318,Accepted,5,4,https://stackoverflow.com/questions/23366570/store-client-server-string-filtering-directives-for-realtime-use,"13,837,541,823,643,100,000","2014-05-01 14:14:04Z,2014-05-07 23:52:24Z,2014-05-08 12:47:22Z,2014-05-08 14:12:25Z,2014-05-07 06:08:43Z"
319,Undetermined,1,no,https://stackoverflow.com/questions/32551607/c-and-cython-seeking-a-design-pattern-that-avoids-template-limitations,812,2015-09-18 15:24:03Z
320,Undetermined,4,no,https://stackoverflow.com/questions/5964269/asn-1-encoding-decoding,"152230,31,92855,2334","2011-05-11 13:30:04Z,2011-05-12 16:43:40Z,2011-05-11 12:38:25Z,2011-05-12 17:05:07Z"
321,Undetermined,1,no,https://stackoverflow.com/questions/39209581/what-is-the-right-way-to-call-dynamic-content-currently-using-ajax-inside-a-ca,707,2016-12-16 09:45:22Z
322,Accepted,1,1,https://stackoverflow.com/questions/7700446/java-app-calls-c-dll-via-jni-how-best-to-allocate-memory,1382,2011-10-24 06:40:55Z
323,Undetermined,7,no,https://stackoverflow.com/questions/6064990/is-mysql-database-access-speed-limited-primarily-by-the-db-or-by-the-language-u,"12,803,135,271,697,200,000,000,000,000,000,000","2011-05-19 21:23:51Z,2011-05-19 22:19:58Z,2011-05-19 23:29:20Z,2011-05-19 21:26:29Z,2011-05-19 21:22:43Z,2011-05-20 08:58:23Z,2011-05-21 08:45:34Z"
324,Accepted,1,1,https://stackoverflow.com/questions/30214271/php-js-progress-bar,555,2015-05-15 08:48:30Z
325,Accepted,6,1,https://stackoverflow.com/questions/19661580/minify-css-and-js-in-codeigniter-efficiently,"871,410,818,372,112,000,000,000","2013-10-29 15:25:46Z,2013-10-29 15:33:10Z,2016-07-08 20:14:17Z,2016-08-24 21:41:01Z,2019-07-24 18:13:20Z,2013-10-29 15:03:29Z"
326,Accepted,2,1,https://stackoverflow.com/questions/14269798/java-jni-calls-are-slower-than-expected-at-least-2-ms-call,"6,521,693,268","2013-01-11 01:33:15Z,2013-09-05 09:29:30Z"
327,Accepted,8,1,https://stackoverflow.com/questions/2848359/how-to-write-javascript-in-asp-net-in-code-behind-using-c-sharp,"849,22207,14554,4053,31966,613,64926,31","2013-02-14 09:04:35Z,2010-05-17 10:51:56Z,2010-05-17 17:10:07Z,2010-05-19 16:57:03Z,2010-05-17 10:52:41Z,2010-05-17 11:02:20Z,2010-05-17 12:06:42Z,2017-02-02 13:34:55Z"
328,Accepted,1,1,https://stackoverflow.com/questions/46888778/autocomplete-textbox-using-php,12925,2017-10-23 12:09:14Z
329,Accepted,16,1,https://stackoverflow.com/questions/1917576/how-do-i-pass-javascript-variables-to-php,"8291,684,203,826,2073,131,71,11018,3373,41,5548,130,425,29,341,582","2009-12-16 20:52:21Z,2014-02-12 23:50:04Z,2012-11-28 18:45:10Z,2014-07-25 07:25:16Z,2019-07-12 09:41:01Z,2014-06-17 15:54:15Z,2012-06-03 15:47:27Z,2009-12-16 20:50:27Z,2016-02-28 16:00:02Z,2014-07-22 12:48:35Z,2009-12-16 20:53:46Z,2016-03-31 17:57:47Z,2020-10-26 04:47:01Z,2018-08-09 12:16:21Z,2019-08-08 13:15:29Z,2021-08-14 01:57:35Z"
330,Accepted,6,1,https://stackoverflow.com/questions/43827637/how-to-use-ajax-and-json-for-making-dropdown-menu,"409,419,355,587,421,000,000","2017-05-17 10:06:04Z,2017-05-13 08:17:56Z,2017-05-19 17:53:44Z,2017-05-14 08:42:05Z,2017-05-18 13:46:44Z,2017-05-17 06:04:05Z"
331,Undetermined,4,no,https://stackoverflow.com/questions/34383278/calling-javascript-from-java-method,"1,706,312,081,068,300","2015-12-20 17:09:56Z,2015-12-20 16:43:55Z,2016-01-02 18:26:22Z,2015-12-20 17:16:29Z"
332,Accepted,7,1,https://stackoverflow.com/questions/18441194/how-to-call-a-c-sharp-function-from-javascript,"391,75,17919,9583,1138,1995,31492","2014-06-20 19:40:32Z,2016-04-25 08:17:19Z,2018-03-13 15:10:51Z,2013-08-26 09:50:13Z,2018-06-25 22:43:46Z,2013-08-26 09:49:54Z,2013-08-26 09:45:53Z"
333,Accepted,3,1,https://stackoverflow.com/questions/54018008/how-to-pass-content-in-tinymces-textarea-to-a-php-file-directly-instead-of-send,"12164,532,1","2019-01-06 03:55:54Z,2019-01-12 21:38:14Z,2019-01-03 08:29:34Z"
334,Accepted,5,1,https://stackoverflow.com/questions/65189028/how-to-change-server-side-language-cookies-like-client-side-using-ajax,"4006,988,24,49708,116","2020-12-13 18:05:55Z,2020-12-10 15:43:21Z,2020-12-10 18:15:24Z,2020-12-13 18:44:25Z,2020-12-16 23:36:11Z"
335,Accepted,4,1,https://stackoverflow.com/questions/56385013/how-to-show-entire-text-in-a-modal-on-click-of-ellipsis-in-js,"350,064,072,510,462","2019-06-08 06:33:18Z,2019-06-05 14:58:07Z,2019-06-07 06:26:02Z,2019-06-10 07:24:07Z"
336,Undetermined,1,no,https://stackoverflow.com/questions/22445078/how-to-create-a-stripe-charge-with-a-checkout-token-sent-via-ajax-to-php,553,2014-03-17 17:48:17Z
337,Undetermined,1,no,https://stackoverflow.com/questions/18774269/websocket-failed-downgrading-to-comet-and-resending,0,2014-01-21 00:42:16Z
338,Accepted,5,1,https://stackoverflow.com/questions/5310216/passing-php-variable-into-javascript,"7,391,282,321,756,510,000,000","2011-03-15 10:16:32Z,2011-03-15 10:17:44Z,2011-03-15 10:27:21Z,2011-03-15 10:17:51Z,2011-03-15 10:14:43Z"
339,Accepted,3,1,https://stackoverflow.com/questions/1698801/passing-php-array-into-javascript-through-json-to-update-google-chart,"1,154,918,362,419","2009-11-09 02:34:08Z,2011-08-12 23:45:07Z,2013-09-06 13:47:24Z"
340,Accepted,2,1,https://stackoverflow.com/questions/46805745/laravel-how-to-hide-the-interpolation-code-before-vue-js-loads,"482,339","2017-10-18 10:16:42Z,2017-10-18 09:52:39Z"
341,Accepted,7,1,https://stackoverflow.com/questions/37570418/reload-captcha-image,"108371,10638,6544,3655,14651,115,51","2016-06-09 03:54:55Z,2016-06-04 13:33:09Z,2016-06-04 13:26:15Z,2016-06-04 13:26:25Z,2016-06-04 13:39:22Z,2016-06-06 17:02:52Z,2016-06-10 13:44:04Z"
342,Undetermined,2,no,https://stackoverflow.com/questions/5592773/where-to-put-javascript-and-how-to-handle-events,"220,610,268","2011-04-08 09:07:31Z,2011-04-19 13:06:14Z"
343,Accepted,1,1,https://stackoverflow.com/questions/33066486/jscroll-js-with-laravel-5-nextselector-not-found-destroying,1127,2015-10-14 20:53:41Z
344,Accepted,1,1,https://stackoverflow.com/questions/46746561/adding-the-load-more-button-from-my-front-page-to-my-search-page,921,2017-10-19 21:02:22Z
345,Accepted,3,2,https://stackoverflow.com/questions/42101786/dropzone-js-prevents-flask-from-rendering-template,"9068,5838,1","2017-02-16 04:06:53Z,2017-02-11 03:25:07Z,2020-05-13 14:06:59Z"
346,Undetermined,6,no,https://stackoverflow.com/questions/42139254/how-to-implement-a-stripe-checkout-custom-button,"51,15469,197,1,73,1908","2017-09-17 21:46:39Z,2017-02-09 17:09:17Z,2017-02-15 17:29:55Z,2017-04-16 21:18:05Z,2017-07-14 04:03:37Z,2017-02-09 14:46:55Z"
347,Accepted,3,1,https://stackoverflow.com/questions/10212686/social-icons-not-working-with-infinite-scrolling-on-wordpress,"5687,124,1","2012-05-05 02:03:57Z,2012-05-07 15:42:40Z,2014-02-21 12:17:48Z"
348,Accepted,2,1,https://stackoverflow.com/questions/6649125/calling-java-methods-in-javascript-code,"8,470,978,212","2011-07-11 11:11:03Z,2011-07-11 11:05:10Z"
349,Accepted,2,1,https://stackoverflow.com/questions/52367826/custom-plus-and-minus-quantity-buttons-in-woocommerce-3,"196768,21","2018-09-18 02:23:04Z,2019-11-08 10:25:57Z"
350,Accepted,1,1,https://stackoverflow.com/questions/24450304/load-data-on-scroll-up-like-facebook-chatting-system,10437,2014-06-27 11:17:35Z
351,Accepted,1,1,https://stackoverflow.com/questions/39774300/jquery-datatables-asp-net-issue,874,2016-10-04 19:38:08Z
352,Undetermined,3,no,https://stackoverflow.com/questions/13209386/i-cannot-see-html5-eventsource-event-with-onmessage-method-in-chrome,"676,115,922,679","2016-01-20 00:12:01Z,2014-02-03 11:11:19Z,2020-09-13 20:43:18Z"
353,Accepted,4,1,https://stackoverflow.com/questions/20111929/asp-net-button-on-click-not-firing-using-jquery-modal-dialog,"1658,265,19,1006","2013-11-21 05:54:09Z,2016-06-08 14:53:26Z,2016-09-13 09:53:20Z,2013-11-21 03:44:27Z"
354,Accepted,14,1,https://stackoverflow.com/questions/34362470/load-modal-after-form-submit,"3819,258,76,597,4824,161,2500,31,267,21,830,555,49,101","2015-12-22 19:45:14Z,2015-12-18 20:22:53Z,2015-12-18 20:28:53Z,2015-12-21 17:49:50Z,2015-12-21 17:12:53Z,2015-12-24 18:52:13Z,2015-12-22 05:24:08Z,2015-12-28 07:59:23Z,2015-12-28 11:49:26Z,2016-02-05 13:29:22Z,2015-12-28 12:13:28Z,2015-12-28 13:11:39Z,2018-12-21 03:33:40Z,2020-03-31 09:06:33Z"
355,Accepted,3,1,https://stackoverflow.com/questions/37228791/custom-button-next-to-add-to-cart-button-of-woocommerce-based-on-product-type,"1,967,684,411,102","2016-05-14 16:57:32Z,2017-10-20 21:12:47Z,2016-05-15 15:45:35Z"
356,Undetermined,3,no,https://stackoverflow.com/questions/9303534/is-it-possible-to-use-jquery-inside-of-vaadin-framework,"25,696,581,385","2012-02-16 09:45:59Z,2014-08-06 08:02:59Z,2012-08-22 13:23:50Z"
357,Undetermined,4,no,https://stackoverflow.com/questions/9813774/youtube-iframe-api-seekto-not-a-method,"12,587,532,206,239,700,000","2014-04-17 00:26:46Z,2012-03-22 20:05:08Z,2012-03-22 20:24:18Z,2012-03-22 19:53:24Z"
358,Accepted,1,1,https://stackoverflow.com/questions/7699172/check-uncheck-all-checkboxes-with-javascript-in-a-php-array-with-keys,48565,2011-10-08 19:37:39Z
359,Accepted,3,1,https://stackoverflow.com/questions/21835623/jquery-img-src-replace-not-working,"1,211,799,227,398","2014-02-17 17:35:53Z,2014-02-17 17:35:19Z,2014-02-17 17:36:22Z"
360,Accepted,9,1,https://stackoverflow.com/questions/13454985/asp-net-set-hiddenfield-a-value-in-javascript,"21633,340,172,12346,41,365,917929,6249,1","2012-11-19 13:41:35Z,2015-07-16 09:50:39Z,2014-09-23 14:11:32Z,2012-11-19 13:41:27Z,2013-10-15 22:39:52Z,2013-06-13 12:12:26Z,2012-11-19 13:41:25Z,2013-06-13 13:34:54Z,2013-08-02 18:46:54Z"
361,Accepted,2,1,https://stackoverflow.com/questions/4107728/does-https-connection-disabled-jquery,"6,032,871,473","2010-11-05 16:11:45Z,2010-11-05 16:25:33Z"
362,Accepted,4,1,https://stackoverflow.com/questions/531311/how-can-i-generate-dynamic-javascript,"2,090,104,375,257,130,000","2009-02-10 23:01:15Z,2009-02-10 07:07:37Z,2009-02-10 07:09:54Z,2009-02-10 07:24:23Z"
363,Undetermined,3,no,https://stackoverflow.com/questions/37772225/change-the-xlinkhref-of-an-image-in-a-svg-through-a-classic-a-link,"106,297,222,522,016","2016-06-12 08:47:58Z,2017-05-20 16:30:08Z,2020-04-11 22:17:32Z"
364,Accepted,3,1,https://stackoverflow.com/questions/39686611/column-sum-of-multiple-columns-of-dynamic-gridview-using-javascript,"68,911,758,123","2016-10-04 20:09:48Z,2016-09-28 07:59:57Z,2016-09-28 07:17:13Z"
365,Undetermined,4,no,https://stackoverflow.com/questions/30449098/how-to-customize-default-data-confirm-dialog-box-in-yii2-gridview,"1221,21,107,71","2015-10-30 10:49:21Z,2018-04-06 06:26:20Z,2018-08-16 14:51:07Z,2015-05-26 08:26:37Z"
366,Accepted,2,2,https://stackoverflow.com/questions/18512184/google-maps-finding-all-the-markers-inside-a-given-radius-javascript-php,"496,382,662","2016-05-07 12:37:39Z,2013-12-04 12:18:16Z"
367,Undetermined,2,no,https://stackoverflow.com/questions/15006048/dynamically-rethrowing-self-defined-c-exceptions-as-python-exceptions-using-sw,"17,758,746","2013-02-22 13:54:45Z,2013-04-03 00:51:08Z"
368,Accepted,1,1,https://stackoverflow.com/questions/5449067/gwt-2-x-entry-function,36428,2011-03-27 12:35:52Z
369,Accepted,2,2,https://stackoverflow.com/questions/8450481/method-without-return-value-in-python-c-extension-module,"281,041,543","2011-12-09 20:02:37Z,2011-12-09 19:47:08Z"
370,Accepted,1,1,https://stackoverflow.com/questions/43161227/no-response-when-validationexception-is-thrown-using-plupload-and-symfony3,2035,2017-04-17 23:08:18Z
371,Undetermined,1,no,https://stackoverflow.com/questions/29352485/python-print-not-working-when-embedded-into-mpi-program,1533,2018-03-02 19:53:18Z
372,Accepted,1,1,https://stackoverflow.com/questions/39127512/java-uncaughtexceptionhandler-havent-got-any-exception-using-jni,20182,2016-08-24 17:19:22Z
373,Accepted,1,1,https://stackoverflow.com/questions/30308490/jni-wrapper-for-c-function-using-swig-what-should-be-the-typemap,83598,2015-05-20 20:53:37Z
374,Undetermined,1,no,https://stackoverflow.com/questions/56787106/does-managed-languages-lock-flush-and-reload-variables-of-native-libraries,6277,2019-07-09 01:12:00Z
375,Accepted,7,2,https://stackoverflow.com/questions/24277488/in-python-how-to-capture-the-stdout-from-a-c-shared-library-to-a-variable,"1199,368217,31,1349,78126,213330,377","2015-04-23 21:09:36Z,2014-06-18 05:45:22Z,2015-05-24 10:56:41Z,2019-08-27 14:53:09Z,2020-06-19 07:17:51Z,2014-06-18 05:18:47Z,2014-06-18 05:39:41Z"
376,Accepted,2,1,https://stackoverflow.com/questions/1711490/returning-a-c-class-to-java-via-jni,"19,242,487","2009-12-25 16:20:34Z,2009-12-11 23:28:38Z"
377,Accepted,6,2,https://stackoverflow.com/questions/24492327/python-embedding-in-c-importerror-no-module-named-pyfunction,"4633,5049,267,1555,55,301","2016-02-23 15:50:33Z,2014-06-30 14:43:08Z,2014-07-09 12:15:57Z,2019-09-27 06:20:42Z,2015-05-12 11:12:45Z,2020-10-04 14:56:34Z"
378,Undetermined,3,no,https://stackoverflow.com/questions/41020068/running-python-script-in-laravel,"740,31,892","2016-12-07 14:42:38Z,2019-01-19 11:55:28Z,2019-04-22 10:20:41Z"
379,Accepted,3,1,https://stackoverflow.com/questions/11123899/passing-a-c-sharp-class-object-in-and-out-of-a-c-dll-class,"137,363,871,850","2012-07-10 13:20:09Z,2012-06-20 16:51:58Z,2012-06-20 16:50:51Z"
380,Undetermined,1,no,https://stackoverflow.com/questions/25530727/c-python-api-second-call-of-pyimport-import-results-in-sigsegv,19656,2014-08-27 18:03:51Z
381,Accepted,6,2,https://stackoverflow.com/questions/16200997/why-doesnt-include-python-h-work,"1023,2316,1631,1068,31,11","2015-09-06 16:44:04Z,2013-04-24 20:02:08Z,2015-03-09 19:19:07Z,2013-06-13 11:46:27Z,2014-05-14 08:33:00Z,2019-07-02 06:40:33Z"
382,Accepted,1,1,https://stackoverflow.com/questions/57990269/passing-pointer-to-c-from-python-using-pybind11,1349,2019-09-18 11:57:52Z
383,Accepted,2,1,https://stackoverflow.com/questions/29595222/multithreading-with-python-and-c-api,"17,685,602","2015-04-19 02:46:46Z,2015-04-12 23:01:02Z"
384,Accepted,2,1,https://stackoverflow.com/questions/14762048/subprocess-call-in-python-to-invoke-java-jar-files-with-java-opts,"2,885,112,431","2013-02-08 00:31:52Z,2013-02-07 22:42:07Z"
385,Accepted,5,1,https://stackoverflow.com/questions/1014584/force-java-to-call-my-c-destructor-jni,"5,245,475,414,938,280,000,000","2009-06-18 19:50:57Z,2009-06-18 19:45:36Z,2009-06-18 21:15:26Z,2009-06-19 13:15:00Z,2009-06-18 20:02:50Z"
386,Accepted,1,1,https://stackoverflow.com/questions/31436593/cython-templates-in-python-class-wrappers,25419,2015-07-16 14:33:24Z
387,Accepted,3,1,https://stackoverflow.com/questions/14482064/how-to-pass-variables-back-from-php-by-ajax,"773,282,649,209","2013-01-23 14:31:43Z,2013-01-23 14:33:49Z,2013-01-23 14:33:24Z"
388,Accepted,2,1,https://stackoverflow.com/questions/15801782/how-to-correctly-pass-a-json-object-to-flask-server-using-jquery-ajax,"2,664,864,164","2013-04-04 03:10:29Z,2013-04-04 15:28:40Z"
389,Accepted,1,1,https://stackoverflow.com/questions/18115260/gwt-custom-event-trigger-in-javascript,1106,2013-08-08 23:57:35Z
390,Accepted,1,1,https://stackoverflow.com/questions/37474832/how-to-train-a-model-in-c-with-tensorflow,168,2016-05-28 11:28:25Z
391,Accepted,3,1,https://stackoverflow.com/questions/7276389/confused-over-dll-entry-points-entry-point-not-found-exception,"20638,978212,1","2011-09-01 20:55:56Z,2011-09-01 20:58:53Z,2014-05-27 10:02:59Z"
392,Accepted,2,1,https://stackoverflow.com/questions/43633044/generate-android-apk-using-shell-script-from-php,"689,116","2017-04-28 12:31:49Z,2017-04-28 17:03:53Z"
393,Undetermined,6,no,https://stackoverflow.com/questions/21227506/how-to-call-a-javascript-function-before-and-after-button-click-event-call-in-as,"396,985,38070,9322,972,95","2014-01-20 06:56:20Z,2014-01-20 07:36:49Z,2016-03-14 18:04:14Z,2014-01-20 06:51:55Z,2014-01-20 06:34:32Z,2014-01-20 06:33:47Z"
394,Accepted,1,1,https://stackoverflow.com/questions/16908820/what-is-the-init-function-of-a-dynamic-module-in-python,74840,2013-06-04 02:21:11Z
395,Undetermined,2,no,https://stackoverflow.com/questions/7289897/boost-serialization-and-boost-python-two-way-pickle,"1,482,352","2011-09-06 12:33:04Z,2020-04-09 13:41:18Z"
396,Accepted,1,1,https://stackoverflow.com/questions/19243020/in-python-get-the-output-of-system-command-as-a-string,30461,2013-10-08 08:47:43Z
397,Accepted,2,1,https://stackoverflow.com/questions/21877127/calling-system-loadlibrary-twice-for-the-same-shared-library,"57,084,158","2014-02-19 11:46:21Z,2015-04-24 16:45:01Z"
398,Accepted,7,1,https://stackoverflow.com/questions/3476762/java-hangs-even-though-scripts-execution-is-completed,"12548,9744,21677,54871,15128,104138,71","2010-08-14 23:40:06Z,2010-08-14 23:30:02Z,2010-08-14 17:39:55Z,2010-08-14 17:49:49Z,2010-08-14 18:17:04Z,2010-08-15 21:25:06Z,2010-08-14 22:57:51Z"
399,Undetermined,3,no,https://stackoverflow.com/questions/3712125/how-does-boost-python-work,"32,472,339,323,500","2010-09-14 19:34:29Z,2013-07-03 18:30:09Z,2010-09-14 19:33:29Z"
400,Accepted,1,1,https://stackoverflow.com/questions/8358375/how-to-return-int-array-from-java-to-jni,66744,2011-12-02 18:10:35Z
401,Undetermined,2,no,https://stackoverflow.com/questions/33276487/passing-javascript-array-from-view-to-laravel-controller,"128,826","2015-10-22 08:31:59Z,2015-10-22 11:37:39Z"
402,Accepted,1,1,https://stackoverflow.com/questions/6444131/using-a-python-script-in-java-eclipse,27438,2011-06-22 18:17:41Z
403,Accepted,5,1,https://stackoverflow.com/questions/8089351/exec-any-command-in-c,"794564,371834,6144,10547,0","2011-11-11 03:37:52Z,2011-11-11 03:37:54Z,2011-11-11 03:38:00Z,2011-11-11 03:39:13Z,2011-11-11 05:46:50Z"
404,Undetermined,2,no,https://stackoverflow.com/questions/20318158/run-python-script-directly-from-command-line,"315,727,543","2013-12-01 22:53:33Z,2013-12-01 23:06:10Z"
405,Accepted,1,1,https://stackoverflow.com/questions/38378901/jni-thread-model,2892,2016-07-17 17:14:53Z
406,Accepted,3,2,https://stackoverflow.com/questions/30263293/youtube-subscriptions-list-api-v3-nextpagetoken-isnt-available,"358,66,358","2015-05-16 12:35:06Z,2015-05-21 17:15:21Z,2015-05-15 15:41:56Z"
407,Accepted,8,2,https://stackoverflow.com/questions/15240472/confirm-box-in-codeigniter-anchor-link-to-delete-record,"6923,2163,11313,770,4104,71,1595,1891","2013-10-21 11:28:29Z,2013-03-06 07:06:16Z,2013-03-06 06:34:43Z,2018-06-12 01:04:09Z,2013-03-06 06:32:57Z,2018-03-12 09:14:01Z,2018-10-14 15:41:37Z,2020-08-11 06:28:07Z"
408,Accepted,4,1,https://stackoverflow.com/questions/2842079/how-can-i-pass-a-javascript-function-to-a-java-method-to-act-as-a-callback-rhin,"1,042,572,209,337,070,000","2010-05-16 08:52:22Z,2010-05-15 23:41:15Z,2010-10-20 19:09:35Z,2013-09-08 22:10:01Z"
409,Accepted,1,1,https://stackoverflow.com/questions/30984078/cython-working-with-c-streams,25419,2015-06-23 17:25:10Z
410,Accepted,1,1,https://stackoverflow.com/questions/18878179/how-to-avoid-memory-leak-with-shared-ptr-and-swig,83598,2013-09-19 20:25:57Z
411,Accepted,2,2,https://stackoverflow.com/questions/29699543/how-to-get-swig-to-apply-templates-when-wrapping-a-template-class-containing-vec,"9,529,681","2015-06-04 06:27:07Z,2015-06-12 16:17:22Z"
412,Accepted,5,1,https://stackoverflow.com/questions/8884480/starting-and-killing-java-app-with-shell-script-debian,"10418,21,148065,703,10086","2012-01-16 18:42:30Z,2012-01-16 18:47:24Z,2012-01-16 18:49:18Z,2012-01-16 18:33:16Z,2012-01-16 18:40:26Z"
413,Accepted,2,1,https://stackoverflow.com/questions/1161142/not-receiving-callbacks-from-the-java-access-bridge,"80,228,411","2009-07-28 12:02:10Z,2009-07-28 12:01:02Z"
414,Accepted,2,1,https://stackoverflow.com/questions/7033953/python-cgi-program-wants-to-know-the-ip-address-of-the-calling-web-page,"155006,11","2011-08-11 23:05:17Z,2018-10-28 17:42:39Z"
415,Undetermined,2,no,https://stackoverflow.com/questions/29517675/how-to-get-asynchronous-javascript-responses-from-selenium-webdriver,"133,664,427,959","2015-04-08 16:31:18Z,2015-04-08 15:36:40Z"
416,Accepted,2,1,https://stackoverflow.com/questions/13322119/how-to-make-script-in-linux-use-my-interpteter-and-work,"48,212,335,932","2012-11-10 13:09:08Z,2012-11-10 13:08:35Z"
417,Accepted,4,1,https://stackoverflow.com/questions/3397513/how-do-i-access-return-value-of-a-java-method-returning-java-lang-string-from-c,"12448,4201,131,1","2010-08-03 15:05:35Z,2016-12-06 11:56:04Z,2010-08-03 14:59:41Z,2013-02-21 19:00:33Z"
418,Accepted,3,3,https://stackoverflow.com/questions/37206310/how-to-return-the-multiple-lists-from-controller-action-to-ajax-success-call-bac,"75,6619,26","2016-05-13 09:40:54Z,2016-05-13 09:42:29Z,2016-07-15 14:15:44Z"
419,Accepted,2,1,https://stackoverflow.com/questions/45387728/calling-a-c-style-function-pointer-in-a-webassembly-from-javascript,"8,362,027","2017-07-31 21:28:11Z,2018-04-15 04:40:11Z"
420,Undetermined,9,no,https://stackoverflow.com/questions/5828803/how-to-call-code-behind-server-method-from-a-client-side-javascript-function,"51204,469,167367,361,49,24736,804,311,1762","2011-04-29 06:48:23Z,2013-12-24 09:38:32Z,2011-04-29 06:45:40Z,2016-07-05 06:17:40Z,2012-12-12 19:40:04Z,2011-04-29 06:53:14Z,2011-11-30 14:54:33Z,2016-04-26 04:02:58Z,2011-04-29 07:02:09Z"
421,Undetermined,1,no,https://stackoverflow.com/questions/22062824/how-do-i-map-a-function-call-from-c-to-java-using-javacpp,1177,2014-02-27 08:37:35Z
422,Accepted,2,2,https://stackoverflow.com/questions/2011311/running-java-with-java-opts-env-variable-has-no-effect,"157,711,027","2012-07-23 15:48:24Z,2010-01-06 07:08:49Z"
423,Accepted,1,1,https://stackoverflow.com/questions/16660049/extracting-arguments-from-kwargs-in-boostpython,49017,2013-05-21 13:44:29Z
424,Accepted,6,1,https://stackoverflow.com/questions/15300470/jquery-ajax-form-using-mail-php-script-sends-email-but-post-data-from-html-fo,"22,432,334,034,473,900,000,000,000","2013-03-08 18:10:45Z,2013-03-08 18:34:33Z,2013-03-08 18:08:21Z,2013-03-08 18:14:54Z,2017-08-20 11:02:00Z,2013-03-08 18:11:04Z"
425,Accepted,3,1,https://stackoverflow.com/questions/15923595/how-to-use-a-c-dll-in-unity3d,"579,483,151,905","2013-04-10 10:52:26Z,2017-07-05 20:46:55Z,2020-05-06 21:24:36Z"
426,Accepted,2,1,https://stackoverflow.com/questions/21581560/php-how-to-know-if-server-allows-shell-exec,"335,262,801","2014-02-05 15:50:31Z,2014-02-05 15:38:11Z"
427,Undetermined,1,no,https://stackoverflow.com/questions/24719592/sending-data-as-json-object-from-python-to-javascript-with-jinja,1488,2014-07-13 05:01:28Z
428,Accepted,3,1,https://stackoverflow.com/questions/10256315/python-c-extensions-why-must-callable-c-functions-take-arguments-and-return-py,"6,444,481,874,656","2012-04-21 10:04:28Z,2012-04-21 10:07:22Z,2012-04-21 05:18:46Z"
429,Undetermined,2,no,https://stackoverflow.com/questions/3078680/adding-printf-to-the-starting-of-all-functions-in-a-file,"7,201,443,871","2010-06-20 08:54:39Z,2010-06-20 10:01:19Z"
430,Accepted,3,1,https://stackoverflow.com/questions/7322420/calling-javascript-object-method-using-webbrowser-document-invokescript,"260,614,211,465","2011-09-06 16:00:27Z,2015-07-14 16:29:20Z,2018-05-28 02:44:31Z"
431,Accepted,1,1,https://stackoverflow.com/questions/20692053/callback-as-parameter-of-c-structure-java-wrapper-generation,4834,2013-12-27 08:03:01Z
432,Accepted,1,1,https://stackoverflow.com/questions/54545813/using-kill-to-trigger-a-parents-waitpid,25256,2019-02-06 05:15:22Z
433,Undetermined,1,no,https://stackoverflow.com/questions/35545598/custom-events-in-react-native-android-native-ui-component,13420,2016-04-25 13:47:34Z
434,Accepted,2,1,https://stackoverflow.com/questions/39498702/passing-arguments-to-python-from-shell-script,"37,662,532","2016-09-14 20:10:48Z,2016-09-14 20:12:57Z"
435,Accepted,1,1,https://stackoverflow.com/questions/5367515/how-to-call-a-c-dll-exported-function-from-c-sharp,579483,2011-03-20 09:04:15Z
436,Undetermined,3,no,https://stackoverflow.com/questions/54636989/java-socket-fails-to-connect-to-0-0-0-0-with-noroutetohostexception-instead-of,"26,379,104,138,821","2019-02-11 18:42:00Z,2019-02-11 18:47:47Z,2019-03-03 14:27:01Z"
437,Undetermined,2,no,https://stackoverflow.com/questions/15414753/shared-memory-between-c-and-java-processes,"3,710,146,009","2013-03-14 17:20:46Z,2013-03-14 16:26:32Z"
438,Accepted,2,1,https://stackoverflow.com/questions/55964908/passing-jwt-token-to-sockjs,"4,924,335","2019-05-16 14:43:09Z,2019-05-16 09:22:26Z"
439,Accepted,3,1,https://stackoverflow.com/questions/21852459/tomcat-7-0-50-java-websocket-implementation-gives-404-error,"1627,21,1","2014-02-18 17:54:50Z,2014-04-02 14:00:26Z,2016-03-02 10:54:29Z"
440,Undetermined,1,no,https://stackoverflow.com/questions/12249885/java-android-httpurlconnection-setchunkedstreamingmode-not-working-with-all-php,151,2012-09-18 01:40:01Z
441,Undetermined,3,no,https://stackoverflow.com/questions/23273628/angularjs-calling-java-functions,"2312,290,1","2015-07-28 13:17:42Z,2015-04-14 14:54:00Z,2017-05-13 08:03:52Z"
442,Undetermined,1,no,https://stackoverflow.com/questions/14571582/cant-call-jnlp-deployed-applet-code-from-javascript,139,2013-03-01 08:12:47Z
443,Accepted,2,1,https://stackoverflow.com/questions/20732980/how-to-use-socket-with-a-python-client-and-a-c-server,"5,267,331,681","2013-12-22 19:22:32Z,2013-12-22 19:21:40Z"
444,Accepted,3,1,https://stackoverflow.com/questions/22854749/flask-and-ajax-post-http-400-bad-request-error,"92,520,316,571,772","2014-04-08 06:48:09Z,2014-04-04 06:46:49Z,2021-01-01 12:08:42Z"
445,Accepted,2,1,https://stackoverflow.com/questions/42475492/how-to-read-and-echo-file-size-of-uploaded-file-being-written-at-server-in-real,"26,705,546","2017-03-01 11:18:22Z,2017-08-11 14:07:57Z"
446,Accepted,3,1,https://stackoverflow.com/questions/18583273/issues-with-cors-flask-angularjs,"405,155,015,674","2013-09-10 23:27:57Z,2013-09-04 07:35:48Z,2013-09-04 02:10:01Z"
447,Accepted,1,1,https://stackoverflow.com/questions/48777708/react-frontend-connecting-to-flask-backend-howto,10415,2018-02-14 09:27:03Z
448,Accepted,1,1,https://stackoverflow.com/questions/17834243/how-to-read-formdata-object-in-php,0,2013-07-24 12:46:32Z
449,Accepted,1,1,https://stackoverflow.com/questions/49010415/flask-request-get-json-returning-none-when-valid-json-data-sent-via-post-reque,358,2018-02-27 14:06:24Z
450,Accepted,3,1,https://stackoverflow.com/questions/19370223/why-is-my-ajax-request-getting-response-0,"242,244,601,330","2013-10-15 01:03:56Z,2017-09-27 09:07:12Z,2016-09-06 10:55:03Z"
451,Undetermined,6,no,https://stackoverflow.com/questions/42663777/html-vs-jsp-get-request-header-token-value,"9382,6600,174,98,1877,6934","2017-03-20 11:27:08Z,2017-03-22 06:18:46Z,2017-03-22 12:50:46Z,2017-03-22 13:27:00Z,2017-03-22 14:07:24Z,2017-03-23 03:23:02Z"
452,Accepted,1,1,https://stackoverflow.com/questions/31366855/how-to-bind-zeromq-socket-with-ratchet-web-socket-library-to-make-real-time-appl,17833,2015-07-12 10:53:51Z
453,Accepted,5,1,https://stackoverflow.com/questions/29626410/krajee-bootstrap-file-input-catching-ajax-success-response,"328,447,69,189,1295","2015-04-17 07:38:53Z,2015-05-23 16:04:19Z,2016-12-14 09:11:22Z,2018-07-18 08:24:34Z,2020-05-20 10:46:43Z"
454,Undetermined,1,no,https://stackoverflow.com/questions/30971295/how-to-do-login-with-ajax-and-json-for-hibrid-mobile-app,70,2015-06-22 07:41:35Z
455,Accepted,2,1,https://stackoverflow.com/questions/28386534/post-request-with-jquery-and-laravel-framework,"1864,11","2015-02-07 20:27:04Z,2017-06-08 04:47:54Z"
456,Accepted,2,1,https://stackoverflow.com/questions/6314320/designing-javascript-frontend-c-backend-communication,"17,389,725,012","2011-06-11 05:59:16Z,2011-06-11 05:55:20Z"
457,Undetermined,5,no,https://stackoverflow.com/questions/51585831/get-info-by-javascript-in-laravel,"64,424,367,124,882,000,000","2018-08-07 11:33:50Z,2018-08-01 02:35:55Z,2018-08-03 08:08:06Z,2018-08-06 14:46:52Z,2018-08-07 17:39:43Z"
458,Undetermined,5,no,https://stackoverflow.com/questions/8854816/keeping-the-cookie-after-a-cross-domain-ajax-request,"77,760,197,821,259,600,000","2013-05-14 07:48:44Z,2012-10-23 12:24:31Z,2012-01-13 17:41:18Z,2012-01-13 21:36:33Z,2021-02-12 00:27:34Z"
459,Accepted,4,1,https://stackoverflow.com/questions/10405515/piping-in-shell-via-python-subprocess-module,"254618,130771,61921,66","2012-05-01 22:59:26Z,2013-02-26 22:29:40Z,2012-05-01 22:58:37Z,2012-05-03 20:19:04Z"
460,Accepted,1,1,https://stackoverflow.com/questions/3752231/socket-no-route-to-host-error,25763,2010-09-20 15:54:35Z
461,Undetermined,2,no,https://stackoverflow.com/questions/4024275/jetty-preflight-and-ajax,"137,861,553","2012-06-12 11:47:03Z,2012-07-15 20:42:50Z"
462,Undetermined,2,no,https://stackoverflow.com/questions/31391483/long-polling-with-php-curl,"153,700","2015-07-20 01:30:35Z,2015-07-19 17:37:24Z"
463,Accepted,2,2,https://stackoverflow.com/questions/5169434/content-transfer-encoding-in-file-uploading-request,"1,319,999","2011-03-30 14:15:28Z,2011-03-02 15:19:33Z"
464,Accepted,3,1,https://stackoverflow.com/questions/29516515/how-to-get-a-zip-with-ajax-from-php-server,"240,1,600","2015-04-08 15:00:59Z,2017-06-27 10:02:10Z,2019-11-06 14:03:51Z"
465,Accepted,6,1,https://stackoverflow.com/questions/10936407/ajax-type-post-post-method-to-php,"292079,18632,11,342,1,1205","2012-06-07 17:05:15Z,2012-06-07 17:15:45Z,2019-05-02 18:59:05Z,2012-06-07 18:12:25Z,2021-05-15 05:08:05Z,2019-05-20 12:28:43Z"
466,Accepted,2,1,https://stackoverflow.com/questions/24192138/signalr-longpolling-multiple-groups-add-for-a-single-client-exception,"1,796,419,563","2014-06-22 13:51:45Z,2014-06-17 13:04:12Z"
467,Accepted,2,1,https://stackoverflow.com/questions/20084549/angularjs-form-post-data-not-posted,"4229,81","2013-11-20 01:39:12Z,2014-07-08 14:42:47Z"
468,Accepted,1,1,https://stackoverflow.com/questions/21441786/post-to-php-from-node-js,39520,2014-01-29 20:41:26Z
469,Undetermined,1,no,https://stackoverflow.com/questions/22329047/server-side-event-how-to-pass-parameters-to-server-side-script-append-query-s,3573,2015-07-13 02:32:22Z
470,Undetermined,1,no,https://stackoverflow.com/questions/49509612/postman-access-full-request-body-to-calculate-hash-in-pre-request-script,196,2018-04-04 20:56:07Z
471,Accepted,5,1,https://stackoverflow.com/questions/2853725/whats-the-best-way-to-debug-ajax-to-php-calls,"14,435,446,218,550,900,000,000,000","2010-05-18 00:24:34Z,2010-05-17 23:50:08Z,2010-05-17 23:51:33Z,2010-05-18 00:06:32Z,2010-05-18 00:17:12Z"
472,Undetermined,2,no,https://stackoverflow.com/questions/27635738/warning-missing-boundary-in-multipart-form-data-post-data-in-unknown-on-line-0,"4,466,120","2015-04-17 11:19:59Z,2016-12-22 11:28:49Z"
473,Accepted,3,1,https://stackoverflow.com/questions/37506637/how-to-clear-ajax-response,"480,920,989,328","2016-05-29 05:57:33Z,2016-05-29 05:59:23Z,2016-05-29 06:15:14Z"
474,Accepted,3,2,https://stackoverflow.com/questions/8897642/submitting-from-jquery-to-php,"3,746,735,911,819","2012-01-17 15:57:53Z,2012-01-17 16:18:01Z,2012-01-17 16:15:58Z"
475,Accepted,2,1,https://stackoverflow.com/questions/10740479/two-way-c-to-c-sharp-communication-using-named-pipes,"2,788,163","2012-05-24 15:26:18Z,2012-05-25 15:13:23Z"
476,Undetermined,4,no,https://stackoverflow.com/questions/29533254/integrate-node-js-and-socket-io-with-codeigniter,"139,631,836,391,128","2015-04-14 20:35:19Z,2015-04-15 08:21:19Z,2015-04-19 06:30:48Z,2015-04-19 13:17:17Z"
477,Accepted,4,1,https://stackoverflow.com/questions/3124636/detect-ajax-calling-url,"14,435,414,951,756,800,000","2010-06-26 20:16:15Z,2010-06-26 18:10:35Z,2010-06-26 16:43:56Z,2010-06-26 16:44:30Z"
478,Undetermined,2,no,https://stackoverflow.com/questions/308054/learning-how-to-use-ajax-with-codeigniter,"78451,31","2008-11-21 07:34:22Z,2011-12-15 12:49:12Z"
479,Undetermined,4,no,https://stackoverflow.com/questions/29727436/upload-progress-bar-using-session-in-php-5-4-with-codeigniter,"95,171,487,631,661,000","2015-04-25 06:13:40Z,2015-04-27 04:50:10Z,2015-04-29 17:55:33Z,2015-04-27 03:51:22Z"
480,Undetermined,1,no,https://stackoverflow.com/questions/11350769/ajax-call-in-jsf-2-0-myfaces-the-onevent-javascript-function-in-the-ajax-tag,1017684,2012-07-05 19:29:02Z
481,Accepted,3,1,https://stackoverflow.com/questions/37690068/laravel-refresh-data-after-ajax,"42,844,924,422","2016-06-07 21:59:51Z,2016-06-07 22:49:26Z,2017-10-05 05:38:20Z"
482,Accepted,6,1,https://stackoverflow.com/questions/30011998/asp-net-500-internal-server-error-while-calling-webmethod-from-javascript,"186,1763,875,649,71,43","2015-05-03 09:45:57Z,2015-05-03 09:37:12Z,2015-05-03 10:21:09Z,2018-08-10 10:47:20Z,2019-01-24 15:45:02Z,2021-09-15 10:40:07Z"
483,Undetermined,8,no,https://stackoverflow.com/questions/3558662/custom-javascript-ajax-for-asp-net,"25060,48560,2504,953,27692,87,928,11","2010-09-02 17:23:51Z,2010-08-24 16:41:32Z,2010-08-24 17:10:24Z,2010-08-24 17:35:01Z,2010-08-24 17:56:23Z,2010-08-26 10:28:19Z,2010-08-31 09:36:56Z,2010-08-31 14:39:08Z"
484,Accepted,3,1,https://stackoverflow.com/questions/16433794/get-ajax-post-data-on-php-via-javascript-call,"61,468,291,647","2013-05-22 12:35:08Z,2013-05-08 06:15:45Z,2013-05-08 06:22:37Z"
485,Accepted,1,1,https://stackoverflow.com/questions/38898776/add-access-control-allow-origin-on-http-listener-in-c-rest-sdk,10113,2016-08-16 09:37:42Z
486,Undetermined,1,no,https://stackoverflow.com/questions/7294830/sending-encoding-response-in-json,2161,2011-09-03 17:55:49Z
487,Undetermined,4,no,https://stackoverflow.com/questions/33240409/how-to-submit-checkboxes-from-all-pages-with-jquery-datatables,"53157,53,1,29","2015-10-20 15:41:57Z,2019-02-16 18:12:20Z,2018-12-16 09:42:48Z,2019-03-05 12:13:15Z"
488,Accepted,5,1,https://stackoverflow.com/questions/19155192/jquery-ajax-call-to-php-script-with-json-return,"8568,3540,1347,1775,66","2013-10-03 09:17:25Z,2013-10-03 09:19:52Z,2013-10-03 09:25:31Z,2013-10-03 09:16:26Z,2014-02-13 21:07:56Z"
489,Accepted,1,1,https://stackoverflow.com/questions/11570713/how-to-receive-json-object-in-php,2189,2012-07-19 23:35:03Z
490,Accepted,3,1,https://stackoverflow.com/questions/3789881/create-and-call-python-function-from-string-via-c-api,"4,507,110,065,283","2010-09-24 19:38:59Z,2016-10-10 10:25:32Z,2019-06-12 13:43:26Z"
491,Accepted,6,1,https://stackoverflow.com/questions/11138929/calling-c-functions-inside-javascript,"43518,0,162581,166,16517,97","2012-06-21 13:13:15Z,2012-06-21 13:14:36Z,2012-06-21 13:13:36Z,2017-09-28 13:16:37Z,2012-06-21 13:23:51Z,2021-11-08 13:40:21Z"
492,Accepted,4,2,https://stackoverflow.com/questions/5107694/how-do-i-add-a-reference-to-an-unmanaged-c-project-called-by-a-c-sharp-project,"81,985,836,441,145,000,000","2011-02-24 16:49:11Z,2017-02-28 11:27:17Z,2012-09-25 18:14:21Z,2011-02-24 16:49:59Z"
493,Accepted,7,1,https://stackoverflow.com/questions/935664/possible-to-call-c-code-from-c,"4,340,746,319,396,700,000,000,000,000,000,000","2009-06-01 16:56:26Z,2009-06-01 16:55:32Z,2009-06-01 16:50:38Z,2009-06-01 16:54:20Z,2009-06-01 16:49:10Z,2009-06-01 16:51:54Z,2010-11-25 19:39:00Z"
494,Accepted,4,2,https://stackoverflow.com/questions/16647186/calling-c-functions-in-python,"1,660,946,844,314,710","2013-05-20 10:52:41Z,2013-05-20 15:36:20Z,2015-08-28 06:44:22Z,2013-05-20 10:44:23Z"
495,Accepted,1,1,https://stackoverflow.com/questions/56466822/can-c-be-called-from-c-sharp-compiled-to-wasm,5051,2019-06-05 20:16:57Z
496,Accepted,2,2,https://stackoverflow.com/questions/2532907/combining-c-and-c-sharp,"32,100,012,302","2010-03-28 12:45:27Z,2016-01-21 16:06:44Z"
497,Accepted,2,1,https://stackoverflow.com/questions/15822788/how-to-call-a-c-api-from-c-sharp,"7,497,346","2013-04-05 08:32:53Z,2013-04-05 08:27:20Z"
498,Accepted,4,1,https://stackoverflow.com/questions/2211867/how-do-i-call-c-cli-from-c,"2,916,370,565,829,470,000","2010-02-06 03:55:22Z,2010-02-06 09:16:18Z,2010-02-06 03:24:29Z,2010-02-06 03:30:05Z"
499,Accepted,6,1,https://stackoverflow.com/questions/12738827/how-can-i-call-scikit-learn-classifiers-from-java,"36788,4233,61,352,771,311","2012-10-05 09:05:29Z,2016-08-10 16:31:57Z,2018-03-04 16:26:02Z,2018-02-16 13:05:25Z,2018-05-11 12:50:16Z,2019-02-21 17:57:05Z"
500,Accepted,3,1,https://stackoverflow.com/questions/29165155/calling-javascript-from-c-with-node-js,"743,0,85","2019-03-29 15:03:11Z,2015-09-01 03:51:18Z,2018-12-27 12:50:16Z"
501,Undetermined,5,no,https://stackoverflow.com/questions/2261347/amqp-c-implementation,"994,257763,621,31,6795","2010-02-16 16:56:18Z,2010-02-14 14:47:14Z,2015-11-15 16:00:06Z,2020-09-21 11:19:57Z,2012-09-05 13:45:31Z"
502,Undetermined,3,no,https://stackoverflow.com/questions/30686330/running-c-sharp-code-from-c-application-android-ndk-for-free,"87,277,390,063,862","2015-06-07 00:05:30Z,2015-06-07 22:20:55Z,2015-06-16 00:55:58Z"
503,Accepted,11,1,https://stackoverflow.com/questions/8599595/send-json-data-from-javascript-to-php,"1552,2584,707,154,4964,2546,6831,33109,2240,17,3","2011-12-22 14:44:18Z,2014-10-04 21:46:48Z,2015-04-30 19:28:01Z,2011-12-22 05:05:45Z,2011-12-22 05:23:43Z,2011-12-22 05:03:42Z,2011-12-22 06:42:50Z,2020-06-05 12:57:44Z,2011-12-23 00:16:49Z,2018-11-13 08:53:01Z,2016-04-26 08:46:50Z"
504,Accepted,5,2,https://stackoverflow.com/questions/3146017/how-do-i-share-a-constant-between-c-sharp-and-c-code,"178,079,950,033,379,000,000,000","2011-05-24 07:59:37Z,2010-06-30 02:08:31Z,2017-01-25 17:19:40Z,2010-06-30 02:29:48Z,2010-06-30 02:14:27Z"
505,Accepted,4,1,https://stackoverflow.com/questions/5965655/communication-between-php-and-python,"694,323,243,823,520","2011-05-11 14:50:33Z,2011-05-11 14:14:05Z,2014-06-19 04:51:49Z,2011-05-11 14:53:51Z"
506,Accepted,2,1,https://stackoverflow.com/questions/35462175/call-python-function-from-c-sharp-net,"604,215,287","2016-02-17 16:58:24Z,2016-02-17 16:46:45Z"
507,Accepted,8,1,https://stackoverflow.com/questions/5549562/running-php-script-php-function-in-linux-bash,"14,236,309,810,894,200,000,000,000,000,000,000","2011-04-05 09:08:31Z,2011-04-05 09:11:05Z,2011-04-05 09:16:05Z,2016-10-19 08:48:57Z,2011-04-05 09:09:26Z,2011-04-05 09:09:31Z,2011-04-05 09:10:32Z,2020-07-01 03:52:08Z"
508,Undetermined,1,no,https://stackoverflow.com/questions/46812185/call-c-net-core-method-from-c,722,2018-01-02 16:00:23Z
509,Undetermined,1,no,https://stackoverflow.com/questions/44954565/wordpress-vue-js-contact-forms,91,2019-05-17 19:20:18Z
510,Undetermined,2,no,https://stackoverflow.com/questions/15499746/multi-language-integration-testing-framework,"43,296,819","2014-10-23 09:05:51Z,2013-03-19 12:53:49Z"
511,Accepted,7,1,https://stackoverflow.com/questions/8638984/send-post-data-to-php-without-using-an-html-form,"85254,3305,2129,4776,9817,31,68110","2011-12-26 21:18:54Z,2011-12-26 20:43:59Z,2017-01-22 05:31:32Z,2011-12-26 20:48:16Z,2011-12-26 20:50:37Z,2013-09-05 08:30:28Z,2011-12-26 20:47:24Z"
512,Undetermined,5,no,https://stackoverflow.com/questions/1792643/how-do-i-change-the-shell-for-phps-exec,"10,500,165,563,164,000,000","2009-11-24 20:57:27Z,2009-11-24 20:18:29Z,2009-11-24 20:37:58Z,2018-12-28 22:39:40Z,2021-04-10 22:27:53Z"
513,Accepted,3,1,https://stackoverflow.com/questions/13231913/how-do-i-call-a-specific-method-from-a-python-script-in-c,"59,785,199,038","2012-11-05 22:36:01Z,2013-01-04 13:07:08Z,2012-11-05 12:18:10Z"
514,Undetermined,4,no,https://stackoverflow.com/questions/42601478/flask-calling-python-function-on-button-onclick-event,"19,611,695,286,307","2018-03-17 10:34:22Z,2017-03-17 14:17:12Z,2020-07-15 16:38:02Z,2019-09-10 06:00:20Z"
515,Accepted,2,1,https://stackoverflow.com/questions/32804020/create-a-shell-script-to-run-a-java-program-on-linux,"9,361,369","2015-09-27 02:57:48Z,2015-09-27 11:46:21Z"
516,Accepted,1,1,https://stackoverflow.com/questions/23949395/how-to-pass-a-javascript-array-to-a-python-script-using-flask-using-flask-examp,508,2014-05-30 14:24:55Z
517,Undetermined,2,no,https://stackoverflow.com/questions/11700501/python-cython-c-and-callbacks-calling-a-python-function-from-c-using-cython,"51,330,335,932","2013-08-29 12:17:05Z,2012-07-28 13:44:30Z"
518,Accepted,4,4,https://stackoverflow.com/questions/14184993/communication-between-c-and-c-sharp-application-through-network,"10,588,251,110,401,100","2013-01-06 18:04:34Z,2013-01-06 18:12:54Z,2013-01-06 18:05:54Z,2013-01-06 18:11:45Z"
519,Accepted,3,1,https://stackoverflow.com/questions/6619931/how-should-an-array-be-passed-to-a-javascript-function-from-c,"168,271,274,052,797","2011-07-08 04:33:11Z,2011-07-08 04:38:55Z,2012-06-01 10:15:02Z"
520,Accepted,5,3,https://stackoverflow.com/questions/11741574/how-to-print-utf-8-encoded-text-to-the-console-in-python-3,"147,439,161,360,748,000,000,000","2012-07-31 14:54:56Z,2012-07-31 14:35:58Z,2016-01-30 11:04:08Z,2019-05-04 05:15:48Z,2020-09-04 11:16:33Z"
521,Accepted,5,1,https://stackoverflow.com/questions/9623593/pass-javascript-variable-to-php-code,"2,472,256,604,958,130,000,000,000","2012-03-08 19:31:45Z,2012-03-08 19:30:47Z,2012-03-08 19:35:03Z,2012-03-08 19:30:28Z,2012-03-08 19:33:00Z"
522,Accepted,4,1,https://stackoverflow.com/questions/38678239/execute-google-chart-api-javascript-in-php-file,"55753,55557,1,12431","2016-07-30 21:28:57Z,2016-08-06 01:13:16Z,2016-07-30 21:13:03Z,2016-08-09 09:16:49Z"
523,Accepted,1,1,https://stackoverflow.com/questions/26855631/javascript-to-django-views-py,40089,2014-11-11 05:52:06Z
524,Undetermined,2,no,https://stackoverflow.com/questions/33959189/how-to-locally-call-a-javascript-function-from-php-on-raspberry-pi,"40,212,460","2015-11-27 14:30:59Z,2015-11-27 14:25:01Z"
525,Accepted,2,1,https://stackoverflow.com/questions/36853411/using-javascript-to-call-c-in-internet-explorer,"12,066,731,570","2016-04-26 06:02:52Z,2016-04-26 06:06:08Z"
526,Accepted,1,1,https://stackoverflow.com/questions/46750959/how-to-write-event-handlers-and-detect-certain-javascript-calls-using-htmlunit,0,2017-10-23 10:20:37Z
527,Accepted,2,2,https://stackoverflow.com/questions/23611396/python-execute-cat-subprocess-in-parallel,"36,074,816,699","2014-05-12 18:29:04Z,2014-05-12 14:22:41Z"
528,Accepted,3,2,https://stackoverflow.com/questions/23750661/send-json-object-from-javascript-to-php,"1,339,364,047,221,600","2014-05-20 03:49:38Z,2015-08-04 23:48:39Z,2014-05-20 03:50:07Z"
529,Accepted,1,1,https://stackoverflow.com/questions/49070403/how-to-retrieve-variables-in-php-sent-by-axios-post-request,431,2018-03-02 14:10:11Z
530,Accepted,6,1,https://stackoverflow.com/questions/34591729/how-to-execute-code-in-the-django-shell-by-an-external-python-script,"555662,2138,3117,2144,4597,75","2016-01-04 13:08:16Z,2016-01-04 13:06:30Z,2016-01-04 13:19:01Z,2016-01-04 13:41:10Z,2017-07-11 08:39:57Z,2020-06-12 06:52:06Z"
531,Accepted,2,1,https://stackoverflow.com/questions/25383624/communication-between-c-and-python,"19,505,117","2014-08-19 12:49:36Z,2016-01-18 06:59:50Z"
532,Undetermined,1,no,https://stackoverflow.com/questions/48082043/calling-c-sharp-code-within-python3-6,105,2021-01-06 22:23:09Z
533,Accepted,1,1,https://stackoverflow.com/questions/28289699/python-web-scraping-for-javascript-generated-content,427959,2015-02-03 01:14:25Z
534,Accepted,8,1,https://stackoverflow.com/questions/8644289/adding-values-from-c-sharp-to-div-via-javascript,"7,832,375,085,824,130,000,000,000,000,000","2012-01-07 06:51:05Z,2011-12-27 11:52:14Z,2012-01-03 13:53:21Z,2012-01-06 11:51:08Z,2012-01-08 21:06:03Z,2012-01-09 07:06:37Z,2012-01-09 19:42:57Z,2012-01-10 09:15:12Z"
535,Accepted,1,1,https://stackoverflow.com/questions/36340948/how-can-i-get-data-from-a-websocket-url,60358,2016-03-31 18:34:23Z
536,Accepted,4,2,https://stackoverflow.com/questions/23157685/send-data-to-a-generic-handler-that-accepts-json-data-using-c-sharp,"442,344,232,249,790","2014-04-22 12:48:46Z,2014-04-28 08:16:04Z,2014-04-21 16:43:48Z,2014-04-26 18:42:26Z"
537,Undetermined,6,no,https://stackoverflow.com/questions/4407843/sending-password-to-command-line-tools,"64216,141170,0,2064,1,499","2010-12-10 11:36:14Z,2010-12-10 11:00:37Z,2012-10-23 16:05:46Z,2012-10-23 16:11:52Z,2014-11-05 13:13:40Z,2015-01-07 19:49:12Z"
538,Undetermined,3,no,https://stackoverflow.com/questions/1733082/implement-a-comet-server-in-c-sharp,"10,921,742,951,820","2009-11-14 03:39:02Z,2009-11-20 16:15:36Z,2011-01-16 18:22:01Z"
539,Accepted,2,1,https://stackoverflow.com/questions/50731650/is-it-possible-to-run-webassembly-code-async,"6,567,332,050","2018-06-07 06:47:23Z,2018-06-07 06:40:17Z"
540,Accepted,1,1,https://stackoverflow.com/questions/11834078/how-to-convert-zval-to-vector-for-php-extension,63126,2012-08-06 20:04:41Z
541,Undetermined,6,no,https://stackoverflow.com/questions/42939357/communication-between-python-and-c-sharp,"191,254,2518,158,735,1","2019-10-03 15:37:51Z,2017-03-21 23:00:42Z,2017-08-09 14:42:08Z,2019-06-03 06:15:28Z,2021-02-08 12:18:14Z,2021-08-08 02:43:06Z"
542,Undetermined,1,no,https://stackoverflow.com/questions/34662448/net-c-interop-to-python,5365,2016-01-30 02:24:20Z
543,Undetermined,3,no,https://stackoverflow.com/questions/34235763/execute-python-script-from-android-app-in-java,"105,671,479,546","2015-12-12 03:11:22Z,2015-12-12 03:12:57Z,2018-03-22 20:57:02Z"
544,Undetermined,2,no,https://stackoverflow.com/questions/4624507/building-64-bit-c-python-extensions-on-windows,"65,614,281","2011-03-02 17:41:15Z,2011-11-16 15:43:49Z"
545,Accepted,1,1,https://stackoverflow.com/questions/33310675/pass-file-into-function-from-python-ctypes,30051,2015-10-23 20:42:09Z
546,Accepted,3,1,https://stackoverflow.com/questions/22730210/send-log-errors-to-a-file,"5,381,157,449","2014-03-29 16:59:03Z,2014-03-29 11:16:31Z,2014-03-30 13:53:15Z"
547,Accepted,4,1,https://stackoverflow.com/questions/2408771/how-to-get-selected-value-from-dropdownlist-in-asp-net-using-javascript,"84040,10478,48012,27","2010-03-09 12:21:01Z,2010-03-09 12:01:00Z,2010-03-09 12:11:21Z,2021-04-09 12:13:07Z"
548,Undetermined,1,no,https://stackoverflow.com/questions/42527598/call-c-class-methods-or-function-from-java-on-android-without-recreating-class,1142,2017-03-01 09:25:56Z
549,Accepted,7,1,https://stackoverflow.com/questions/7229027/how-to-get-data-to-javascript-from-php-using-json-encode,"488,136,319,4554,3263,1,357","2011-08-29 10:49:43Z,2017-10-12 21:51:50Z,2012-05-30 17:13:31Z,2013-07-19 09:57:00Z,2014-07-07 07:14:27Z,2016-05-12 08:10:46Z,2019-06-11 06:32:04Z"
550,Accepted,3,1,https://stackoverflow.com/questions/7691599/execute-python-script-with-function-from-command-line-linux,"3,664,535,488,610,920","2011-10-07 18:59:04Z,2011-10-07 18:54:42Z,2011-10-07 18:56:05Z"
551,Accepted,1,1,https://stackoverflow.com/questions/18879056/submit-button-that-calls-js-function-and-then-posts-to-mysql,14271,2013-09-18 17:58:07Z
552,Accepted,8,1,https://stackoverflow.com/questions/10134963/prevent-page-scrolling-after-postback-and-maintain-position,"64420,71,748,31,185,615,372,151","2012-04-13 03:58:01Z,2016-11-09 00:21:58Z,2013-09-29 05:28:55Z,2018-07-12 06:53:30Z,2014-10-27 13:55:40Z,2015-06-22 07:08:28Z,2020-09-03 22:17:29Z,2020-10-26 03:45:17Z"
553,Undetermined,2,no,https://stackoverflow.com/questions/24484406/i-have-a-header-jsp-whose-style-keeps-changing-for-different-logins-its-a-dynami,"7,202,492","2015-03-30 08:30:20Z,2015-10-17 05:25:35Z"
554,Accepted,1,1,https://stackoverflow.com/questions/24745355/spa-firebase-and-net-webapi-2-authentication,28707,2014-07-15 19:04:49Z
555,Accepted,1,1,https://stackoverflow.com/questions/12717084/creating-custom-php-syntax-parser,14990,2012-10-03 21:37:57Z
556,Undetermined,1,no,https://stackoverflow.com/questions/51663749/how-to-choose-solutions-for-secure-messaging-front-end-and-hipaa-compliant-datab,1314,2018-08-06 14:23:07Z
557,Undetermined,4,no,https://stackoverflow.com/questions/1071377/how-to-capture-a-website-api-traffic-data-with-google-analytics,"718,840,620,251,579","2009-07-12 18:34:58Z,2009-08-01 14:34:29Z,2009-07-01 21:17:27Z,2009-07-11 17:01:35Z"
558,Accepted,1,1,https://stackoverflow.com/questions/30899484/python-flask-calling-functions-using-buttons,3045,2015-06-17 19:23:50Z
559,Accepted,0,no,https://stackoverflow.com/questions/1072920/user-friendly-framework-for-personal-website,none,none
560,Accepted,5,1,https://stackoverflow.com/questions/4276205/do-i-need-node-js-in-python-like-i-would-with-php,"44,953,720,144,411,700,000,000,000","2010-11-25 13:42:40Z,2010-11-25 10:58:57Z,2010-11-26 10:56:04Z,2010-11-26 02:37:09Z,2010-11-25 11:10:42Z"
561,Accepted,3,1,https://stackoverflow.com/questions/15074566/open-source-alternative-to-addthis-addtoany-sharethis-etcfor-social-bookmarking,"171,918,232,955","2013-03-13 20:31:54Z,2015-08-06 00:07:22Z,2014-07-18 07:10:06Z"
562,Accepted,8,1,https://stackoverflow.com/questions/5610333/how-to-query-database-using-javascript,"7028,3491,6963,20077,5155,4646,735,1","2011-04-10 07:49:19Z,2011-04-10 07:41:44Z,2011-04-10 07:51:17Z,2011-04-10 07:31:14Z,2011-04-10 07:32:14Z,2011-04-10 07:45:38Z,2012-07-28 06:32:16Z,2011-04-10 07:57:04Z"
563,Accepted,3,1,https://stackoverflow.com/questions/4746249/get-user-timezone,"1,361,010,698,443","2011-04-09 19:49:20Z,2012-04-11 09:17:15Z,2011-01-20 15:02:24Z"
564,Accepted,7,2,https://stackoverflow.com/questions/6544416/php-vs-c-cgi-for-small-web-service,"13755,12893,1409,12704,742,16995,17k","2011-07-01 06:45:59Z,2011-07-01 06:41:55Z,2011-07-01 06:38:54Z,2011-07-01 06:44:01Z,2011-07-01 06:35:55Z,2011-07-01 06:48:03Z,2011-07-01 06:48:14Z"
565,Undetermined,1,no,https://stackoverflow.com/questions/32916803/angular-js-and-symfony2,1194,2015-10-18 02:09:42Z
566,Accepted,3,1,https://stackoverflow.com/questions/8866738/speed-of-php-vs-javascript,"390,420,012,046","2012-01-15 01:00:07Z,2016-02-26 15:00:30Z,2013-07-19 15:15:53Z"
567,Undetermined,3,no,https://stackoverflow.com/questions/8379314/alternative-to-java-spring-based-webservices,"121,385,915,385","2011-12-05 03:12:36Z,2011-12-04 23:29:50Z,2011-12-05 02:57:51Z"
568,Accepted,4,1,https://stackoverflow.com/questions/22084698/how-to-export-source-content-within-div-to-text-html-file,"2200,0,0,64","2014-02-28 03:56:36Z,2016-09-08 04:13:18Z,2014-02-28 05:20:05Z,2016-10-11 12:16:16Z"
569,Accepted,1,1,https://stackoverflow.com/questions/8546061/best-way-to-secure-javascript-front-end-rest-back-end-architecture-web-site,63881,2011-12-18 08:24:34Z
570,Accepted,4,1,https://stackoverflow.com/questions/2774074/best-practice-user-generated-html-cleaning,"364,286,667,312,032,000","2010-05-05 14:32:47Z,2010-05-05 14:33:05Z,2010-05-05 15:45:13Z,2010-05-05 14:32:48Z"
571,Accepted,2,2,https://stackoverflow.com/questions/29949338/encryption-between-desktop-app-and-server-c-sharp-to-php,"34,821,853","2015-05-01 18:15:35Z,2015-05-07 19:15:27Z"
572,Accepted,6,3,https://stackoverflow.com/questions/93911/how-can-you-run-javascript-using-rhino-for-java-in-a-sandbox,"245958,161,141116,176008,56,88","2009-04-16 04:45:22Z,2009-04-17 13:04:14Z,2008-09-18 16:43:57Z,2011-05-06 21:25:54Z,2015-07-15 14:19:47Z,2008-09-18 16:09:13Z"
