link,accepted,create time,active time,author,reputation,answer quantity,combination,title,question,answer,viewed,vote,question contain code,Solution type,answer or highest vote,SDLC,Symptoms,Taxonomy_Second,Taxonomy_Third,Special case,Unnamed: 21,accepted_time,answers_time,posts_id
https://stackoverflow.com/questions/49156/importing-javascript-in-jsp-tags,Accepted,2008-09-08 04:11:21Z,2015-12-22 23:02:07Z,SCdF,"52,011",2,"javascript,java,jsp,jsp-tags",Importing JavaScript in JSP tags,"I have a .tag file that requires a JavaScript library (as in a .js file).,Currently I am just remembering to import the .js file in every JSP that uses the tag but this is a bit cumbersome and prone to error.,Is there a way to do the importing of the .js inside the JSP tag?","There is no reason you cannot have a script tag in the body, even though it is preferable for it to be in the head. Just emit the script tag before you emit your tag's markup. The only thing to consider is that you do not want to include the script more than once if you use the jsp tag on the page more than once. The way to solve that is to remember that you have already included the script, by addng an attribute to the request object.",4k,7,no,"SA2.1, SB1",5,Coding,Embedding,,,,,2008-09-08 05:37:56Z,"2008-09-08 05:37:56Z,2008-09-08 04:58:26Z","491,564,920,549,185"
https://stackoverflow.com/questions/93911/how-can-you-run-javascript-using-rhino-for-java-in-a-sandbox,Accepted,2008-09-18 16:01:36Z,2015-07-15 14:19:47Z,delux247,"2,171",6,"java,javascript,sandbox,rhino",How can you run Javascript using Rhino for Java in a sandbox?,"Part of our java application needs to run javascript that is written by non-developers. These non-developers are using javascript for data formatting. (Simple logic and string concatenation mostly).,My question is how can I setup the execution of these scripts to make sure scripting errors don't have a major negative impact on the rest of the application.,Basically I need to setup the javascript scope to only include exactly what they need and no more.","To guard against infinite loops, you'd need to put it in a separate process so that it could be killed.,To guard against creating threads, you'd need to extend SecurityManager (the default implementation allows untrusted code to access non-root thread groups).,Java security does allow you to prevent access to the file system.,For database restrictions, you might be able to use the standard SQL user security, but that is quite weak. Otherwise, you need to provide an API that enforces your restrictions.,Edit: I should point out that the version of Rhino provided with JDK6 has had security work done on it, but doesn't include the compiler.",13k,36,no,"SA2.1, SB1",10,Design,Security,,,socket,,2008-09-18 16:43:57Z,"2009-04-16 04:45:22Z,2009-04-17 13:04:14Z,2008-09-18 16:43:57Z,2011-05-06 21:25:54Z,2015-07-15 14:19:47Z,2008-09-18 16:09:13Z","939,117,547,927,603,000,000,000,000,000,000,000,000,000"
https://stackoverflow.com/questions/126781/c-union-in-c-sharp,Accepted,2008-09-24 12:20:32Z,2018-07-05 22:15:31Z,Viktor Elofsson,"1,499",6,"c#,c++,unions",C++ union in C#,"I'm translating a library written in C++ to C#, and the keyword 'union' exists once. In a struct.,What's the correct way of translating it into C#? And what does it do? It looks something like this;","You can use explicit field layouts for that:,Untested. The idea is that two variables have the same position in your struct. You can of course only use one of them.,More informations about unions in",52k,78,yes,"SA1, SA2.1, SA2.2, SB1, SB2",84,Coding,Data handling,Data format/compatibility,,union in c++ and c#,,2008-09-24 12:24:41Z,"2008-09-24 12:24:41Z,2008-09-24 15:37:33Z,2016-09-21 10:47:51Z,2008-09-24 12:25:03Z,2008-09-24 12:34:54Z,2018-06-29 08:49:51Z","1,267,811,268,071,270,000,000,000,000,000,000,000,000,000,000"
https://stackoverflow.com/questions/148071/problem-using-large-binary-segment-in-ooxml,Accepted,2008-09-29 09:21:40Z,2008-10-06 12:35:42Z,QBziZ,"2,988",2,"c#,.net,c++,com,openxml",Problem using large binary segment in OOXML,",A plotting component that uses OOXML to generate a document.,Plotting component consists of several parts. All parts are written in C++ as exe + dll's, with the exception of the interface to the OOXML document.
The latter component is a COM component that was created in C#/.NET. The main reason for this is that the .NET framework contains ,. This is a very handy built-in facility for dealing with OOXML documents.,We create a document out of a template OOXML document where certain bits and pieces are replaced by their actual content.,One of these bits is an OLE Server component. Basically this is a binary segment within the OOXML file. For writing this binary segment, the Packaging component apparently uses isolated storage. ,Writing a segment > 8MB results in an exception being thrown ""Unable to determine the identity of the domain"".,On the C++ side this exception contains the error ISS_E_ISOSTORE ( 0x80131450 ).,We have analyzed this and as far as we can tell, this is a security feature that prevents semi-untrusted third-party component from completely ruining your HD by writing immense files.,We have then tried a lot of things in the .NET/COM component ( creating custom AppDomains, setting Attributes for maximum permissivity, Creating our own Streams and passing those to the Packaging component ) but every time it resulted in the same exception being thrown.,What could we do to make this work?,Could it be that when the .NET component is instantiated as a COM component, its AppDomain is alway untrusted?","You might try to unzip the package yourself (instead of using the .NET package API), write directly to the file which represents the binary segment and zip it again.",658,7,no,"SA2.1, SB1",2,DEM,Build,,,file error,,2008-10-06 12:35:42Z,"2008-10-06 12:35:42Z,2008-09-29 19:29:58Z","148,071,174,086,150,000"
https://stackoverflow.com/questions/210978/using-os-execvp-in-python,Accepted,2008-10-17 03:04:38Z,2008-10-17 12:11:04Z,mipadi,"363,732",2,"python,shell,exec",Using os.execvp in Python,"I have a question about using , in Python. I have the following bit of code that's used to create a list of arguments:,When I output a string using , and paste that into my shell prompt, the JVM launches fine, and everything works. Everything works if I use , in my Python script, too., the following bit of code does not work:,I get the following error:,So what gives? Why does copying/pasting into the shell or using , work, but not ,?","If your ""classpath"" variable contains for instance ""-classpath foo.jar"", it will not work, since it is thinking the option name is ""-classpath foo.jar"". Split it in two arguments: [..., ""-classpath"", classpath, ...].,The other ways (copy and paste and system()) work because the shell splits the command line at the spaces (unless they are escaped or quoted). The command line is in fact passed down to the called program as an array (unlike on Windows), and the JVM is expecting to find an element with only ""-classpath"" followed by another element with the classpath.,You can see the difference for yourself by calling the following small Python script instead of the JVM:",11k,7,Yes,"SA2.1, SA2.2, SB1",11,Coding,Data handling,Data format/compatibility,,HTTPRequest,,2008-10-17 03:07:53Z,"2008-10-17 03:07:53Z,2008-10-17 12:11:04Z","210,978,210,982,211,000"
https://stackoverflow.com/questions/213628/how-to-convert-a-c-string-char-array-into-a-python-string-when-there-are-non-a,Accepted,2008-10-17 19:58:07Z,2014-11-14 02:07:47Z,Vebjorn Ljosa,"15,750",3,"python,c,character-encoding,embedding",How to convert a C string (char array) into a Python string when there are non-ASCII characters in the string?,"I have embedded a Python interpreter in a C program. Suppose the C program reads some bytes from a file into a char array and learns (somehow) that the bytes represent text with a certain encoding (e.g., ISO 8859-1, Windows-1252, or UTF-8). How do I decode the contents of this char array into a Python string?,The Python string should in general be of type ,?????for instance, a , in Windows-1252 encoded input becomes a ,.,I have attempted to use ,, but it always fails when there are non-ASCII characters in the string. Here is an example that fails:,The error message is ,, which indicates that the , encoding is used even though we specify , in the call to ,.,The following code works around the problem by using , to create a Python string of the undecoded bytes, then calling its , method:","PyString_Decode does this:,IOW, it does basically what you're doing in your second example - converts to a string, then decode the string. The problem here arises from PyString_AsDecodedString, rather than PyString_AsDecodedObject. PyString_AsDecodedString does PyString_AsDecodedObject, but then tries to convert the resulting unicode object into a string object with the default encoding (for you, looks like that's ASCII). That's where it fails.,I believe you'll need to do two calls - but you can use PyString_AsDecodedObject rather than calling the python ""decode"" method. Something like:,I'm not entirely sure what the reasoning behind PyString_Decode working this way is. A , seems to indicate that it has something to do with chaining the output, but since the Python methods don't do the same, I'm not sure if that's still relevant.",13k,7,yes,"SA1, SA2.1, SA2.2, SB1, SB2",6,Coding,Data handling,Data format/compatibility,,convert data,,2008-10-18 19:59:25Z,"2008-10-18 19:59:25Z,2008-10-17 20:00:47Z,2008-10-17 20:47:20Z","213,628,215,507,213,000,000,000"
https://stackoverflow.com/questions/419240/how-to-get-javascript-function-data-into-a-php-variable,Accepted,2009-01-07 05:02:20Z,2013-04-19 01:13:44Z,venkatachalam,"101,533",5,"php,javascript,function",How to get JavaScript function data into a PHP variable,"I am using PHP and JavaScript. My JavaScript code contains a function, get_data():,now I have PHP code with the following.,How do I assign the JavaScript function data into the PHP variable?","Use jQuery to send a JavaScript variable to your PHP file:,In your PHP code, get your variables from , and , like this:",45k,10,yes,"SA2.1, SA2.2, SB1",11,Coding,Interfacing,Invocation mechanism,Explicit interfacing,-,,2009-01-07 05:48:28Z,"2009-01-07 05:48:28Z,2009-01-07 05:06:09Z,2009-01-07 06:01:46Z,2009-01-07 05:05:31Z,2012-11-26 08:14:06Z","41,924,041,932,641,900,000,000,000,000,000,000,000"
https://stackoverflow.com/questions/438594/how-to-call-java-objects-and-functions-from-cpython,Accepted,2009-01-13 10:49:01Z,2018-08-24 02:13:11Z,nosklo,"196,096",6,"java,python,function,language-interoperability",How to call java objects and functions from CPython?,"I have a python program, which runs on the CPython implementation, and inside it I must call a function defined in a java program. How can I do this?,It would be nice to be able to use some java objects too.,Jython is not an option. I must run the python part in CPython.","The easiest thing to do is ,This is the minimum. And it's really not much. I count 6 lines of java, 3 lines of Python and you're up and running.,If you want to pass arguments to this Java class constructor or method function, you'll have to write a few more lines of code. You have two choices.",9k,11,no,"SA2.1, SA2.2, SB1",9,Design,Interfacing,Interfacing choice,,method choice,,2009-01-13 11:28:40Z,"2010-09-25 10:55:08Z,2009-01-13 11:28:40Z,2009-01-14 20:00:08Z,2009-01-13 11:15:46Z,2014-06-16 16:07:00Z,2009-01-13 11:11:40Z","438,594,379,350,443,000,000,000,000,000,000,000,000,000,000"
https://stackoverflow.com/questions/531311/how-can-i-generate-dynamic-javascript,Accepted,2009-02-10 07:02:57Z,2020-09-24 22:30:35Z,Eastern Monk,"5,885",4,"php,javascript,yui",How can I generate Dynamic Javascript?,"I render a page using YUI. and depending on the user I need to change how it is rendered. This change is not something that can be parametrized, it is drastic and different for each user.,Please tell me how can I generate Javascript dynamically?","I personally use a PHP file to pass a JavaScript object made up of some basic session and internal settings, nothing mission-critical as passing information to the client isn't overly secure, but I believe it might follow the same principles as what you are looking for.,Similarly, I use this to display certain elements once the client is logged in, although all the authorization is still done on the server-side. If my session handler gives the PHP file the ok, it outputs a JavaScript object using a PHP heredoc string, otherwise, it doesn't output anything. You can use attributes of this object to compare against, or you could output only the JavaScript for how a certain page should be rendered, based on settings in your PHP file.,HTML:,PHP:",7k,9,no,"SA2.1, SA2.2, SB1",11,Design,Embedding,,,post/net,,2009-02-10 23:01:15Z,"2009-02-10 23:01:15Z,2009-02-10 07:07:37Z,2009-02-10 07:09:54Z,2009-02-10 07:24:23Z","531,311,534,655,531,000,000,000,000,000"
https://stackoverflow.com/questions/726410/serialize-in-c-then-deserialize-in-c,Accepted,2009-04-07 15:45:28Z,2011-12-20 09:39:47Z,scottm,"26,693",6,"c#,c++,serialization",Serialize in C++ then deserialize in C#?,"Is there an easy way to serialize data in c++ (either to xml or binary), and then deserialize the data in C#? ,I'm working with some remote WINNT machines that won't run .Net. My server app is written entirely in C#, so I want an easy way to share simple data (key value pairs mostly, and maybe some representation of a SQL result set). I figure the best way is going to be to write the data to xml in some predefined format on the client, transfer the xml file to my server, and have a C# wrapper read the xml into a usable c# object.,The client and server are communicating over a tcp connection, and what I really want is to serialize the data in memory on the client, transfer the binary data over the socket to a c# memory stream that I can deserialize into a c# object (eliminating file creation, transfer, etc), but I don't think anything like that exists. Feel free to enlighten me. ,I know I can create a struct in the c++ app and define it in c# and transfer data that way, but in my head, that feels like I'm limiting what can be sent. I'd have to set predefined sizes for objects, etc","might be useful to you.,.NET ports are available from , and ,.",11k,11,no,"SA1, SA2.1, SB1",8,Design,Data handling,Data format/compatibility,,Serialization in different language,,2009-04-07 15:48:37Z,"2009-04-07 15:48:37Z,2011-12-20 09:39:47Z,2009-04-07 15:53:18Z,2009-04-07 15:54:04Z,2009-04-07 15:55:04Z,2009-04-07 15:55:29Z","7,264,107,264,208,570,000,000,000,000,000,000,000,000,000"
https://stackoverflow.com/questions/729562/how-to-compile-c-sharp-application-with-c-static-library,Accepted,2009-04-08 11:22:03Z,2009-04-08 12:08:22Z,Ivan Prodanov,"32,290",4,"c#,c++,static",How to compile C# application with C++ static library?,"I turned my C++ Dynamic link library into Static library just to acquire more knowledge.
My question is how can I use the .obj file to compile both projects with C# express/MS visual studio?","no, you can't access static libraries directly from C#. You , to use a DLL.",19k,21,no,"SA2.1, SB1",23,DEM,Build,,,compile problem,,2009-04-08 11:27:28Z,"2009-04-08 11:27:28Z,2009-04-08 12:08:22Z,2009-04-08 11:46:39Z,2009-04-08 11:28:36Z","729,562,729,579,729,000,000,000,000,000"
https://stackoverflow.com/questions/799076/returning-a-stdstring-from-a-c-dll-to-a-c-sharp-program-invalid-address-s,Accepted,2009-04-28 17:42:21Z,2016-03-30 10:08:03Z,djcouchycouch,"12,416",1,"c#,c++,string,marshalling",Returning a std::string from a C++ DLL to a c# program -> Invalid Address specified to RtlFreeHeap,"In a function in my C++ DLL, I'm returning a std::string to my c# application. It pretty much looks like this:,But when my C# code calls this function, I get this message in my output window:,The function declaration in c# looks like this:,From what I've been able to find online, sometimes this message appears when there's an inconsistency between which version of new(debug or release, etc) is being used with delete. But I'm not sure if that is what is going on in my case. So I'm not sure exactly what's causing it. Maybe the MashallAs might have something to do with it? ,Any ideas?,Thanks!","I managed to find the issue. It was the way the C# definition was done. From what I can understand, using the MarshallAs(UnmanagedType.LPStr) in combination with the string return type makes it so that it'll attempt to free the string when its done. But because the string comes from the C++ DLL, and most likely a totally different memory manager, it fails. And even if it didn't fail, I don't want it to be freed anyway.,The solution I found was to change the C# declaration to this (the C++ code is unchanged):,So this makes it so that it just returns a pointer to the string data. And then to change it to a string, pass it to Marshal.PtrToStringAnsi(),And that gets wrapped into another function for cleanliness. ,I found the solution from this page:",7k,10,yes,"SA1, SA2.1, SA2.2, SB1, SB2",13,Coding,Data handling,Interoperability,,HTTPRequest,,2009-04-28 18:16:33Z,2009-04-28 18:16:33Z,"799,076,799,210"
https://stackoverflow.com/questions/808692/creating-an-interactive-shell-for-net-apps-and-embed-scripting-languages-like-p,Accepted,2009-04-30 19:43:36Z,2014-10-06 14:56:45Z,Developer,"15,695",6,"c#,python,.net,ironpython,python.net",Creating an interactive shell for .NET apps and embed scripting languages like python/iron python into it,"I was learning python using the tutorial that comes with the standard python installation. One of the benefits that the author states about python is ""maybe you?????ve written a program that could use an extension language, and you don?????t want to design and implement a whole new language for your application"" - My question is how would i go about designing a program (using c#) that can be extended using Python interactively(for this to be possible, i would imagine that i would need to create some sort of a ""shell"" or ""interactive"" mode for the .net program) ?,Are there any pointers on how to design .NET programs that have an interactive shell. I would then like to use python script in the shell to ""extend"" or interact with the program., This question partly stems from the demo give by Miguel de Icaza during PDC 2008 where he showed the interactive csharp command prompt, C# 4.0 i think also has this ""compiler as a service"" feature. I looked at that and thought how cool would it be to design a windows or web program in .NET that had a interactive shell.. and a scripting language like python could be used to extend the features provided by the program.,Also, i started thinking about this kind of functionality after reading one of Steve Yegge's essays where he talks about systems that live forever.","This sounds like a great use of ,.,It's fairly easy to set up a simple scripting host from C# to allow calls into IronPython scripts, as well as allowing IronPython to call into your C# code. There are samples and examples on the CodePlex site that show how to do this very thing.,Another good site for examples and samples is ,And , dedicated to an example answering your very question, albeit in a generic DLR-centric way -- this would allow you to host IronPython, IronRuby, or whatever DLR languages you want to support.,I've used these examples in the past to create an IronPython environment inside a private installation of , - it allowed me to create very expressive Wiki templates and proved to be very useful in general.",5k,13,no,"SA1, SA2.1, SB1, SB2",12,Design,Interfacing,Interfacing choice,,method choice,,2009-04-30 19:45:40Z,"2009-04-30 19:45:40Z,2009-04-30 20:53:52Z,2009-04-30 20:05:49Z,2009-04-30 20:15:16Z,2009-06-27 11:33:14Z,2009-04-30 19:52:54Z","8,086,928,087,018,090,000,000,000,000,000,000,000,000,000"
https://stackoverflow.com/questions/835259/show-hide-fields-depending-on-select-value,Accepted,2009-05-07 15:12:06Z,2019-06-20 15:22:59Z,Udders,"6,458",6,"php,javascript,jquery",Show/hide fields depending on select value,"I am trying to show and hide a few form fields depending on the value of one of my select fields. I am looking to use arrays to hold what should be shown and what should not be shown for each select value, to save me from a massive switch statement, but cannot figure out how to do it. ,I am using PHP and jQuery. Any help would be great.","Try something like this:,then in the jQuery:",55k,14,no,"SA2.2, SB1",34,Coding,Embedding,,,,,2009-05-07 15:15:36Z,"2009-05-07 15:15:36Z,2009-05-07 15:36:34Z,2009-08-20 02:11:32Z,2010-11-03 11:22:09Z,2010-04-08 00:31:39Z,2019-06-20 15:22:59Z","83,525,983,527,083,500,000,000,000,000,000,000,000,000,000,000"
https://stackoverflow.com/questions/911034/how-to-debug-jni-c-library,Accepted,2009-05-26 14:35:17Z,2013-05-12 07:53:01Z,hooray,268,3,"java,c,debugging,solaris,java-native-interface",How to debug JNI/C library?,"We have system here that uses Java JNI to call a function in a C library. Everything running on Solaris.,I have a problem somewhere with string encoding. An arabic character is returned by the function written in C, but the JNI methods receives a string with another encoding. I already tried setting $NLS_LANG, and the vm parameter for encoding the same way, but nothing has worked. So I need to be able to debug the C code and the Java JNI together.,what is the best way to debug it?","The dbx debugger (part of Sun Studio) can attach to a JVM process and let you single step between Java code and native code. The functionality went by the code name ""jdbx"", although it's all part of dbx. It hasn't been heavily promoted, so it might have bugs. There were issues when the IDE had two debug engines both handling Java, but using the command line dbx avoids those issues.,Of course, there are probably lots of more conventional ways to debug your specific problem without necessarily using source level debugging that can mix the Java and C code.",7k,8,no,"SA2.1, SB1",3,Testing/Debugging,Build,,,test method,,2009-05-26 15:13:00Z,"2009-05-26 15:13:00Z,2012-07-24 17:47:50Z,2013-05-12 07:53:01Z","9,110,349,112,101,160,000,000,000,000"
https://stackoverflow.com/questions/935664/possible-to-call-c-code-from-c,Accepted,2009-06-01 16:46:38Z,2021-04-22 15:21:48Z,,,7,"c#,.net,c++,unmanaged,managed",Possible to call C++ code from C#?,"Is it possible to call C++ code, possibly compiled as a code library file (.dll), from within a .NET language such as C#?,Specifically, C++ code such as the RakNet networking library.","One easy way to call into C++ is to create a wrapper assembly in C++/CLI. In C++/CLI you can call into unmanaged code as if you were writing native code, but you can call into C++/CLI code from C# as if it were written in C#. The language was basically designed with interop into existing libraries as its ""killer app"".,For example - compile this with the /clr switch,Then in C#, add a reference to your ManagedType assembly, and use it like so:,Check out , for a more explained example.",102k,88,no,"SA2.1, SA2.2, SB1, SB2",90,Design,Interfacing,Interfacing choice,,method choice,,2009-06-01 16:56:26Z,"2009-06-01 16:56:26Z,2009-06-01 16:55:32Z,2009-06-01 16:50:38Z,2009-06-01 16:54:20Z,2009-06-01 16:49:10Z,2009-06-01 16:51:54Z,2010-11-25 19:39:00Z","9,356,649,357,139,350,000,000,000,000,000,000,000,000,000,000,000"
https://stackoverflow.com/questions/1014584/force-java-to-call-my-c-destructor-jni,Accepted,2009-06-18 19:02:14Z,2009-06-19 13:15:00Z,Marc Bernier,"2,864",5,"java,c++,java-native-interface",Force Java to call my C++ destructor (JNI),"I thought this question would have been asked before, but I couldn't find it here...,I've used SWIG to create a JNI wrapper around a C++ class. All works great except that Java never seems to call the class's finalize(), so, in turn, my class's destructor never gets called. The class's destructor does some final file I/O, so unfortunately, this isn't just a minor memory leak.,Searching through Google, there doesn't seem to be a way to force Java to GC and destroy an object. True?,I know I could manipulate my SWIG file and create a java function that would call the C++ destructor, but this class is used by end users in several different platforms/languages, so the addition of a Java-only will create an inconsistency that our tech writers aren't going to like.","You can't force GC with System.gc().
Also it is not guaranteed that there will ever be a GC run for example if your app runs only for a short time and then your finalizer won't run at all (the JVM does not run it when exiting). You should create a close() or destroy() or whatever function for your class and when you finished using an instance of this class call it, preferably from a finally block, like.",8k,10,no,"SA2.1, SA2.2, SB1",8,Coding,Interfacing,Invocation mechanism,Explicit interfacing,JNI force call,,2009-06-18 19:50:57Z,"2009-06-18 19:50:57Z,2009-06-18 19:45:36Z,2009-06-18 21:15:26Z,2009-06-19 13:15:00Z,2009-06-18 20:02:50Z","101,458,410,148,201,000,000,000,000,000,000,000,000,000"
https://stackoverflow.com/questions/1119696/java-python-integration,Accepted,2009-07-13 14:15:23Z,2021-04-10 07:06:26Z,Jeff Storey,"53,656",10,"java,python,integration",Java Python Integration,"I have a Java app that needs to integrate with a 3rd party library. The library is written in Python, and I don't have any say over that. I'm trying to figure out the best way to integrate with it. I'm trying out JEPP (Java Embedded Python) - has anyone used that before? My other thought is to use JNI to communicate with the C bindings for Python.,Any thoughts on the best way to do this would be appreciated. Thanks.","Why not use ,? The only downside I can immediately think of is if your library uses CPython native extensions.,EDIT: If you can use Jython , but think you may have problems with a later version of the library, I suggest you try to isolate the library from your app (e.g. some sort of adapter interface). Go with the simplest thing that works for the moment, then consider JNI/CPython/etc if and when you ever need to. There's little to be gained by going the (painful) JNI route unless you really have to.",78k,55,no,"SA1, SA2.1, SB1, SB2",37,Design,Interfacing,Interfacing choice,,method choice,,2009-07-13 14:17:25Z,"2009-07-13 14:17:25Z,2009-07-13 14:44:27Z,2017-03-18 15:53:54Z,2009-07-13 14:45:12Z,2019-10-30 11:30:40Z,2009-07-13 14:24:21Z,2009-07-13 14:16:46Z,2009-07-13 14:21:39Z,2020-05-13 07:46:58Z,2009-07-13 14:17:55Z","11,196,961,119,711,100,000,000,000,000,000,000,000,000,000,000,000,000,000,000,000,000,000,000,000,000,000"
https://stackoverflow.com/questions/1153577/integrate-python-and-c,Accepted,2009-07-20 13:28:04Z,2017-10-07 07:08:36Z,Nathan Campos,"26,845",11,"c++,python,integration",Integrate Python And C++,"I'm learning C++ because it's a very flexible language. But for internet things like Twitter, Facebook, Delicious and others, Python seems a much better solution.,Is it possible to integrate C++ and Python in the same project?","Interfacing Python with C/C++ is not an easy task.,Here I copy/paste a , on a previous question for the different methods to write a python extension. Featuring Boost.Python, SWIG, Pybindgen..., now Py++ looks discontinued, I'm now looking for a good alternative. I'm currently experimenting with Cython for my C++ library. This language is a mix between Python and C. Within a Cython function you can use either Python or C/C++ entities (functions, variables, objects, ...).,Cython is quite easy to learn, has very good performance, and you can even avoid C/C++ completely if you don't have to interface legacy C++ libraries.,However for C++ it comes with some problems. It is less ""automagic"" than Py++ was, so it's probably better for stable C++ API (which is now the case of my library). The biggest problem I see with Cython is with C++ polymorphism. With Py++/boost:python I was able to define a virtual method in C++, override it in Python, and have the Python version called within C++. With Cython it's still doable but you need to explicitly use the C-Python API.,There is a new one, ,, similar to Boost.Python but with some potential advantages. For example it uses C++11 language features to make it simpler to create new bindings. Also it is a header-only library, so there is nothing to compile before using it, and no library to link.,I played with it a little bit and it was indeed quite simple and pleasant to use. My only fear is that like Boot.Python it could lead to long compilation time and large libraries. I haven't done any benchmark yet.",105k,71,no,"SA1, SA2.1, SB1, SB2",102,Design,Interfacing,Interfacing choice,,method choice,,2009-07-20 13:35:54Z,"2009-07-20 13:35:54Z,2009-07-20 13:31:37Z,2009-07-20 13:31:48Z,2009-07-20 13:31:53Z,2009-07-20 14:52:10Z,2017-10-05 19:57:23Z,2009-07-20 13:33:47Z,2009-07-20 14:19:57Z,2012-03-01 09:31:20Z,2013-08-15 21:37:47Z,2009-07-20 13:30:06Z,2021-09-06 22:40:29Z","1,153,577,115,363,510,000,000,000,000,000,000,000,000,000,000,000,000,000,000,000,000,000,000,000,000,000,000,000,000,000,000"
https://stackoverflow.com/questions/1161142/not-receiving-callbacks-from-the-java-access-bridge,Accepted,2009-07-21 19:11:41Z,2017-10-17 18:27:26Z,James,"2,020",2,"java,c++,accessibility,java-access-bridge",not receiving callbacks from the Java Access Bridge,"I'm trying to use the Java Access Bridge to get information about Swing components from inside a C++ app. However, none of the callbacks I register ever get called. I tried enuming the windows an then calling IsJavaWindow() on each handle, but it always returns false. Any ideas on why it apparently is not working?,I presume it's a problem with my app rather than the bridge installation because the demo Monkey and Ferret programs work, initializeAccessBridge() returns true, and the debugger reveals that the WindowsAccessBridge dll is loaded.,I'm using Java 6, update 13 on Windows Vista and I think version 2.0.1 of the access bridge.,All of the callbacks are static functions.","I have been fighting this one as well, and have just found a solution that actually makes sense. I ended up having to build a debug version of the WindowsAccessBridge.dll and used the debugger to step into it to watch what was happening.,Inside 'initializeAccessBridge', it (eventually) creates a hidden dialog window (using CreateDialog). Once the dialog is created, it performs a PostMessage with a registered message. The JavaVM side of the access bridge responds to this message, and posts back another message to the dialog that was created (it appears to be a 'hello' type handshake between your app and the java VM). As such, if your application doesn't have an active message pump, the return message from the JavaVM never gets received by your app. ,This is important as until this message is received, the bridge is never properly initialized and as such all calls to 'IsJavaWindow' fail (internally, the bridge initializes an internal structure once the message is received -- as such, no active message pump, no initializing). I'm guessing that this is why you never receive callback messages as well. ,not only that, but you must call initializeAccessBridge at a point where the message pump can process messages before you can call IsJavaWindow.,This is why JavaFerret and JavaMonkey work -- they initialize at startup, and then enumerate on response to a menu message, well after the bridge has received the initialization message via the message pump. ,The way I was able to solve this in my MFC dialog app (and our MFC-based application), is to make sure that you call 'initializeAccessBridge' at a point such that the built-in MFC message pump can push the 'hello' message back to this hidden dialog BEFORE you use it. In the simple MFC dialog case, it meant calling initializeAccessBridge in OnInitDialog, and calling the enum procedure in response to a button call (for example). If you want the enum to occur as soon as the dialog appears, you could use a timer to fire (eg. 10ms) after the OnInitDialog completes to allow processing of the initialization message.,If you are planning to use this in a console app, you will need to write your own custom message pump to handle the initialization message.,Anyway, I hope this is clear enough! Whilst there is no way to know whether this is the 'correct' way (other than to pay for a Sun engineer to tell us), it definitely solved my problem. ,Cheers -- Darren.,oh. and btw I found an obscure Sun page that mentioned something about the AccessBridge only working for awt-based java apps (but given that Sun hasn't updated any documentation since 2004 this may have changed). I'm not a java programmer -- for testing I grabbed a number of free Java applications (as well as the ones that came with the jdk) and tried out my test application. It worked for all of the ones I tried -- YMMV. Good luck!",6k,7,yes,"SA2.1, SB1",11,Coding,Interfacing,Invocation mechanism,Explicit interfacing,java call back,,2009-07-28 12:02:10Z,"2009-07-28 12:02:10Z,2009-07-28 12:01:02Z","116,114,211,936,441,000,000"
https://stackoverflow.com/questions/1199470/combine-javascript-files-at-deployment-in-python,Accepted,2009-07-29 11:06:42Z,2018-08-04 23:13:32Z,Diarmuid Bourke,464,6,"javascript,python,deployment,buildout,jscompress",combine javascript files at deployment in python,I'm trying to reduce the number of scripts included in our website and we use buildout to handle deployments. Has anybody successfully implemented a method of combining and compressing scripts with buildout?,"Here's a Python script I made that I use with all my heavy JavaScript projects. I'm using YUICompressor, but you can change the code to use another compressor.,I use it like this (the below is just a code snippet, and assumes that the , function exists in the current namespace):",6k,13,no,"SA2.1, SB1",21,DEM,Build,,,deployment,sup tool,2009-07-29 11:09:46Z,"2009-07-29 11:09:46Z,2009-12-15 06:46:24Z,2009-07-29 16:29:12Z,2013-10-29 10:17:26Z,2011-02-24 20:01:11Z,2018-08-04 23:13:32Z","119,947,011,994,811,000,000,000,000,000,000,000,000,000,000,000,000"
https://stackoverflow.com/questions/1224793/javascript-serialization-of-datetime-in-asp-net-is-not-giving-a-javascript-date,Accepted,2009-08-03 21:46:58Z,2019-01-03 13:36:20Z,Your Friend Ken,"7,984",10,"c#,asp.net,javascript,datetime,serialization",Javascript serialization of DateTime in asp.net is not giving a javascript date object?,"When I parse a DateTime to json in .Net it returns a string (i.e. ,). How do I make it return a js Date object constructor not wrap in a string?","This seems to work (Thanks Chris S for the idea). In the C# do a replace to remove the string wrapper from around the date object;,..and after removing the quotes and adding the new prefix to Date this js now works. Hooray!",44k,48,yes,"SA1, SA2.2, SB1, SB2",14,Coding,Data handling,Data format/compatibility,,"self-answer, other answer get more vote",,2009-08-04 15:50:18Z,"2009-08-04 14:12:07Z,2009-08-04 15:50:18Z,2012-07-06 12:35:31Z,2012-02-15 20:27:06Z,2012-05-09 21:16:44Z,2017-10-23 16:58:10Z,2013-07-10 20:28:12Z,2012-04-28 15:22:52Z,2009-08-03 21:56:39Z,2009-08-04 14:09:05Z","1,224,793,122,776,710,000,000,000,000,000,000,000,000,000,000,000,000,000,000,000,000,000,000,000,000,000,000"
https://stackoverflow.com/questions/1309509/correct-way-to-marshal-size-t,Accepted,2009-08-21 00:13:17Z,2009-08-21 01:32:44Z,sooniln,"14,372",2,"c#,c++,pinvoke,marshalling,intptr",Correct way to marshal SIZE_T*?,"I have the following C++ function definition, which I am trying to call through PInvoke from managed code:,My managed declaration looked as follows:,Some of you may notice the same bug I eventually did. This is not 64bit portable. SIZE_T is of variable size (32-64 bit) as is the pointer to it. On the managed size the pointer correctly translates to 64bit, but the uint does not, and you can end up with trash in the upper bits of arg1. This was an especially persistent error since the trash was often just zeros :(,The only solution I have gotten to work is the following managed declaration:,This works of course because IntPtr can vary its size correctly. In my code I just treat the IntPtr as an integer, and it works, though it looks like an ugly hack. It seems to me there should be some way to specify this properly, perhaps using UnmanagedType.SysUInt, but I have been unable to come up with any other working solution.","Using , and/or , , doing it properly - the types are there specifically for this purpose! I do not understand why you consider it an ""ugly hack"". I'm also not sure what your proposed alternative would be - any kind of attribute to allow values to be mapped to , would be inherently wrong, because C# , is guaranteed to be 32-bit regardless of the architecture, and so on 64-bit platform, to marshal it correctly, it would have to trim half of it, losing data, and likely rendering the result useless.",11k,18,yes,"SA2.1, SB1",22,Coding,Data handling,Interoperability,,parameter error,,2009-08-21 00:19:39Z,"2009-08-21 00:19:39Z,2009-08-21 01:32:44Z","130,950,913,095,141,000,000"
https://stackoverflow.com/questions/1377278/passing-json-encoded-variable-from-php-to-javascript-via-post,Accepted,2009-09-04 04:50:31Z,2016-04-20 12:13:00Z,FrancisV,"1,173",3,"php,javascript,json,post",Passing JSON-encoded variable from PHP to Javascript via POST,"I have an multi-dimensional array that I want to send to a PHP script with a Javascript that parses the JSON data and plot it on Google Maps. I'm trying to simulate it using forms:,json-target.php looks like this:,And the output of , is ,. I wanted to pass the contents of the , variable to a Javascript function (please see update below)., I also have a simple Javascript that's supposed to parse the value received from , and post the value via ,:,But the output is mangled with backslash characters.,What's a better way of doing this?","JSON encoding makes extensive use of quotes. By simply outputting a JSON encoded string into your HTML , attribute, the quotes will interfere with the markup. They need to be escaped to be put into the HTML. Try this:,Edit: In response to your update, I'm not sure what your JSON.parse is supposed to be doing. Anything encoded with , in PHP is technically a valid Javascript object, and doesn't need to be parsed any further. If I had an object named , with a name property of 'hello', I could do this:,and get an alert saying 'hello'. The output of json_encode is a perfectly suitable javascript object.,The fact that the output of your , array has been escaped with slashes leads me to think that perhaps your , directive is set to be on. If that's the case, you'll have to unescape your $_POST variables with ,.",31k,8,yes,"SA1, SA2.1, SA2.2, SB1, SB2",15,Coding,Data handling,Data format/compatibility,,pass data,,2009-09-04 04:55:02Z,"2009-09-04 04:55:02Z,2012-06-22 01:09:50Z,2016-04-20 12:13:00Z","137,727,813,772,901,000,000,000,000,000"
https://stackoverflow.com/questions/1533916/how-to-set-up-a-c-function-so-that-it-can-be-used-by-p-invoke,Accepted,2009-10-07 20:15:14Z,2016-02-24 09:30:21Z,x4000,"2,777",6,"c#,c++,pinvoke,dllimport,extern",How to set up a C++ function so that it can be used by p/invoke?,"Hopefully this is a brainlessly easy question, but it shows my lack of expertise with C++. I'm a C# programmer, and I've done extensive work with P/Invoke in the past with other people's C++/C dlls. However, this time I've decided to write a wrapper C++ dll (unmanaged) myself, and am then calling my wrapper dll from C#.,The problem I am immediately running into is that I am unable to define a C++ function that can be found by p/invoke. I don't know what the syntax for this is, but here's what I'm trying so far:,Originally I simply had this, but it did not work either:,And then on the C# side, I have:,Everything compiles, but when I execute this C# p/invoke call, I get a System.EntryPointnotFoundException: Unable to find an entry point named 'TestFunc' in DLL 'Plugins\TestDLL.dll'.,Surely this must be something incredibly simple on the C++ end that I just don't know the syntax for.","You'll want to use , as well as ,, like so:,For full details, see ,.",4k,8,yes,"SA1, SA2.1, SA2.2, SB1, SB2",13,Coding,Data handling,Interoperability,,parameter error,,2009-10-07 20:21:52Z,"2009-10-07 20:21:52Z,2009-10-07 20:35:08Z,2009-10-07 20:21:29Z,2009-10-07 20:24:22Z,2011-01-26 14:51:24Z,2016-02-24 09:30:21Z","15,339,161,533,956,100,000,000,000,000,000,000,000,000,000,000,000"
https://stackoverflow.com/questions/1662769/rsa-encryption-java-to-php,Accepted,2009-11-02 18:07:20Z,2013-10-24 13:27:23Z,user201117,115,4,"java,php,rsa",RSA Encryption: Java to PHP,"I'm trying to implement RSA Encryption in both Java and PHP, but I can't seem to get PHP to recognize my Java public/private keys. Here is the java code to Encode/Decode the Public and Private Keys:,I first tried using the PEAR Crypt_RSA functions, but it doesn't support X.509 or PKCS8 (it just simply base64 encodes the serialized modulus, exponent and key type). I then tried the OpenSSL ""openssl_get_publickey"" function but it doesn't appear to recognize the format either.,Any help would be greatly appreciated o.O","You need to convert the binary format (DER) from Java to PEM for OpenSSL (and the PHP bindings). You can test your Java key files using the OpenSSL command line by specifying the , option on the command line.,For more information about using OpenSSL keys in Java, ,.",7k,7,yes,"SA1, SA2.1, SA2.2, SB1, SB2",12,Coding,Data handling,Data format/compatibility,,encrypt and decrypt,,2009-11-02 18:35:57Z,"2009-11-02 18:35:57Z,2009-11-02 19:27:54Z,2010-10-28 02:53:34Z,2012-02-16 15:24:54Z","16,627,691,662,887,100,000,000,000,000,000,000"
https://stackoverflow.com/questions/1698801/passing-php-array-into-javascript-through-json-to-update-google-chart,Accepted,2009-11-09 02:25:30Z,2013-09-12 14:08:44Z,brussels0828,244,3,"php,javascript,json",Passing PHP array into Javascript through JSON to update Google Chart,"I have three PHP arrays that I've encoded with json... extra PHP code has been omitted because the arrays work properly.... Additionally, the HTML tags that call the google chart have been omitted for sake of brevity... ,I would like to access these three arrays in Javascript to update my Google Chart dynamically.","You probably want them to become Javascript variables. When your php executes, it creates code your web browser then interprets. So you want to define javascript strings using php. For example:,Then those variables are accessible to subsequent javascript.",8k,7,yes,"SA2.1, SA2.2, SB1",9,Coding,Embedding,,,HTTPRequest,,2009-11-09 02:34:08Z,"2009-11-09 02:34:08Z,2011-08-12 23:45:07Z,2013-09-06 13:47:24Z","16,988,011,698,821,700,000,000,000,000"
https://stackoverflow.com/questions/1917576/how-do-i-pass-javascript-variables-to-php,Accepted,2009-12-16 20:46:04Z,2021-08-14 01:57:35Z,SUN Jiangong,"4,939",16,"php,javascript,variables",How do I pass JavaScript variables to PHP?,"I want to pass JavaScript variables to PHP using a hidden input in a form.,But I can't get the value of , into ,. Is there something wrong?,Here is the code:","You cannot pass variable values from the current page JavaScript code to the current page PHP code... PHP code runs at the server side, and it doesn't know anything about what is going on on the client side.,You need to pass variables to PHP code from the HTML form using another mechanism, such as submitting the form using the GET or POST methods.",655k,160,yes,"SA2.1, SA2.2, SB1",102,Coding,Embedding,,,HTTPRequest,,2009-12-16 20:52:21Z,"2009-12-16 20:52:21Z,2014-02-12 23:50:04Z,2012-11-28 18:45:10Z,2014-07-25 07:25:16Z,2019-07-12 09:41:01Z,2014-06-17 15:54:15Z,2012-06-03 15:47:27Z,2009-12-16 20:50:27Z,2016-02-28 16:00:02Z,2014-07-22 12:48:35Z,2009-12-16 20:53:46Z,2016-03-31 17:57:47Z,2020-10-26 04:47:01Z,2018-08-09 12:16:21Z,2019-08-08 13:15:29Z,2021-08-14 01:57:35Z","191,757,619,176,262,000,000,000,000,000,000,000,000,000,000,000,000,000,000,000,000,000,000,000,000,000,000,000,000,000,000,000,000,000,000,000,000,000,000,000,000,000,000,000"
https://stackoverflow.com/questions/1942298/wrapping-a-c-library-in-python-c-cython-or-ctypes,Accepted,2009-12-21 20:05:51Z,2020-01-08 04:10:03Z,balpha,"46,372",12,"python,c,ctypes,cython","Wrapping a C library in Python: C, Cython or ctypes?","I want to call a C library from a Python application. I don't want to wrap the whole API, only the functions and datatypes that are relevant to my case. As I see it, I have three choices:,I'm not sure whether 2) or 3) is the better choice. The advantage of 3) is that , is part of the standard library, and the resulting code would be pure Python ????? although I'm not sure how big that advantage actually is.,Are there more advantages / disadvantages with either choice? Which approach do you recommend?, Thanks for all your answers, they provide a good resource for anyone looking to do something similar. The decision, of course, is still to be made for the single case?????there's no one ""This is the right thing"" sort of answer. For my own case, I'll probably go with ctypes, but I'm also looking forward to trying out Cython in some other project.,With there being no single true answer, accepting one is somewhat arbitrary; I chose FogleBird's answer as it provides some good insight into ctypes and it currently also is the highest-voted answer. However, I suggest to read all the answers to get a good overview.,Thanks again.","is your best bet for getting it done quickly, and it's a pleasure to work with as you're still writing Python!,I recently wrapped an , driver for communicating with a USB chip using ctypes and it was great. I had it all done and working in less than one work day. (I only implemented the functions we needed, about 15 functions).,We were previously using a third-party module, ,, for the same purpose. PyUSB is an actual C/Python extension module. But PyUSB wasn't releasing the GIL when doing blocking reads/writes, which was causing problems for us. So I wrote our own module using ctypes, which does release the GIL when calling the native functions.,One thing to note is that ctypes won't know about , constants and stuff in the library you're using, only the functions, so you'll have to redefine those constants in your own code.,Here's an example of how the code ended up looking (lots snipped out, just trying to show you the gist of it):,Someone did , on the various options.,I might be more hesitant if I had to wrap a C++ library with lots of classes/templates/etc. But ctypes works well with structs and can even , into Python.",80k,294,no,"SA1, SA2.1, SA2.2, SB1, SB2",120,Design,Interfacing,Interfacing choice,,method choice,,2009-12-21 20:37:14Z,"2011-04-16 13:41:45Z,2009-12-21 20:37:14Z,2009-12-21 20:32:22Z,2013-02-18 17:33:30Z,2009-12-21 20:09:31Z,2009-12-21 20:36:42Z,2009-12-27 15:13:27Z,2009-12-21 20:37:56Z,2013-06-12 14:15:18Z,2014-02-23 11:31:10Z,2020-01-04 03:47:56Z,2011-09-01 05:19:39Z","19,422,985,686,873,100,000,000,000,000,000,000,000,000,000,000,000,000,000,000,000,000,000,000,000,000,000,000,000,000,000,000"
https://stackoverflow.com/questions/1953731/python-pytables-java-tying-all-together,Accepted,2009-12-23 16:14:12Z,2019-05-23 13:04:14Z,I82Much,"25,641",4,"java,python,architecture,hdf5,pytables","Python, PyTables, Java - tying all together","What is the best way to get Python and Java to play nice with each other?,I have a somewhat complicated situation. I'll try my best to explain both in pictures and words. Here's the current system architecture:,
,We have an agent-based modeling simulation written in Java. It has options of either writing locally to CSV files, or remotely via a connection to a Java server to an , file. Each simulation run spits out over a gigabyte of data, and we run the simulation dozens of times. We need to be able to aggregate over multiple runs of the same scenario (with different random seeds) in order to see some trends (e.g. min, max, median, mean). As you can imagine, trying to move around all these CSV files is a nightmare; there are multiple files produced per run, and like I said some of them are enormous. That's the reason we've been trying to move towards an HDF5 solution, where all the data for a study is stored in one place, rather than scattered across dozens of plain text files. Furthermore, since it is a binary file format, it should be able to get significant space savings as compared to uncompressed CSVS.,As the diagram shows, the current post-processing we do of the raw output data from simulation also takes place in Java, and reads in the CSV files produced by local output. This post-processing module uses JFreeChart to create some charts and graphs related to the simulation.,As I alluded to earlier, the CSVs are really untenable and are not scaling well as we generate more and more data from simulation. Furthermore, the post-processing code is doing more than it should have to do, essentially performing the work of a very, very poor man's relational database (making joins across 'tables' (csv files) based on foreign keys (the unique agent IDs). It is also difficult in this system to visualize the data in other ways (e.g. Prefuse, Processing, JMonkeyEngine getting some subset of the raw data to play with in MatLab or SPSS).,My group decided we really need a way of filtering and querying the data we have, as well as performing cross table joins. Given this is a write-once, read-many situation, we really don't need the overhead of a real relational database; instead we just need some way to put a nicer front end on the HDF5 files. I found a few papers about this, such as one describing how to use ,, but the paper describes having to write a compiler to convert from XQuery/XPath into the native HDF5 calls, way beyond our needs.
Enter ,. It seems to do exactly what we need (provides two different ways of querying data, either through Python list comprehension or through ,.,The proposed architecture I envision is this:
,
,What I'm not really sure how to do is to link together the python code that will be written for querying, with the Java code that serves up the HDF5 files, and the Java code that does the post processing of the data. Obviously I will want to rewrite much of the post-processing code that is implicitly doing queries and instead let the excellent PyTables do this much more elegantly.,A simple google search turns up a few options for ,, but I am so new to the topic that I'm looking for some actual expertise and criticism of the proposed architecture. It seems like the Python process should be running on same machine as the Datahose so that the large .h5 files do not have to be transferred over the network, but rather the much smaller, filtered views of it would be transmitted to the clients. , seems to be an interesting choice - does anyone have experience with that?","This is an epic question, and there are lots of considerations. Since you didn't mention any specific performance or architectural constraints, I'll try and offer the best well-rounded suggestions.,The initial plan of using PyTables as an intermediary layer between your other elements and the datafiles seems solid. However, one design constraint that wasn't mentioned is one of the most critical of all data processing: Which of these data processing tasks can be done in batch processing style and which data processing tasks are more of a live stream.,This differentiation between ""we know exactly our input and output and can just do the processing"" (batch) and ""we know our input and what needs to be available for something else to ask"" (live) makes all the difference to an architectural question. Looking at your diagram, there are several relationships that imply the different processing styles.,Additionally, on your diagram you have components of different types all using the same symbols. It makes it a little bit difficult to analyze the expected performance and efficiency.,Another contraint that's significant is your IT infrastructure. Do you have high speed network available storage? If you do, intermediary files become a brilliant, simple, and fast way of sharing data between the elements of your infrastructure for all batch processing needs. You mentioned running your PyTables-using-application on the same server that's running the Java simulation. However, that means that server will experience load for both writing and reading the data. (That is to say, the simulation environment could be affected by the needs of unrelated software when they query the data.),To answer your questions directly:,To help with the design process more and flesh out your needs:,It's easy to look at a small piece of the puzzle, make some reasonable assumptions, and jump into solution evaluation. But it's even better to look at the problem holistically with a clear understanding of your constraints. May I suggest this process:,Once you've got these diagrams done, make a few copies of them, and then right on top of them start to do data-flow doodles. With a copy of the diagram for each ""end point"" application that needs your original data, start at the simulation and end at the end point with a pretty much solid flowing arrow. Any time your data arrow flows across a communication/protocol arrow, make notes of how the data changes (if any).,At this point, if you and your team all agree on what's on paper, then you've explained your current architecture in a manner that should be easily communicable to anyone. (not just helpers here on stackoverflow, but also to bosses and project managers and other purse holders.),To start planning your solution, look at your dataflow diagrams and work your way backwards from endpoint to startpoint and create a nested list that contains every app and intermediary format on the way back to the start. Then, list requirements for every application. Be sure to feature:,If you do a good job with this list, you can see how this will help define what protocols and solutions you choose. You look at the situations where the data crosses a communication line, and you compare the requirements list for , of the communication.,You've already described one particular situation where you have quite a bit of java post-processing code that is doing ""joins"" on tables of data in CSV files, thats a ""do now but doesn't do that well"". So you look at the other side of that communication to see if the other side can do that thing well. At this point, the other side is the CSV file and before that, the simulation, so no, there's nothing that can do that better in the current architecture.,So you've proposed a new Python application that uses the PyTables library to make that process better. Sounds good so far! But in your next diagram, you added a bunch of other things that talk to ""PyTables"". now we've extended past the understanding of the group here at StackOverflow, because we don't know the requirements of those other applications. But if you make the requirements list like mentioned above, you'll know exactly what to consider. Maybe your Python application using PyTables to provide querying on the HDF5 files can support all of these applications. Maybe it will only support one or two of them. Maybe it will provide live querying to the post-processor, but periodically write intermediary files for the other applications. We can't tell, but with planning, you can.,Some final guidelines:,And the answer to the direct question, ""How to get Python and Java to play nice together?"" is simply ""use a language agnostic communication method."" The truth of the matter is that Python and Java are both not important to your describe problem-set. What's important is the data that's flowing through it. Anything that can easily and effectively share data is going to be just fine.",3k,25,no,"SA2.1, SB1",13,Design,Interfacing,Interfacing choice,,method choice,,2009-12-23 17:27:12Z,"2009-12-23 17:27:12Z,2009-12-23 16:32:28Z,2009-12-23 16:19:31Z,2010-08-21 22:55:46Z","19,537,311,954,175,100,000,000,000,000,000,000"
https://stackoverflow.com/questions/1711490/returning-a-c-class-to-java-via-jni,Accepted,2009-11-10 21:51:32Z,2011-12-04 03:13:21Z,tomzx,"1,924",3,"java,c++,class,struct,java-native-interface",Returning a C++ class to Java via JNI,"I'm currently using both C++ and Java in a project and I'd like to be able to send an object which is contained in C++ to my Java interface in order to modify it via a GUI and then send the modification back in C++.,So far I've been returning either nothing, an int or a boolean to Java via the JNI interface. This time I have to send an object through the interface. I have made similar class definition available both in C++ and in Java. ,In C++ I have:,This function would get called by Java in order to get the object from the C++ side (the object is contained in a singleton, easily accessible).,On the Java end, I do a simple call to this method,,which should return me the newly created object.,Java currently returns me a UnsatisfiedLinkError when I do the actual call. What is wrong?","Here's the solution I opted to use:,First, I would create a similar object in Java. Then, from C++ I would instanciate it and pass it all the values.,But then I realised this wasn't very portable and was a bit too complicated.,Instead, I decided to return a string that Java would parse and use to initialize the object on its side.,MyObject would have a constructor which takes a string. I believe the solution is simple and effective.",21k,17,yes,"SA2.1, SA2.2, SB1",12,Coding,Interfacing,Invocation mechanism,Explicit interfacing,JNI transfer method,,2009-12-25 16:20:34Z,"2009-12-25 16:20:34Z,2009-12-11 23:28:38Z","1,711,490,196,143,210,000,000,000,000"
https://stackoverflow.com/questions/2011311/running-java-with-java-opts-env-variable-has-no-effect,Accepted,2010-01-06 06:34:12Z,2019-06-06 15:28:08Z,Ashika Umanga Umagiliya,"8,209",2,"java,shell,remote-debugging,jvm-arguments",Running java with JAVA_OPTS env variable has no effect,"In a shell script, I have set the JAVA_OPTS environment variable (to enable remote debugging and increase memory), and then I execute the jar file as follows:,But it seems there is no effect of the JAVA_OPTS env variable as I cannot connect to remote-debugging and I see no change in memory for the JVM.,What could be the problem?,PS: I cannot use those settings in the , command because I process command line arguments in the application.","I don't know of any JVM that actually checks the , environment variable. Usually this is used in scripts which launch the JVM and they usually just add it to the , command-line.,The key thing to understand here is that arguments to , that come , the , bit will only affect the JVM and , be passed along to your program. So, modifying the , line in your script to:,Should ""just work"".",103k,57,yes,"SA2.1, SA2.2, SB1",56,Coding,Interfacing,Invocation mechanism,Explicit interfacing,config,,2010-01-06 07:08:49Z,"2012-07-23 15:48:24Z,2010-01-06 07:08:49Z","2,011,311,116,159,600,000,000"
https://stackoverflow.com/questions/2087840/add-a-reference-from-a-c-sharp-app-to-a-dll-compiled-without-clr,Accepted,2010-01-18 17:18:46Z,2012-07-17 17:43:48Z,Paul A Jungwirth,"20,838",4,"c#,c++,visual-studio,visual-studio-2008,pinvoke",Add a Reference from a C# App to a DLL compiled without /clr?,"I'm using Visual Studio 2008 to build a Solution with two Projects: a C# Console App and a C++ DLL. I want the app to call a function from the dll using P/Invoke. Therefore I'm trying to add the dll as a Reference to the C# app. But when I try the Add Reference command, Visual Studio won't let me do it unless I set the /clr property on the dll (under Configuration Properties:General). now, I thought that P/Invoke could handle plain-old win32 dlls. Indeed, if I build my dll without /clr and just copy it by hand to bin/Debug, then the app runs fine. So why is /clr required to add the dll as a reference? And if VS won't let me add it, is there some (clean) workaround so that my app finds the dll?,I see that someone had a similar issue here (though with a 3rd-party dll):
, The answer he got was to build a wrapper. But this isn't really necessary, since the app can use the dll just fine; it's just the Add Reference step that doesn't work. And besides, won't the wrapper code need a reference to the dll, raising the same problem as before? I'd really like an answer that doesn't involve writing a wrapper at all.","Why not just add a post-build step to copy your unmanaged DLL to your project directory? You don't need a ""reference"" to be able to refer to an unmanaged DLL, and it sounds like the only problem you're experiencing is due to the file not being automatically copied into the search path.",8k,6,no,"SA2.1, SB1",7,DEM,Build,,,refer to unmanaged DLL,,2010-01-18 17:33:53Z,"2010-01-18 17:33:53Z,2010-01-18 17:23:17Z,2010-01-18 18:42:48Z,2011-05-30 14:22:42Z","20,878,402,087,942,200,000,000,000,000,000,000"
https://stackoverflow.com/questions/2179601/good-php-framework-for-fully-ajax-based-web-applications,Accepted,2010-02-01 19:52:43Z,2016-08-19 01:03:06Z,ajsie,"71,316",6,"php,javascript,ajax,frameworks",good php framework for fully ajax-based web applications? [closed],"i'm developing a web application that focus heavily on ajax. the whole application is just on one page except for the threads that are in traditional pages so they can be indexed.,so i have to have very structured JS-codes and i wonder if they are any frameworks out there that are for ajax-based applications.,eg. codeigniter, cakephp and others i have read about dont focus on this. they just organize regular php code according to mvc.,cause my code starts to be very messy (especially the js code) and i really need some structure here. is there a way to have same mvc + oop structure in javascript? i never heard anyone talking about it. even if i put js codes in separate files, one for each page for example, there are a lot of lines and i feel lost and crunch whenever i have to add some new functionalities.,would be great with suggestions and ideas how to structure this up!","I think you have the wrong mindset about this.,AJAX-heavy sites or applications aren't that much different form their Web 1.0 counterparts in their underpinnings. You still have the same basic components: HTTP Requests and responses. It's just that with AJAX you rarely request a full HTML page. Most of the time you're requesting snippets of HTML, XML, or JSON.,So, just because you'll have a web site/app that is 90%+ AJAX driven doesn't mean you need to throw away existing conventions like MVC and look for something new.,And most modern frameworks have plenty of AJAX stuff baked in: ZF, symfony, cake, etc.,I don't know of any framework, PHP or JavaScript, geared towards what you are asking. That being said, you might get something out of watching ,, ,, and ,, even though they're a couple years old now.,Also, consider digging into projects that are AJAX heavy and seeing how they tick. ExtJS and jQuery UI based applications would be a good start.",7k,7,no,"SA1, SA2.1, SA2.2, SB1, SB2",4,Coding,Interfacing,Interfacing choice,,framework choice,,2010-02-01 20:20:39Z,"2010-02-01 20:20:39Z,2010-02-01 19:57:43Z,2010-02-01 22:23:01Z,2016-08-18 13:55:07Z,2010-02-01 20:44:44Z,2010-02-04 21:27:43Z","21,796,012,179,775,200,000,000,000,000,000,000,000,000,000,000,000"
https://stackoverflow.com/questions/2211867/how-do-i-call-c-cli-from-c,Accepted,2010-02-06 03:15:05Z,2021-02-19 20:45:55Z,master chief,761,4,"c#,c++,c++-cli,pinvoke,managed-c++",How do I call C++/CLI from C#?,"I have a class implemented in C++ that's responsible for the arithmetic computation of the program, and an interface using WPF. I process the input with C# but then how can I use my C++ class?,I've seen some comments about making a managed C++ wrapper class to interact with it, but I don't know where to start. nor do I know how I'd go to compile it along with all the other code. I can't really find a tutorial on this, and the stuff google shows on managed C++ doesn't really seem helpful.,Anything out there to help me out? This doesn't seem unreasonable to me., Tried m3rLinEz solution but it's giving me a BadImageFormatException, I think it's because the DLL isn't generated. I did everything as told, I don't know what happened. Any ideas?","Have you take a look at C++/CLI?,Let me give a very short example. Here is the source file from a Visual C++ -> CLR -> Class Library project. It basically get Windows username and return it.,Please note that, in order to get this compiled, you have to go into project settings and mark ""Additional Dependencies"" as ""Inherit from parent"" because we are using those Windows libs (kernel32.lib, user32.lib, ..),now created a new C# project and add reference to our first C++/CLI Class Library project. And then call the instance method.,This gave the following result on my machine:,C++/CLI is basically a managed extension over C++ standard. It allows you to utilize CLR classes and data types in your C++/CLI project and also expose this to managed language. You can created a managed wrapper for your old C++ library using this. There are some weird syntaxes such as , to define reference type to CLR String. I find , to be useful here.",84k,65,no,"SA1, SA2.1, SA2.2, SB1, SB2",57,Coding,Interfacing,Interfacing choice,,managed interface,,2010-02-06 03:55:22Z,"2010-02-06 03:55:22Z,2010-02-06 09:16:18Z,2010-02-06 03:24:29Z,2010-02-06 03:30:05Z","22,118,672,211,959,200,000,000,000,000,000,000"
https://stackoverflow.com/questions/2219982/getting-php-to-run-a-python-script,Accepted,2010-02-08 06:41:41Z,2013-10-27 15:29:53Z,Abhinav,"35,026",4,"php,python,exec",Getting PHP to run a Python script,"I am trying to run a Python program using PHP. Here's the code,This works through the command line but not while running it through the browser. I am using Apache so probably it needs the right privileges? I am pretty new to Linux and have no idea how to get this working.,Any help would be appreciated!,Tried to use , but nothing happens. I gave the full path to the script. Made the script executable but no luck. Any other things I can try on the server? (It's a CentOS 5)",You need to pass the full path to the script and you also need to make sure that the script is readable by the user running the web server (which means every directory in the path must be +x to the web user).,33k,13,yes,"SA2.1, SB1",6,Coding,Interfacing,Invocation mechanism,Explicit interfacing,php run python script,,2010-02-08 06:49:46Z,"2010-02-08 06:49:46Z,2010-02-12 13:13:18Z,2010-02-08 06:44:49Z,2013-01-22 16:57:17Z","221,998,222,200,142,000,000,000,000,000,000,000"
https://stackoverflow.com/questions/2228275/java-generics-and-jni,Accepted,2010-02-09 10:22:30Z,2010-02-15 01:05:59Z,Aaron S,"4,222",2,"java,c++,generics,java-native-interface",Java generics and JNI,"Is it possible to call a native CPP function using JNI which takes generic arguments? Something like the following:,And then call it like:,Can anyone please provide me with a sample which is actually doing this or some tutorial on the net which does this? I am asking because in my CPP JNI function (called by JVM), I get unsatisfied link error.,CPP Code follows:,I have tried by modifying the code but now I am getting noSuchMethodError:,Java code:,CPP code:,Does this mean that JNI has no support for generics or am I missing something?","There are numerous questions regarding type erasure on stack overflow (e.g. ,), what you're looking to do is neither possible with JNI nor Java itself. The runtime type signature of foo is (in both worlds, or actually, there is only one world) ,, which will do an implicit class cast on the return value to whatever type you call it with.,As you might notice (and as mentioned in the comment to your question), there's no way for you to know what type , is.,:,
By the way, the getFoo method is supposed to return 'Foo', so shouldn't you be doing,Come to think of it, your entire call sequence seems out of place... you've got a , which is native, returning string. now , looks for , in ,, which returns 'Foo', and returns the result of that call directly, effectively trying to return a , (, according to the comment) where string is expected.",8k,8,yes,"SA1, SA2.1, SA2.2, SB1, SB2",8,Coding,Data handling,Interoperability,,memory error,,2010-02-09 10:29:27Z,"2010-02-15 01:05:59Z,2010-02-09 10:29:27Z","222,827,522,635,442,000,000"
https://stackoverflow.com/questions/2356098/what-is-the-best-tool-for-performance-regression-testing,Accepted,2010-03-01 13:34:26Z,2010-03-03 22:18:57Z,leora,"166,407",4,"c#,java,unit-testing,performance",what is the best tool for performance regression testing [closed],"our organization is looking for a tool to help with performance testing on each release. We ship a whole bunch of new software and we want to ensure that performance on key functions has not slowed down since the last prod release. We have code in C# and Java. This can be anything from:,Is it best to do this using our basic unit testing continuous integration (nunit, junit, team city) with hand written performance checks or are there specific tools that can help focus on on this area.,Any suggestions?","On my projects (which tend to use Spring), I use the AOP and the ,.,While you may not use Spring, it's definitely some good code to look at and can base a version of your own. I found AOP perfect for this situation because it does not clutter up the actual function calls. If you have a tiered application, then you can put these performance monitors at each level. (Typically for my webapps, I put it as my data access layer so I can monitor database query performance.)",1k,6,no,"SA1, SA2.1, SB1, SB2",3,Testing/Debugging,Efficiency/Performance,,,closed erher,,2010-03-01 15:23:05Z,"2010-03-01 15:23:05Z,2010-03-03 22:18:57Z,2010-03-01 14:00:50Z,2010-03-01 14:25:22Z","23,560,982,356,801,200,000,000,000,000,000,000"
https://stackoverflow.com/questions/2381241/what-is-the-subprocess-popen-max-length-of-the-args-parameter,Accepted,2010-03-04 17:13:23Z,2019-03-02 16:55:02Z,Jesse Vogt,"14,961",2,"python,shell,subprocess,popen",What is the subprocess.Popen max length of the args parameter?,"I am using , function from the subprocess module to execute a command line tool:,The tool I am using takes a list of files that it then processes. In some cases, this list of files can be very long. Is there a way to find the max length that the args parameter can be? With a large number of files being passed to the tool, I am getting the following error:,Is there a general way to find this max length? I found the following article on msdn: , but I don't want to hard code in the value. I would rather get the value at run time to break up the command into multiple calls.,I am using Python 2.6 on Windows XP 64.,Edit: adding code example,The problem occurs because each actual entry in the , list is usually a very long file path AND there are several thousand of them.","If you're passing shell=False, then Cmd.exe does not come into play. ,On windows, subprocess will use the CreateProcess function from Win32 API to create the new process. The , for this function states that the second argument (which is build by subprocess.list2cmdline) has a max length of 32,768 characters, including the Unicode terminating null character. If lpApplicationName is NULL, the module name portion of lpCommandLine is limited to MAX_PATH characters. ,Given your example, I suggest providing a value for executable (args[0]) and using args for the first parameter. If my reading of the CreateProcess documentation and of the subprocess module source code is correct, this should solve your problem. ,[edit: removed the args[1:] bit after getting my hands on a windows machine and testing]",13k,16,yes,"SA1, SA2.1, SB1, SB2",11,Coding,Interfacing,Interfacing choice,,-,,2010-03-04 18:29:16Z,"2010-03-04 18:29:16Z,2019-03-02 14:51:44Z","2,381,241,238,172,650,000,000"
https://stackoverflow.com/questions/2408771/how-to-get-selected-value-from-dropdownlist-in-asp-net-using-javascript,Accepted,2010-03-09 11:59:51Z,2021-04-09 12:13:07Z,kumar,"1,089",4,"javascript,c#,asp.net,dhtml",How to get selected value from dropdownlist in asp.net using Javascript?,"I am populating country dropdownlist from a database. I need to select a value from dropdown list and assign it to textbox by using Javascript.,Code: ,by doing this I am getting error. Any solutions?","Your code is wrong, Look at where I've made the changes to the same code:,What you did, is you selected your textbox and JS returned you a DOM element of that text box and you wanted to populate it by passing the , of the textBox inside the , function. ,Here is where it broke: ,To use , method, you pass a string value of the id of an element.,Hope this helps.",56k,7,yes,"SA2.1, SA2.2, SB1",11,Coding,Interfacing,Interfacing choice,,function choice,,2010-03-09 12:21:01Z,"2010-03-09 12:21:01Z,2010-03-09 12:01:00Z,2010-03-09 12:11:21Z,2021-04-09 12:13:07Z","240,877,124,089,052,000,000,000,000,000,000,000"
https://stackoverflow.com/questions/2462230/interacting-with-java-code-from-c-sharp,Accepted,2010-03-17 12:44:57Z,2012-08-03 21:14:06Z,Kasper Holdum,"11,875",4,"c#,java,.net,cross-language",Interacting with java code from C#,"We've written a Java program which we are looking to use and interact with from C#. What are our options? Optimally it would be possible to compile the Java application as a library (.DLL) that we could reference from C# perhaps using P/Invoke. This, however, doesn't appear to be an option according to the first few searches online.,We opt to be able to use ASP.NET to built a search engine powered by the Java code, so if this opens up for any other options please let us know.","Sorry, you , call java , , from C# code.,One way of doing this is to , up your java classes in a , and call classes , through that web service interface in your C# code.,Another way is using , which exposes java classes as ,. You can find it at following location:,Following posts might help as well",4k,6,no,"SA1, SA2.1, SB1, SB2",7,Coding,Interfacing,Interfacing choice,,method choice,,2010-03-17 12:49:54Z,"2010-03-17 12:49:54Z,2010-03-17 12:47:52Z,2010-03-17 12:52:42Z,2012-08-03 21:14:06Z","246,223,024,622,562,000,000,000,000,000,000,000"
https://stackoverflow.com/questions/2532907/combining-c-and-c-sharp,Accepted,2010-03-28 12:42:47Z,2020-10-20 16:06:52Z,cam,"8,255",3,"c#,c++",Combining C++ and C#,"Is it a good idea to combine C++ and C# or does it pose any immediate issues?,I have an application that needs some parts to be C++, and some parts to be C# (for increased efficiency). What would be the best way to achieve using a native C++ dll in C#?","yes using C# and C++ for your product is very common and a good idea.,Sometimes you can use managed C++, in which case you can use your managed C++ module just like any other .NET module. ,Typically you'd do everything that you can in C#. For the parts you need to do in C++ you'd typically create a C++ DLL and then call into that DLL from C#. Marshalling of parameters is done automatically for you.,Here is an example of importing a C function inside a DLL into C#:",40k,37,no,"SA2.1, SA2.2, SB1",39,Design,Interfacing,Interfacing choice,,method choice,,2010-03-28 12:45:27Z,"2010-03-28 12:45:27Z,2016-01-21 16:06:44Z","25,329,072,532,974,200,000,000,000,000"
https://stackoverflow.com/questions/2562648/json-limitation,Accepted,2010-04-01 18:23:38Z,2013-09-04 15:37:33Z,thedp,"8,241",5,"php,javascript,ajax,json",JSON limitation?,"I would like to know if JSON with AJAX has a limitation to the amount of data an outgoing and returning parameter can carry?,I would like to be able to send and return from the server a file with 10,000 lines, as a string. How should I achieve this task? Will a single parameter will be able to hand this?,EDIT:
My client is JavaScript and my server PHP.,Thank you.",you should break up the string into bits and do multiple ajax requests until string is complete. Keep appending the string bits temporarily to a file and then put the file contents inside of your database once the requests are complete.,3k,7,no,"SA2.1, SB1",1,Design,Data handling,Data format/compatibility,,json error,,2010-04-01 18:34:03Z,"2010-04-01 18:29:51Z,2010-04-01 18:27:48Z,2010-04-01 18:27:06Z,2010-04-01 18:34:03Z,2010-04-01 18:30:42Z","256,264,825,626,862,000,000,000,000,000,000,000,000,000"
https://stackoverflow.com/questions/2566764/encode-compress-sequence-of-repeating-integers,Accepted,2010-04-02 13:05:33Z,2015-07-16 06:26:27Z,Alex,"11,517",6,"php,javascript,sequence,encode,compression",Encode/compress sequence of repeating integers,"I have very long integer sequences that look like this (arbitrary length!): ,now I need some algorithm to convert this string into something compressed like ,Which means ""a 9 times, then b 3 times, then a 3 times"" and so on, where ""a"" stands for 0, ""b"" for 1, ""c"" for 2 and ""d"" for 3. ,How would you do that?
So far nothing suitable came to my mind, and I had no luck with google because I didn't really know what to search for. What is this kind of encoding / compression called? ,PS: I am going to do the encoding with ,, and the decoding in ,.,: Thank you all! ,I ended up with this function for encoding:,And that for decoding:","It is called ,Basic encoder in PHP:,Be warned it will preform badly issues with a string like,If you were going to be handling a string that may have a lot of individual single characters you would be better to add some complexity and not write the length of the run if the length of the run is 1.",3k,8,yes,"SA1, SA2.1, SA2.2, SB1, SB2",7,Coding,Data handling,Data format/compatibility,,compress data,,2010-04-02 13:09:41Z,"2010-04-02 13:09:41Z,2010-04-02 13:18:28Z,2010-04-02 13:25:11Z,2010-04-02 13:41:05Z,2010-04-02 13:46:01Z,2015-07-16 06:26:27Z","25,667,642,566,779,200,000,000,000,000,000,000,000,000,000,000,000"
https://stackoverflow.com/questions/2663429/what-is-the-best-way-to-identify-which-form-has-been-submitted,Accepted,2010-04-18 18:40:01Z,2013-04-11 06:14:01Z,Rupert Madden-Abbott,"12,284",2,"php,javascript",What is the best way to identify which form has been submitted?,"Currently, when I design my forms, I like to keep the name of the submit button equal to the id of the form. Then, in my php, I just do , in order to check if a form has been submitted and which form has been submitted.,Firstly, are there any security problems or design flaws with this method?,One problem I have encountered is when I wish to overlay my forms with javascript in order to provide faster validation to the user. For example, whilst I obviously need to retain server side validation, it is more convenient for the user if an error message is displayed inline, upon blurring an input. Additionally, it would be good to provide entire form validation, upon clicking the submit button.,Therefore, when the user clicks on the form's submit button, I am stopping the default action, doing my validation, and then attempting to renable the traditional submit functionality, if the validation passes. In order to do this, I am using the , method but, unfortunately, this doesn't send the submit button variable (as it should be as form.submit() can be called without any button being clicked). This means my PHP script fails to detect that the form has been submitted.,What is the correct way to work around this? It seems like the standard solution is to add a hidden field into the form, upon passing validation, which has the name of form's id. Then when form.submit() is called, this is passed along in place of the submit button. However, this solution seems very ungraceful to me and so I am wondering whether I should:,a) Use an alternative method to detect which form has been submitted which doesn't rely rely on passing the submit button. If so what alternative is there? Obviously, just having an extra hidden field from the start isn't any better.,b) Use an alternative Javascript solution which allows me to retain my non-Javascript design. For example, is there an alternative to form.submit() which allows me to pass in extra data?,c) Suck it up and just insert a hidden field using Javascript.,UPDATE:
I've accepted the correct answer but I just wanted to clarify my mistake here so it would be more helpful for others. I use Mootools and I very naively believed that when I used addEvent('submit' ...) I needed to immediately call event.stop() in order to prevent the from from being submitted. Actually this is not the case and I can just call event.stop() only if validation fails. Otherwise, the default submit gets fired, as usual, and using form.submit() becomes completely unnecessary.","You could send the forms to different handlers with , and ,.,Are they processed using a bunch of the same code? Put that into separate files, include the commonalities, and write the unique bits in each of the handling files. Don't hack, organize.,For Javascript validation, don't halt the default action then resume, instead do this:,That way if JS is turned off or the validation fails, the form action/event is intact and it behaves as expected, otherwise it bonks. And certainly, certainly retain server-side validation. That's the ""real"" validation, the client-side is only to please the user and save them time. Never rely on it for YOUR sake.",4k,8,no,"SA2.1, SA2.2, SB1",6,Coding,Interfacing,Interfacing choice,,function choice,,2010-04-18 18:41:53Z,"2010-04-18 18:41:53Z,2010-04-18 18:43:32Z","266,342,926,634,382,000,000"
https://stackoverflow.com/questions/2692873/quote-posix-shell-special-characters-in-python-output,Accepted,2010-04-22 17:01:16Z,2010-04-22 17:18:34Z,tzot,"82,514",2,"python,shell,posix,escaping,special-characters",Quote POSIX shell special characters in Python output,"There are times that I automagically create small shell scripts from Python, and I want to make sure that the filename arguments do not contain non-escaped special characters. I've rolled my own solution, that I will provide as an answer, but I am almost certain I've seen such a function lost somewhere in the standard library. By ?????lost????? I mean I didn't find it in an obvious module like ,, , or ,.,Do you know of such a function in the stdlib? If yes, where is it?,Even a negative (but definite and correct :) answer will be accepted.",":,Although note that it's arguably got a bug where a zero-length arg will return nothing:,Probably it would be better if it returned ,.",3k,6,no,"SA2.1, SA2.2, SB1",6,Coding,Data handling,Data format/compatibility,,string format,,2010-04-22 17:18:34Z,"2010-04-22 17:18:34Z,2010-04-22 17:05:58Z","269,287,326,929,802,000,000"
https://stackoverflow.com/questions/2753056/jquery-get-only-passing-first-two-data-parameters-in-url,Accepted,2010-05-02 09:54:17Z,2010-05-02 10:35:17Z,The.Anti.9,"39,274",2,"php,javascript,jquery,ajax",JQuery .get() only passing first two data parameters in url,"I have a $.get() call to a PHP page that takes 4 GET parameters. For some reason, despite giving the $.get() call all 4, it only passes the first two. When I look at the dev console in chrome, it shows the URL that gets called, and it only passes action and dbname. Heres the code:,and heres the URL that I see in the developer console:,** EDIT **
I have been informed that I need to encode the URL that I am trying to pass through the header. How would I go about encoding it in javascript, and decoding it in php?","Are you sure that the , and , variables are defined? A simple , before the $.get() will be enough to check.,In regards to your edit, you can encode strings in JavaScript with the , function. And decode it back again in the PHP with ,. They both take one string argument.",784,8,yes,"SA2.1, SB1",3,Coding,Interfacing,Invocation mechanism,Implicit interfacing,"post/get, jquery",,2010-05-02 10:35:17Z,"2010-05-02 10:35:17Z,2010-05-02 10:31:39Z","275,305,627,531,552,000,000"
https://stackoverflow.com/questions/2774074/best-practice-user-generated-html-cleaning,Accepted,2010-05-05 14:26:22Z,2010-05-05 15:45:13Z,Martin,"4,947",4,"php,javascript,html,wysiwyg,xss",Best Practice: User generated HTML cleaning,"I'm coding a WYSIWYG editor width designMode=""on"" on a iframe. The editor works fine and i store the code as is in the database. ,Before outputing the html i need to ""clean"" with php on the server-side to avoid cross-site-scripting and other scary things. Is there some sort of best practice on how to do this? What tags can be dangerous? ,UPDATE: Typo fixed, it's What You See Is What You Get. nothing new :)","The best practice is to allow only certain things you know aren't dangerous, and remove/escape all the rest. See the paper , for a discussion on this (the library is for Java, but the principles apply for any language).",878,6,no,"SA1, SA2.1, SB1, SB2",5,Coding,Security,,,HTTPRequest,,2010-05-05 14:32:47Z,"2010-05-05 14:32:47Z,2010-05-05 14:33:05Z,2010-05-05 15:45:13Z,2010-05-05 14:32:48Z","27,740,742,774,131,200,000,000,000,000,000,000"
https://stackoverflow.com/questions/2842079/how-can-i-pass-a-javascript-function-to-a-java-method-to-act-as-a-callback-rhin,Accepted,2010-05-15 23:24:43Z,2013-09-10 12:54:31Z,sproketboy,"8,076",4,"java,javascript,rhino",How can I pass a javaScript function to a Java Method to act as a callback (Rhino),"Basically I'm trying to pass a javaScript function to a Java method to act as a callback to the script.,I can do it - sort of - but the object I receive is a sun.org.mozilla.javascript.internal.InterpretedFunction and I don't see a way to invoke it.,Any ideas? ,Here's what I have so far:",Implement an interface:,9k,10,yes,"SA2.1, SA2.2, SB1",10,Coding,Interfacing,Invocation mechanism,Explicit interfacing,transfer function,,2010-05-16 08:52:22Z,"2010-05-16 08:52:22Z,2010-05-15 23:41:15Z,2010-10-20 19:09:35Z,2013-09-08 22:10:01Z","284,207,928,431,022,000,000,000,000,000,000,000"
https://stackoverflow.com/questions/2853725/whats-the-best-way-to-debug-ajax-to-php-calls,Accepted,2010-05-17 23:46:04Z,2010-05-18 01:32:55Z,Howard Zoopaloopa,"3,634",5,"php,javascript,ajax",What's the best way to debug AJAX to PHP calls?,"I'm having a miserable time debugging one small function on my new project. ,Essentially I'm having a user log out via an AJAX call to my log out script on my server called ""userfFunctions.php"" I'm using AJAX so that I don't have the headache of writing more regex to match my mod_rewrites. Anyway, every so often, it seems as though my Post data just flat out dies and since the PHP is running behind the scenes, I feel like I have no way of finding out where the data flow is being disrupted. BTW This function works 19 hrs of the day.,Here is the javascript function:,the php side:,here is my awesome response:",":,Here is a minimalistic implementation I wrote:,I wrote it so that it only works on localhost (for security reasons), but you can easily change that by replacing the following code:,With:",11k,12,yes,"SA1, SA2.1, SA2.2, SB1, SB2",9,Testing/Debugging,Interfacing,Invocation mechanism,Implicit interfacing,ajax,,2010-05-18 00:24:34Z,"2010-05-18 00:24:34Z,2010-05-17 23:50:08Z,2010-05-17 23:51:33Z,2010-05-18 00:06:32Z,2010-05-18 00:17:12Z","285,372,528,538,882,000,000,000,000,000,000,000,000,000"
https://stackoverflow.com/questions/2874603/is-it-possible-to-embed-c-code-in-a-c-sharp-project,Accepted,2010-05-20 14:24:05Z,2015-05-29 16:41:32Z,Jonathan,"23,777",4,"c#,c,visual-studio-2008,embed",Is it possible to embed C code in a C# project?,"I know that it's possible to compile my C code into a dll, and then use P/Invoke to call that code.,What I wondered if it was possible to have a chunk of C code embedded directly in my code, perhaps only available to one class...,Something like this (non-working) example:,I've been trying for a few hours using Visual Studio 2008, but I'm not getting anywhere, and I suspect that it isn't actually possible. Can anyone confirm or deny this?,Thanks.","It is possible to create a mixed-mode assembly (that is, one that has both managed and native code), but only the C++/CLI compiler can produce one of these. What you're looking to do is not supported by the C# compiler.",11k,8,yes,"SA2.1, SB1",8,Coding,Interfacing,Interfacing choice,,method choice,,2010-05-20 14:28:55Z,"2010-05-20 14:28:55Z,2010-05-20 14:27:59Z,2010-05-20 14:36:09Z,2010-05-20 14:29:36Z","28,746,032,874,654,200,000,000,000,000,000,000"
https://stackoverflow.com/questions/2885822/which-logging-library-to-use-for-cross-language-java-c-python-system,Accepted,2010-05-21 21:49:06Z,2010-05-28 04:00:36Z,recipriversexclusion,"9,870",3,"java,c++,python,logging","Which logging library to use for cross-language (Java, C++, Python) system","I have a system where a central Java controller launches analysis processes, which may be written in C++, Java, or Python (mostly they are C++). All these processes currently run on the same server. What are you suggestions to,Thanks!","Apache has ,, which allow you to log from various programming languages using similar APIs. Unfortunately they don't have a Python API, though you should be able to whip one up with log4cpp and Boost.Python.,A project I work on uses one of these libraries to log to a database, which allows us ""distributed logging"" with a centralized place for the log messages. I have to admit I'm not a fan of this. Another project I work on uses one of these libraries to log to the native logging facility. The Windows Event Log has some features for distributed logging, but AFAIK syslog does not.,Although I don't have any experience with it, a better fit may be , project. The feature set meets your requirements, including a Python API. Unfortunately it uses Thrift which doesn't work for C++ on Windows (that is, the Thrift compiler generates C++ code that only works on UNIX). You may be able to get around this problem using Cygwin, but I can't promise that approach will work.",3k,11,no,"SA1, SA2.1, SB1, SB2",5,DEM,Build,,,cross-language log,,2010-05-22 00:31:09Z,"2010-05-21 21:55:27Z,2010-05-22 00:31:09Z,2010-05-28 04:00:36Z","2,885,822,288,585,720,000,000,000,000"
https://stackoverflow.com/questions/2941960/a-call-to-pinvoke-function-has-unbalanced-the-stack,Accepted,2010-05-31 07:19:12Z,2016-10-20 15:18:40Z,Sanctus2099,"1,619",5,"c#,c++,pinvoke,unmanaged,managed",A call to PInvoke function '[?????]' has unbalanced the stack,"I'm getting this weird error on some stuff I've been using for quite a while. It may be a new thing in Visual Studio 2010 but I'm not sure.,
I'm trying to call a unamanged function written in C++ from C#.,
From what I've read on the internet and the error message itself it's got something to do with the fact that the signature in my C# file is not the same as the one from C++ but I really can't see it.,
First of all this is my unamanged function below: ,And here is my function in C#: ,When I debug into C++ I see all arguments just fine so thus I can only think it's got something to do with transforming from TEngine (which is a pointer to a class named CEngine) to IntPtr. I've used this before in VS2008 with no problem.",Maybe the problem lies in the calling convention. Are you sure the unmanaged function was compiled as stdcall and not something else ( i would guess fastcall ) ?,44k,48,yes,"SA2.1, SB1",23,Coding,Build,,,comfiguration,,2010-05-31 07:23:29Z,"2011-02-08 17:53:25Z,2011-07-20 20:37:52Z,2010-05-31 07:23:29Z,2014-05-07 05:51:29Z,2010-11-11 09:37:36Z","2,941,960,493,650,160,000,000,000,000,000,000,000,000,000"
https://stackoverflow.com/questions/3074614/how-do-you-fight-against-all-these-ways-javascript-and-its-million-different-w,Accepted,2010-06-19 06:34:48Z,2010-06-19 07:37:28Z,chobo2,"76,244",2,"c#,javascript,asp.net-mvc,security",How do you fight against all these ways? -Javascript and its million different ways you can write it,"I just don't know what to think anymore. It seems like the people who made javascript went out of their way to allow it to be written a million different ways so hackers can have a field day.,I finally got my white list up by using html agility pack. It should remove ,As it is not in my white list plus any onclick,onmouse and etc.,However now it seems you can write javascript in the attribute tags.,and since I allow SRC attributes my white list can't help me on this. So I came up with the idea to go through all valid attributes at the end and look inside them.,So it would find all my allowed attributes for every html tag( so src,href and etc).,I then found the innertext and put it to lowercase. I then did a index check on this string for ""javascript"".,If an index was found I started at that index and removed every character from that index on. So in the above case the attribute would be left with Src="""".,now it seems that is not good enough since you can do something like,java script 
jav ascript,and probably a space between every letter.,So I don't know how to stop it. If it was just a space between java and script then I could just write a simple regex that did not care how many spaces between. But if it is really that you can put a space or tab or whatever after each letter then I have no clue.,Then to top it off you can do all these other great ways too,I know this is for some cross scripting attack( I am not making an XSS asp.net mvc does a good job of this already) but I don't see why it can't be use for other things like like in all those examples it makes alerts so it could be used for something else.,So I have no clue how to check and remove any of these.,I am using C# but I don't know how to stop any of these and don't know of anything in C# that could help me out.","Seems you want to clean out javascript, and for that there is in fact a nice solution for you in C#/.Net.,Download , from CodePlex.,If you run your html fragment thru , then you will end up with this output:,All script cleaned out.",268,8,yes,"SA1, SA2.1, SA2.2, SB1, SB2",7,Coding,Security,,,HTTPRequest,,2010-06-19 07:23:31Z,"2010-06-19 07:23:31Z,2010-06-19 07:03:21Z","307,461,430,747,303,000,000"
https://stackoverflow.com/questions/3124636/detect-ajax-calling-url,Accepted,2010-06-26 16:39:06Z,2010-07-16 16:53:51Z,Origamiguy,"1,254",4,"php,javascript,html,ajax",Detect Ajax calling URL,"I have an HTML document, which loads content from a PHP file using an AJAX call. The important bit of my code is below:,Is it possible for the file at 'content.php' to detect that it has been called from 'default.html', or a different calling document as necessary?",Most well-known Ajax frameworks like jQuery and mooTools add a specific header which you can check with PHP:,5k,9,yes,"SA2.1, SA2.2, SB1",13,Coding,Interfacing,Invocation mechanism,Implicit interfacing,ajax,,2010-06-26 20:16:15Z,"2010-06-26 20:16:15Z,2010-06-26 18:10:35Z,2010-06-26 16:43:56Z,2010-06-26 16:44:30Z","31,246,363,125,365,300,000,000,000,000,000,000"
https://stackoverflow.com/questions/3128709/adding-facebook-connect-to-a-codeigniter-website,Accepted,2010-06-27 20:02:07Z,2011-12-29 10:37:20Z,Joseph Mansfield,"101,612",5,"php,javascript,codeigniter,facebook",Adding Facebook Connect to a CodeIgniter website,"I'm having problems trying to connect my website to Facebook. What I would like it to do is allow users to augment their accounts by connecting them to Facebook (I do not need people to be able to login with Facebook, I am using OpenID instead). My website runs in the CodeIgniter framework.,What I will do is remove everything that I've tried and walk you through my steps up until it stops working.,First I add a reference to the FBML spec to my , tag:,Then, after my , tag, I add:,now here comes the first problem I had ,. The problem was that the docs for the JavaScript SDK say that the , method , as a parameter, but this turned out to be incorrect. I needed to pass my apiKey instead. So this is the code that I ended up with, that goes before my , tag:,now I can add XFBML entities to my pages, such as , which works just as expected. I click it and it pops up a box asking if I want to allow my website to access my Facebook profile. I say yes, and then if I check my Application Settings in Facebook, I can see that my website has been added.,So this step works fine.,Okay, so now I need to add the PHP library. So a quick google search for 'codeigniter facebook library' reveals ,. I download the files, put them all in the right places then get to work on loading the library.,now the current problem occurs. I add the following code (taken from the example given with the library) to my controller constructor so that it happens on every page:,But if I do , I get nothing. Ever. Whether I'm logged into facebook, logged out, logged in and added my site to my profile, etc. etc. etc. The user and user_id are never set. I don't get any errors though.,As far as I'm aware, the values are supposed to be set so that I know whether the person browsing my site is logged into their facebook account. If they are, I can see if they've allowed my application. If they've allowed it, I can let them disconnect from my site, if not, I can let them connect. But I can't do anything if these variables aren't populated.,I've tried poking around inside the source of the library, but I really can't get my head around it. And I'm hoping that the actual solution for this won't involve hacking the library apart. I'd expect a CodeIgniter specific library to work.,Any ideas?,Thanks a lot. :)","Try , by Danny Tran hosted on Github. Works wonders and is fairly easy to get set-up.",8k,12,yes,"SA1, SA2.1, SB1, SB2",2,Coding,Data handling,Interoperability,,HTTPRequest,,2010-06-28 21:04:34Z,"2010-06-28 21:04:34Z,2010-07-12 00:38:23Z,2011-12-29 10:37:20Z,2010-07-07 07:07:10Z,2010-07-08 14:24:22Z","312,870,931,361,193,000,000,000,000,000,000,000,000,000"
https://stackoverflow.com/questions/3146017/how-do-i-share-a-constant-between-c-sharp-and-c-code,Accepted,2010-06-30 02:02:28Z,2017-01-25 17:19:40Z,dlanod,"7,825",5,"c#,c++,idl,maintainability",How do I share a constant between C# and C++ code?,"I'm writing two processes using C# and WCF for one and C++ and WWSAPI for the second. I want to be able to define the address being used for communication between the two in a single place and have both C# and C++ use it. Is this possible?,The closest I've come is defining the constant in an IDL, then using MIDL and TLBIMP to get it into a DLL that can be consumed by C#. However this doesn't seem to expose the constant, or at least I can't figure out how to make it do so. Maybe it is limited to type definitions only.,Any other suggestions?","C# and C++ have differing models for constants. Typically, the constant won't even be emitted in the resulting C++ binary -- it's automatically replaced where it is needed most of the time.,Rather than using the constant, make a function which returns the constant, which you can P/Invoke from C#.,Thus,,becomes,which you should be able to P/Invoke from C#.",6k,9,no,"SA1, SA2.1, SB1, SB2",6,Coding,Interfacing,Interfacing choice,,method choice,,2010-06-30 02:08:31Z,"2011-05-24 07:59:37Z,2010-06-30 02:08:31Z,2017-01-25 17:19:40Z,2010-06-30 02:29:48Z,2010-06-30 02:14:27Z","3,146,017,610,737,330,000,000,000,000,000,000,000,000,000"
https://stackoverflow.com/questions/3121367/php-script-malicious-javascript-code-at-the-end,Accepted,2010-06-25 20:52:28Z,2019-07-31 03:03:50Z,caw,"29,459",10,"php,javascript,security,virus",PHP script: malicious JavaScript code at the end,"On my webspace there are PHP files which all end with this:,Before this line, there is also HTML code in the files.,The output in the browser ends with this, of course:,But yesterday, there was some malicious code at the end, suddenly. The output of my index.php was:,I opened the file on my webspace (downloaded via FTP) and I saw that someone had put this code right into the file!,The only ways I can imagine:,Users reported a blue panel popping up in Firefox. It asked them to install a plugin. now some of them have Exploit.Java.CVE-2010-0886.a on their PC.,Is this due to the malicious code? What did the code do exactly?,Please help me, I'm really desperate.,Maybe one additional question, if you know how I could have got it: How could I prevent something like this in the future?,I've found a file called ""x76x09.php"" in the root directory of my webspace. It has a filesize of 44.281 bytes. I've downloaded it and tried to open it. But my antivirus software said it's a trojan (Trojan.Script.224490). I think this file has been executed and added the malicious code to the ""index.php"" in every directory. Does this help? How could the trojan come to my webspace? Is this a well-known virus?,My hoster says he can now be sure that the file wasn't uploaded via FTP. So the infection didn't happen via FTP. According to my hoster, it must be insecure scripts.,Security holes according to PHPSecInfo:,I've analyzed the file which had been executed on my webserver. ,.,So this virus seems to be known as:,Could some of them cause the malicious file on my webspace which added the malicious code?","I don't think that the problem is that you are using a shared host because I have found six others (,, ,, ,, ,, ,, and ,) whose websites had the same script added. Also, it is doubtful that any of your files would be writable by others because files that are uploaded over FTP are subject to the file creation mode bits mask.,My best guess is that someone is cracking websites using either known exploits or exploits against common weaknesses, and that this person is identifying likely targets with ,. degmsb's Wordpress website and Benvolio's Burning Board Lite website were likely cracked via known exploits (possibly known exploits of plugins to these software bases such as TinyMCE), and your website, since you wrote it yourself, was likely cracked via an exploit against a common website weakness.,Given that you allow file uploads (one of your PHP scripts accepts & saves files that are uploaded by your users), I would consider ,. A CWE-434 exploit works like this: suppose you allow users to upload avatar images or pictures. The script to which uploaded images are POSTed might save the file to , using the same filename that the user supplied. now imagine that someone uploads , (or ,, ,, etc.). Your script will dutifully save this upload to , and all that the cracker needs to do to have the server run this script is browse to ,. Even if the file is named ,, some web servers will execute the file.,Another possibility is that the filename of the upload that PHP receives, ,, which is the , value in the , header that is sent, was constructed to something like ,. If your script saved the newly-uploaded file to ,, or , on a non-Windows host (,), and there was some way for the user to cause one of your PHP scripts to , or , any script in the , directory (say ,), then the cracker would be able to execute arbitrary PHP., It , , is some sort of unrestricted directory browser and file uploader. If a user manages to get this uploaded to your server, then they can basically do anything that you can do with your FTP access. , Look for copies of , (the part ,). , Googling parts of the PHP script, I have found several webpages where this source is listed verbatim, and all of these pages have something to do with file uploading functionality for the respective websites. It therefore seems very likely that the hacker of your website used a CWE-434 exploit.",4k,19,yes,"SA1, SA2.1, SB1, SB2",17,DEM,Security,,,post/Met,,2010-07-02 15:20:43Z,"2010-07-02 15:20:43Z,2010-06-25 20:58:06Z,2010-06-25 20:55:49Z,2010-07-03 16:17:00Z,2010-06-30 23:01:04Z,2010-06-25 20:57:14Z,2010-07-01 04:11:47Z,2010-07-03 16:38:55Z,2010-06-25 21:01:51Z,2010-06-30 23:07:48Z","31,213,673,167,018,300,000,000,000,000,000,000,000,000,000,000,000,000,000,000,000,000,000,000,000,000"
https://stackoverflow.com/questions/3259967/sending-displaying-a-base64-encoded-image,Accepted,2010-07-15 20:52:02Z,2017-10-12 09:24:50Z,jAndy,"215,134",4,"php,javascript,jquery,base64",Sending/Displaying a base64 encoded Image,"I need to send a , encoded string to a client. Therefore, I'm opening and reading an image file on the server, encode it and send that data along with the , content-type to the browser. 
,, I'm calling:,That does not work for some reason. , always fires. Watching the FireBug , for instance, tells me that I'm receiving the correct header information and a correct value of transfered bytes.,If I send that data as , it works, the , string is shown in the browser (if I call the script directly). Copying and pasting that output into the , of a , element shows the image as expected.,What am I doing wrong here?,Thanks , for pointing me on my mistake. You don't need (you can't!) encode that binary image data as base64 string in that kind of approach. Without base64 encoding, it just works.","In this case, there is no reason to base64 encode the image data in the first place. What you want to emit is plain old image data.,Just pass through the JPEG image as-is.,The only way this would make sense to me is if you grabbed the output of , via an AJAX call, and put the result into the , property directly. That should work (although not in IE < 8, but I'm sure you know that). But if you can call , directly as the image's source, I don't see the need for this.",66k,20,yes,"SA2.1, SA2.2, SB1",3,Coding,Data handling,Data format/compatibility,,"not highest answer, pass data",,2010-07-15 20:57:54Z,"2010-07-15 21:00:47Z,2012-01-14 04:26:34Z,2010-07-15 20:57:54Z,2017-10-12 09:24:50Z","325,996,732,600,448,000,000,000,000,000,000,000"
https://stackoverflow.com/questions/3260259/output-jstl-escaped,Accepted,2010-07-15 21:33:35Z,2016-06-04 03:54:18Z,UpHelix,"4,746",2,"java,javascript,jstl,escaping",Output JSTL escaped? [duplicate],"I am retrieving a value from our DB using JSTL. I am inserting it right into some javascript to use it as a variable. I need the output of the value the JSTL is holding to be escaped because if there are single or double quotes it breaks my script. The value is user specified.,Example:,Doing the following:,Would actually end up looking like:,So I need to convert the JSTL var to be escaped like ""Dale%27s Truck"" before is gets to the JS because its already too late when it gets to my JS to be able to do it in JS.","Try using ,:,or you can escape the single quote with a backslash:,or if you don't even want to do all that and you are sure that the string won't contain double quotes, why not do:,But if the string has double quotes, you will still need to escape them:",15k,10,yes,"SA1, SA2.1, SA2.2, SB1, SB2",12,Coding,Data handling,Data format/compatibility,,string format,,2010-07-15 21:37:18Z,"2010-07-15 21:37:18Z,2016-06-04 03:54:18Z","3,260,259,326,028,630,000,000"
https://stackoverflow.com/questions/3333182/speeding-up-ajax-requests-can-gzip-compression-be-applied,Accepted,2010-07-26 08:08:49Z,2021-01-18 01:53:29Z,Ali,"7,078",1,"php,javascript,ajax,json,compression",speeding up ajax requests - can gzip compression be applied?,"I want to speed up my ajax requests, I'm returning large amounts of information from the requests and was wondering if any sort of compression could be applied here to speed things up a bit.,My ajax requests typically all send in JSON encoded objects such as objects and arrays which contain html elements and other stuff at times. My server sided code is php and I'm using the sajax library. Any ideas to speed things up would be greatly appreciated.","yes, just enable the , config in you ,. If the client sends the , header containing ,, then the output is automatically gzipped and sent to the client.,Another option is to do it by manually calling the , function.",6k,6,no,"SA1, SA2.1, SB1, SB2",6,Coding,Efficiency/Performance,,,applied erupr,,2010-07-26 08:33:46Z,2010-07-26 08:33:46Z,"33,331,823,333,309"
https://stackoverflow.com/questions/3397513/how-do-i-access-return-value-of-a-java-method-returning-java-lang-string-from-c,Accepted,2010-08-03 14:30:16Z,2020-03-15 04:09:39Z,Juan Macek,260,4,"java,c++,java-native-interface",How do I access return value of a Java method returning java.lang.String from C++ in JNI?,"I am trying to pass back a string from a Java method called from C++. I am not able to find out what JNI function should I call to access the method and be returned a jstring value. ,My code follows:, (from ""javap -s Class"")","You should have ,Then you need to invoke the constructor to get a new object:,You are getting static method (even though the method name is wrong). But you need to get the instance method since getString() is not static.,now invoke the method:",16k,6,yes,"SA2.1, SA2.2, SB1",10,Coding,Interfacing,Invocation mechanism,Explicit interfacing,JNI call,,2010-08-03 15:05:35Z,"2010-08-03 15:05:35Z,2016-12-06 11:56:04Z,2010-08-03 14:59:41Z,2013-02-21 19:00:33Z","3,397,513,339,785,440,000,000,000,000,000,000,000"
https://stackoverflow.com/questions/3400381/calling-a-python-script-from-command-line-without-typing-python-first,Accepted,2010-08-03 20:08:34Z,2021-06-23 16:34:34Z,Narcolapser,"5,107",6,"python,linux,shell,command-line",Calling a python script from command line without typing ?????python????? first,"Question: In command line, how do I call a python script without having to type , in front of the script's name? Is this even possible?,Info:,I wrote a handy script for accessing sqlite databases from command line, but I kind of don't like having to type ""python SQLsap args"" and would rather just type ""SQLsap args"". I don't know if this is even possible, but it would be good to know if it is. For more than just this program.","You can prepend a shebang on the first line of the script: ,This will tell your current shell which command to feed the script into.",14k,10,no,"SA2.1, SA2.2, SB1",30,Coding,Build,,,shell config,,2010-08-03 20:10:07Z,"2010-08-03 20:10:07Z,2010-08-03 20:10:38Z,2010-08-03 20:11:04Z,2010-08-03 21:04:42Z,2015-10-05 15:58:13Z,2014-09-28 04:25:41Z","340,038,134,003,993,000,000,000,000,000,000,000,000,000,000,000,000"
https://stackoverflow.com/questions/1496731/how-do-i-remove-unnecessary-resources-from-my-project,Accepted,2009-09-30 08:10:42Z,2014-05-05 21:14:31Z,Pratik Deoghare,"30,903",10,"c#,c++,visual-studio,resources",How do I remove unnecessary resources from my project?,"I am working with a very big project (a solution that contains 16 projects and each project contains about 100 files). ,It is written in C++/C# with Visual Studio 2005. ,
One of the projects has around 2000 resources out of which only 400 are actually used.,
,I tried to accomplish the task by searching for used ones.,
It worked and I was able to build the solution, but it broke at runtime.,I guess because ,s are used. (,),
I think one method could be to generate the resource (that is not found) on the fly at runtime (somehow).
,But I have no idea about ... ,.","What I would do is write a custom tool to search your source code.,If you remove a resource ID from a header file (i.e. possibly called resource.h) and then recompile and get no warnings: then that's a good thing.,Here is how I would go about writing the app. Take as input the resource file (resource.h) you want to scrutinize. Open the header file (*.h) and parse all the resource constants (Or at least the onces you are interested in). Store those in a hash table for quick look up later.
For each code file in your project, search the text for instances of each of your resource ID's. When a resource ID is used, increment the value in the hash table otherwise leave it at zero.
At the end, dump all the resource ID's that are zero out a log file or something. Then test that indeed you can remove those specified resource ID's safely. Once you do that, then write another tool that removes the specified resource ID's given the results of your log file.,You could write such a tool in perl and it would execute in about 0.3 seconds: But would take days to debug. :)
Or you could write this in .NET, and it would execute a little slower, but would take you an hour to debug. :)",14k,17,no,"SA2.1, SB1",5,DEM,Build,,,del resource from proj,sup tool,2010-08-05 06:26:52Z,"2010-08-05 06:26:52Z,2009-09-30 08:36:39Z,2009-09-30 17:24:55Z,2009-10-01 22:50:28Z,2009-10-03 08:27:59Z,2009-10-02 21:26:37Z,2014-05-05 21:14:31Z,2009-09-30 08:16:06Z,2009-10-01 20:32:23Z,2009-10-03 17:57:38Z","149,673,134,122,491,000,000,000,000,000,000,000,000,000,000,000,000,000,000,000,000,000,000,000,000,000"
https://stackoverflow.com/questions/3431950/rijndael-256-encrypt-decrypt-between-c-sharp-and-php,Accepted,2010-08-07 20:34:55Z,2011-09-09 10:15:37Z,arbme,"4,551",2,"c#,php,encryption,mcrypt,rijndael",Rijndael 256 Encrypt/decrypt between c# and php?,"I have made the changes to the C# code so it uses a block size of 256. but now the hello world looks like this , and I cant figure out what I should use with rtrim() to get ride of the mess at the end.,Also when you say the IV should be random, by this do you mean don't use the same IV more then once or is the way I have coded it wrong?,Thanks again!,Hi,,I'm trying to decrypt a string with PHP that was encrypted in C#. I can't seem to get PHP to decrypt it using mcrypt and could do with some help please. I get the following error with php so I am guessing I'm not setting the IV correctly.,Both functions use the same cipher, key, IV and set to CBC mode:,encrypted text from c# = UmzUCnAzThH0nMkIuMisqg==,
key 32 long = qwertyuiopasdfghjklzxcvbnmqwerty ,
iv 16 long = 1234567890123456,C#,PHP,Thanks","If you want to use Rijndael256 in your C# application you have to set the BlockSize to 256.,And then your iv has to be 256 bits long as well.,
see ,Or the other way round: Currently your C# application uses Rijndael128 and so must your php script. ,prints",32k,9,yes,"SA1, SA2.1, SA2.2, SB1, SB2",9,Coding,Data handling,Data format/compatibility,,encrypt and decrypt,,2010-08-07 21:01:24Z,"2010-08-07 21:01:24Z,2011-09-09 10:15:37Z","343,195,034,320,247,000,000"
https://stackoverflow.com/questions/3456345/gwt-how-to-return-and-handle-an-error-from-multipart-form-file-upload,Accepted,2010-08-11 07:50:49Z,2019-08-05 19:09:22Z,Julian Popov,"17,027",1,"java,javascript,gwt,servlets,file-upload",GWT: How to return (and handle) an error from multipart form (file) upload,"I have and , which post a file to my servlet. When error condition is happening in servlet I return an error. When everything is OK I return an JSON string.,The problem is that I cant find a way to handle this in client side. This is the event that is fired when post goes OK and when error code is returned. But I can't find how to find is it OK or NOT? And how can I get an error message from Exception in client code?,","Currently, there doesn't seem to be a suitable method available (like ,'s ,). You have to do with the error documents your server returns to you in ,. You can make this task easier by setting custom error documents on your server (which you should either way for your production server) that are easier to parse/handle.,Related threads on GWT's Google Group: , and ,.",5k,14,yes,"SA1, SA2.1, SB1, SB2",7,Testing/Debugging,Error/Exception handling,,,to,,2010-08-11 12:36:38Z,2010-08-11 12:36:38Z,"34,563,453,458,251"
https://stackoverflow.com/questions/3476762/java-hangs-even-though-scripts-execution-is-completed,Accepted,2010-08-13 12:28:34Z,2010-08-16 01:05:44Z,pavanlimo,"3,894",7,"java,shell,process,pid",Java hangs even though script's execution is completed,"I'm trying to execute a script from within my java code which looks like:,The execution of the script is over(it's pid is no more), but java is stuck on , method of the process!.
And yes, I'm reading output and error streams in 2 separate threads. yes, they are being joined at the end(after ,).,The script basically installs a few RPMs(like 10 or so) and configures them. So the script runs for a little over 60 seconds.,It looks similar to the following:,Shockingly enough, if I put the following line in the script(at the top), Java understands the script is over and it terminates the process perfectly.,For the record, the script doesn't generate any output. Zero chars!. So putting exec statement there makes no sense!,But still, magically enough, putting exec statement in the script makes java work!.
Why??,How can I avoid that illogical exec statement in the script?. ,If you are interested in what installer-script.sh looks like then:,now, why exec command in the first script is required for Java to know that the process is over?
How can I avoid that exec?, esp. since the first script doesn't produce any output.,Waiting for answers with bated breath!","My guess is that Java doesn't think the script is over until the pipes it passed to it via stdin/stdout/stderr are closed by the sub-process. That is, there are no more active reader processes on stdin, no more active writer processes on stdout/stderr.,When you're reading on a pipe, you don't receive an end-of-file indication until there are , that have the pipe open for output. So if a process forks and the new process inherits an open file handle, then the original process terminates, there's still a process with the file open, and a reader will still wait.,Similarly with a pipe you're writing, you won't receive a ""broken pipe"" signal until the last reader closes the pipe.,This problem generally arises when your script forks off background tasks (like newly-installed services) which inherit stdin/stdout/stderr.,By using exec, you're explicitly breaking the inheritance chain of these pipes so that the background processes don't use them.,If on Linux, check /proc/*/fd for any new services and see if their stdin/stdout/stderr is the same pipe that your java process passes to your script.,The same situation often happens when you run the /etc/init.d/xxx scripts: they complete normally when you run them from the command-line but seem to hang when you run them from some kind of monitor.,You say that the installer script contains the line:,The first term, 3>&1, clones stdout to file-descriptor 3 (see , in man bash). As far as I know, fd 3 has no special meaning. Then it replaces stdout by opening /var/log/another-log.log and replaces stderr by cloning stdout. See the Redirections section of the bash man page,This means the the new file-descriptor 3 is open for writing on the pipe that was originally passed in as STDOUT. Programs that expect to be system service daemons will often close file descriptors 0 (STDIN), 1 (STDOUT) and 2 (STDERR) but may not bother with any others. Also, now that the shell has opened FD-3 it will pass that open file to any command it executes, including background commands.,Do you know if there's any particular reason that the installer opens FD 3? My guess is that if you simply remove the ""3>&1"" term from the installer your problem will be solved. This will allow you to remove the exec from your script entirely",3k,7,yes,"SA1, SA2.1, SA2.2, SB1, SB2",7,Coding,Interfacing,Invocation mechanism,Explicit interfacing,thread,,2010-08-14 23:40:06Z,"2010-08-14 23:40:06Z,2010-08-14 23:30:02Z,2010-08-14 17:39:55Z,2010-08-14 17:49:49Z,2010-08-14 18:17:04Z,2010-08-15 21:25:06Z,2010-08-14 22:57:51Z","34,767,623,485,580,300,000,000,000,000,000,000,000,000,000,000,000,000,000"
https://stackoverflow.com/questions/3544240/conditional-ctypedef-with-cython,Accepted,2010-08-23 01:44:14Z,2016-02-16 04:12:26Z,aaronasterling,"62,376",2,"python,c,cython",conditional `ctypedef` with Cython,"I need access to the , typedef from , in some wrapper code that I'm writing and I can't figure out how to get it done. The problem is that from what I can tell from the docs, my , will have to take the form:,or,depending on if , from , is 64 or 32. I haven't been able to find out out how to get access to this preprocessor definition from Cython and if I could, Cython doesn't seem to like , statements in , statements and when I try to put an , statement in a , block, it seems to confuse it with a declaration. Any ideas? Hopefully I'm just missing something really basic here.","Any , that's ,'d won't have a typedef generated in the .c file. Cython will include , and your C compiler will use the actual typedef from there.,The only thing that the type provided matters for is when cython generates code that automatically converts between C types and Python types. Using , means that Cython will use , and ,. This way, you hopefully won't get any truncation on conversion.",2k,9,yes,"SA2.1, SA2.2, SB1",11,Coding,Data handling,Interoperability,,HTTPRequest,,2010-08-23 02:47:02Z,"2010-08-23 02:47:02Z,2016-02-16 04:12:26Z","3,544,240,354,442,030,000,000"
https://stackoverflow.com/questions/3628601/how-fast-is-client-side-javascript-versus-server-side-java,Accepted,2010-09-02 15:23:45Z,2019-06-25 18:15:57Z,stevebot,"21,761",8,"java,javascript,client-side,server-side",How fast is client side javascript versus server side Java?,"I am wondering how fast client side Javascript is compared to server side Java in terms of raw computational power.,For instance, sorting. Should it all be done server side if possible? And how about iterating through a collection?","The answer is very complex and depends on each specific situation.,A server is generally going to be orders of magnitude more powerful than a client machine; and managed code is generally much faster than scripting., - the client machine also usually has a lot of spare computational power that isn't being used, while the server could be running requests for thousands of users. So in that case much of the work that can be offloaded to the client is preferable.,You must understand the needs and expectations of your users for each individual piece of functionality in your application and look at the relative load versus development cost for your organization to split development between two environments and figure out what works best. For example, your users probably expect that your site does not freeze their browser or cause unfortunate ""this web page is eating your computer"" dialogs, so your client scripts should be written intelligently. That's not to say you can't do a , of work on the client (you can), you just have to be smart about how you do it and remember it blocks the UI thread.",6k,18,no,"SA2.1, SB1",20,Design,Language choice,,,,,2010-09-02 15:28:15Z,"2010-09-02 15:28:15Z,2010-09-02 15:33:24Z,2010-09-02 15:28:53Z,2010-09-02 15:28:25Z,2010-09-02 15:33:12Z,2010-09-02 15:34:30Z,2010-09-03 02:45:50Z,2019-06-25 18:14:22Z","3,628,601,362,863,330,000,000,000,000,000,000,000,000,000,000,000,000,000,000,000,000"
https://stackoverflow.com/questions/3632283/does-accesscontroller-doprivileged-give-javascript-threads-the-permissions-of-th,Accepted,2010-09-03 00:39:30Z,2011-02-09 15:34:26Z,Eddie,"51,619",2,"java,javascript,security,applet",Does AccessController.doPrivileged give JavaScript threads the permissions of the signed Applet?,"I'm looking at a signed Applet that is heavily called from JavaScript. Obviously, the threads that originate from JavaScript are more heavily sandboxed than any thread started directly from within Java. For example, if a JavaScript thread calls into the Applet and logs something that causes the log file to roll, a security exception is thrown. Any thread started directly within the Applet will not experience this security exception. The solution here with log4j is to use the asynchronous appender.,But with other security exceptions (for example making use of Apache Axis in the signed Applet but in a JavaScript thread) there is no obvious way to have some asynchronous thread. Let's say I have the following code that if called from a Java thread will work and if called via JavaScript will fail with a SecurityException:,I see three following options, but they may not all be valid. For the sake of this discussion, ignore whether or not the execution will be synchronous or asynchronous, as that's easily managed. I am having a difficult time understanding the details of the security model. Here are my three potential choices:,According to what I read of ,, you run with the intersection of the current security privs and the privs of the security domain of the code you're calling. This doesn't make sense to me, as if you're running with the , of a low and a high security domain, you'll just have the low security domain. So clearly I'm not understanding something.,The specific , I'm seeing is this one:,but of course I'm curious about the general case in the context of JavaScript calling into a signed Applet, and how I can allow a JavaScript-originated thread to run with the priv's of the signed Applet as if it were a thread that originated purely within the Applet.,Which choices above will even work, and which are better than others, and why.","Wont work because of reasons mentioned below,Will work of course, but that's more painful than calling ,, yet has the same effect semantically.,yes this will work.,Every access control check inspects the set of all stack frames on the stack of the current thread (including the stack frame leading up to the instantiation of the current thread, recursively). If there is a , frame, frames leading up to that frame are not included in the set (but the actual , frame , included).,If the privilege being checked is not in every single frame in that set, the check fails.,In other words, the current privileges of a thread are the intersection of privileges in this set.,So for example if privileged code ,s some unprivileged code which tries to open a file, the check will fail. Likewise if unprivileged code ,s privileged code that opens a file, the check will fail. But if unprivileged code invokes privileged code and the privileged code in turn calls , to open a file, the check will succeed.,In theory, you , be able to only grant your Java codebase the privileges it needs (perhaps access to some isolated directory), and then grant the , privileges to the JavaScript code that will use this privileged code, but I doubt any browser has such features. I'm surprised JavaScript even runs in another protection domain than Java.,I've never done JavaScript<->Java interop, but it seems no matter what you are going to have to make the methods that are invoked by JavaScript use , blocks on their entire body.,EDIT: As Sami said, be , when invoking , blocks within the privileged code (and read his answer).",6k,11,yes,"SA2.1, SB1",11,Coding,Security,,,,,2010-09-03 15:28:42Z,"2010-09-03 15:28:42Z,2010-09-03 02:07:59Z","363,228,336,372,343,000,000"
https://stackoverflow.com/questions/3752231/socket-no-route-to-host-error,Accepted,2010-09-20 14:07:37Z,2010-09-20 17:34:25Z,Vishesh Handa,"1,669",1,"python,c,sockets,routing",Socket 'no route to host' error,"I have a connection which is behind a restrictive firewall which only allows HTTP(S) access through a proxy (10.10.1.100:9401). The IP address I get is dynamic and the subnet mask is 255.255.255.255 (I know, weird!).,I tried to write a simple Python socket program to connect to the proxy in order to send some HTTP requests:,I get an exception (113, ""no route to host"") during the connect. now here is the weird part?????I can browse the web using these same proxy settings, and if check the currently connected sockets via , I see an ACTIVE connection to 10.10.1.100:9401. ,I tried a simple command like , and even that works! If I enable the debug option (,) in wget, I can even get the socket's file descriptor. ,I went through the wget source code, and from what I can see it too uses a normal connect statement and does not set any special socket options (I'll go through it more throughly later). I've tried the same code in C, and it too fails. ,The routing table provided via , is,Does anyone have any idea what might be wrong?,EDIT: Currently my IP is 10.16.82.250. And that is all that is there in the , output. If you're interested my external IP is 203.8.8.2. , -,EDIT 2 :
I landed up installing tcpdump and going through it's manual, and finally installing wireshark ( I'm on my N900 ) only to realize, from the packet dump, that I've been using the port 4901 instead of 9401 in both in C program and the python script! Doh! I blame the small screen and, well, myself. ,Is there any way to close this question with a ""I'm an idiot"" or something? :P
Sorry for taking up your time! ( I've spent over a week on this. I can't believe I went through most of ,'s source code! )","I am not sure what the issue is but try using ,. This will at least let you see what is going on at the network level. There should be enough info from the Wireshark packet logs to diagnose your problem.",16k,6,yes,"SA1, SA2.1, SB2",3,Testing/Debugging,Interfacing,Invocation mechanism,Implicit interfacing,socket,,2010-09-20 15:54:35Z,2010-09-20 15:54:35Z,"37,522,313,753,180"
https://stackoverflow.com/questions/3774108/python-vs-lua-for-embedded-scripting-text-processing-engine,Accepted,2010-09-22 22:30:44Z,2012-04-09 18:30:02Z,Wade Tandy,"3,846",4,"c++,python,scripting,lua,embedded-language",Python vs Lua for embedded scripting/text processing engine,"For a project I'm currently working on, I'm looking to embed a scripting engine into my C++ code to allow for some extensibility down the line. The application will require a fair amount of text processing and the use of regular expressions within these scripts.,I know Lua is generally the industry darling when it comes to embedded scripting, but I also know it doesn't support regular expressions (at least out of the box). This is causing me to lean toward python for my language to embed, as it seems to have the best support behind Lua and still offers powerful regex capabilities.,Is this the right choice? Should I be looking at another language? Is there a reason I should give Lua a second look?","if you need specifically what is commonly known as 'regular expressions' (which aren't regular at all), then you have two choices:,if, on the other hand, you need any good pattern matching, you can stay with Lua and either:,As you can tell, i'm a big fan of the last. It not only lets you define very complex but deterministic patterns, it's a full grammar tool that you can use to create a whole parser. If you wish, the grammar can be described in a single multi-line string constant, with your own defined hooks to capture data and build your structures.,i've used it to quickly hack a JSON parser, a C call-tree, an xPath library, etc.",9k,16,no,"SA1, SA2.1, SB1, SB2",19,Coding,Language choice,,,engin er-lr,,2010-09-22 22:39:13Z,"2010-09-22 22:39:13Z,2010-09-22 22:54:05Z,2010-09-22 23:35:17Z,2010-09-22 22:38:24Z","37,741,083,774,150,300,000,000,000,000,000,000"
https://stackoverflow.com/questions/3776485/marshal-c-int-array-to-c-sharp,Accepted,2010-09-23 08:16:53Z,2020-03-25 20:56:27Z,Seth,"7,863",1,"c#,c++",Marshal C++ int array to C#,"I would like to marshal an array of ints from C++ to C#. I have an unmanaged C++ dll which contains:,with declaration in header ,I am then using pinvoke to marshal it into C#:,And I use the function like so:,However, during program execution I get the following error:","You need also to write Release function in unmanaged Dll, which deletes pointer created by fnwrapper_intarr. This function must accept IntPtr as parameter.",14k,12,yes,"SA2.1, SA2.2, SB1",21,Coding,Data handling,Data format/compatibility,,convert data,,2010-09-23 08:41:23Z,2010-09-23 08:41:23Z,"37,764,853,776,624"
https://stackoverflow.com/questions/3789881/create-and-call-python-function-from-string-via-c-api,Accepted,2010-09-24 18:28:05Z,2019-06-12 13:52:33Z,alanc10n,"4,554",3,"python,c,embed",Create and call python function from string via C API,"Is it possible to load a python function from a string and then call that function with arguments and get the return value?,I'm using the python C API to run python code from inside my C++ application. I'm able to load a module from a file using ,, get a function object from that using ,, and call the function with ,. What I'd like to do is to load the module/function from a string instead of a file. Is there some equivalent to , which would allow me to pass it a string instead of a file? I need to pass arguments to the function I'm calling and I need access to the return value, so I can't just use ,.,I found this solution after getting turned on to ,. I'm creating a new module, getting its dictionary object, passing that along in a call to , to define a function in my new module, then getting a function object for that newly created function and calling it via ,, passing my args. This is what I've found to solve my problem:
,Here's what I was doing originally:
,:,And ,:",in the Python C API is probably what you're looking for. See:,10k,14,yes,"SA1, SA2.1, SB1, SB2",7,Design,Interfacing,Interfacing choice,,function choice,,2010-09-24 19:38:59Z,"2010-09-24 19:38:59Z,2016-10-10 10:25:32Z,2019-06-12 13:43:26Z","378,988,137,904,013,000,000,000,000,000"
https://stackoverflow.com/questions/3819071/asp-net-scriptservice-deserialization-problem-with-derived-types,Accepted,2010-09-29 05:51:14Z,2018-11-23 12:59:54Z,josh3736,"125,919",2,"c#,javascript,ajax,json,scriptservice",ASP.NET ScriptService deserialization problem with derived types,"I have a , web method (.NET 3.5) which takes a single parameter of an abstract base type:,And:,Usually, when the method is called, , will be a , which contains , and/or , objects. I'm calling this service from jQuery; I'm not using the Microsoft client-side framework. Calls to other methods work fine., When I make the call, an exception is thrown before my method is even invoked. For example, if my call is:,...I get an ,:,If I drop the , member of the JSON object or change it to , (and remove the , modifier from ,), the exception goes away, but the resulting deserialized object is obviously kinda useless.,What am I missing?","Ah ha! Clicking around the related links on the right side of this question, I found , that helped me solve this problem.,The , attribute must be applied to the web service class:,Without these attributes, the deserializer doesn't know about my derived types.",6k,7,yes,"SA1, SA2.1, SA2.2, SB1, SB2",15,Coding,Build,,,data comfiguration,,2010-09-29 06:20:55Z,"2010-09-29 06:20:55Z,2018-11-23 12:44:03Z","3,819,071,381,920,750,000,000"
https://stackoverflow.com/questions/4058423/how-can-i-serve-a-dynamic-javascript-file-from-wicket,Accepted,2010-10-30 11:12:49Z,2010-10-31 00:31:03Z,Tom,"2,326",1,"java,javascript,wicket",How can I serve a dynamic JavaScript file from Wicket?,"I am building a site in Wicket. I need to serve a JavaScript file, ,, for other people/websites to read directly ????? that is, not to be included in one of my HTML pages., needs some dynamic contents based on the , that is provided to it during the request, so it needs to be a template that can be interpolated.,Is there a way for me to build and serve this JS file using Wicket?,If not, what is the best alternative solution? A JSP file?",": In my initial answer I overlooked the requirement to make this JavaScript file available from public URL. While researching for a way to to that, I realized that my whole approach was flawed. So, I move my original answer to the end and provide a more-to-the-point answer up here.,On order to publish a text resource on a public URL (JavaScript or CSS), you need to edit your , method in , by adding:,DISCLAIMER: This code is not written in IDE and never ran. As such, it might not even compile. Still, it should be enough to illustrate the way this could be accomplished.,This answer is based on "","" and "","", see those sources for more details., (useful if you want to add JavaScript or CSS as externally referenced file to your Wicket page, but not make it publicly visible):,Check out "","" page in Wicket wiki and , issue in JIRA. Since Wicket 1.4.10, the , class is now part of Wicket core, so you do not need to copy-paste it anymore.,The wiki page mentions CSS page, but the approach is the same for JavaScript or any other non-markup text content.",2k,6,yes,"SA1, SA2.1, SA2.2, SB1, SB2",5,Coding,Build,,,usage of 3rd lib,,2010-10-30 12:07:55Z,2010-10-30 12:07:55Z,"40,584,234,058,614"
https://stackoverflow.com/questions/4086817/l-prefix-for-strings-in-c,Accepted,2010-11-03 12:00:23Z,2010-11-06 10:55:47Z,Manjoor,"3,851",5,"c#,.net,c++,interop,marshalling",L prefix for strings in C++,"I have a static library. This library have the following function defined,The sample to call the function is ,WriteData return 0 on success and -1 on failure.,I am writing a dynamic DLL to export this function.,A C++ test application result,I have to call it from a c# application. I assume my DLL-Import signature would be:,My question is very simple How can i call it from .Net? 
As you can see i have control over ,but no control over ,Thanks everybody for their input. So far i am stuck on casting. I think my problem would be solved when i woul be able take input from user and write 2 line for casting in place of following line.","The L prefix makes the string a wchar_t string. 
You can use the Windows API function , to convert an ANSI string to a wchar_t string.",6k,7,yes,"SA2.1, SB1",7,Coding,Data handling,Data format/compatibility,,string format,,2010-11-03 12:02:54Z,"2010-11-03 12:02:54Z,2010-11-03 12:19:39Z,2010-11-03 15:15:43Z,2010-11-05 13:50:06Z,2010-11-03 12:04:50Z","408,681,740,868,384,000,000,000,000,000,000,000,000,000"
https://stackoverflow.com/questions/4107728/does-https-connection-disabled-jquery,Accepted,2010-11-05 16:07:22Z,2010-11-05 16:41:32Z,JM4,"6,426",2,"php,javascript,jquery,https",Does HTTPS connection disabled jQuery?,"I have the following php script which works flawlessly in normal circumstances (i.e. visiting the page directly):,HOWEVER - when I add the following piece to the top of the page, the javascript/jquery functions simply stop working altogether. ,These pages require login so I need to ensure they are https protected but this error messes all that up. Any ideas what could be causing the issue?","It's probably the browser not displaying insecure (http) content on https pages, there's a simple fix though, use a scheme relative URL, like this:,This way you'll get , on the , version of your page and , on the , version.",739,12,yes,"SA2.1, SA2.2, SB1",36,Coding,Embedding,,,HTTPRequest,,2010-11-05 16:11:45Z,"2010-11-05 16:11:45Z,2010-11-05 16:25:33Z","410,772,841,077,614,000,000"
https://stackoverflow.com/questions/4167233/how-do-i-pass-arrays-from-java-to-c-using-swig,Accepted,2010-11-12 17:12:44Z,2011-06-21 18:48:40Z,Jason,"10,385",4,"java,c++,swig",How do I pass arrays from Java to C++ using Swig?,"I have a method in C++ that takes an array of doubles as an argument. I'm calling this method from Java and need to pass an array of doubles. The C++ routine reads and modifies the values of the array and I need those updated values in Java. How do I do this?,For example, take the C++ routine:,And the Java code:,I guess a call to myMethod cannot be made like the call above... or can it? And what is necessary in Swig to make this work. If I cannot make a call like the one above, how do I get my values to the C++ code?","Use carrays.i!,See ,These two lines create the following code in my module:,Which allows me to use C arrays in Java... this solves my needs and is the best solution for my problem. Thanks everyone for your answers!",6k,10,yes,"SA1, SA2.1, SA2.2, SB1, SB2",8,Coding,Data handling,Interoperability,,two answer???data transfer,,2010-11-14 16:56:44Z,"2010-11-14 16:56:44Z,2010-11-12 19:34:20Z,2010-11-12 17:20:02Z,2010-11-12 17:23:55Z","41,672,334,178,543,400,000,000,000,000,000,000"
https://stackoverflow.com/questions/4259170/python-setup-script-extensions-how-do-you-include-a-h-file,Accepted,2010-11-23 17:55:00Z,2021-03-15 19:15:04Z,user411133,313,2,"python,c,installation,setup.py","Python setup script extensions, how do you include a .h file?","So I've got a directory that looks something like this:,Obviously the header file is necessary to compile the c files, but the problem is that I can't get the setup script to include the header file.,My extension object is something like this:,Which works, but doesn't include the header file. If I change it to:,It includes the '.h' file but then doesn't build when I run install. Instead it gives and error ,If I include the header file as a data file like this:,it doesn't work at all, the .h file doesn't even make it into the MANIFEST file.,So my queustion is, how do you include this extension with the header file so that , will build it correctly?","I have a feeling pyfunc is on track for a more standard solution, but I did find another solution on my own. I have no idea if this is a good solution or just a hack, but all I did is add the header file to the MANIFEST.in. The documentation doesn't really make it seem like this is what the MANIFEST.in file is for, but it does work. My MANIFEST.in file now looks like this:,Which includes the file and sucessfully compiles when I run",4k,11,Yes,"SA2.1, SA2.2, SB1",8,Coding,Build,,,confirguration problem,,2010-11-23 19:07:07Z,"2010-11-23 19:07:07Z,2010-11-23 18:31:46Z","425,917,042,597,804,000,000"
https://stackoverflow.com/questions/4276205/do-i-need-node-js-in-python-like-i-would-with-php,Accepted,2010-11-25 10:52:30Z,2018-06-23 15:07:04Z,skift,995,5,"php,python,twisted,node.js,nonblocking",Do i need node.js in Python like I would with PHP?,"I have been using PHP for some time now. And I have been thinking about learning node.js to go along with it to use the non blocking idea for creating an online game or app. There is quite a bit of info on using the two together. Using node as part of the back end of a game could really speed up some aspects of the game, especially if the game allows users to play against each other in real time. ,Well, lately I have also been looking into learning Python (yes I have a lot of time on my hands). There are many features about it over PHP which I really like. But for the use of node.js to do the background work like I was considering with PHP, I cannot find much information at all. I have also noticed that Python does have some threading features. As I am still very new to Python's world, would I even need node.js in Python? Can Python handle these kind of features that node.js can? Or would there still be benefits to using node, or would I actually , it.,As a side note, since I started looking up Python, I also discovered Twisted which seems to be another framework like node. But Twisted is written in Python. So in either of the cases above would Twisted be better (aside from the fact that Twisted seems to have been out longer and is more stable than node). I just mean in general is it worth using at all, either node or Twisted? And if so is one better than the other with Python?,Sorry for the big question, but I'm just so unsure and n00b in this area. Thanks.,So as it stands, after reading the helpful answers, I see the following options:,The above seems to be the main routes I can go. now I'm still not really sure which route to go. I really want to learn both node and Python. So it seems I may just need to learn the two separately. But I still need to pick a choice for this project. And so far I am liking numbers 2 and 5, with 6 a close to 5 since node and Twisted have some very similar functionality. And 1 as a mention because that's what I already know. But I was wanting to learn something new anyways. So still, really numbers 2 and 5. Or 4 as it's similar to 2. Hah, I still need to do some homework. Maybe it deserves another question.,EDIT (9-19-2012): I just wanted to update, to say that I am using mostly node.js currently for development. And plan on using Redis for PubSub functionality to give the appearance of real time page updates, as I do not need true real time as in games, or in paired content editing.","While Python can definitely be used for Asynchronous Programming, it doesn't feel natural, even with Twisted, if you compare it to node.js it just doesn't look or feel , nice.,Since you're planing on doing a real-time Web Game, you'll most likely will end up using ,.,WebSockets are based on HTTP and use the upgrade header to initiate the bi-directional connection, that means, that you can easily have both your normal Server , your WebSockets run on port 80, if you need a lot of fall backs to support older Browsers, then there's always the almighty ,.,Depending on how complicated your front-end will be I'd rather go with , or just write my own stuff.,Having both the front-end and the game in the same process has (obviously) a lot of advantages, you can fetch a lot of information without the need of having to query the database.,Another big ""feature"" is, that you don't have to context switch between the client logic, and the server's logic. That might seems like a small benefit at first, but besides the fact that you won't type , in Python and don't forget your , in JS after having worked continuously on either side for a couple of hours, you will also be able to re-use code between Server and Client. Again that might look like a small benefit at first, but good multi player games always run a lot of stuff on the client, just to compensate the lag, also Python and JavaScript are quite different in place so having to re-write portions of JS in Python takes time and may even introduce bugs.,I've done 2 multi player games with node.js already, although the have no HTTP front end both games run quite a lot of JS on the Client:,
,
,Also, while JSON seems to fit perfectly for sending the data between Browser and client, you'll soon find out that it uses , of bandwidth, since I encountered the same problem I've written some specialized library which saves up to , traffic:,
,Again, having JavaScript both on the Server , the Client lets one re-use code and therefore save development time.,So to sum it all up I would strongly suggest to go with node.js:",4k,11,no,"SA1, SA2.1, SB1, SB2",9,Design,Language choice,,,post/net,,2010-11-25 13:42:40Z,"2010-11-25 13:42:40Z,2010-11-25 10:58:57Z,2010-11-26 10:56:04Z,2010-11-26 02:37:09Z,2010-11-25 11:10:42Z","427,620,542,776,864,000,000,000,000,000,000,000,000,000"
https://stackoverflow.com/questions/4324819/pass-data-between-java-and-c,Accepted,2010-12-01 13:30:01Z,2010-12-01 15:12:12Z,,,5,"java,c,java-native-interface",pass data between Java and C,"I have a C structure.,I want to map data from java to this C structure.How can I do it using JNI?
The java code will not be programmed by me. The java programmer just wants to know in which form should he send me the data? Should he expect any more details,I am currently testing my code by filling the structure instance with a CSV file containing 2 columns.,I also want to return 3 double values from my C code to the java application.","Provide the following declaration to your java programmer:,In your c code you will be able to fill the structure with passed parameters. JNI header will look like this:",10k,8,yes,"SA2.1, SA2.2, SB1",2,Coding,Data handling,Interoperability,,data transfer,,2010-12-01 13:34:16Z,"2010-12-01 15:03:08Z,2010-12-01 13:34:16Z,2010-12-01 13:46:52Z,2010-12-01 15:12:12Z,2010-12-01 13:38:16Z","432,481,943,256,784,000,000,000,000,000,000,000,000,000"
https://stackoverflow.com/questions/4354411/debugging-native-code-when-called-from-managed,Accepted,2010-12-04 16:03:27Z,2018-04-13 00:56:11Z,Puppy,"139,621",3,"c#,c++,.net-4.0",Debugging native code when called from managed,"I've written a C# application, where much of the work is done in a C++ back-end. now I've been actively developing both sides, and the current iteration of the back end throws an access violation in a specific function. How can I go and debug this? VS won't break on exceptions or breakpoints in native code, nor show the call stack or locals of the native code, even though both projects are built in the same solution. I'd rather avoid having to go back and litter all my native code with logging statements.","VS will debug the native code, too, if you switch on mixed-mode debugging (and recompile your project).,See the Microsoft's explanation:",20k,10,no,"SA1, SA2.1, SB1,SB2",14,Testing/Debugging,Build,,,debug call form managed code,,2010-12-04 16:05:04Z,"2010-12-04 16:05:04Z,2015-07-27 08:25:33Z,2018-04-13 00:56:11Z","435,441,143,544,193,000,000,000,000,000"
https://stackoverflow.com/questions/4365738/how-to-access-php-session-variables-from-jquery-function-in-a-js-file,Accepted,2010-12-06 11:08:32Z,2017-11-24 09:19:49Z,Ahmad Farid,"13,372",7,"php,javascript,jquery",How to access PHP session variables from jQuery function in a .js file?,"How to access PHP session variables from jQuery function in a .js file?
In this code, I want to get ""value"" from a session variable","You can produce the javascript file via PHP. nothing says a javascript file must have a .js extention. For example in your HTML:,Then your script file:,If this particular method isn't an option, you could put an AJAX request in your javascript file, and have the data returned as JSON from the server side script.",130k,21,yes,"SA2.1, SA2.2, SB1",53,Coding,Interfacing,Interfacing choice,,method choice,,2010-12-06 11:12:53Z,"2010-12-06 11:12:53Z,2011-12-05 10:58:58Z,2013-04-17 10:27:10Z,2011-09-20 15:11:26Z,2010-12-06 11:09:34Z,2016-09-02 11:34:05Z,2017-11-24 09:19:49Z","43,657,384,365,782,800,000,000,000,000,000,000,000,000,000,000,000,000,000,000"
https://stackoverflow.com/questions/4377109/shell-script-execute-a-python-program-from-within-a-shell-script,Accepted,2010-12-07 13:30:53Z,2021-07-18 17:16:47Z,Harpal,"10,261",9,"python,shell",Shell Script: Execute a python program from within a shell script,"I've tried googling the answer but with no luck.,I need to use my works supercomputer server, but for my python script to run, it must be executed via a shell script.,For example I want , to execute ,How can this be accomplished?","Just make sure the python executable is in your PATH environment variable then add in your script,Details:",610k,176,no,"SA2.1, SA2.2, SB1",219,Coding,Interfacing,Interfacing choice,,-,,2010-12-07 13:34:45Z,"2010-12-07 13:34:45Z,2010-12-07 13:54:30Z,2010-12-07 15:08:21Z,2018-03-08 09:42:31Z,2010-12-07 13:36:01Z,2016-09-12 06:05:43Z,2015-07-21 04:12:54Z,2017-12-29 02:04:07Z,2018-09-05 06:45:20Z","437,710,943,771,474,000,000,000,000,000,000,000,000,000,000,000,000,000,000,000,000,000,000,000,000"
https://stackoverflow.com/questions/4421832/compiling-python-to-c-using-cython,Accepted,2010-12-12 13:18:20Z,2016-02-28 11:58:15Z,Forge,"6,052",3,"python,c,linux,gcc,cython",Compiling Python to C using Cython,"I'm trying to compile , source code foo.py to C using ,.,In ,:,The command I'm running is ,.,The problem is that when compiling foo.c using ,, I get the error: ,.","when converting the code from python to c (using Cython) it converts it to c code which can be compiled into a shared object.
in order to make it executable, you should add ""--embed"" to cython conversion command. this flag adds the 'main' function you need, so you could compile the c code into executable file.
please notice you'll need the python , runtime libraries in order to run the exec.",15k,11,yes,"SA2.1, SB1",21,Coding,Build,,,compile,,2010-12-12 15:07:04Z,"2010-12-12 15:07:04Z,2010-12-12 13:24:31Z,2010-12-12 16:03:59Z","4,421,832,442,228,640,000,000,000,000"
https://stackoverflow.com/questions/4541565/how-can-i-assert-from-python-c-code,Accepted,2010-12-27 20:24:01Z,2015-01-15 02:28:34Z,Joe,"42,960",3,"python,c,distutils,python-c-api,python-c-extension",How can I assert from Python C code?,"I'm writing a Python class in C and I want to put assertions in my debug code. , suits me fine. This only gets put in debug compiles so there's no chance of an assert failure impacting a user of the Python code*.,I'm trying to divide my 'library' code (which should be separate to the code linked against Python) so I can use it from other C code. My Python methods are therefore thinnish wrappers around my pure-C code. ,So I can't do this in my 'library' code: ,because this pollutes my pure-C code with Python. It's also far uglier than a simple,I believe that the Distutils compiler always sets ,, which means I can't use , even in debug builds.,Mac OS and Linux.,Help!,*one argument I've heard against asserting in C code called from Python.","Just use ,. It's a myth that distutils always defines ,; it only does so for Microsoft's msvc on Windows, and then only when invoked from a Python release build (not from a Python debug build).,To then define NDEBUG in your own release builds, pass a , command line option to setup.py build_ext.,: It seems that NDEBUG is defined by default through Python's Makefile's OPT setting. To reset this, run",1k,7,yes,"SA2.1, SA2.2, SB1",8,Coding,Build,,,test method,,2010-12-27 20:51:19Z,"2010-12-27 20:51:19Z,2010-12-27 20:28:18Z,2015-01-15 02:28:34Z","45,415,654,541,740,400,000,000,000,000"
https://stackoverflow.com/questions/4591461/marshalling-a-char-in-c-sharp,Accepted,2011-01-04 07:32:39Z,2011-01-04 08:15:40Z,Mike Caron,"13,813",2,"c#,c,string,pinvoke,marshalling",Marshalling a char** in C#,"I am interfacing with code that takes a , (that is, a pointer to a string):,Basically, it takes a handle to its state, and if something goes wrong, it returns an error code and optionally an error message (the memory is allocated externally and freed with a second function. That part I've figued out :) ).,I, however, am unsure how to handle in in C#. What I have currently:,I've poked around, but I can't figure out how to turn that into a ,, suitable for feeding to ,Am I on the right track?,EDIT: To make more explicit, the library function ,, which must be freed by calling ,. If a solution does not leave me with a pointer I can free, the solution is unacceptable.,Bonus question: As implied above, this library uses UTF-8 for its strings. Do I need to do anything special in my P/Invokes, or just use , for normal , parameters?","Since you have a special deallocation method to call, you'll need to keep the pointer, like you've already shown in your question's example.,Here's how I'd write it:,Then you can get a string:,And cleanup:,And now we have the marshalled error, so just return it.,Also note the , type, which would inherit from ,. While not strictly needed (you can use IntPtr), it gives you a better handle management when interoping with native code. Read about it here: ,.",2k,10,yes,"SA1, SA2.1, SA2.2, SB1, SB2",2,Coding,Data handling,Interoperability,,parameter error,,2011-01-04 07:37:46Z,"2011-01-04 07:37:46Z,2011-01-04 07:56:15Z","459,146,145,914,754,000,000"
https://stackoverflow.com/questions/4619996/how-to-run-ruby-python-scripts-from-inside-php-passing-and-receiving-parameters,Accepted,2011-01-06 21:20:57Z,2016-10-05 10:37:44Z,Roger,"7,238",5,"php,python,html,ruby,markdown",How to run Ruby/Python scripts from inside PHP passing and receiving parameters?,"I need to turn HTML into equivalent Markdown-structured text. ,OBS.: ,.,As I am programming in PHP, some people indicates , to do the job, but unfortunately, the code is not being updated and in fact ,. At sourceforge.net/projects/markdownify there is a ""NOTE: unsupported - do you want to maintain this project? contact me! Markdownify is a HTML to Markdown converter written in PHP. See it as the successor to html2text.php since it has better design, better performance and less corner cases."",From what I could discover, I have only two good choices:,So, from PHP, I need to pass the HTML code, call the Ruby/Python Script and receive the output back.,(By the way, a folk made a similar question here (""how to call ruby script from php?"") but with no practical information to my case).,Following the Tin Man`s tip (bellow), I got to this:,PHP code:,Python code:,With the above I am geting this:,command returned 1
Array
(
[0] => Resource id #17
, => Resource id #18
),And the ""error-output.txt"" file says:,Traceback (most recent call last):
File ""html2md.py"", line 5, in print html2text.html2text(sys.argv,)
IndexError: list index out of range,Any ideas???,Ruby code (,),Just for the records, I tryed before to use PHP's most simple ""exec()"" but I got some problemas with some special characters very common to HTML language.,PHP code:,Ruby code:,Python code:,Both working fine. But when the string is a bit more complicated:,It did not work at all.,That's because the html string needed to have its special characters scaped. I got it using this:,now it works like I said ,.,I am runnig:
Fedora 14
ruby 1.8.7
Python 2.7
perl 5.12.2
PHP 5.3.4
nginx 0.8.53","Have PHP open the Ruby or Python script via ,, piping the HTML into STDIN in the script. The Ruby/Python script reads and processes the data and returns it via STDOUT back to the PHP script, then exits. This is a common way of doing things via ,-like functionality in Perl, Ruby or Python and is nice because it gives you access to STDERR in case something blows chunks and doesn't require temp files, but it's a bit more complex.,Alternate ways of doing it could be writing the data from PHP to a temporary file, then using ,, ,, or something similar to call the Ruby/Python script to open and process it, and print the output using their STDOUT. ,EDIT:,See , for ""Best practices with STDIN in Ruby?"" for examples of how simple it is to read STDIN and write to STDOUT with Ruby. "","" has some good samples for that language.,This is a simple example showing how to call a Ruby script, passing a string to it via PHP's STDIN pipe, and reading the Ruby script's STDOUT:,Save this as ""test.php"":,Save this as ""test.rb"":,Running the PHP script gives:,The PHP script is opening the Ruby interpreter which opens the Ruby script. PHP then sends ""hello world"" to it. Ruby wraps the received text in bold tags, and outputs it, which is captured by PHP, and then output. There are no temp files, nothing passed on the command-line, you could pass a LOT of data if need-be, and it would be pretty fast. Python or Perl could easily be used instead of Ruby.,EDIT:,If you have:,as sample code, then you could begin developing a Ruby solution with:,assuming you've already downloaded the HTML2Markdown code and have it in the current directory and are running Ruby 1.9.2.",12k,8,yes,"SA1, SA2.1, SA2.2, SB1, SB2",12,Coding,Data handling,Data format/compatibility,,pass data,,2011-01-06 23:48:51Z,"2011-01-06 23:48:51Z,2011-01-06 21:33:09Z,2011-01-06 21:32:53Z,2011-01-07 14:23:42Z,2016-10-05 08:20:00Z","4,619,996,462,123,940,000,000,000,000,000,000,000,000,000"
https://stackoverflow.com/questions/5051059/codeigniter-and-javascript-jquery-library,Accepted,2011-02-19 13:35:30Z,2017-04-11 03:12:07Z,Luciano,"1,415",9,"php,javascript,jquery,codeigniter,libraries",CodeIgniter and Javascript/Jquery Library,"As title said, I'm trying to figure out how to use javascript and jquery libraries on CI. ,Following instruction in ,, I load the library in my controller:,Then, I define the location of the jQuery file (jquery.min.js) in the config.php:,After that, I open the view file and put in these two lines:,First error comes up here: , (don't understand where I have to set them),Anyway, I've commented these lines and continue with jquery lib, by loading it in my controller with:,Next error: ,. (it seems that it can't find the lib, what i messed up?),Checking on system folder it looks all files are in place:,Thanks in advance for your help!","It is important to note that this , is marked as , so I wouldn't rely on it.,Also, personally I think it's asking for confusion and headaches to try and directly mix server-side portions of your applications with client side portions.,To use javascript in your views, I would just start out by loading them like this...",30k,21,yes,"SA2.1, SA2.2, SB1",13,Coding,Build,,,config for CodeIgniter,,2011-02-19 14:53:03Z,"2011-03-28 12:44:11Z,2011-02-19 14:53:03Z,2011-11-08 03:55:46Z,2011-02-19 13:38:57Z,2013-10-14 06:46:31Z,2015-05-02 07:46:44Z,2013-10-14 06:34:27Z,2014-08-09 17:02:43Z,2015-04-15 04:23:10Z","505,105,954,591,635,000,000,000,000,000,000,000,000,000,000,000,000,000,000,000,000,000,000,000,000"
https://stackoverflow.com/questions/5058688/cant-post-large-html5-canvas-to-server,Accepted,2011-02-20 17:29:24Z,2011-02-21 20:43:34Z,Spectraljump,"3,657",1,"php,javascript,html,canvas,http-post",Can't POST large html5 canvas to server?,"I have a canvas that you can paint on. I need to save it's contents to the server so it can be resumed later. ,To do this, I , the , via a ,In my php script, I take the $_POST and , and I save it to a .png file on the server.,NOW, this works fine and dandy if the canvas has a small doodle on it. BUT if the 1600x1200px canvas has a lot of stuff drawn on it, and it's like 600kB in size, my script fails, and I get a 0kB png on my server.,How do I fix this? How can I send a large canvas to the server? ,Is the problem a limitation to _POST size? Because, no matter how large the canvas is, I can always download it via a ,.,This is quite the dilemma for me. Any help will be much appreciated!,[EDIT] The PHP simply receives empty , for anything over ~50-something kB...
So the problem has to occur between , and the POST-ing...,[EDIT2] Browser says ""Uploading...(xx%)"" until it's ""done"". SO WHERE DOES THE DATA GO? :C,[EDIT3] Here's the app, try it for yourself (use google chrome): ,[EDIT4] Mike's answer seems to be right about suhosin","It sounds very much like your php was compiled with ,. The , of length for any post variable with Suhosin is 65000 bytes which is quite close to what you are estimating as your limit.,In fact, your server is sending the , header with a value of ,. I googled this package version and on the Debian website they mention it was ,.,Since you do not have control over your server configuration, the solution would be to split up the canvas data into multiple variables below the post length limit of your server and then reassemble in PHP. If you check your , it should show all these limits., - Added example code,I don't believe you need the , you have because , encodes as base64 which is url safe.,not the most efficient method to do this, but it may help you.,This will still have it's limits with Suhosin, but you will be able to send much more data this way. Looks like you will be limited to 64 parts of 65000 bytes in an array before you will also have to use multiple arrays. However, at that point it will already getting way too large for most people to be uploading often and it would probably be better to send the changes to the image somehow instead of the whole image.",3k,9,yes,"SA1, SA2.1, SA2.2, SB1, SB2",9,Coding,Data handling,Data format/compatibility,,pass data,,2011-02-21 00:24:04Z,2011-02-21 00:24:04Z,"50,586,885,061,163"
https://stackoverflow.com/questions/5169434/content-transfer-encoding-in-file-uploading-request,Accepted,2011-03-02 15:10:02Z,2019-05-26 15:37:14Z,Scalar,232,2,"php,javascript,http-headers,xmlhttprequest",Content-Transfer-Encoding in file uploading request,"I'm trying to upload file, using XMLHTTPRequest, and sending this headers:,But on server side PHP ignore header ""Content-Transfer-Encoding: base64""
and write base64 undecoded data directly into the file!,Is there any way to fix it?,p.s. it is very important to send data using base64","My previous answer was wrong, may appear in the a composite body",12k,7,yes,"SA1, SA2.1, SB1, SB2",1,Coding,Interfacing,Invocation mechanism,Implicit interfacing,HTTPRequest,,2011-03-02 15:19:33Z,"2011-03-30 14:15:28Z,2011-03-02 15:19:33Z","516,943,454,875,325,000,000"
https://stackoverflow.com/questions/5182857/can-i-use-fabric-to-perform-interactive-shell-commands,Accepted,2011-03-03 15:32:39Z,2011-03-14 19:15:35Z,Weholt,"1,597",1,"python,shell,interactive,fabric",Can I use Fabric to perform interactive shell commands?,"I`m trying to use , to install and deploy a web project during which I need to create a postgresql database and configure a RabbitMQ server. Both these operations are interactive and requires input from the user for creating a database, adding a user, setting password etc ( at least to my knowledge ).,Can I use a fabric script to do interative shell operations like these?","This is in Fabric 1.0. I've tried it and it works for me.,: As payne notes below, Fabric 1.0 was released. I edited the answer to indicate this.",4k,11,no,"SA1, SA2.1, SB1, SB2",10,Design,Build,,,outdate function not work,,2011-03-04 23:06:31Z,2011-03-04 23:06:31Z,"51,828,575,200,258"
https://stackoverflow.com/questions/5236690/float-from-c-to-c-sharp,Accepted,2011-03-08 18:27:52Z,2011-03-09 21:07:47Z,Anthony,"7,221",1,"c#,c,pointers,malloc,marshalling",float* from C to C#,"I'm not truly a CS guy, so if any of you geniuses on here can point me in the right direction I'll be eternally grateful.,I have a c-code command line function that used to write its results to file. I converted it to return it's data via a float* array to a C++ program like such (to avoid constant file I/O):,This worked perfectly. I now need to get this into a C# program, and here's where things go haywire. ,The first thing I did to avoid the char ** was to make the arguments a series of bool. That worked fine if I allow it to still dump to file. ,The problem is juggling the c-style float array in C#. Within the c-code it was allocated with malloc.,So here's everything I've tried with no success(I know the size of the array):,__a)Allocate it with Marshal.AllocCoTaskMem. Free it with Marshal.FreeCoTaskMem.,__b)Use Marshal.Copy to allocate. Free it with Marshal.FreeCoTaskMem (Maybe this is wrong?),I've dabbled in just about everything I could find in the internet. Please let me know if more info is necessary. I'm hoping this just a simple concept that I'm missing.","Use this signature for your C function (replace the , with real library name).,Call the , function as follows:,When the call is done, you can get the result like this:,:,Since the , is allocating the memory using ,, we need to free the memory using , function. However, you will have to wrap the call to , function in another function that will be exported from native library.,And then import it into like this:,And invoke it as follows:",5k,7,yes,"SA2.1, SA2.2, SB1",6,Coding,Data handling,Interoperability,,parameter error,,2011-03-08 21:21:53Z,2011-03-08 21:21:53Z,"52,366,905,238,483"
https://stackoverflow.com/questions/5310216/passing-php-variable-into-javascript,Accepted,2011-03-15 10:11:40Z,2014-05-19 15:26:12Z,ptamzz,"8,637",5,"php,javascript",Passing PHP variable into JavaScript [duplicate],"I've a PHP session variable, ,, alive throughout the session. In the head section, I've my JavaScript file included, ,. ,How do I pass the session variable into the JavaScript file if I want something like the following.,As the , isn't recognized in the JavaScript file, the code above doesn't work. So I've to put in the PHP file itself, but how do I keep it in the JavaScript file?","In your PHP file you could set your user as a global varibale:,Include this before including your external JavaScript code.,Then in your JavaScript file you can use it:,
If you're not sure if your session varibale can contain quotes itsself, you can use , to fix this problem:, even if this will maybe produce something you don't really want to display (because it produces a string with slashes) it will help that your code will not fail. (Thanks to Artefacto),Would this be an option for you?",23k,8,Yes,"SA2.1, SA2.2, SB1",14,Coding,Embedding,,,repeat case,,2011-03-15 10:16:32Z,"2011-03-15 10:16:32Z,2011-03-15 10:17:44Z,2011-03-15 10:27:21Z,2011-03-15 10:17:51Z,2011-03-15 10:14:43Z","531,021,653,102,695,000,000,000,000,000,000,000,000,000"
https://stackoverflow.com/questions/5367515/how-to-call-a-c-dll-exported-function-from-c-sharp,Accepted,2011-03-20 08:42:42Z,2011-03-20 09:04:15Z,ghet,145,1,"c#,.net,c++,windows,pinvoke",how to call a C++ dll exported function from c#,"This is the first time I'm trying to mix c# an unmanaged C++ so this might be a very simple question , but I don't get it.,I need to call some functions from a C++ dll into C# code. Here is the code for the dll project:,the .h file :,the .cpp file,I compiled this for both the debug and releas and copied it in the , folder of my C# project. Neither version worked.,Here is the c# code:,And when I try to run this I get ,But as I see the signatures are the same. What am I missing??,Thanks!","The default calling convention for DLLImport is stdcall, but the default of your C++ code is cdecl. The error message you have seen is what is shown when the calling conventions don't match. The parameter stack cleanup requirements are different for these two calling conventions, and the P/Invoke marshaller detects and reports this.,The fix is to make your calling conventions match.,For example you could change your P/Invoke like so:,The other option is to change your C++:,Clearly you should only do one of these. If you change both C# and C++ you'll have the same problem in reverse!,If I were you I would leave the C++ code as cdecl and change the C# to match.",8k,6,yes,"SA2.1, SA2.2, SB1",8,Coding,Interfacing,Invocation mechanism,Explicit interfacing,call dll,,2011-03-20 09:04:15Z,2011-03-20 09:04:15Z,"53,675,155,367,583"
https://stackoverflow.com/questions/5449067/gwt-2-x-entry-function,Accepted,2011-03-27 12:00:26Z,2017-09-03 23:53:00Z,nordlig.ulv,125,1,"javascript,java,gwt,jsni",GWT 2.x $entry function,"Cannot find any developer information about this function. I just know that it's suggested to wrap JSNI JavaScript calls to Java methods with this , function. I found that it catches exceptions so Java code could handle them. Is it all it does?","If you want to know exactly what happens, look into ,.,This function (at least in GWT 2.2.0) mainly calls ,, which does the following:",2k,11,No,"SA2.1, SB1",14,Coding,Error/Exception handling,,,2-x-entr/entry,,2011-03-27 12:35:52Z,2011-03-27 12:35:52Z,"54,490,675,449,230"
https://stackoverflow.com/questions/5522063/serving-php-as-css-js-is-it-fast-enough-what-drawbacks-are-there,Accepted,2011-04-02 08:17:29Z,2013-09-05 06:34:20Z,Wesley Murch,"96,152",5,"php,javascript,css,optimization,performance",Serving php as css/js: Is it fast enough? What drawbacks are there?,"I've recently started getting into the area of optimizing preformance and load times client side, compressing css/js, gzipping, paying attention to YSlow, etc.,I'm wondering, while trying to achieve all these micro-optimizations, what are the pros and cons of serving php files as css or javascript?,I'm not entirely sure where the bottleneck is, if there is one. I would assume that between an identical css and php file, the ""pure"" css file would be slightly faster simply because it doesn't need to parse php code. However, in a php file you can have more control over headers which may be more important(?).,Currently I'm doing a , check on a ""trigger"" file, and with some php voodoo writing a single compressed css file from it, combined with several other files in a defined group. This creates a file like ,, which the php template catches and updates the html tags with the new file name. It seemed like the safest method, but I don't really like the server cache getting filled up with junk css files after several edits. I also don't bother doing this for small ""helper"" css files that are only loaded for certain pages.,I would prefer to use php with .htaccess because it is much simpler, but in the end I will use whatever method is best.","ok, so here are your direct answers:,It's impossible to give you a much more concrete answer because it depends a , on your project details.",2k,10,no,"SA2.1, SB1",4,Design,Efficiency/Performance,,,optimization,,2011-04-02 15:10:29Z,"2011-04-02 15:10:29Z,2011-04-02 12:00:16Z,2011-04-02 09:41:08Z,2011-04-02 09:53:50Z,2013-09-05 06:34:20Z","5,522,063,552,396,150,000,000,000,000,000,000,000,000,000"
https://stackoverflow.com/questions/5549562/running-php-script-php-function-in-linux-bash,Accepted,2011-04-05 09:06:06Z,2021-08-01 19:45:13Z,chrithccmc,"1,027",8,"php,linux,bash,shell",Running php script (php function) in linux bash,"How we run php script using Linux bash?,php file , contains:","From the command line, enter this:,Make sure that filename.php both includes and executes the function you want to test. Anything you echo out will appear in the console, including errors.,Be wary that often the php.ini for Apache PHP is different from CLI PHP (command line interface).,Reference:",180k,35,yes,"SA1, SA2.1, SA2.2, SB1, SB2",47,Coding,Interfacing,Interfacing choice,,method choice,,2011-04-05 09:08:31Z,"2011-04-05 09:08:31Z,2011-04-05 09:11:05Z,2011-04-05 09:16:05Z,2016-10-19 08:48:57Z,2011-04-05 09:09:26Z,2011-04-05 09:09:31Z,2011-04-05 09:10:32Z,2020-07-01 03:52:08Z","55,495,625,549,588,500,000,000,000,000,000,000,000,000,000,000,000,000,000,000,000,000"
https://stackoverflow.com/questions/4746249/get-user-timezone,Accepted,2011-01-20 10:58:05Z,2021-01-18 17:00:22Z,andrei,"7,342",3,"php,javascript,timezone",get user timezone [duplicate],Which is the best way to do this ? php or javascript.Can someone provide me with some snippets ? thanks.,"This will get you the timezone as a PHP variable.
I wrote a function using jQuery and PHP. This is tested, and does work!,On the PHP page where you are want to have the timezone as a variable, have this snippet of code somewhere near the top of the page:,This will read the session variable ""time"", which we are now about to create.,On the same page, in the , section, first of all you need to include jQuery:,Also in the , section, paste this jQuery:,You may or may not have noticed, but you need to change the url to your actual domain.,One last thing. You are probably wondering what the heck timezone.php is. Well, it is simply this:
(create a new file called , and point to it with the above url),If this works correctly, it will first load the page, execute the JavaScript, and reload the page. You will then be able to read the $timezone variable and use it to your pleasure! It returns the current UTC/GMT time zone offset (GMT -7) or whatever timezone you are in.,You can read more about this on my",118k,42,no,"SA1, SA2.1, SA2.2, SB1, SB2",57,Design,Language choice,,,post/net,,2011-04-09 19:49:20Z,"2011-04-09 19:49:20Z,2012-04-11 09:17:15Z,2011-01-20 15:02:24Z","47,462,495,607,444,100,000,000,000,000"
https://stackoverflow.com/questions/5610333/how-to-query-database-using-javascript,Accepted,2011-04-10 07:22:44Z,2012-07-28 06:32:16Z,Sam,329,8,"php,javascript,jquery,ajax",How to query database using javascript?,"Another question by a newbie. I have a php variable that queries the database for a value. It is stored in the variable $publish and its value will change (in the database) when a user clicks on a hyperlink.,What is happening in the background is i am querying a database table for some data that i stored in the $publish variable. If the $publish is empty, it will add a link for publish.html in a popup. The popup will process a form and will add the data to the database and which means that the $publish is no more empty. What i would like to achieve is that as soon as the form is processed in the popup and a data has been added to the database, the link should change to edit.html. This can happen when the page will re-query the database but it should happen without page refresh.,How can it be donw using javascript, jquery or ajax?? Please assist.","Javascript by itself cannot be used to deal with database. That is done using php (Or the server side language of your choice). Ajax is used to send a request to your php script using javascript which will in turn communicate with the db. And it doesn't require a page refresh.,So what you are trying to do can be easily achieved using ajax. Since you mentioned jquery, you can check out the $.ajax or $.post methods in jquery which make the process even more simple. ,You need to process the form using ajax. The ajax request is sent to a php script which will make the necessary changes in the database and send the new link (link to edit.html) in the response. Upon getting the response, just replace the current anchor element with the new one .. ,for eg.. , - where the php script is located, - a javascript object that will have the form data as key value pairs,the third parameter is an anonymous function also known as callback function since it will be invoked only when the response is received from the server. This is because ajax requests are asynchronous. ,Inside the callback function, jquery is used to change the text inside the anchor element to , and the , attribute is changed to value that came in the response. ,$.post means we are using the post method. so the parameters can be accessed as elements of $_POST array in php. After updating the db, you can simply , out the new link and it will be received in the response. ,Also, there are other formats in which you can get the response for eg. xml, json.",68k,10,yes,"SA2.1, SA2.2, SB1",14,Coding,Language choice,,,HTTPRequest,,2011-04-10 07:49:19Z,"2011-04-10 07:49:19Z,2011-04-10 07:41:44Z,2011-04-10 07:51:17Z,2011-04-10 07:31:14Z,2011-04-10 07:32:14Z,2011-04-10 07:45:38Z,2012-07-28 06:32:16Z,2011-04-10 07:57:04Z","5,610,333,561,043,050,000,000,000,000,000,000,000,000,000,000,000,000,000,000,000,000"
https://stackoverflow.com/questions/5700186/meta-programming-into-several-output-languages,Accepted,2011-04-18 08:17:19Z,2019-03-10 14:13:27Z,Roel,"18,390",5,"php,javascript,c++,metaprogramming",Meta programming into several output languages,"I'm looking for a way to have to write and maintain a certain algorithm (a graphics rendering sub-module of my code, actually) only once. I need the algorithm in C++, PHP and Javascript. Theoretically I could write it in C++ and wrap it into a PHP extension; but that has many issues of itself and doesn't solve the Javascript link.,What I'm looking for, I think, is a tool that converts from a language (doesn't matter which one) into the three (or two, if the source language is one of the three) output languages I'm targetting. I've found MetaL (http://www.meta-language.net/) which seems to do what I want but also looks dead (no updates since 2007) and only targets one of the three languages I need. It needs to be quite flexible and allow me to update the results - for example, I use Cairo in my C++ and PHP rendering, and HTML Canvas on the Javascript side. So I need to customize to the API for certain effects.,Alternatively, I'd settle for a PHP parser and lexer that would give me an AST with enough information for me to write generators for C++ and Javascript as an alternative backend. ,Any ideas? Thanks.","You could take a look at ,. Haxe is an open source programming language. It can be compiled to JavaScript, Flash/ActionScript, PHP, C++, Java, C#, Python and Lua.",526,12,no,"SA1, SB2",6,Design,Language choice,,,,,2011-04-18 09:00:23Z,"2011-04-18 09:00:23Z,2011-04-18 08:42:42Z,2011-04-18 08:25:00Z,2011-04-18 09:25:23Z,2011-04-18 13:02:14Z","570,018,657,006,125,000,000,000,000,000,000,000,000,000"
https://stackoverflow.com/questions/5664737/calling-c-dll-from-c-sharp,Accepted,2011-04-14 14:26:42Z,2019-08-21 14:10:14Z,Mr Moose,"5,443",4,"c#,c,dll,pinvoke,dllimport",Calling C DLL from C#,"I am trying to call a C DLL from C#, but I'm not having any joy. The documentation for the DLL provides an example function delaration for VB that looks like;,I have therefore done the following;,I'm still not having much luck and have tried various other settings in the DLLImport statment such as;
SetLastError = true, CharSet = CharSet.Auto, CallingConvention = CallingConvention.Cdecl),The output I get from the code is;,If I'm right in looking at the info for Win32 errors, I think that refers to;
ERROR_INVALID_HANDLE The handle is invalid.,
6 (0x6),My guess is there is either a problem with passing in the filename as a string or the way I am passing doubles by ref? However, I really don't know, and I am at a loss as to how to investigate the issue further. ,Any ideas are much appreciated.,Thanks.","I found the reason for my failed attempts by utilising a tool called;
, as suggested by ,. ,I utilised this tool to input some of the C function prototypes and get it to generate the required C# prototype on my behalf. The C prototype looked like the following;,When entering this into the Interop assistant tool, it showed that rather than using longs (as I had done in my original question), these should be declared as an int. It produced the following output that meant my code above now worked as I'd hoped. Yay.,Thanks for everyones help with this.",28k,9,yes,"SA1, SA2.1, SA2.2, SB1, SB2",9,Coding,Data handling,Data format/compatibility,,HTTPRequest,,2011-04-18 15:00:04Z,"2011-04-18 15:00:04Z,2011-04-14 14:36:34Z,2011-04-14 14:45:23Z,2011-04-14 14:30:05Z","56,647,375,704,843,500,000,000,000,000,000,000"
https://stackoverflow.com/questions/5719471/md5-hash-discrepancy-between-python-and-php,Accepted,2011-04-19 16:16:52Z,2011-04-19 17:52:39Z,thedestry,243,4,"php,python,md5",MD5 hash discrepancy between Python and PHP?,"I'm trying to create a checksum of a binary file (flv/f4v, etc) to verify the contents of the file between the server and client computers. The application that's running on the client computer is python-based, while the server is using PHP. ,PHP code is as follows:,Python code is as follows:,on the particular file I'm testing, the PHP and Python md5 hash strings are as follows, respectively:,Server is running CentOS, while the client is a MacOSX environment. I would greatly appreciate any help in understanding why the two are generating different hash results, or if it something I overlooked (I am relatively new to Python...). Thank you!","I would rather assume that the base64 implementations differ.,PHP:,Python (note the trailing newline):",4k,23,yes,"SA2.1, SA2.2, SB1",25,Coding,Data handling,Data format/compatibility,,md5 error,,2011-04-19 16:20:44Z,"2011-04-19 16:20:44Z,2011-04-19 16:24:46Z,2011-04-19 16:19:47Z,2011-04-19 16:31:51Z","57,194,715,719,518,500,000,000,000,000,000,000"
https://stackoverflow.com/questions/5965655/communication-between-php-and-python,Accepted,2011-05-11 14:12:09Z,2014-06-19 04:51:49Z,H. Stefan,250,4,"php,python,ajax,ipc",Communication between PHP and Python,"I'm trying to build a web interface for some python scripts. The thing is I have to use PHP (and not CGI) and some of the scripts I execute take quite some time to finish: 5-10 minutes. Is it possible for PHP to communicate with the scripts and display some sort of progress status? This should allow the user to use the webpage as the task runs and display some status in the meantime or just a message when it's done.,Currently using exec() and on completion I process the output. The server is running on a Windows machine, so pcntl_fork will not work.,:
Using another php script to feed the main page information using ajax doesn't seem to work because the server kills it (it reaches max execution time, and I don't really want to increase this unless necessary),I was thinking about socket based communication but I don't see how is this useful in my case (some hints, maybe?,Thank you","You want ,. Sockets are the first thing that comes to mind; you'd need to set up a socket to , for a connection (on the same machine) in PHP and set up a socket to , to the listening socket in Python and , it its status.,Have a look at , from the Python documentation and ,. I'm sure PHP has similar resources.,Once you've got an more specific idea of what you want to build and need help, feel free to ask a , question on StackOverflow (if it isn't already answered).",15k,10,no,"SA1, SA2.1, SB1, SB2",8,Coding,Interfacing,Interfacing choice,,"socket, method choice",,2011-05-11 14:50:33Z,"2011-05-11 14:50:33Z,2011-05-11 14:14:05Z,2014-06-19 04:51:49Z,2011-05-11 14:53:51Z","596,565,559,662,405,000,000,000,000,000,000,000"
https://stackoverflow.com/questions/6089214/how-do-i-marshal-wchar-t-from-c-to-c-sharp-as-an-out-parameter-or-return-valu,Accepted,2011-05-22 16:26:22Z,2011-05-22 17:10:35Z,bikmak,147,1,"c#,.net,c++,interop,marshalling",How do I marshal wchar_t* from C++ to C# as an out parameter or return value?,"I have tried to do this in many ways, but none is working. Does anyone have a correct example for this? I just want to move the , value from a function to the C# level.","This isn't as difficult as you think it is... What is ,? What value does that type typically represent? A string. It's the equivalent to the , type defined in ,.,So, you marshal it as a , type. However, since it's an , parameter (or a return value), you'll need to use the , on the C# end, rather than the , type.,The P/Invoke syntax would look something like this:,And to use it, you first declare an instance of the , class with the appropriate capacity, and then call the function:,Remember that the unmanaged C++ code must free the string in order to prevent a memory leak. It's the only one with access to the unmanaged memory area where the string was allocated.",19k,7,no,"SA1, SA2.1, SA2.2, SB1, SB2",7,Coding,Data handling,Interoperability,,parameter error,,2011-05-22 16:59:18Z,2011-05-22 16:59:18Z,"60,892,146,089,416"
https://stackoverflow.com/questions/6111843/limitations-of-pytuple-setitem,Accepted,2011-05-24 14:16:51Z,2018-02-03 12:04:38Z,Channel72,"22,649",2,"python,c,tuples,python-c-api",Limitations of PyTuple_SetItem,"I have a Python extension module which creates a tuple as an attribute of another object, and sets items in the tuple. Whenever I execute this module in Python, I keep getting the error ,After reading over the docs for ,, and debugging my program for a few hours, I still couldn't figure out what the hell was going on. Running my program through a debugger indicated the problem was occurring within a library call inside the Python interpreter. So, finally, I looked at the Python source code, and at long last I realized the problem. The , function has an interesting restriction which I didn't know about, and can't find explicitly documented.,Here is the important function in the Python source (edited for clarity):,The important line here is the condition ,. So here's the problem: you can't even call , unless the Tuple has a ref-count of 1. It looks like the idea here is that you're never supposed to use , except right after you create a tuple using ,. I guess this makes sense, since Tuples are supposed to be immutable, after all, so this restriction helps keep your C code more in line with the abstractions of the Python type system. ,However, I can't find this restriction documented anywhere. Relevant docs seem to be , and ,, neither of which specify this restriction. The docs basically say that when you call ,, all items in the tuple are initialized to ,. Since , is not a valid Python value, it's up to the extension-module programmer to make sure that all slots in the Tuple are filled in with proper Python values before returning the Tuple to the interpreter. But it doesn't say anywhere that this must be done while the Tuple object has a ref count of 1. ,So now, the problem is that I've basically coded myself into a corner because I wasn't aware of this (undocumented?) restriction on ,. My code is structured in such a way that it's very inconvenient to insert items into the tuple until , the tuple itself has become an attribute of another object. So, when it comes time to fill in the items in the tuple, the tuple already has a higher ref count.,I'll probably have to restructure my code, but I was seriously considering just temporarily setting the ref count on the Tuple to 1, inserting the items, and then restoring the original ref count. Of course, that's a horrible hack, I know, and not any kind of permanent solution. Regardless, I'd like to know if the requirement regarding the ref count on the Tuple is , anywhere. Is it just an implementation detail of CPython, or is it something that API users can rely on as expected behavior?","I'm quite sure that you can get around the restrictions by using , instead of ,. , is a macro defined in , as follows:,So, if you are absolutely, definitely and utterly sure that:,then I guess you are safe to use ,.",3k,11,yes,"SA2.1, SA2.2, SB1",8,Coding,Data handling,Interoperability,,parameter error,,2011-05-24 14:20:39Z,"2011-05-24 14:20:39Z,2011-05-24 14:19:56Z","611,184,361,118,986,000,000"
https://stackoverflow.com/questions/6314320/designing-javascript-frontend-c-backend-communication,Accepted,2011-06-11 05:38:21Z,2011-06-11 05:59:16Z,Igor,98,2,"javascript,c++,node.js,frontend,backend",Designing Javascript frontend <-> C++ backend communication,"In my nearest future I will have to make a system with C++ backend and web frontend (requirements). At the moment, I don't know much more about it. I think that Frontend will be triggering data delivery, not backend - so no need for Comet-like things.,Because of possibly little experience in this field, I'd really appreciate your comments about design decisions I made.,First of all, I don't like the option of generating HTML from C++. 
So, C++ backend will have to communicate with Javascript frontend. Simplest option I see here is Ajax. I think it should be ok, so far.,Commucating through Ajax with C++ backend means that backend should be capable of handling HTTP. It'd be nice to separate backend which provides actual data from HTTP handling functionality.,Here I see the place for node.js. I got an overview of it and this's the place where all my doubts lie.,To have a HTTP handling server on node.js, which will have the 'data backend' as a node.js module? I think, it should be ok - but I'm not sure that I really need all this asynchronization, so there may be some simpler options I'm not aware of? How would you make such a system?,Thanks in advance.","""All this asynchronization"" is not something that node.js works very hard to provide as an extra. It is a different view of Web serving that is easy as breathing once you understand how node.js works.,For example, my colleagues needed a way to wrap a C++ program as a web service, but the program had a significant start-up cost, so they wanted to run just one instance of the program, running in a loop, serving all the web requests. The whole thing in node.js took less than two screenfuls.,Wrapping a single program that is called for each request can be done in less than ten lines of node.js. Don't think of asynchronicity as a chore - if you embrace it, node.js is awesome.,That said, you could go the CGI route, and do it in a bit more standard way, and the end result would be pretty much the same. , may or may not come in handy.",6k,6,no,"SA2.1, SB1",3,Design,Interfacing,Invocation mechanism,Implicit interfacing,front/backend,,2011-06-11 05:59:16Z,"2011-06-11 05:59:16Z,2011-06-11 05:55:20Z","631,432,063,143,826,000,000"
https://stackoverflow.com/questions/6336094/jquery-autocomplete-in-background-of-input-text-box,Accepted,2011-06-13 20:44:07Z,2011-06-13 21:25:05Z,Callum Whyte,"2,301",2,"php,javascript,jquery,html,css",jQuery autocomplete in background of input text box,"I have a jQuery text box autocomplete script which uses a PHP script to query a MySQL database. Currently, a result is displayed under the text box however I want it to appear as if it is faded out in the text box. How can I do something like this? An example of this is on the Google Instant search box.,My current web page code is:,And my PHP code is:","It looks like Google uses 2 inputs, one with grey text, and another with black text. Then they are overlayed so that the grey text input is on the bottom and the black text input is on top (greater z-index it looks like).,They grey input contains the full text plus the suggestion and the black input only displays what you typed. Hopefully this can help you figure out the code. Here's Google's html:,EDIT:
Here's a very simplified version of some html and css you could potentially use",13k,10,yes,"SA1, SA2.1, SA2.2, SB1, SB2",6,Coding,Build,,,config for function,,2011-06-13 21:02:52Z,"2011-06-13 21:02:52Z,2011-06-13 20:50:37Z","633,609,463,363,246,000,000"
https://stackoverflow.com/questions/6354358/c-dll-returned-string-is-corrupted-in-the-c-sharp-caller-why,Accepted,2011-06-15 07:21:45Z,2016-06-01 19:55:36Z,McArthor Lee,307,7,"c#,c++,string,dll,return","C++ dll returned string is corrupted in the C# caller, why?","I have a C# app that calls a C++ DLL.,In C#, I have code as follows:,In CPP, I have the function defined as follows:,If I return ret1 in C++'s Func1(), all works fine. And in VS2008's memory window, I can see correct Unicode binaries. In C++ the binaries of ret1 is,""31 00 3f 00 32 00 3f 00 33 00 3f 00 34 00 3f 00 35 00"",, and in C# the binaries of retstring is ,""28 67 a3 f7 fe 07 00 00 0a 00 00 00 09 00 00 00 31 00 3f 00 32 00 3f 00 33 00 3f 00 34 00 3f 00 35 00"",. I think the C# binaries ,""28 67 a3 f7 fe 07 00 00 0a 00 00 00 09 00 00 00"",are the header of System.String type.,What's more, if I add the following line just before return in CPP code, I can get correct retstring in C# code too:,But when I return ret2 in the C++ DLL, the returned string ret in C# seems to be corrupted. The binaries in the C++ DLL are correct Unicode on my inspection. But the binaries of retstring in the C# code are ,""28 67 a3 f7 fe 07 00 00 0a 00 00 00 09 00 00 00 dd dd dd dd dd dd dd dd dd dd dd dd ...."".,I can only notice ret2 is longer than ret1 - ret2 has some hundreds of WCHARs.,Any ideas? Thx in advance.","I would always use a , for this because it makes the responsibility of memory allocation/deallocation transparent.,You don't say how your strings are being allocated, but as soon as you use a dynamically allocated string you need to tackle that issue. The great thing about , is that it uses the shared COM allocator which enables the C# marshaller to deallocate the string with the same allocator as the C++ code that allocated it.",3k,6,yes,"SA2.1, SA2.2, SB1",8,Coding,Data handling,Interoperability,,HTTPRequest,,2011-06-15 08:03:56Z,"2011-06-15 08:03:56Z,2011-06-15 07:26:48Z,2011-06-15 07:46:17Z,2011-06-15 07:50:59Z,2011-06-15 08:44:04Z,2013-09-25 01:52:22Z,2013-09-25 02:04:28Z","6,354,358,635,476,460,000,000,000,000,000,000,000,000,000,000,000,000,000,000"
https://stackoverflow.com/questions/6270245/return-c-object-to-java,Accepted,2011-06-07 18:59:54Z,2011-06-19 16:56:43Z,Afiefh,888,1,"java,c++,java-native-interface",Return C++ object to Java,"I got a couple of JNI functions that have to work on the same c++ object. I would like to save that object in the java object through which the JNI functions are invoked, but it seems that Java has no way to store pointers for functions to access later.,Okay I realize that I'm doing a terrible job explaining myself so here is an example:,My problem is creating a jobject.myCppVector so that I'll be able to use it from different function calls.,I hope someone understands my ramblings","I think the standard way of going about it is to use a long in java to store the pointer, that way your java code will work on both 32bit and 64bit systems. Obviously you need to compile a different C++ .so/.dll for each platform.,So a simple java wrapper for a C++ class with one method will look something like:,And your C++ wrapper code looks something like this. (I have named the C++ class ,)",4k,11,Yes,"SA2.1, SA2.2, SB1",8,Coding,Data handling,Data format/compatibility,,pass data,,2011-06-19 16:56:43Z,2011-06-19 16:56:43Z,"62,702,456,403,781"
https://stackoverflow.com/questions/6407034/can-java-interact-with-system-v-linux-message-queues,Accepted,2011-06-20 05:10:34Z,2011-06-20 05:52:03Z,David Parks,"26,181",1,"java,linux,shell,message-queue",Can Java interact with System V linux message queues?,"I need to pass information from a , (called from a linux based app) to a , application. , because I can't start/stop either service without considering complex repercussions to the read/write ends of the pipes., because if the listening process is restarted there's no queuing mechanism, and simple implementations require new sockets be constantly created (else the shell script will get very complex with check-and-restart-socket, and queuing code).,I was recently reading about these ,. I'm running Fedora 12, and wonder if there's a good way to configure these message queues and ,.","You can't use them directly, you'd have to do some JNI wizardry to interface them together.,What problems are you having with Pipes? Java sees those as just generic files. I haven't used them extensively, but I didn't have any real problems with Pipes. The only detail there was the pipe reader needs to continually reopen the pipe if the producers can't keep up.,But if either side fails, the other side just blocks waiting for the other to recover.,You just have to be careful with buffer reads from the pipe. If you read from the pipe in to a buffer, and then fail, that data is lost.",3k,6,no,"SA2.1, SB1",3,Design,Interfacing,Interfacing choice,,method choice,,2011-06-20 05:52:03Z,2011-06-20 05:52:03Z,"64,070,346,407,293"
https://stackoverflow.com/questions/6444131/using-a-python-script-in-java-eclipse,Accepted,2011-06-22 17:37:46Z,2011-06-23 15:35:04Z,This 0ne Pr0grammer,"2,616",1,"java,python,eclipse,jython,interpreter",Using a Python Script in Java (Eclipse),"I've been looking to incorporate a Python Script a friend made for me into a Java application that I am trying to develop. After some trial and error I finally found out about 'Jython' and used the PythonInterpreter to try and run the script. ,However, upon trying to run it, I am getting an error within the Python Script. This is odd because when I try run the script outside of Java (Eclipse IDE in this case), the script works fine and does exactly what I need it to (extract all the images from the .docx files stored in its same directory). ,Can someone help me out here?","My guess is that you don't get command line arguments if the interpreter is called (well not that surprisingly, where should it get the correct values? [or what would be the correct value?]). ,Would return the working dir, but presumably that's not what you want.,not tested, but I think os.path.dirname(os.path.realpath( __ file__)) should work presumably (note: remove the space there; I should look at the formatting options in detail some time~)",3k,6,yes,"SA2.1, SA2.2, SB1",2,Coding,Interfacing,Invocation mechanism,Explicit interfacing,how to use python script in java,,2011-06-22 18:17:41Z,2011-06-22 18:17:41Z,"64,441,316,444,556"
https://stackoverflow.com/questions/6536826/dealing-with-commas-in-csv,Accepted,2011-06-30 15:02:20Z,2012-10-03 23:52:04Z,Lord Loh.,"2,317",3,"php,javascript,regex,soap,csv",Dealing with commas in CSV,"I get a CSV data from a SOAP call in php. Unfortunately, the data may have commas in it. It is formatted correctly as in,1,name,2,lariat,3,""first, last"",5,NMEA,...,I need to parse it to individual values in either php or javascript. I have browsed through threads on stack overflow and elsewhere but have not found a specific solution in php / javascript.,The approach I am currently using is ,Where * is the deliminator, but the , generates an extra *. I have tried a couple of other approaches involving , and other , functions but did not succeed in having any kind of a clean split.,Any suggestion on how to split up CSV data that contains commas in it?","Don't attempt to do this with a regular expression. Just use ,! The third parameter informs , to look for quote-enclosed fields.",17k,17,yes,"SA1, SA2.1, SA2.2, SB1, SB2",30,Coding,Data handling,Data format/compatibility,,string format,,2011-06-30 15:04:01Z,"2011-06-30 15:04:01Z,2011-06-30 15:08:12Z,2012-04-30 07:13:12Z","65,368,266,536,856,600,000,000,000,000"
https://stackoverflow.com/questions/6544416/php-vs-c-cgi-for-small-web-service,Accepted,2011-07-01 06:32:25Z,2011-07-01 06:57:16Z,DanielGibbs,"9,262",8,"php,c,web-services,comparison,fastcgi",PHP vs. C CGI for small web service,"I am creating a small web service which will only be accessed by machines, not users that simply takes a query string and makes a few MySQL queries. I decided to code this in PHP because it is simple and easy to write and does its job well. My boss however, wants we to write it as a CGI in C (using FastCGI) because he says it will be faster and use less memory. I'm not so keen on this idea for a few reasons:,But that's just my opinion. What other factors do I need to take in to account? Is C the best tool for this job? Or is PHP?",Some points about this:,4k,7,no,"SA1, SA2.1, SB1, SB2",2,Design,Language choice,,,post/net,,2011-07-01 06:41:55Z,"2011-07-01 06:45:59Z,2011-07-01 06:41:55Z,2011-07-01 06:38:54Z,2011-07-01 06:44:01Z,2011-07-01 06:35:55Z,2011-07-01 06:48:03Z,2011-07-01 06:48:14Z","654,441,665,445,346,000,000,000,000,000,000,000,000,000,000,000,000,000,000,000,000"
https://stackoverflow.com/questions/6619931/how-should-an-array-be-passed-to-a-javascript-function-from-c,Accepted,2011-07-08 04:18:29Z,2017-02-15 17:08:44Z,anthonyvd,"6,829",4,"c#,javascript,webbrowser-control",How should an array be passed to a Javascript function from C#?,"I use a WebBrowser object from WPF and I'm calling some Javascript code in the page loaded in the browser like this:,now, the js function is supposed to iterate over the elements of the second parameter (an array of strings) and do stuff accordingly. The only issue is that the parameter seems not to be passed as a js array.,For example,,alerts ""Unknown"".,What is the proper way to pass an array as a parameter when invoking a js function from CSharp?","Maybe pass it as a json string instead and parse it in the js function,js:",10k,12,yes,"SA1, SA2.1, SA2.2, SB1, SB2",14,Coding,Interfacing,Interfacing choice,,method choice,,2011-07-08 04:33:11Z,"2011-07-08 04:33:11Z,2011-07-08 04:38:55Z,2012-06-01 10:15:02Z","661,993,166,200,116,000,000,000,000,000,000,000"
https://stackoverflow.com/questions/6649125/calling-java-methods-in-javascript-code,Accepted,2011-07-11 11:03:46Z,2018-02-21 08:41:32Z,Nadya Nux,529,2,"java,javascript",calling java methods in javascript code [closed],"i created a java class content method return a String, my question is how to call this function in my javascript code to use the returned value from the java method. I want to call client-side Java code embedded in browser.,here is an exemple of what im talking about:,in my webpage i have a javascript code, here is some of it:,i want to create a java class content methods to provide data to this javascript function ""GanttTaskInfo"".
for exemple function to get name, get id and date.
well i think this time im clear :D
i searched a way to call java methods in javascript, and i found applets as you said, but i think its not usefull to me.
thanks again","The bridge between the Java and JavaScript programming languages, ,. Formerly Mozilla-specific LiveConnect functionality, such as the ability to call static Java methods, instantiate new Java objects and reference third-party packages from JavaScript, is now available in all browsers. ,Below is example from documentation. Look at ,.,Java code:,Web page and JavaScript code:",128k,21,yes,"SA1, SA2.1, SA2.2, SB1, SB2",27,Coding,Embedding,,,,,2011-07-11 11:11:03Z,"2011-07-11 11:11:03Z,2011-07-11 11:05:10Z","664,912,566,492,046,000,000"
https://stackoverflow.com/questions/6866464/com-safearray-of-guids-returned-from-c-to-c-sharp,Accepted,2011-07-28 22:19:26Z,2016-09-02 01:01:06Z,Steve,916,2,"c#,c++,com,guid,safearray",COM SAFEARRAY of GUID's returned from C++ to C#,"I'm currently running into an issue of needing to pass a SAFEARRAY(GUID) as a return value from C++ to C#.,Currently the C# side is using an Interop dll generated from Tlbimp.exe (Type Library Importer).,The IDL is:,I've also tried [out, retval],The function signature is:,If I use , or ,:,I get a NULL , pointer, which is supposed to indicate , which is incorrect.,What I did find was that , is only for Ole property sets and not SAFEARRAY's:
, Its indicated that CLSID is ,I've also tried the alternate means of constructing the safe array with:
, and ,.,This lets me create the array, but when populating it with , I get an HRESULT of 0x80070057 (The parameter is incorrect). This is probably due to the fact it takes the , parameter as well,I can populate it manually with ,but I get an error from the C# side:
""The value does not fall within the expected Range"",I'm not sure how to accomplish the desired functionality of returning a SAFEARRAY(GUID) to C# either by a retval or out parameter.,It seems it should be simple - there are many areas in the IDL where I'm already passing GUID's without any UDT's or marshalling. Everything works fine until I need to pass them in a SAFEARRAY.,Any help is appreciated, Thanks in advance","You're absolutely right - the problem is that VT_CLSID isn't allowed in either VARIANT or SAFEARRAY. It boils down to GUID not being an Automation-compatible type.,I often need to do the same thing that you're trying. The easiest way around the problem is to convert the GUID to a string and then pass SAFEARRAY(VT_BSTR). It goes against the grain somewhat to do this conversion, but I suppose you could take the view that there's marshaling going on anyway and this conversion is a type of marshaling.",2k,6,yes,"SA2.1, SB1",5,Coding,Data handling,Interoperability,,data transfer,,2011-07-29 05:00:53Z,"2011-07-29 05:00:53Z,2013-02-17 04:53:14Z","6,866,464,686,882,810,000,000"
https://stackoverflow.com/questions/6872482/how-to-write-javascript-in-the-code-behind-file,Accepted,2011-07-29 11:33:53Z,2011-08-01 07:23:26Z,xorpower,"15,665",2,"c#,javascript,.net,asp.net,visual-studio",How to write Javascript in the code behind file?,"Below is the snapshot of my code that includes javascript taken from gridview's item template. It also has an image control placed.,The JS function takes an argument as ID. now how can i write the JS in the code behind file?,It is needed because i need to display the image based on some condition in row databound event of gridview.,P.S.: I am aware of Register Startup Script and Client Script but i am not sure how would they fit in to satisfy my conditions.","If you want to set the JS code for each single item of the gridview in RowDataBound-event, you could add a Hyperlink-control to your ItemTemplate and set the NavigationUrl-property of this control to the JS,RowDataBound-eventhandler:,Of course, you can also use , and , using the ,-Attribute",2k,7,yes,"SA2.1, SA2.2, SB1",3,Coding,Embedding,,,file eritr,,2011-07-29 11:44:00Z,"2011-07-29 11:44:00Z,2011-08-01 07:23:26Z","687,248,268,726,026,000,000"
https://stackoverflow.com/questions/7033953/python-cgi-program-wants-to-know-the-ip-address-of-the-calling-web-page,Accepted,2011-08-11 23:01:28Z,2021-02-18 20:14:08Z,Ray Goudie,177,2,"php,python,header,cgi",Python: CGI program wants to know the IP address of the calling web page,"I am new to Python programming.,I am stuck on what should be a simple procedure. I have a small and basic Python program that is called as CGI program by a web page.,All that I want to do is extract the IP address from the HTTP header fields.
For example, in PHP, this would be the value of ,.,I paid my dues by doing a search, and I came up with the fact that I need to use web.ctx.ip, but when I use that bit in code, there is an exception. I probably need to import something. I've tried the following individual imports without success:,I'd appreciate a , snippet of code that demonstrates what I need to import. My Python CGI program is running on a Linux box that has a basic Python version 2.4.3 installed. Do I need to install something else?","From ,:,The search was for ""python cgi get ip address"" and it was the first result. This answer is for generic Python CGI, if you're using some other interface / library then it might be different. It is the exact analog of the PHP version, however, as you can see.",6k,6,yes,"SA1, SA2.1, SA2.2, SB1, SB2",7,Coding,Interfacing,Invocation mechanism,Explicit interfacing,config,,2011-08-11 23:05:17Z,"2011-08-11 23:05:17Z,2018-10-28 17:42:39Z","7,033,953,703,397,450,000,000"
https://stackoverflow.com/questions/7045764/scraping-javascript-variables-to-php,Accepted,2011-08-12 20:10:50Z,2014-12-18 23:30:59Z,tr3online,"1,379",2,"php,javascript,parsing,xpath",Scraping Javascript variables to PHP,"I'm trying to parse some HTML with Xpath but am finding out the the links I want to get are generated by some javascript and not using just a normal a anchor. The javascript is as follows:,now, I've used XPath to grab the script code via:,Which returns:,My question is. How do I get this data into an array much like parse_url or the like? Should I just preg_match_all the variable storing the string? If so, what regex would I use? Or is there a better way to parse and grab the data I want?,Thanks in advance!","You could try:,I think your variables would then be $array[1] and $array[2].",2k,6,yes,"SA2.1, SA2.2, SB1",3,Coding,Data handling,Data format/compatibility,,pass data,,2011-08-12 20:23:58Z,"2011-08-12 20:23:58Z,2011-08-12 20:28:58Z","704,576,470,459,047,000,000"
https://stackoverflow.com/questions/7057022/is-it-safe-to-keep-c-pointers-in-c,Accepted,2011-08-14 13:19:15Z,2011-08-14 14:56:49Z,meds,"18,200",4,"c#,c++,pointers",Is it safe to keep C++ pointers in C#?,"I'm currently working on some C#/C++ code which makes use of invoke. In the C++ side there is a std::vector full of pointers each identified by index from the C# code, for example a function declaration would look like this:,But now I'm thinking, since I'm working with pointers couldn't I sent to C# the pointer address itself then in code I could do something like this:,Obviously that's a quick version of what I'm getting at (and probably won't compile).,Would the pointer address be guaranteed to stay constant in C++ such that I can safely store its address in C# or would this be too unstable or dangerous for some reason?","yes, no problem. Native memory allocations never move so storing the pointer in an IntPtr on the C# side is fine. You need some kind of pinvoked function that returns this pointer, then ,Which intentionally lies about this C++ function:,note the usage of , in the C++ code, you have to , the string. The passed , argument points to a buffer allocated by the pinvoke marshaller and is only valid for the duration of the function body. Your original code cannot work. If you intend to return pointers to vector<> elements then be , careful. A vector re-allocates its internal array when you add elements. Such a returned pointer will then become invalid and you'll corrupt the heap when you use it later. The exact same thing happens with a C# List<> but without the risk of dangling pointers.",291,6,yes,"SA2.1, SA2.2, SB1",2,Coding,Data handling,Interoperability,,memory error,,2011-08-14 13:48:42Z,"2011-08-14 13:26:41Z,2011-08-14 13:48:42Z,2011-08-14 13:26:19Z,2011-08-14 13:41:49Z","70,570,227,057,057,700,000,000,000,000,000,000"
https://stackoverflow.com/questions/7067512/jquery-cannot-change-a-value-where-js-can-because-the-library-is-out-of-date,Accepted,,2011-08-25 19:15:59Z,,,11,"php,javascript,jquery,html",jQuery cannot change a value where JS can because the library is out of date,"The jQuery library my code base was using was out of date. ,If yours is up to date try the following:,Sometimes when I am writing a ""class"" in javscript with jQuery, jQuery will just not function as it should. For example today I was doing the following on an input select:,This was working in jFiddle just fine, but not working in my project (both had 0 script errors). I tried to isolate the code as much as possible, but to no avail I could not get it to work.,The ""solution"" for this was to just write straight up javascript to set the value and it worked just fine. ,I am not a jQuery master, but this is not the first time I had to write a straight javascript solution when jQuery ""failed."" Do any jQuery masters out there know why something like this might happen? Is there a method of debugging jQuery I am not aware of? Does anyone else run into these types of problems with jQuery? If so, do you have a solution?,:,I downloaded the most recent version of the jQuery library and stepped through it only to find that the bug was probably resolved between jQuery 1.4.4 and 1.6.2. I didn't realize the person who handles most of the javascript wasn't keeping the jQuery library up to date. After stepping through the jQuery 1.4.4 library it seems that jQuery was not able to find my selector for some reason and therefore was never setting the value. This problem has been resolved in 1.6.2....,Lesson of the week... keep your jQuery library up to date and verify your senior developer's statements when things aren't matching up. ,-,I chose the answer I did because it was the only one which really helped me diagnose the source of the problem. While stepping through the unminified version of jQuery is such a simple solution, I actually should have done that before posting this question. I will post my findings as to why it didn't work later.,I agree with the user Sohnee that having a duplicate 'name' isn't bad practice and in some places you actually need it. ,I feel rather stupid because the posted code has been wrong for almost a week now. I have updated the code. I moved the init function to the public scope.,I know when dealing with inputs/css/etc you usually except IDs to be unique and classes to represent groups. I didn't think there were any rules about names, ,As for the current answers, I don't think it is a conflict. jQuery is working just fine. The binds are triggering causing the functions to be called in both implementations. ,The problem line is ,For example, if I console out , in the .each() it will have a value of lets say 'A'.,
Then if I console log out , it will be 'B'. Then , is run. After that if I do a console log of , it will still be 'B'.,In the comments someone mentioned that I might be using the word , wrong. Both of these returned 0 javascript errors on Chrome's console. I will give the following code snippet was what was having problems. I will write the original and then what I replaced it with javascript.,I am aware the name is the same, but that is ok. The page I am working on is a huge form and the cloned select is just to make the user not have to scroll back to another part of the form.,HTML:,jQuery (this does , work):,Javascript (this works):","I tried to reproduce the problem from your code, and like others could not do so. So it seems like there's something external that is interfering: a conflict, something with the markup, but generally something that's not obvious.,This sounds like a job for source-code stepping. Run this against the non-minified jQuery and trace the offending line with a debugger such as the built-in Chrome debugger or Firebug to see what's happening inside jQuery. This should reveal what's going wrong, be it a jQuery bug or something in your own code/markup that you didn't see before.",674,6,yes,"SA2.1, SB1",2,Coding,Build,,,jquery outdate,,2011-08-25 12:03:03Z,"2011-08-25 12:03:03Z,2011-08-24 01:02:37Z,2011-08-15 16:17:12Z,2011-08-17 23:13:50Z,2011-08-18 23:27:07Z,2011-08-19 16:54:49Z,2011-08-21 08:07:30Z,2011-08-22 05:51:12Z,2011-08-24 11:46:40Z,2011-08-24 12:58:44Z,2011-08-24 20:00:42Z","706,751,271,899,997,000,000,000,000,000,000,000,000,000,000,000,000,000,000,000,000,000,000,000,000,000,000,000"
https://stackoverflow.com/questions/7229027/how-to-get-data-to-javascript-from-php-using-json-encode,Accepted,2011-08-29 10:41:26Z,2020-06-29 07:23:29Z,,,7,"php,javascript,csv,json",how to get data to javascript from php using json_encode?,"I am trying to map traceroutes to google maps.,I have an array in php with traceroute data as,I used , and saved the file,now, how do I access this using javascript, by directly equating it to new JS object?,earlier I used to have a data format like this on harddrive,and in my javascript it was used as ,and then simply acces the members as data[1].latitude","I recommend using the ,. The minified version only has 31 kB in size and provides lots of useful functions.,For parsing JSON, simply do,You can now access everything easily:,: jQuery uses the browser's native JSON parser - if available - which is very quick and much safer then using the , method.,: To get data from the server side to the client side, there are two possibilities:,1.) Use an AJAX request (quite simple with jQuery):,2.) Write the JSON object into the Javascript source code at page generation:",71k,11,yes,"SA1, SA2.1, SA2.2, SB1, SB2",26,Coding,Interfacing,Interfacing choice,,method choice,,2011-08-29 10:49:43Z,"2011-08-29 10:49:43Z,2017-10-12 21:51:50Z,2012-05-30 17:13:31Z,2013-07-19 09:57:00Z,2014-07-07 07:14:27Z,2016-05-12 08:10:46Z,2019-06-11 06:32:04Z","72,290,277,229,104,400,000,000,000,000,000,000,000,000,000,000,000,000,000,000,000"
https://stackoverflow.com/questions/7276389/confused-over-dll-entry-points-entry-point-not-found-exception,Accepted,2011-09-01 20:52:30Z,2014-05-27 10:02:59Z,GregD,185,3,"c#,c++,visual-studio-2010,dll",Confused over DLL entry points (entry point not found exception),"I'm trying to learn how to use DLL's in C#. I have a very simple DLL just to test the basics.,And the DLL code:,dumpbin returns the following:,This (and other attempts listed below) have all returned the same exception:,So I am at a loss for how to solve this. Perhaps I do not understand how DllMain functions as the C# entry point for a DLL. TestDLL.dll works when I test it in a C++ application.,After searching for help, I've attempted the following changes:,Which results in this from dumpbin,Thus, I changed my C# code:,I've also tried ,:,.,Perhaps I'm misunderstanding the calling conventions. Any help would be very appreciated. Thank you.","use,and, will prevent name mangling with params and return type such as ,.
__stdcall will prepend an , and add , : , (where 8 is the total size of arguments). note that it also affects the way parameters are pushed on the stack.,In your , statement, since you specify ,, you don't need to specify the name mangling. Just give the regular name (,) and .NET will take care of name mangling (,).,note that you , specify the CallingConvention or .NET wouldn't emit the correct code to push arguments on the stack",34k,9,yes,"SA2.1, SA2.2, SB1",17,Coding,Interfacing,Invocation mechanism,Explicit interfacing,c# dll,,2011-09-01 20:55:56Z,"2011-09-01 20:55:56Z,2011-09-01 20:58:53Z,2014-05-27 10:02:59Z","72,763,897,276,429,700,000,000,000,000"
https://stackoverflow.com/questions/7309838/improper-marshaling-c-sharp-array-to-a-c-unmanaged-array,Accepted,2011-09-05 15:06:26Z,2011-09-05 15:58:39Z,Nicholas H Kirk,63,2,"c#,c++,pinvoke,marshalling",Improper marshaling: C# array to a C++ unmanaged array,"There is an error in the marshaling of the second parameter, I don't know where. Then:,If I'm not careful and specify only ""SafeArray"" in the Database marshaling I get a 'error in reading/writing memory, probably corrupt' etc.,if ""Database"" was marshaled as ByValArray everything is fine, the values show up correctly. Unfortunately I get an internal size exception because I have many arrays of that size, therefore I have to go for pointers - but anything with ""SizeArray"" will bring the following results (with the code just posted):,(from C++):,I think I should mention that I need the same identical structure from C# to C++, I'm not looking for anything fancy. So Array in a Struct >>> Array in a Struct., insight in reference to this would be of great value. I have been looking for hours and I don't have yet a solution.,Many thanks in advance.","As I understand your question, you can't use , with , because your real struct has a large number of such arrays which results in the stack overflowing.,You opine that maybe you need to use pointers in your structs and I agree with you. Here is how to do it.,On the C++ side you should declare each array as a pointer to the element type:,You may also wish to include the length of the arrays in the struct to avoid excessive amounts of hard-coded constants. ,All the hard work happens on the C# side.",5k,6,yes,"SA2.1, SA2.2, SB1",5,Coding,Data handling,Interoperability,,parameter error,,2011-09-05 15:25:48Z,"2011-09-05 15:25:48Z,2011-09-05 15:12:09Z","730,983,873,100,217,000,000"
https://stackoverflow.com/questions/7322420/calling-javascript-object-method-using-webbrowser-document-invokescript,Accepted,2011-09-06 15:33:46Z,2018-05-28 02:44:31Z,Brazol,305,3,"c#,javascript,.net,winforms,browser",Calling javascript object method using WebBrowser.Document.InvokeScript,"In my WinForms application I need to call javascript function from my WebBrowser control. I used Document.InvokeScript and it works perfect with functions alone e.g ,But when i want to call javascript object method e.g.,it doesn't work. Is there a way to make it work? Or different solution to this problem? , changing anything in the javascript code!,Thanks in advance :)","The example in the , does NOT include the parenthesis.,Try,note that you can pass arguments if you use ,.,Looks like you aren't the only one with this issue: , . You can make a ""Proxy function"" like the poster of that link suggests. Basically you have a function that invokes your object's function. It's not an ideal solution, but it'll definitely work. I'll continue looking to see if this is possible.,Another post on same issue: , . Interesting solution proposed by C. Gro?? on CodeProject:,You could make that an extension method on HtmlDocument and call that to run your function, only using this new function you WOULD include parenthesis, arguments, the whole nine yards in the string you pass in (since it is just passed along to an eval).,Looks like HtmlDocument does not have support for calling methods on existing objects. Only global functions. :(",30k,9,yes,"SA1, SA2.1, SA2.2, SB1, SB2",9,Coding,Interfacing,Invocation mechanism,Explicit interfacing,call js method,,2011-09-06 16:00:27Z,"2011-09-06 16:00:27Z,2015-07-14 16:29:20Z,2018-05-28 02:44:31Z","732,242,073,227,893,000,000,000,000,000"
https://stackoverflow.com/questions/7559676/how-to-correctly-deserialize-a-json-string-into-the-class-that-contains-a-nested,Accepted,2011-09-26 18:40:02Z,2012-11-07 13:34:02Z,EbbnFlow,613,2,"c#,javascript,.net,asp.net,json",How to correctly deserialize a JSON string into the class that contains a nested List of another class,"I have the following object graph and I'm using Jquery's $.Ajax() to send this identical ""View"" object in JSON (stringified) from the browser to a Page Method on ASP.Net. The JAvascript deserialization works for all of the strings and int's in the View class but My , is empty. ,What I tried: Using chrome dev tools, I took the stringified JSON, created a unit test and used both the , and the ,. The , object deserialized my object graph correctly but the , dumped my List. How can I get the correct deserialization on my page method ?,Instead of this (the view obj as a param).,how can I get this? (the string param),My JSON looks like this.","I figured it out. ,I didn't want to use the JavascriptSerializer class because it dumped my nested list so I forced it to pass me the object as a string and then I manually deserialized it. I also kept getting ""no parameterless constructor defined for type of u0027system.string u0027"",Remember that U0027 is an apostrophe so the runtime might be thinking that there is an actual type named ""System.string"" and not System.string. My problem was - I wasn't correctly delimiting the parameters in the item below called data2. I had to put \' ticks \' around the key and the value.",23k,6,yes,"SA2.1, SA2.2, SB1",11,Coding,Data handling,Data format/compatibility,,serialization,,2011-09-27 13:12:31Z,"2011-09-27 13:12:31Z,2011-09-26 18:59:53Z","755,967,675,697,177,000,000"
https://stackoverflow.com/questions/7598431/adding-jquery-to-magento,Accepted,2011-09-29 13:58:33Z,2014-02-24 13:20:30Z,Luke,748,4,"php,javascript,jquery,magento",Adding jQuery to Magento,"What is the recommended way to add jQuery (or any script) BEFORE the rest of the scripts that come with Magento using local.xml? ,I've tried to use (in local.xml):,but this ends up adding jQuery to the end of the scripts that are added by Magento in page.xml in the base package. I've even tried removing all the scripts using:,to remove all of the scripts that were added in page.xml and then re-adding them in local.xml in the order I need them to be in (jQuery first), but somehow, they are ending up in the same order (with jQuery last). ,I've stepped through the Magento code and verified that the scripts are getting removed and then re-added to $this->_data['items'] in Mage_Page_Block_Html_Head, but at some point, when they get added to the page, they are added with jQuery last.,I'm guessing there has to be a more elegant way to do this, but I've yet to find it in my Googling. Everything I've found recommends modifying page.xml directly, which I've read elsewhere is not a good idea.","Best is to use the content delivery network which will be better in performance/speed for your website.,I mostly just open up template/page/html/head.phtml and right before ,I add:,Also make sure you run the jQuery.noConflict() method and always use the full jQuery name instead of the $ (dollar sign) to avoid conflicts with prototype ;)",14k,6,yes,"SA2.1, SA2.2, SB1",15,Coding,Build,,,3rd lib config,,2011-09-29 14:37:35Z,"2012-07-08 00:39:26Z,2011-09-29 14:37:35Z,2011-09-29 14:12:14Z,2014-02-24 13:20:30Z","7,598,431,113,798,210,000,000,000,000,000,000,000"
https://stackoverflow.com/questions/7672792/calling-c-exe-functions-from-c-sharp,Accepted,2011-10-06 10:03:15Z,2011-10-06 12:22:58Z,Luchian Grigore,"238,735",2,"c#,c++",Calling C++ exe functions from C#,"I'm trying to monitor a running application written in C++ using a different C# application.,In my C++ code I have defined an API:,Is there a way to call this function from the C# code?,Will the classic approach work:","yes, any PE executable can export functions this way. Just keep in mind that the compiler will sometimes mangle the export names, resulting in stuff like this:,You can check that the names are OK by loading the executable file into a tool such as ,.,You should be able to call it in exactly the same way you would a function in a DLL.,
Ok, so it looks like you want IPC, not a P/Invoke call. See , for info on how to use named pipes in C#. And ,'s a great place to start looking for info on how to use named pipes in C++.",4k,6,yes,"SA1, SA2.1, SB1, SB2",5,Coding,Interfacing,Interfacing choice,,method choice,,2011-10-06 10:06:02Z,"2011-10-06 10:06:02Z,2011-10-06 12:22:58Z","767,279,276,728,207,000,000"
https://stackoverflow.com/questions/7691599/execute-python-script-with-function-from-command-line-linux,Accepted,2011-10-07 18:48:36Z,2011-10-07 19:11:10Z,knittledan,724,3,"python,linux,shell,command-line","execute python script with function from command line, Linux","I have my python file called convertImage.py and inside the file I have a script that converts an image to my liking, the entire converting script is set inside a function called convertFile(fileName),now my problem is I need to execute this python script from the linux command line while passing the convertFile(fileName) function along with it.,example:,This should execute the python script passing the appropriate function.,example:,What is the right way to execute this python script and properly pass the file name to the function from the liunx command line?,Thank in advanced","This,This will work. But it's insanely dangerous.,You really need to think about what your command-line syntax is. And you need to think about why you're breaking the long-established Linux standards for specifying arguments to a program.,For example, you should consider removing the useless ,'s in your example. Make it this, instead.,Then, you can -- with little work -- use , to get the command (""convertFile"") and the arguments (""fileName"") and work within the standard Linux command line syntax.",48k,11,yes,"SA2.1, SA2.2, SB1",23,Coding,Interfacing,Interfacing choice,,method choice,,2011-10-07 18:59:04Z,"2011-10-07 18:59:04Z,2011-10-07 18:54:42Z,2011-10-07 18:56:05Z","7,691,599,769,169,070,000,000,000,000"
https://stackoverflow.com/questions/7699172/check-uncheck-all-checkboxes-with-javascript-in-a-php-array-with-keys,Accepted,2011-10-08 19:14:58Z,2013-04-11 13:52:26Z,David Adders,139,1,"php,javascript,arrays,checkbox,key",Check/Uncheck all checkboxes with Javascript in a PHP array with keys,"I have the following code:,And the following script:,The script is working with other arrays without keys, but I can't get it to work with this array which has keys.,Thanks in advance","You can use ,:,OR you can use: ,Did you get a chance to try jQuery?",5k,7,yes,"SA2.1, SA2.2, SB1",10,Coding,Embedding,,,HTTPRequest,,2011-10-08 19:37:39Z,2011-10-08 19:37:39Z,"76,991,727,699,298"
https://stackoverflow.com/questions/7700446/java-app-calls-c-dll-via-jni-how-best-to-allocate-memory,Accepted,2011-10-08 23:33:04Z,2015-05-21 06:45:47Z,JoshDM,"4,868",1,"java,c++,memory,dll,java-native-interface",Java app calls C++ DLL via JNI; how best to allocate memory?,"Basic summary of question is:
How do I best optimize my memory allocation to give as much memory to the DLLs I access through JNI as possible? What should I aim to minimize, what should I aim to maximize, etc.,SYSTEM:
Running JBoss 6 as a Windows 32 Service in a 32-bit system with 4 GB RAM. I do understand there are maximum restrictions on memory for Java Heap. JVM is ,SERVICE:
Installed under JBoss is a webapp which receives requests from clients; each request calls the C++-built DLL through JNI to process an image file in some fashion or other. ,ISSUE:
Occasionally, with larger or some (not all) LZW-compression images, the calling java class receives a message that the DLL experienced a Global Memory Depletion and failed to complete the requested process.,There is nothing else actively running on the server beyond basic windows processes.,Current JBOSS App Server memory settings are as follows, but may be excessive:,-Xms1024m -Xmx1024m -Xss1024k -XX:MaxPermSize=128m ,I am trying to determine the best memory settings to give as much resources to the JNI DLL, as I understand JNI does not use any memory allocated to the Java Heap.,I have read these, but did not find them helpful to answer my question:","Memory allocated by the native code wrapped by JNI is allocated to the JVM process, but is not under the control of your Java code. It is not part of the heap, and is not tunable via JVM parameters. Basically, anything allocated with a native malloc must be managed by that native code. If you are in control of the libraries you are using, its imperative that you go through it and check for resource leaks. This is especially important if this is being used in a long lived process.,In my experience the best approach would be to examine your actual memory use by pulling the JMX stats exposed by the JVM. Once you have an idea about how much memory your Java app consumes You'll have a better idea about where to set your max heap settings. Permgen space is used for class definitions and such, so you really shouldn't need much memory there unless you are doing a bunch of dynamic class loading.,While you cannot tune the memory available for the JNI library, tuning the memory reserved for your heap and such will potentially free up resources for use by the library.,As would be expected, adding the heap memory peaks together it comes out to about 1022.19 (the max size of your heap). When the heap is exhausted a full GC run is kicked off and dirty heap is reclaimed. Based on the numbers that you have provided, I'd suggest starting with a Xmx512m. This will give your JNI code room to breath. ,If you find that the JVM is thrashing due to excessive garbage collection, meaning that you're running out of Java heap too quickly, you could grow that allocation. However, if it is eating up 512mb rapidly enough to cause a noticeable performance impact, its unlikely that anything short of a significant increase will have much effect. This all depends heavily on your program, how quickly it eats the Java heap, and how effective the full GC run is.",12k,10,no,"SA2.1, SB1",15,Testing/Debugging,Efficiency/Performance,,,calls,,2011-10-24 06:40:55Z,2011-10-24 06:40:55Z,"77,004,467,872,067"
https://stackoverflow.com/questions/7919856/how-to-use-websockets-with-play-framework,Accepted,2011-10-27 17:24:43Z,2012-07-11 18:04:19Z,Jonas,"100,550",2,"java,javascript,playframework,websocket",How to use WebSockets with Play Framework?,"I have downloaded Play Framework from GitHub and compiled it. now I want to use WebSockets and made a JavaScript client and a WebSocket controller similar to the one on ,, but it doesn't work. I can open the WebSocket, but the controller doesn't receive any message I send to it. And I can't close the WebSocket with ,, but if I update my webpage in the browser, the WebSocket is closed on the server.,How can I receive and send WebSocket messages using Play Framework?,Here is my Play Framework WebSocketController:,Here is my JavaScript client:","I have taken your code and run it on Chrome 14 and 15 and Firefox 7, with the latest version of Play from the Master Branch, and it seems to work mostly. I can,The changes I made where,The second two bullets I had to do to get the code to compile?!",6k,9,yes,"SA2.1, SA2.2, SB1",6,DEM,Build,,,config for socket,,2011-10-27 18:17:49Z,"2011-10-27 18:17:49Z,2012-07-11 18:04:19Z","7,919,856,792,042,910,000,000"
https://stackoverflow.com/questions/8089351/exec-any-command-in-c,Accepted,2011-11-11 03:32:09Z,2011-11-12 09:12:55Z,JJ Liu,"1,261",5,"c,linux,shell,execvp",exec() any command in C,"Say in C, I want to call , on any string command. Command can just be:,I want to put this command variable inside ,. So the , flavored function can just run with any kind of arbitrary command.,How can I do that? Thanks.,NOTE: , is not allowed.","If you , to call ,, then you will need to split up those strings into an executable name and an array of arguments (the first being the ""name"" of the program and the last being a NULL pointer).,That means something like:,This is a non-trivial exercise, especially if you want to allow for quoting, globbing, escaping and so forth.,Quoting means you'll have to be careful with commands like:,in that you can't simply break on the spaces - you'll have to interpret items in the command much the same as the shell does. Simplistic breaking on spaces would give you a command with three arguments for that string above, rather than the correct one.,By globbing, I mean you'll almost certainly have problems with something like , since it's typically the , which expands these arguments. Passing that directly to , will result in a , argument of literally , rather than many arguments matching all the text files in your current directory.,Quoting means that you'll have to handle things like:,which will further complicate your parser.,Don't get me wrong, it can be done, but it's probably a damn sight easier just using ,.,If you're still thinking of going the , route, you'll have to:",25k,8,yes,"SA2.1, SA2.2, SB1",11,Coding,Interfacing,Invocation mechanism,Explicit interfacing,c call shell,,2011-11-11 03:37:52Z,"2011-11-11 03:37:52Z,2011-11-11 03:37:54Z,2011-11-11 03:38:00Z,2011-11-11 03:39:13Z,2011-11-11 05:46:50Z","808,935,180,893,818,000,000,000,000,000,000,000,000,000"
https://stackoverflow.com/questions/8102244/swig-c-to-python-warning362-operator-ignored,Accepted,2011-11-12 03:05:32Z,2013-04-26 18:39:26Z,Homunculus Reticulli,"55,947",2,"c++,python,swig",SWIG C++ to Python: Warning(362): operator= ignored,"I am exporting a C++ class to Python and I noticed that during compilation, SWIG issued the following warning:,I am not sure why the operator is being overloaded, because it says in the ,, that SWIG is capable of handling operators such as the assignment operator,There is nothing special about my class, it is declared like this:,Why is SWIG failing to generate wrapper code for the assignment operator, and how may I fix this?","There is no assignment in python (other than in primitive types), only assignment of pointers. If you want to create a copy, you need a special copy function.",3k,10,yes,"SA2.1, SB1",9,Coding,Data handling,Interoperability,,data transfer,,2011-11-12 03:09:51Z,"2011-11-12 03:09:51Z,2011-11-12 13:47:54Z","810,224,481,022,718,000,000"
https://stackoverflow.com/questions/8241732/application-exits-no-exception-when-referencing-64bit-dll-from-c-sharp,Accepted,2011-11-23 11:52:51Z,2011-11-23 13:17:38Z,wal,"16,385",1,"c#,c++,windbg,dump",application exits (no Exception) when referencing 64bit dll from C#,"I've , and now looking to use it in a C# program:,I'm using the following class to test (similar code works for 32bit lzo.dll):,At the point indicated the application crashes, so I pulled out windbg and here is the output of that: (sorry for verbosity),I've had a look at this but still can't ascertain even a hint of the problem. I believe its complaining about the symbols even tho the stack trace looks like it does have names and thus provide some meaning. Can someone hint at what might be the issue or point in the direction to head next?,It opens OK in , and Dependency Walker.,There does , appear to be an issue with the lzo2.dll in itself as the test applications provided as part of the build process (lzotest.exe -mlzo COPYING) pass.","no stack trace but I can guess, you see CoTaskMemFree() on there somewhere. Which is what the pinvoke marshaller calls to release the string buffer that was returned by the function. Problem is, that string buffer wasn't allocated by CoTaskMemAlloc(). Vista and Windows 7 have a much stricter memory manager, they don't allow a program to release memory it didn't allocate. It works on XP, it simply ignores the bad buffer pointer.,C functions that return strings are a memory management problem. It is however likely to work in this specific case, it probably returns a string literal that doesn't need to be released. You have to stop the marshaller from trying to release the string, declare the function like this:,and use it like this:",2k,9,yes,"SA1, SA2.1, SA2.2, SB1, SB2",13,Testing/Debugging,Data handling,Interoperability,,memory error,,2011-11-23 13:17:38Z,2011-11-23 13:17:38Z,"82,417,328,242,828"
https://stackoverflow.com/questions/8295645/cython-vector-operations,Accepted,2011-11-28 12:13:23Z,2011-11-28 12:18:22Z,Patric,653,1,"c++,python,algorithm,vector,cython",Cython vector operations,"How can I use the , function from ,? (Or any other operation, I want to use this with vectors, I tried to , to declare it, but there is no template function yet, I think)","Cython can only reasonably link against compiled code in some external library following the C calling conventions. To use template functions, you'll have to write an , wrapper function that uses a specific incarnation of the algorithm (i.e. you have to fix the template parameters).",994,6,no,"SA2.1, SB1",6,Coding,Build,,,cython config,need guide?,2011-11-28 12:18:22Z,2011-11-28 12:18:22Z,"82,956,458,295,693"
https://stackoverflow.com/questions/8358375/how-to-return-int-array-from-java-to-jni,Accepted,2011-12-02 15:10:53Z,2011-12-02 18:10:35Z,Marcin Bak,"1,380",1,"java,android,c,java-native-interface",How to return int array from Java to JNI,"I have to call a Java method from JNI. This Java method returns int array (int[] simpleMethod()). How to call this from JNI to get the array as a return value? 
I know how to do this when method returns void/String/int/etc but couldn't find anything with arrays.
I have some ideas how to work around this but maybe there is simple answer.","Use ,. For example:",6k,10,no,"SA2.1, SA2.2, SB1",23,Coding,Interfacing,Invocation mechanism,Explicit interfacing,JNI data transfer,,2011-12-02 18:10:35Z,2011-12-02 18:10:35Z,"83,583,758,360,691"
https://stackoverflow.com/questions/8450481/method-without-return-value-in-python-c-extension-module,Accepted,2011-12-09 19:11:18Z,2012-08-19 22:16:21Z,markmb,812,2,"python,c,python-c-api,parallel-port,python-extensions",Method without return value in python c extension module,"I'm trying to create a script in python that sends data through a parallel port. I'm creating my own module in C language.,The problem is: when I try to execute my module, python crashes. No errors, no data, nothing. It simply closes.,This is my module:,(It works without all python mess)
I compile it through distutils and then, in terminal (using xubuntu), I put:,And here, it goes out of python, it puts ""markmb@..."",Thanks in advance!","Returning NULL to the python/c API indicates that an error has occurred. But since you didn't actually set an exception you get the error:,If you are trying to return None, use:",10k,11,Yes,"SA2.1, SA2.2, SB1",12,Coding,Error/Exception handling,,,modul erthr,,2011-12-09 19:47:08Z,"2011-12-09 20:02:37Z,2011-12-09 19:47:08Z","845,048,184,510,698,000,000"
https://stackoverflow.com/questions/8525193/how-to-install-jpype-on-os-x-lion-to-use-with-neo4j,Accepted,2011-12-15 18:59:28Z,2014-06-18 18:57:24Z,rogueleaderr,"4,242",10,"java,python,gcc,osx-lion,neo4j",How to install JPype on OS X Lion to use with Neo4j?,"I am trying to use Neo4j for a project, and want to interface with it through Python since I'm a newbie to programming and don't know any Java. I'm following the ,, but I'm stuck on
the first step, which is to install JPype.,I'm using OS X 10.7 (lion). I think my configuration is pretty standard
with Python 2.7.2 downloaded from the Python website and Java 1.6.0 downloaded from the Apple website.,When I run,On the JPype installer, I get about a 100 lines of error code about various .h files, then it
terminates with the lines:,I found a ,, but I followed the instructions there to no avail. I also emailed the author of that post, and he told me had never actually used JPype, had been working in OS X 10.6, and didn't have any insight.,I also emailed the creator of JPype, who told me that he only uses Windows, and has no idea how to make the install work on OS X. But if we can solve this, I can point him to the answer and maybe he can add the solution to the JPype documentation and help lots of other people as well!,So, anyone know what I'm doing wrong? I would like to use Neo4j, but I
don't know Java so I'm at a complete loss for how to fix a compiler
error.,Based on reading every Google result available, my two running
theories are that:,There is ,, but the solution there is to use a different adapter that goes through REST instead of hooking directly into Java. I will try that if I have to, but I would really rather use the recommended Neo4j method if it's possible.","I'm not a Python guy, but tried installing JPype on my machine:,On OSX Lion, the latest JDK appears to be located here:,A little googling turned up this post: ,I followed those instructions to modify setup.py, then ran , with no problems. ,Does that help?",5k,7,yes,"SA1, SA2.1, SA2.2, SB1, SB2",11,Coding,Build,,,Poor documentation,,2011-12-15 21:50:09Z,"2011-12-15 21:50:09Z,2012-09-21 13:48:20Z,2012-07-19 05:41:35Z,2013-01-09 22:57:10Z,2012-11-22 22:43:48Z,2012-08-23 15:48:14Z,2011-12-16 17:21:33Z,2013-03-31 16:41:31Z,2014-03-01 17:43:16Z,2012-09-29 10:54:14Z","8,525,193,852,710,810,000,000,000,000,000,000,000,000,000,000,000,000,000,000,000,000,000,000,000,000,000,000,000"
https://stackoverflow.com/questions/8546061/best-way-to-secure-javascript-front-end-rest-back-end-architecture-web-site,Accepted,2011-12-17 16:18:28Z,2011-12-19 22:52:18Z,rico,"1,801",1,"java,javascript,security,rest,architecture",Best way to secure javascript front end/REST back end architecture web site?,"I would like to build the following project:,In fact, there are three parties in my architecture : the front end, which is a client of the back end, the back end and the user which wants to authenticate on the front end login page.,What is the best way to secure the three parties involved in this architecture ?,In fact, I believe it is just impossible to do a secure app on the front end if I do everything in javascript, so I intend to delegate the authentication/authorization to a proxy layer on my server front end. What do you think about that ?,I intend to use OAuth to secure my REST back end, but I am not sure if I have to use the 2 or 3 legged implementation. What is the right approach in this case?, : while searching a deep more on SO website, i found this , which is exactly what i would like to do, except i want to use Java on server side and not DotNet. If i understand well, in fact my web site is like any client of my REST API, except it is the only one which has the right to create new users' accounts. Because, if my REST API is only accessible by OAuth (like Twitter's one), who can perform the user account creation before ? Am i right ?","One major concern with security with this architecture is testing. Automated tools will have trouble testing this system for common vulnerabilities like SQL Injection, ,. A useful tool for testing strange architectures is OWASP's open source , or the proprietary BURP proxy. Testing will be time consuming and requires someone who has a good understanding of web application vulnerabilities. We often refer to these people as ,. ,A RESTful form of keeping session state is to use an , to protect the values from modification. However, this is a misuse of cryptography because it opens the door for attack. An attacker can brute force the secret key used in your HMAC and then modify values such as his session id or otherwise gain access to another account on the system. Cryptography should only be used when there is no other option. This vulnerability is prevented entirely by storing session state in a database, which isn't RESTful.",7k,16,no,"SA1, SA2.1, SB1, SB2",3,Design,Security,,,post/net,,2011-12-18 08:24:34Z,2011-12-18 08:24:34Z,"85,460,618,550,599"
https://stackoverflow.com/questions/8599595/send-json-data-from-javascript-to-php,Accepted,2011-12-22 04:56:22Z,2020-12-22 08:07:01Z,kermit,"1,552",11,"php,javascript,ajax,json",Send JSON data from Javascript to PHP?,"How can I send JSON data from Javascript in the browser, to a server and have PHP parse it there?","Getting JSON data from Javascript on the browser, to the server, and having PHP successfully parse it., Javascript in a browser (Firefox) on Windows. LAMP server as remote server: PHP 5.3.2 on Ubuntu.,
1) JSON is just text. Text in a certain format, but just a text string. ,
2) In Javascript, , gives me the JSON string.,
3) I use the AJAX XMLHttpRequest object in Javascript to send data to the server:,4) On the server, PHP code to read the JSON string:,This reads the raw POST data. , now contains the exact JSON string from the browser.,
1) If I want to use the , request header, I need to create a standard POST string of , so that when PHP gets it, it can put it in the , associative array. So, in Javascript in the browser:,PHP will now be able to populate the $_POST array when I send str_json via AJAX/XMLHttpRequest as in version 1 above. ,Displaying the contents of , will display the JSON string. Using json_decode() on the $_POST array element with the json string will correctly decode that data and put it in an array/object.,
Initially, I tried to send the JSON string with the header of application/x-www-form-urlencoded and then tried to immediately read it out of the $_POST array in PHP. The $_POST array was always empty. That's because it is expecting data of the form yval=xval&[rinse_and_repeat]. It found no such data, only the JSON string, and it simply threw it away. I examined the request headers, and the POST data was being sent correctly.,
Similarly, if I use the application/json header, I again cannot access the sent data via the $_POST array. If you want to use the application/json content-type header, then you must access the raw POST data in PHP, via php://input, not with $_POST.,
1) How to access POST data in PHP: ,
2) Details on the application/json type, with some sample objects which can be converted to JSON strings and sent to the server:",119k,51,no,"SA1, SA2.1, SA2.2, SB1, SB2",63,Design,Interfacing,Interfacing choice,,method choice,,2011-12-22 14:44:18Z,"2011-12-22 14:44:18Z,2014-10-04 21:46:48Z,2015-04-30 19:28:01Z,2011-12-22 05:05:45Z,2011-12-22 05:23:43Z,2011-12-22 05:03:42Z,2011-12-22 06:42:50Z,2020-06-05 12:57:44Z,2011-12-23 00:16:49Z,2018-11-13 08:53:01Z,2016-04-26 08:46:50Z","85,995,958,605,464,200,000,000,000,000,000,000,000,000,000,000,000,000,000,000,000,000,000,000,000,000,000,000,000,000"
https://stackoverflow.com/questions/8638984/send-post-data-to-php-without-using-an-html-form,Accepted,2011-12-26 20:42:31Z,2017-01-22 05:31:32Z,bag-man,"1,363",7,"php,javascript,html",Send POST data to PHP without using an HTML form?,"Is there anyway to send post data to a php script other than having a form? (not using GET of course).,I want javascript to reload the page after X seconds and post some data to the page at the same time. I could do it with GET but I would rather use POST, as it looks cleaner. ,Thanks a lot. ,EDIT: Would it be possible to do with PHP header? I'm sure it is better to use JQuery but for my current situation I could implement that a lot easier/faster : ),Cheers,I ended up doing it like so:,Seems to work fine for me, but please say if there is anything wrong with it!,Thanks everyone.","As requested above, here is how you could dynamically add a hidden form and submit it when you want to refresh the page.,Somewhere in your HTML:,And some Javascript:,This is equivalent to submitting this HTML form:",86k,15,yes,"SA2.1, SA2.2, SB1",23,Coding,Interfacing,Interfacing choice,,-,,2011-12-26 21:18:54Z,"2011-12-26 21:18:54Z,2011-12-26 20:43:59Z,2017-01-22 05:31:32Z,2011-12-26 20:48:16Z,2011-12-26 20:50:37Z,2013-09-05 08:30:28Z,2011-12-26 20:47:24Z","8,638,984,863,917,380,000,000,000,000,000,000,000,000,000,000,000,000,000,000"
https://stackoverflow.com/questions/8654519/what-happens-if-i-call-a-java-function-from-multiple-threads-from-c-with-jni,Accepted,2011-12-28 10:15:45Z,2011-12-28 12:07:21Z,Blub,"11,772",2,"java,c,java-native-interface,pthreads",What happens if I call a java function from multiple threads from C with JNI?,"This link seems to suggest that ""it just works"": (pretty far on the bottom under 7.3 Attaching Native Threads) ,I don't see how that is possible, is the embedded JVM going to start its own threads automatically? Or queue the JNI calls? How else could there be multiple calls to the same virtual machine. which I haven't instructed to do any threading?,Any way I can imagine that to work is, if the java code will simply be executed in the same calling thread as the c code. Is that correct? That would mean that I don't have to do any threading in Java.","The jvm does not have to create its own threads, the method calls are executed on the native threads that make them. The AttachCurrentThread and DetachCurrentThread will take care of any necessary jvm internal state management, for example creating java Thread objects wrapping the native threads.",629,6,no,"SA2.1, SB1",4,Design,Interfacing,Invocation mechanism,Explicit interfacing,thread,,2011-12-28 12:07:21Z,"2011-12-28 12:07:21Z,2011-12-28 11:26:08Z","865,451,986,557,248,000,000"
https://stackoverflow.com/questions/8688400/using-managed-threads-and-fibers-in-clr,Accepted,2011-12-31 13:33:38Z,2018-05-21 10:41:15Z,Wayne,"2,903",3,"c#,c++,exception-handling,fibers",Using managed threads and fibers in CLR,"Okay, the following link has a warning that the discussion uses unsupported and undocumented apis. Well I'm trying to use the code sample any way. It mostly works. Any ideas about the specific issue below relating to exceptions?,FYI, I made an improvement over the original sample. It was maintaining a pointer to the ""previousfiber"". Instead, the updated sample below uses a ""mainfiber"" pointer which gets passed to every fiber class. In that way, they always yield back to the main fiber. That allows the main fiber to handle scheduling for all other fibers. The other fibers always ""yield"" back to the main fiber.,The reason for posting this question has to do with throwing exceptions inside a fiber. According to the article, by using the CorBindToRunTime API with CreateLogicalThreadState(), SwitchOutLogicalThreadState(), etc, the framework will create a managed thread for each fiber and properly handle exceptions.,However, in the included code examples it has an UUnit test which experiments with throwing a managed exception within a Fiber and also catching it within the same fiber. That soft of works. But after handling it by logging a message, it seems the stack is in a bad state because if the fiber calls any other method even an empty method, the whole application crashes.,This implies to me that SwitchOutLogicalThreadState() and SwitchInLogicalThreadState() maybe aren't being used properly or else maybe they're not doing their job.,NOTE: One clue to the problem is that the managed code logs out the Thread.CurrentThread.ManagedThreadId and it is the same for every fiber. This suggests that the CreateLogicalThreadState() method didn't really create a new managed thread as advertised.,To analyze this better, I have made a pseudocode listing of the order of low level APIs called to handle the fibers. Remember, that fibers all run on the same thread so there's nothing concurrently happening, it's a linear logic. The necessary trick of course is to save and restore the stack. That's where it seems to be having trouble.,It starts out as simply a thread so then it converts to a fiber:,now invoke a fiber the first time, it's startup method does this:,Eventually the fiber needs to yield back to the main fiber:,Also the main fiber will resume a preexisting fiber:,The following is fibers.cpp which wraps the fiber api for managed code.,The above fibers.cpp class file is the only class in the Visaul c++ project. It's built as a DLL with CLR support using /CLR:oldstyle switch.,The above unit test gives the following output and then crashes badly:","A time ago, I experienced the same problem - I tried to use the code snippet in .NET 3.5 (later on 4.0) and it crashed. This convinced me to turn away from the ""hacky"" solution. The truth is that .NET is missing a generic co-routine concept. There are some guys which simulate co-routines by enumerators and the , keyword (see ,). However, this has clear disadvantages to me: It is not as intuitive to use as good-old Win32 fibers and it requires you to use , as return type for each co-routine.,Maybe this arcticle: , is interesting for you. Microsoft is about to introduce a new , keyword. A community technology preview (CTP) is offered for download. I guess it should be possible to develop a clean co-routine implementation on top of those async extensions.",3k,16,yes,"SA1, SA2.1, SB1, SB2",2,Coding,Data handling,Interoperability,,HTTPRequest,,2012-01-05 16:03:38Z,"2012-01-05 16:03:38Z,2018-05-21 08:04:58Z,2016-03-18 03:30:25Z","868,840,087,455,895,000,000,000,000,000"
https://stackoverflow.com/questions/8644289/adding-values-from-c-sharp-to-div-via-javascript,Accepted,2011-12-27 11:50:10Z,2012-01-10 09:15:12Z,Mad coder.,"2,125",8,"c#,javascript",Adding values from C# to DIV via JavaScript,"The last module of my chat script is passing values from C# code to JavaScript and JavaScript will post values to the DIV. Before I used DataBinder but when using it directly C# code is taken by AJAX's update panel. now, I need a set of Array values to be passed via Timer Tick function to JavaScript. How can I pass Arrays from C# to JavaScript using ,. A part of my code follows.,I don't want values to directly to be sent to the DIV. First it must be sent to JavaScript and then it must go to DIV.,I need C# to retrieve data from backend and to pass that data to client side (i.e. JavaScript) from JavaScript it has to be forwarded to DIV layer.","I am going to suggest the JQuery approach and get rid of the server-side timer. Using JQuery and the JQuery.Timer plugin: , you can do this easier in my opinion and it will be nicer on the client end.,In your aspx page you have the element to display output:,and also a reference to JQuery, JQuery.Timer.js, and then your code to call the c# web method.,I would use a web-service for the server side db message retrieval:,Hopefully this makes sense. I created a web-server (asmx) and created my server-side code to return a string. In the aspx markup I use JQuery to start a timer for 10 seconds and then an .ajax post to poll the service, retrieve the message and display it. no page refresh and much less hacky from my perspective.",2k,6,yes,"SA1, SA2.1, SA2.2, SB1, SB2",13,Coding,Interfacing,Interfacing choice,,method choice,,2012-01-07 06:51:05Z,"2012-01-07 06:51:05Z,2011-12-27 11:52:14Z,2012-01-03 13:53:21Z,2012-01-06 11:51:08Z,2012-01-08 21:06:03Z,2012-01-09 07:06:37Z,2012-01-09 19:42:57Z,2012-01-10 09:15:12Z","864,428,987,679,768,000,000,000,000,000,000,000,000,000,000,000,000,000,000,000,000"
https://stackoverflow.com/questions/8866738/speed-of-php-vs-javascript,Accepted,2012-01-15 00:56:08Z,2020-10-02 04:53:12Z,Azmisov,"4,853",3,"php,javascript,performance",Speed of PHP vs JavaScript?,"I am writing a script to tokenize file contents. I've written a tokenizer in JavaScript, but it gets pretty slow with large files (5+ seconds). Since I'm retrieving the files from the server anyways, I am considering rewriting it in PHP to shave off a few seconds. I've read that the speed difference between PHP and JavaScript is negligible, but if the files are 1mb or bigger, a small speed difference could add up. I found , online, but I'm not sure if the info is up-to-date (with all the JS engine optimizations from the past couple years).,Porting over all my code would take some work, so if I can help it, I won't use PHP. But if its going to be much faster (25-30%), it would be worth it.","Well, like you alluded, JavaScript is executed on the client side, so it would depend on the client. For example, a client on an iPAD wouldn't be able to run those Quake3 HTML5s as smoothly as a client running on a gaming machine. PHP on the other hand runs on the server.,In general, JS is faster considerably than PHP though (on the same hardware);,Here are some [hard figures][1] of tests between the two, to back up my assertion.
[JS (query) vs PHP][2] Performance.,[1]: , [2]:",28k,18,no,"SA1, SA2.1, SB1, SB2",15,Coding,Language choice,,,HTTPRequest,,2012-01-15 01:00:07Z,"2012-01-15 01:00:07Z,2016-02-26 15:00:30Z,2013-07-19 15:15:53Z","886,673,888,667,623,000,000,000,000,000"
https://stackoverflow.com/questions/8884480/starting-and-killing-java-app-with-shell-script-debian,Accepted,2012-01-16 18:21:08Z,2012-01-18 12:45:00Z,rMaero,195,5,"java,linux,shell,debian",Starting and killing java app with shell script (Debian),"I'm new to UNIX. I want to start my java app with a script like so:,This is supposedly working. It does run the app and it does write the pid file. But when I try to stop the process with a different script which contains this:,the console gives me this error:,My best guess is that I'm not writing the right code in the stop script, maybe not giving the right command to open the .pid file.
Any help will be very appreciated.","You're passing a file name as an argument to , when it expects a (proces id) number, so just read the process id from that file and pass it to ,:",7k,6,yes,"SA2.1, SA2.2, SB1",12,Coding,Interfacing,Invocation mechanism,Explicit interfacing,shell run java,,2012-01-16 18:42:30Z,"2012-01-16 18:42:30Z,2012-01-16 18:47:24Z,2012-01-16 18:49:18Z,2012-01-16 18:33:16Z,2012-01-16 18:40:26Z","888,448,088,847,358,000,000,000,000,000,000,000,000,000"
https://stackoverflow.com/questions/8897642/submitting-from-jquery-to-php,Accepted,2012-01-17 15:53:35Z,2015-12-22 11:14:10Z,user1154295,85,3,"javascript,php,jquery,ajax",Submitting From jQuery to PHP,"I have sent data to my jquery file and I tested the data string and everything is stored where it should be but when I post it to my php file all the variables are null. Can someone help me? ,and then my php file","You aren't outputting the returned data from the AJAX and you aren't using a tool to view it. Perhaps you are expecting the var dumps to appear on the page. They will not, they will be returned into the success function where you can use the data how you see fit.,jQuery's AJAX method will pipe the output from your PHP file into the 'ret' variable inside the success function. If you wish to return an HTML success message, for example, you can then add that HTML to the page without refreshing it. Or any of a million things.,You should read up on AJAX.,Change This:,To This:,And then click your button on the page with the jQuery.,Do not combine this with the other answers on this page. One is going to change your array keys on you (serialize).",563,6,yes,"SA2.1, SA2.2, SB1",4,Coding,Interfacing,Invocation mechanism,Implicit interfacing,jquery,,2012-01-17 16:18:01Z,"2012-01-17 15:57:53Z,2012-01-17 16:18:01Z,2012-01-17 16:15:58Z","8,897,642,889,770,180,000,000,000,000"
https://stackoverflow.com/questions/8911075/javascript-and-java-date-json-serialization,Accepted,2012-01-18 13:40:07Z,2020-12-23 05:58:45Z,ike3,"1,680",6,"java,javascript,spring,date,spring-mvc",Javascript and Java Date JSON serialization,"I have an javascript object with , property which is being converted to JSON using ,I am on GMT+4 time zone (Russia/Moscow),For example,
, converts to , converts to ,But in 1975 it was GMT+3 time zone, as daylight saving was canceled in Russia in 2011. So when it cames to server (java) it deserializes as:, becames , - OK, becames , 23:00 - WRONG!","I would suggest passing the date/times around using their seconds since epoch notation, more specifically the number of seconds since the Unix Epoch (1 Jan 1970 00:00 GMT). If you're not familiar with this, there is an example converter here: ,This has a few advantages:,Considering it's easy to get , instances from this in Java and JavaScript, you can then use a , to convert it to/from text in Java. For JavaScript, using a library such as , will help you render it as appropriate on the page (for example with something like ,).",35k,16,no,"SA1, SA2.1, SA2.2, SB1, SB2",14,Coding,Data handling,Data format/compatibility,,serialization,,2012-01-18 14:01:44Z,"2013-08-13 14:24:37Z,2012-01-18 14:01:44Z,2015-06-08 12:14:41Z,2012-01-18 13:46:40Z,2012-01-18 14:14:41Z,2019-03-27 22:08:38Z","8,911,075,182,117,560,000,000,000,000,000,000,000,000,000,000,000,000"
https://stackoverflow.com/questions/9001526/send-array-with-ajax-to-php-script,Accepted,2012-01-25 10:56:18Z,2018-07-01 20:41:59Z,Paul Attuck,"2,089",5,"php,javascript,jquery,ajax",Send array with Ajax to PHP script,"I have array made by function ,. In array is very large data. How is the best way send this to PHP script?,script.php:,How is the best way for this?","Encode your data string into JSON.,When you send data via POST, it needs to be as a keyvalue pair. ,Thus,is wrong. Instead do:",240k,52,yes,"SA2.1, SA2.2, SB1",126,Coding,Data handling,Data format/compatibility,,pass data,,2012-01-25 10:59:50Z,"2012-01-25 10:59:50Z,2012-01-25 10:59:11Z,2012-01-25 11:01:06Z,2018-07-01 20:41:59Z,2012-01-25 11:02:15Z","9,001,526,900,157,390,000,000,000,000,000,000,000,000,000"
https://stackoverflow.com/questions/8933263/how-do-i-wrap-a-c-class-with-cython,Accepted,2012-01-19 21:05:27Z,2020-08-02 06:54:03Z,Endophage,"19,437",4,"c++,python,python-2.7,cython",How do I wrap a C++ class with Cython?,"I have a C++ class. It's made up of one .ccp file and one .h file. It compiles (I can write a main method that uses it successfully in c++). How do I wrap this class with Cython to make it available in Python?,I've read the docs and don't follow. They talk about generating the cpp file. When I've tried to follow the docs, my already existing cpp gets blown away...,What am I meant to put in the pyx file? I've been told the class definition but how much of it? Just the public methods? ,Do I need a .pxd file? I don't understand when this file is or isn't required.,I've tried asking these question in the #python IRC channel and can't get an answer.","So after lots of poking, trial and error, screaming and tearing my hair out, I finally got this to work. First though, I had to re-write my C++ into C, which for me really just involved converting all my , variables to , and keeping track of some lengths.,Once done I had my .h and .c files. I wanted to make a single function from the C code available in Python. It turns out that Cython can compile your C files into the extension for you and link any libraries all in one go, so starting with my setup.py, it ended up looking like this:,As you can see, the second argument to the Extension simply lists all the files that need to be compiled, Cython works out how to compile them depending on their file extension as far as I can tell. The libraries array tells the Cython compiler what needs to be linked in (in this case I was wrapping some crypto stuff that I couldn't seem to mimick directly through existing Python libs).,To actually make my C function available in the .pyx file, you write a small wrapper in the .pxd. My myext.pxd looked as below:,In the .pyx you then use the cimport declaration to import this function, which is then available for use as if it were any other Python function:,When you build this (on Mac at least) you get a .so that you can import in python and run the functions from the .pyx. There may be better, more correct way to get this all working but that comes from experience and this was a first encounter that I managed to work out. I'd be very interested on pointers where I may have gone wrong.,After further use of Cython, I found it was super simple to integrate it with C++ too, once you know what you're doing. Making C++'s , available is as simple as , in your pyx/pyd. Declaring the C++ class is similarly easy as:,Sure you have to basically redeclare the .h definition of your class in a Pythonic format, but that's a small price to pay for getting access to your already written C++ functions.",17k,29,no,"SA2.1, SA2.2, SB1",6,Coding,Interfacing,Invocation mechanism,Explicit interfacing,"self-answer, Cython how to use",,2012-02-07 19:30:30Z,"2012-01-19 21:47:10Z,2012-02-07 19:30:30Z,2012-01-19 21:11:52Z,2020-08-02 04:22:24Z","893,326,389,338,199,000,000,000,000,000,000,000"
https://stackoverflow.com/questions/9444342/adding-a-javascript-script-tag-some-place-so-that-it-works-for-every-file-in-sph,Accepted,2012-02-25 13:18:42Z,2020-09-16 08:01:59Z,Curious2learn,"26,607",5,"javascript,python,python-sphinx",Adding a javascript script tag some place so that it works for every file in sphinx documentation,"I am using Sphinx to write some notes. I am using the Mathjax extension for Math in the notes. The default size of the math is little larger than I would like. On the Mathjax page I found that I can change that size by adding the following script to the HTML file.,So, I tried by adding the following in a , file:,The above works great for the math in that specific , file. But I want to do this for many different .rst files that are all part of the same sphinx document. Is it possible to do this without adding the above script to every , file? ,Thank you for reading this and would appreciate if you can help.","This can be done with a template:,The , element will be included in the , of every generated HTML page.,The , template block is empty by default. See the , for details.",4k,15,yes,"SA1, SA2.1, SA2.2, SB1, SB2",20,Coding,Build,,,3rd lib config,,2012-02-26 16:11:00Z,"2012-02-26 16:11:00Z,2012-03-21 16:38:51Z,2017-01-27 01:37:02Z,2020-08-25 18:22:25Z,2020-09-16 07:56:46Z","944,434,294,546,549,000,000,000,000,000,000,000,000,000,000"
https://stackoverflow.com/questions/9506437/python-subprocess-call-returns-command-not-found-terminal-executes-correctly,Accepted,2012-02-29 20:53:06Z,2012-02-29 22:32:15Z,Aduen,411,1,"python,shell,terminal,subprocess","Python subprocess call returns ?????command not found?????, Terminal executes correctly","I am trying to run gphoto2 from python but, with no succes. It just returns command not found.
gphoto is installed correctly, as in, the commands work fine in Terminal.,I know that there is something funny about the osx Terminal (app) but, my knowledge on osx is meager.,Any thoughts on this one?,EDIT,changed some of my code, other errors appear,EDIT,using full path '/opt/local/bin/gphoto2',but if someone care to explain which shell to use or how to log in and be able to have the same functionality..?","When using ,, the first argument to , should be a string, not a list:,However, using , should be avoided if possible since it can be a , (see the Warning).,So instead use ,(When ,, or if the , parameter is omitted, the first argument should be a list.)",24k,15,yes,"SA1, SA2.1, SA2.2, SB1,SB2",11,Coding,Data handling,Interoperability,,parameter error,,2012-02-29 20:56:02Z,2012-02-29 20:56:02Z,"95,064,379,506,481"
https://stackoverflow.com/questions/9623593/pass-javascript-variable-to-php-code,Accepted,2012-03-08 19:28:05Z,2014-05-19 15:39:30Z,ewein,"2,553",5,"php,javascript",Pass javascript variable to php code? [duplicate],"I have a file of php and javascript code. I want to set a php variable to be the result of a javascript function which takes a php variable as a parameter. For example: ,I know you cannot do a ""= echo"", is there another way I can do this?,Thanks","You can't directly do that, since JavaScript runs on the client-side and PHP gets executed on the server-side.,You would need to execute the JavaScript first and then send the result to the server via a FORM or AJAX call.,Here's what that might look like:,PHP,JavaScript,Receiving PHP (yourphpfile.php)",52k,6,yes,"SA2.1, SA2.2, SB1",12,Design,Interfacing,Interfacing choice,,method choice,,2012-03-08 19:31:45Z,"2012-03-08 19:31:45Z,2012-03-08 19:30:47Z,2012-03-08 19:35:03Z,2012-03-08 19:30:28Z,2012-03-08 19:33:00Z","962,359,396,236,419,000,000,000,000,000,000,000,000,000"
https://stackoverflow.com/questions/9696980/php-constant-inside-js-file,Accepted,2012-03-14 06:30:06Z,2012-03-14 09:54:24Z,Obmerk Kronen,"14,817",1,"php,javascript,constants,wordpress",PHP constant inside JS file,"I am facing a problem that I can not understand .,During a plugin development I am including a file.js.php (register/enqueue). ,Results :,so my tests showed me that MAGIC CONSTANTS work , but any WP CONSTANT will be unavailable . ,That includes MY OWN constants that were declared in the plugin.php (actually this is the reason why I even began testing the WP constants ),Interesting enough - not only CONSTANTS are unavailable - but , ,PHP constant are meant to be available at all times through the app..
Is that a WP specific problem ? Is that intentional ? or am I doing something wrong ?, I know there are other ways to do it (like using localize_script to pass variables to JS - or just use a function to output the path in the header) - but first - those methods will not be ideal for me - and more importantly is the fact that I want to understand why this method is failing ...,Althouh @Matt Beckman pointed in the right direction his specific method did not work.
It is true that a file from WP must be included . For me both the following work : ,Both as you can imagine are equal - but the problem remains : those are somewhat Hardcoded (like @Salman A) suggested - what if the plugin??s dir changes ?? what is the solution in that case ? ,note that the both , and , worked for me . I do not know what is better or which can present some security issues. ,but I guess it is for another question ..,Bottom line : this solution is only TEMP until I will find the right answer . My plugin is loading via the WORDPRESS plugin mechanisem (enqueue_script() / register_script() / init() etc.. ) - and therefor I can not grasp why it does so.. Bu for now it works like described above.","Being that this is being included like JavaScript, your , needs to reference the Wordpress library in order to access those constants. Currently, as your code stands, it does not have any references to those constants., does not need to access anything from Wordpress, which is why it works as expected.,You will need to include some , or , statements referencing the specific Wordpress PHP files you need at the top of ,.,Use the following at the top of your file.js.php file to get access to those constants:",2k,6,yes,"SA1, SA2.1, SA2.2, SB1, SB2",4,Coding,Embedding,,,HTTPRequest,,2012-03-14 06:36:46Z,2012-03-14 06:36:46Z,"96,969,809,697,035"
https://stackoverflow.com/questions/9745139/building-relative-urls-for-an-mvc-app-with-javascript,Accepted,2012-03-16 22:09:46Z,2012-03-16 22:58:20Z,one.beat.consumer,"9,236",3,"c#,javascript,asp.net-mvc,knockout.js,relative-path",building relative URLs for an MVC app with JavaScript,"I'm having trouble getting C# and JavaScript/jQuery to play nice here.,I have a knockout view model, plain old javascript object... one of its property/methods fires off an , call, and the url parameter is built using some of its other property values (javascript variables).,This works fine when completely contained in JavaScript, but when deployed as an app to IIS, the relative pathing is hosed.,In MVC3 normally I would use something like , and let the server side build the address... but again, the trick is C# is unaware of the changing javascript values.,My question then is, how can I build the url for the ajax call using the javascript variable values (ex. count, filterText) and still map from the relative root of the application?","One possibility is to send those javascript values as request parameters:,Of course this implies that you are using default routes and the parameters will simply be sent to the server either as query string parameters (if you are using GET) or as part of the POST request body. In both cases you will fetch them on the server the same way:,Another possibility, if you absolutely insist on having some custom routes for your AJAX requests, would be to use a simple string replace:",19k,10,yes,"SA2.1, SA2.2, SB1",16,Coding,Data handling,Interoperability,,parameter error,,2012-03-16 22:15:45Z,"2012-03-16 22:20:17Z,2012-03-16 22:15:45Z,2012-03-16 22:32:13Z","9,745,139,974,523,990,000,000,000,000"
https://stackoverflow.com/questions/9940381/how-to-generate-jni-header-file-in-eclipse,Accepted,2012-03-30 09:32:43Z,2017-03-17 19:30:56Z,holy,632,3,"java,c,eclipse,header,java-native-interface",How to generate JNI header file in Eclipse,"I am using Eclipse to generate a JNI header file. I looked in , and found a lot of , and , files, but I couldn't find the command , which was in the documentation for using JNI to create bindings to C libraries.,
Any help?","Use the following panel to define a new external tool for javah.exe.,Point ""Location"" to the javah.exe tool.,Set ""Working Directory"" to,Set ""Arguments"" to:,To run the tool, highlight the java source file in package explorer and run the tool.,Press F5 to refresh th project to see the newly generated file.",17k,19,no,"SA2.1, SA2.2, SB1",33,DEM,Build,,,Poor documentation,,2012-03-31 03:32:05Z,"2012-03-31 03:32:05Z,2014-03-18 14:48:14Z,2016-05-03 11:27:00Z","994,038,199,528,022,000,000,000,000,000"
https://stackoverflow.com/questions/9993465/handling-session-timeout-on-client-side,Accepted,2012-04-03 12:39:39Z,2016-06-28 15:41:14Z,Santosh,"17,063",2,"java,javascript,session-timeout,sessiontracking",Handling Session timeout on Client side,"The scenario is that a user should get notification (say via typical JS alert or redirect etc) when her session is about to be expired. Couple of ways this can be done is ,What are the relative merits/demerits of these two approaches? Apart from these, , (some standard library etc). My back end is Java EE (Struts+Spring).","By Using javascript timeout function, you need to ensure that if the user is making any AJAX calls your function should be reset as it should be treated as user activity.,If the using server push using websockets you may not be able to target users with not so latest browsers. You may have to use some signalling frameworks and even change your backend stack. (I can think of socket.io & SignalR as of now),Both the approaches are not going degrade gracefully. So, IMO javascript option sounds better as it can target wider audience and that would require you to address some edge case scenarios. If I had a choice I would not implement this feature at all. But it hardly happens that way.,
Here is another approach I could think of.,Every time a page gets served I would sent a Cookie which can be accessed in the client side which would contain the UTC time at which the session will timeout. In my code I would place a setInterval which would read the value and compare the local time with UTC and if it close, would display a popup window saying the timeout will happen in X seconds etc.,This again doesn't degrade gracefully and relies on the time of the client machine. So, if it is wrong this functionality will not work reliably.",12k,10,no,"SA2.1, SB1",9,Design,Interfacing,Interfacing choice,,method choice,,2012-04-06 08:50:50Z,"2012-04-06 08:50:50Z,2016-06-28 15:41:14Z","99,934,651,004,120,300,000,000"
https://stackoverflow.com/questions/10073564/how-can-i-convert-python-dictionary-to-javascript-hash-table,Accepted,2012-04-09 12:59:22Z,2019-10-05 03:11:56Z,Damir,"49,033",8,"javascript,python,django,django-templates",How can I convert Python dictionary to JavaScript hash table?,"I have passed to template regular Python dictionary and I need to inside ,to convert that Python dictionary to JavaScript dictionary. I tried like ,but I got errors ( , instead of , and all strings start with , ).
How can I convert Python dictionary to JavaScript hash table ?","Python and javascript both have different ideas about how to represent a dictionary, which means that you need a intermediate representation in order to pass data between them. The most common way to do this is ,, which is a simple lightweight data-interchange format.,Use the , to convert (or dump) your python dict into a JSON string. Then in the javascript parse the JSON string into a javascript dict. (If you are using JQuery, then use ,)",23k,6,Yes,"SA1, SA2.1, SB1, SB2",19,Coding,Data handling,Data format/compatibility,,convert data,,2012-04-09 13:11:10Z,"2012-04-09 13:11:10Z,2012-04-09 13:01:29Z,2017-09-26 00:10:22Z,2019-10-05 03:11:56Z,2012-04-09 16:53:27Z,2013-03-13 10:09:53Z,2017-12-29 04:15:11Z,2018-05-11 13:24:25Z","100,735,641,007,371,000,000,000,000,000,000,000,000,000,000,000,000,000,000,000,000,000,000,000"
https://stackoverflow.com/questions/10134963/prevent-page-scrolling-after-postback-and-maintain-position,Accepted,2012-04-13 03:44:52Z,2020-10-26 03:45:17Z,Kruug,429,8,"javascript,c#,asp.net,vb.net",Prevent page scrolling after postback and maintain position,"I am working with adding up user's scores based on their checks in a CheckBoxList. Every time a user checks a box, a value, ,, is added to the overall score. When a user unchecks a box, a value, ,, is subtracted from the overall score. no problems here.,The problem that I am having is that using the AutoPostback option in the CheckBoxList properties forces the page to load back to the top instead of staying where the user was situated, which means that they have to keep scrolling down after each check/uncheck. Is there a way to prevent this?","Of course, the best way is to use an Ajax call on that. The page is not moved at all, and the data is just updated. The updatepanel is a fast and easy solution for starting - not an optimal solution, but if you have a simple page, it is a very good one.,A second solution is to use anchor #. You set the point on which you like it to show up:,And you call the page using that anchor as ,.,A third solution is to use the inside JavaScript code of ASP.NET. On the page declaration (top first line) ,.,Or on the web.config to affect all pages, ,.,Or programmatically , to open it and close it by demand.,With only two lines of jQuery code you can make a nice animation on the point you like to move after the post back:,And you move the page to this element:,And finally, you can use custom JavaScript code to do the same. There are many samples on the Internet for this:",44k,14,no,"SA1, SA2.1, SA2.2, SB1,SB2",42,Coding,Language choice,,,HTTPRequest,,2012-04-13 03:58:01Z,"2012-04-13 03:58:01Z,2016-11-09 00:21:58Z,2013-09-29 05:28:55Z,2018-07-12 06:53:30Z,2014-10-27 13:55:40Z,2015-06-22 07:08:28Z,2020-09-03 22:17:29Z,2020-10-26 03:45:17Z","101,349,631,013,504,000,000,000,000,000,000,000,000,000,000,000,000,000,000,000,000,000,000,000"
https://stackoverflow.com/questions/10109700/embedding-matplotlib-in-c,Accepted,2012-04-11 16:05:37Z,2014-07-01 02:42:36Z,bbc,981,1,"c++,python,matplotlib",Embedding matplotlib in C++,"I am reading a message from a socket with C++ code and am trying to plot it interactively with ,, but it seems Python code will block the main thread, no matter I use , or , and ,. , and , won't block in Python.,Any idea how to plot interactively with , in C++ code?,An example would be really good.,Thanks a lot.","You may also try creating a new thread that does the call to the
blocking function, so that it does not block IO in your main program
loop. Use an array of thread objects and loop through to find an unused
one, create a thread to do the blocking calls, and have another thread
that joins them when they are completed.,This code is a quick slap-together I did to demonstrate what I mean about
using threads to get pseudo asynchronous behavior for blocking functions...
I have not compiled it or combed over it very well, it is simply to show
you how to accomplish this.,This way you can continue accepting input while the draw is occurring.,~~Fixed so the above code actually compiles, make sure to add -lpthread",4k,11,no,"SA2.1, SA2.2, SB1",7,Coding,Data handling,Interoperability,,HTTPRequest,,2012-04-17 13:09:47Z,2012-04-17 13:09:47Z,"1,010,970,010,191,920"
https://stackoverflow.com/questions/10256315/python-c-extensions-why-must-callable-c-functions-take-arguments-and-return-py,Accepted,2012-04-21 04:50:14Z,2012-04-21 11:07:08Z,user1245262,"5,930",3,"python,c,python-c-extension",Python C Extensions - Why must callable C functions take arguments and return PyObject *,"I'm just starting to play with Python C extensions and am curious as to why a C function, which is callable from Python must take 2 PyObject* arguments and return a PyObject*. I wrote the following ""Hello World"" extension:,Why can't I (especially with METH_NOARGS) use the following hello_world method:,?","There are several things to say about the various , pointers.",3k,7,yes,"SA2.1, SA2.2, SB1",10,Coding,Interfacing,Invocation mechanism,Explicit interfacing,specialized data types,,2012-04-21 10:04:28Z,"2012-04-21 10:04:28Z,2012-04-21 10:07:22Z,2012-04-21 05:18:46Z","10,256,315,102,579,700,000,000,000,000,000"
https://stackoverflow.com/questions/10314645/jni-multi-threads,Accepted,2012-04-25 11:25:54Z,2013-02-01 19:47:42Z,bbqchickenrobot,"3,457",1,"java,c++,multithreading,java-native-interface",JNI - multi threads,"I have a JNI wrapper for Java functions that are called from C... I'm trying to call some methods from different threads and I get an error when trying to get a new copy of the JNIEnv pointer... the code I'm using is below and is called in each method: ,The JVM has already been instantiated and this (and other methods) run when being called from the main/initial thread. When I get a value for envRes it holds a -2 when in a sub-thread.","Please refer to the , to the chapter ,. ,You need to call , for each native thread at least once before you can use any of the JNI functions.,
Thread created in Java are already attached.,
So I your example whenever the , call fails call , and you should be fine. Or make sure that whenver you create a sub thread you attach it to the VM.",11k,11,yes,"SA1, SA2.1, SB1, SB2",16,Coding,Data handling,Interoperability,,HTTPRequest,,2012-04-25 11:39:39Z,2012-04-25 11:39:39Z,"1,031,464,510,314,820"
https://stackoverflow.com/questions/10405515/piping-in-shell-via-python-subprocess-module,Accepted,2012-05-01 22:53:29Z,2013-02-26 22:29:40Z,adelbertc,"7,060",4,"python,shell,subprocess,pipe",piping in shell via Python subprocess module,"So I'm trying to query for the top 3 CPU ""intensive"" processes on a given machine, and I found this shell command to do it: ,I want to use this data inside a Python script, so I need to be able to capture the output of the above command via the , module. The following works, but just returns a huge string since I'm not restricting it to the top 3:,I'm not quite sure how this , works.. in a meager attempt I tried:,Which gives me an error: ,How do I use the pipe , symbol inside Python, or use some other way to do the sorting without having to do incredible amounts of parsing on the huge string returned by ,?,Thanks!
Regards,
-kstruct","You can pass the , argument to execute the plain shell command:,Alternatively, use the sorting options of ps and Python's built-in string functions like this:",7k,7,yes,"SA2.1, SA2.2, SB1",12,Coding,Interfacing,Invocation mechanism,Implicit interfacing,pipe,,2012-05-01 22:59:26Z,"2012-05-01 22:59:26Z,2013-02-26 22:29:40Z,2012-05-01 22:58:37Z,2012-05-03 20:19:04Z","1,040,551,510,405,560,000,000,000,000,000,000,000,000"
https://stackoverflow.com/questions/10212686/social-icons-not-working-with-infinite-scrolling-on-wordpress,Accepted,2012-04-18 15:25:58Z,2014-05-22 20:19:25Z,Robin Neal,508,3,"php,javascript,facebook,wordpress,google-plus",Social Icons not working with Infinite Scrolling on Wordpress,"We are making a website for a client at work, which can be found here: ,
It's a very simple wordpress theme, but the complications are arising with conflicts between the infinite scrolling plugin, and the social icons.,Each post is meant to display a block at the end with G+, FB and Twitter social icons inside. It is meant to display ~4 posts or so at start, and then as you scroll it is meant to load the next set.,Each of these things work, but not together.,When the infinite scroll loads the next block of posts, it only shows a facebook like button, and neither of the other two social icons.,The strange thing is though, it leaves behind blocks of the code:,I know what the issue is and why it's happening, but I'm really not very good with javascript and do not know what calls to use to fix it.,I am using Wordpress 3.3.1, with the infinite scroll plugin (http://wordpress.org/extend/plugins/infinite-scroll/) and digg digg for the social icons (http://wordpress.org/extend/plugins/digg-digg/),The infinite scroll plugin does have the ability to add onLoad events to run after it has grabbed the new set of posts. So what should I add here?,Thanks for any and all help in advance!
Have a nice day.,Update: After some more research, I have fixed twitter too. now it is just Google Plus left to fix.
The code required for twitter was:,Update again: Found the Google Plus code too:,(function() {
var po = document.createElement('script'); po.type = 'text/javascript'; po.async = true;
po.src = 'https://apis.google.com/js/plusone.js';
var s = document.getElementsByTagName('script')[0]; s.parentnode.insertBefore(po, s);
})();,What have I learnt? Do more googling before asking on Stack Overflow. At least heres the answer for people with this issue in future.","The solution you presented basically is reloading the scripts, which is pretty inefficient, since you likely loaded them on page load for the first set of social buttons. All 3 of the services have a way to parse a section of the, or the entire, document to render any new social widgets. The code you want would be something like this:,In the above cases, el should be the container that holds the widgets or can probably just be document.body (would re-render all widgets.) not sure if you can narrow the context with Twitter currently, but I believe they plan to add that.",3k,14,yes,"SA2.1, SA2.2, SB1",7,Coding,Embedding,,,Wordpres ercor,,2012-05-05 02:03:57Z,"2012-05-05 02:03:57Z,2012-05-07 15:42:40Z,2014-02-21 12:17:48Z","10,212,686,104,582,000,000,000,000,000,000"
https://stackoverflow.com/questions/10549872/why-cant-python-execute-java-exe-via-subprocess,Accepted,2012-05-11 10:44:38Z,2013-07-29 12:47:05Z,aknuds1,"58,500",2,"java,python,windows,subprocess",Why can't Python execute java.exe via subprocess?,"After upgrading Java from 1.6 to 1.7 x64 (on Windows 7), I suddenly can't launch java.exe via Python 2.7's , module anymore. The following script used to just work:,now it fails like this:,I have also confirmed that , does indeed exist, is an application, and can be executed from the command shell.,What goes wrong here?,
I've found that I can start , from Python, so , must be some weird pseudo-shortcut although technically a Windows application. Version 1.7 must've messed it up somehow, since I just confirmed Version 1.6 is fine.","Assuming that there is a java.exe at ""C:\Windows\System32"" is not a particularly safe assumption. Even the assumption there is a ""C:\Windows\System32"" on the system isn't safe: Windows could reside on , fixed drive on the computer. ,But even if there is a ""C:\Windows\System32\java.exe"", this might not be visible for 32-bit processes under Win64. Windows does some interesting things here in the name of backwards compatibility, you might want to look at ,. ,Finding the Java version you're looking for - and there can be many - can be a thankless task. If you don't particularly care about , Java you find, try the JAVA_HOME environment variable. It's not always there, but if it is, you're done and it's probably the most portable way of finding a JVM. If it's not there, you can't go wrong by setting it, and many Java applications can make use of that variable. ,Then again, Java just , be on the PATH, in which case , the everything but 'java' in the subprocess call will do the trick. It can't hurt to try.",4k,6,yes,"SA1, SA2.1, SB1, SB2",8,Coding,Interfacing,Invocation mechanism,Explicit interfacing,python call java.exe,,2012-05-11 20:03:47Z,"2012-05-11 20:03:47Z,2013-07-29 12:47:05Z","105,498,721,055,789,000,000,000"
https://stackoverflow.com/questions/10561212/parsing-namespaces-with-clang-ast-differences-in-when-including-a-header-in-ano,Accepted,2012-05-12 04:59:59Z,2014-06-17 15:42:07Z,Codie CodeMonkey,"7,149",2,"c++,python,parsing,clang",Parsing namespaces with clang: AST differences in when including a header in another source file or parsing it directly,"Sorry for the verbose question, but I can't see any other way to make it clear. I am writing a tool to transform C++ header files to SWIG interface files as a starter for further fine-tuning.,In the process of doing this, I've noticed some strange behavior by clang (v3.0). If I parse the header file I get a significantly different AST than if I parse a source file that includes the header.,For purposes of illustration, here are some sample source files:,Source file:,Header:,I've used the following Python code to parse it and dump the AST:,When I run this on , I get (correctly I think):,But when I try it on the header file along with , I only get:,Why does is the , name space in the AST as a VAR_DECL? I would have expected no difference, except in the preprocessor cursors.,The work-around is obvious--just make a temp file in memory that includes the header--but that isn't very satisfying. Can someone enlighten me?","Since you aren't explicitly specifying a language, Clang determines the language from the file extension, resulting in , being parsed as C, not C++. Thus the file is largely ill-formed, and the indexer tries to recover as well as it can. , is being treated as a variable declaration for , with an unknown type ,, and the following unexpected , ... , block is skipped.,Try:",3k,10,yes,"SA2.1, SA2.2, SB1",13,Coding,Build,,,config in compile,,2012-05-13 23:11:18Z,"2012-05-13 23:11:18Z,2014-06-17 15:42:07Z","105,612,121,057,593,000,000,000"
https://stackoverflow.com/questions/10740479/two-way-c-to-c-sharp-communication-using-named-pipes,Accepted,2012-05-24 15:22:24Z,2012-09-27 05:05:26Z,Bob Moore,163,2,"c#,c++,visual-c++,named-pipes",Two way C++ to C# communication using named pipes,"I am trying to have a 2-way communication between a VC++ 6 app and a C# app. I am using named pipes. In my C++ code I can read the message from the C# client but then the server ""dies"" and I have to restart it again. ,What I want to do is have the C# app connect to the C++ app, request a status, and the C++ app goes off and checks the status, and then returns either ""busy"" or ""idle"".,I can't write anything back to the C# client as it says the connection has been closed. Some things I have commented out are things I have tried already.,C++ code (started as a thread),},C# Code:","Disposing of a , or , will close the underlying stream.,Your using statements therefore will be causing the stream to close.,It should also be noted that because you wrap your stream in a using statement, the commented out , function isn't needed.",16k,9,yes,"SA2.1, SA2.2, SB1",11,Coding,Interfacing,Invocation mechanism,Implicit interfacing,pipe,,2012-05-24 15:26:18Z,"2012-05-24 15:26:18Z,2012-05-25 15:13:23Z","107,404,791,074,053,000,000,000"
https://stackoverflow.com/questions/10801258/read-argument-with-spaces-in-python-script-from-a-shell-script,Accepted,2012-05-29 14:33:27Z,2012-06-29 16:26:18Z,Adam Morris,"7,644",2,"python,shell",Read argument with spaces in python script from a shell script,"How do I read an argument with spaces when running a python script?,:,Looks like my problem is that I'm calling the python script through a shell script:,This works:,But, not when I run it through a script:,myscript.sh:,Prints: ,But what I want is:","Use , instead:,Output:,with , defined as:",12k,8,yes,"SA2.1, SA2.2, SB1",10,Coding,Data handling,Interoperability,,parameter error,,2012-05-29 14:50:50Z,"2012-05-29 14:50:50Z,2012-05-29 14:50:51Z","108,012,581,080,154,000,000,000"
https://stackoverflow.com/questions/10903750/access-javascript-array-elements-from-c-sharp-via-webbrowser,Accepted,2012-06-05 19:35:50Z,2012-06-06 13:15:54Z,Jamie Mueller,93,1,"c#,javascript,com,browser",Access JavaScript array elements from C# (via WebBrowser)?,"Using WebBrowser on a Form and calling into C# from Javascript with window.external. Passing in a Javascript array of classes in the function:,I can successfully get x.length in C# with:,My question is how do I get x[0] and x[1]?
I've tried,and,both of which fire off errors within the WebBrowser control.,Thanks","Please see this SO question: ,I've also tried to retrieve values from properties on objects in the array without success. Retrieving simple values in the array, such as strings and integers is easy, but have had no luck with complex objects.,Your best bet (IMO) is to implement a similar solution as the one in the above SO question. Instead of passing the array directly, build a Javascript method that can be invoked from C# that will return the object in the array at the specified index. Like so:",5k,9,Yes,"SA1, SA2.1, SA2.2, SB1, SB2",5,Coding,Data handling,Interoperability,,data transfer,,2012-06-06 13:15:54Z,2012-06-06 13:15:54Z,"1,090,375,010,914,970"
https://stackoverflow.com/questions/10916952/in-visual-studio-c-is-there-a-way-to-apply-web-config-transforms-to-javascript,Accepted,2012-06-06 15:04:12Z,2012-06-07 23:51:22Z,Hairgami_Master,"5,269",3,"c#,javascript,visual-studio-2010,web-config-transform","In Visual Studio C#, is there a way to apply Web Config Transforms to Javascript files?","In Visual Studio, I have some Javascript code on a site I'm developing. While I'm debugging I'm using the $ajax call to ""localhost"". When deployed, it will need to be the actual server:,When I publish, I need to transform that localhost to the actual domain:,Is there an easy/automatic way to do this, similar to the way Web Config transforms work?,Many thanks!","You don't, you just omit the host, the browser will fill this in for you, like this:,If you're actually talking about x-domain requests, which I doubt you are, then just set a global js site variable.",1k,6,yes,"SA2.1, SA2.2, SB1",3,Testing/Debugging,Build,,,js file generation,,2012-06-06 15:15:53Z,"2012-06-06 15:15:53Z,2012-06-07 23:51:22Z,2012-06-06 15:17:31Z","10,916,952,109,171,500,000,000,000,000,000"
https://stackoverflow.com/questions/10930789/insert-backbone-js-model-into-mysql-database,Accepted,2012-06-07 11:20:18Z,2013-06-05 14:02:12Z,rpabon,"1,171",2,"php,javascript,mysql,backbone.js",Insert Backbone.js model into MySQL database,"I have a backbone.js model with some defaults and an url:,Then I have an instance of this model and I proceed to save it:,now I want to save this model into a MySQL database using a PHP script ""save.php"", it goes like this:,I have tried reading many tutorials but I cannot get this simple model save to work. Why is my code not working? Any ideas on how can this be solved?,Thanks,In the php script, the correct way to obtain the information from the sent JSON object is as follows:,And to store in in the database: ,In this way one row will be inserted in the table ""boxes"" with the information of each one of the attributes of the backbone model Box.
The server request method in this case is POST and the id in the table ""boxes"" is set to auto-increment.","Backbone is based on a REST API: when saving/updating a model to the server, Backbone will send it serialized as JSON in the request body with a , our , request. From ,This means that server-side you have to,Something like this should get you started,Check this page for a more thorough implementation of a REST API in PHP",9k,7,yes,"SA1, SA2.1, SA2.2, SB1, SB2",18,Coding,Data handling,Interoperability,,data transfer,,2012-06-07 11:41:14Z,"2012-06-07 11:41:14Z,2012-06-07 11:33:31Z","109,307,891,093,109,000,000,000"
https://stackoverflow.com/questions/10936407/ajax-type-post-post-method-to-php,Accepted,2012-06-07 16:59:36Z,2021-05-15 14:09:12Z,user1201915,133,6,"php,javascript,jquery,ajax,post",$.ajax( type: ?????POST????? POST method to php,"I'm trying to use the POST method in jQuery to make a data request. So this is the code in the html page:,And this is the php code on the server :,The POST request is not made at all and I have no idea why. The files are in the same folder in the wamp www folder so at least the url isn't wrong.","You need to use , to POST it correctly.,In the PHP code you need to , the value instead of ,ing it.",113k,12,yes,"SA2.1, SB1",10,Coding,Interfacing,Invocation mechanism,Implicit interfacing,ajax,,2012-06-07 17:05:15Z,"2012-06-07 17:05:15Z,2012-06-07 17:15:45Z,2019-05-02 18:59:05Z,2012-06-07 18:12:25Z,2021-05-15 05:08:05Z,2019-05-20 12:28:43Z","10,936,407,109,364,900,000,000,000,000,000,000,000,000,000,000,000,000,000"
https://stackoverflow.com/questions/11138929/calling-c-functions-inside-javascript,Accepted,2012-06-21 13:10:59Z,2017-09-28 13:16:37Z,ahmet,"4,659",5,"javascript,html,c,translation",Calling C functions inside javascript,"The , is printing out the , onto the page example below, is it possible to call a , function on it for example in , to convert something to another language there is a function , which converts the text into the specified language. Would it be possible to use this function on the below text inside Javascript?. ,I'm basically wanting to do a human language translation. The site already supports multi-language, the problem is on the custom screen like the one shown above which gets generated in Javascript, cannot use the function used to translate text the way its done normally in C.","If it's running in the browser: no. Sorry.,You might be able to do it in server-side code beforehand (e.g. Python or PHP which can call C) when putting together the page content. Alternatively you can make an AJAX request to a server which exposes the C function as an HTTP API/Endpoint (via, GCI, FCGI or Python/PHP/Perl). But not in the browser.,This is because the JS runs in a sandboxed virtual environment which has no access to system calls or anything outside the runtime.,In response to your comment ""The script is ran in the C using HTML_WriteToCgi"", this suggests that you are putting together the HTML in C on your server. If this is correct, go for my option 1 above, by injecting the values directly into the JS source code if all values come out of some data known by the server.,You might consider moving some functionality out of browser JS and back into server-side code to solve your problem.",19k,8,yes,"SA2.1, SB1",8,Coding,Interfacing,Interfacing choice,,method choice,,2012-06-21 13:13:15Z,"2012-06-21 13:13:15Z,2012-06-21 13:14:36Z,2012-06-21 13:13:36Z,2017-09-28 13:16:37Z,2012-06-21 13:23:51Z,2021-11-08 13:40:21Z","11,138,929,111,389,700,000,000,000,000,000,000,000,000,000,000,000,000,000"
https://stackoverflow.com/questions/11123899/passing-a-c-sharp-class-object-in-and-out-of-a-c-dll-class,Accepted,2012-06-20 16:23:40Z,2012-07-10 13:20:09Z,Bryan A,"1,373",3,"c#,c++,pinvoke,marshalling,dllimport",Passing a C# class object in and out of a C++ DLL class,"I've been working on a prototype code application that runs in C# and uses classes and functions from older C++ code (in the form of an imported DLL). The code requirement is to pass in a class object to the unmanaged C++ DLL (from C#) and have it be stored/modified for retrieval later by the C# application. Here's the code I have so far...,Simple C++ DLL Class:,C++ DLL Functions:,C# Class and Wrapper:,C# Function Call to DLL:,nothing but junk values appear to be available within the DLL (coming from the passed in C# object). I believe I am missing something with the class marshalling or a memory/pointer issue. What am I missing?,Edit:
I changed the above code to reflect changes to the method/function definitions, in C#/C++, suggested by Bond. The value (1234) being passed in is retrieved by the C# code correctly now. This has exposed another issue in the C++ DLL. The 1234 value is not available to the C++ code. Instead the object has a value of 0 inside the DLL. I would like to use predefined C++ functions to edit the object from within the DLL. Any more help is greatly appreciated. Thanks!","Bond was correct, I can't pass an object between managed and unmanaged code and still have it retain its stored information.,I ended up just calling C++ functions to create an object and pass the pointer back into C#'s IntPtr type. I can then pass the pointer around to any C++ function I need (provided it's extern) from C#. This wasn't excatly what we wanted to do, but it will serve its purpose to the extent we need it.,Here's C# the wrapper I'm using for example/reference. (note: I'm using StringBuilder instead of the 'int intTest' from my example above. This is what we wanted for our prototype. I just used an integer in the class object for simplicity.):,Of course the C++ performs all the needed modifications and the only way for C# to access the contents is, more or less, by requesting the desired contents through C++. The C# code does not have access to the unmanged class contents in this way, making it a little longer to code on both ends. But, it works for me.,This is the references I used to come up with the basis of my solution:
,Hopefully this can help some others save more time than I did trying to figure it out!",18k,14,yes,"SA1, SA2.1, SA2.2, SB1, SB2",10,Coding,Interfacing,Invocation mechanism,Explicit interfacing,transfer in dll,,2012-07-10 13:20:09Z,"2012-07-10 13:20:09Z,2012-06-20 16:51:58Z,2012-06-20 16:50:51Z","11,123,899,114,142,200,000,000,000,000,000"
https://stackoverflow.com/questions/11430773/how-to-use-javascript-with-selenium-webdriver-java,Accepted,2012-07-11 10:34:25Z,2021-07-13 09:51:04Z,Ripon Al Wasim,"34,408",8,"java,javascript,selenium-webdriver",How to use JavaScript with Selenium WebDriver Java,"I want to use JavaScript with WebDriver (Selenium 2) using Java.,I've followed some a guide and on ,: there is an instruction at 1st line to run as:,My question: From which folder/location the command mentioned above will be run/executed?","Based on your previous questions, I suppose you want to run JavaScript snippets from Java's ,. Please correct me if I'm wrong.,The , is actually ""just"" another , language binding (you can write your tests in Java, C#, Ruby, Python, JS and possibly even more languages as of now). This one, particularly, is JavaScript, and allows you therefore to write tests in JavaScript.,If you want to run JavaScript code in Java ,, do this instead:,I like to do this, also:,You can find more documentation on this ,, or, preferably, ,.,The , takes function calls and raw JS, too. You can , a value from it and you can pass lots of complicated arguments to it, some random examples:,1.",266k,53,yes,"SA1, SA2.1, SA2.2, SB1, SB2",130,Coding,Interfacing,Invocation mechanism,Explicit interfacing,how to interfacing,,2012-07-11 19:24:51Z,"2012-07-11 19:24:51Z,2015-07-08 13:04:24Z,2015-12-18 11:23:47Z,2018-09-05 14:19:40Z,2016-06-03 18:31:57Z,2020-03-10 11:58:16Z,2018-07-31 20:17:22Z,2012-07-12 14:12:47Z","114,307,731,143,993,000,000,000,000,000,000,000,000,000,000,000,000,000,000,000,000,000,000,000"
https://stackoverflow.com/questions/11568232/javascript-readable-json-from-python,Accepted,2012-07-19 19:50:28Z,2012-07-19 21:06:20Z,leonsas,"4,366",3,"javascript,python,django,json",javascript-readable json from python,"My view computes a json and outputs a ,, and I'm passing this as the dictionary key ,. I'm trying to pass this to a script element in my template, but when rendering, the browser gets it as a python-escaped string, which isn't readable to the javascript. What I need is python to send it as a JS-escaped string, something like this ,.
I tried , and , without success. Basically I need python to send the string just as if it were printing it to the console. Thanks","If I understand well, you want to use a json in a template.
In order to do that, you have to disable the escaping, for exemple like this.",3k,9,no,"SA2.1, SA2.2, SB1",15,Coding,Data handling,Data format/compatibility,,json error,,2012-07-19 20:04:26Z,"2012-07-19 20:04:26Z,2012-07-19 21:06:20Z,2012-07-19 19:58:25Z","11,568,232,115,684,200,000,000,000,000,000"
https://stackoverflow.com/questions/11570713/how-to-receive-json-object-in-php,Accepted,2012-07-19 23:19:36Z,2012-07-19 23:35:03Z,Ozzy,"7,947",1,"php,javascript,jquery,ajax,json",How to receive JSON object in PHP?,"I'm trying to send a JSON object from an AJAX request to my server.,I'm doing this with JQuery like this:,The url is pointed to this file on the server:,But the POST var seems to be empty, even though in Firebug I can see that the correct data was sent to the server:,After each request is sent, the ajax error function is called, with an undefined error (I guess because there was no reply from the server? Or I don't know?)","POST needs key value pairs, but you're just sending it one value (a JSON string) without a key. It needs to be an array.,Secondly, you need to decode the JSON before you can use it in PHP as an array or object. , is used for that.",4k,6,yes,"SA2.1, SB1",6,Coding,Interfacing,Invocation mechanism,Implicit interfacing,ajax,,2012-07-19 23:35:03Z,2012-07-19 23:35:03Z,"1,157,071,311,570,830"
https://stackoverflow.com/questions/11643666/python-importerror-undefined-symbol-for-custom-c-module,Accepted,2012-07-25 06:08:09Z,2020-05-27 03:34:26Z,Rajesh J Advani,"5,329",1,"c++,python,opencv,shared-libraries",Python ImportError - undefined symbol - for custom C++ module,"I've been developing a Python module in C++ using OpenCV 2.3 through 2.4.2, on Ubuntu 11.04. OpenCV was built from source. I'm not using the version of OpenCV from the Ubuntu repositories.,My Python module compiles with no issues and is loaded in Python properly. However, when I compile this module on Ubuntu 11.10 or 12.04, I get an ImportError with the message ""undefined symbol"" when trying to load it in Python.,This is how I compile the module:,This is the output of ""pkg-config --cflags --libs opencv"",The error I get is:,My understanding is that ""undefined symbol"" generally means that the given symbol can't be found in any of the linked libraries. But I know that this symbol is there in libopencv_ml.so because when I run this:,I get:,/usr/local/lib seems to be in the dynamic linker cache. ,And the so file is there in the cache too.,So can you give me any clue what I might be doing wrong? Has something changed between Ubuntu 11.04 and 11.10 in the manner in which shared libraries are loaded when running Python? Or is this a problem with OpenCV?","The solution is to put the generated module name before the other modules it depends on, on the g++ command-line.,The gcc man page says of the , option,,Since the name of mymodule.so was provided before the libraries it was supposed to be linked to, none of them were actually linked to the generated .so file. ,Thanks for @J.F.Sebastian for pointing out how , works.",40k,25,yes,"SA1, SA2.1, SA2.2, SB1",24,Coding,Build,,,config for compile,exist document,2012-07-26 06:07:16Z,2012-07-26 06:07:16Z,"1,164,366,611,663,370"
https://stackoverflow.com/questions/11834078/how-to-convert-zval-to-vector-for-php-extension,Accepted,2012-08-06 18:49:36Z,2012-08-06 20:18:09Z,Prod Tester,223,1,"php,c++,php-extension,php-internals",how to convert zval to vector for php extension?,"i'm writing a php extension for my c++ library which is defined something like this:,now, i'm writing a php wrapper for above function like this.,now i want to call getPids(), but i don't know the proper way to pass idsArray as vector into the c++ function.,after some search on web, i found an example where zval array is iterated to read each values, and i thought maybe i can use this to create a vector.,but is this the best approach? or is there a better way to do this?,thanks!","To populate a , from a PHP array, here's how I'd do it (the short version):,...where , is your input ,, and , is your output vector.",983,6,yes,"SA2.1, SA2.2, SB1",3,Coding,Interfacing,Interfacing choice,,-,,2012-08-06 20:04:41Z,2012-08-06 20:04:41Z,"1,183,407,811,835,120"
https://stackoverflow.com/questions/10524365/interop-causes-unity-to-crash,Accepted,2012-05-09 21:30:05Z,2012-08-08 11:20:20Z,Zening Qu,"3,183",1,"c#,c,callback,interop,unity3d",Interop causes Unity to crash,"I tried but Unity crashes as soon as the scripts get executed.,I googled about it and found , which says, I am thinking like this because I've read threads like , that introduces how to make C functions calling back C# functions. So I reasoned that if I create a new thread, it's no longer Unity, it will just be mono and C#.,Here is my code that crashes Unity:,The C++ code:,The C# code:","The answer is ,!,I tested again on August 8, 2012, with Unity 3.5.2f2, Pro license. Thanks for @hatboyzero's comment I found ,.,Although the code in my question doesn't work, the following code works:,I didn't have to embed MonoRuntime as the tutorial suggests. Just the above two pieces of code solved my problem.",3k,6,yes,"SA1, SA2.1, SA2.2, SB1, SB2",4,Coding,Data handling,Interoperability,,HTTPRequest,,2012-08-08 11:20:20Z,2012-08-08 11:20:20Z,"1,052,436,511,863,410"
https://stackoverflow.com/questions/11873878/c-sharp-encryption-to-php-decryption,Accepted,2012-08-08 22:03:59Z,2015-03-06 19:36:14Z,solidau,"3,886",2,"c#,php,cookies,encryption,encryption-symmetric",C# Encryption to PHP Decryption,"I'm trying to encrypt some (cookie) data in C# and then decrypt it in PHP. I have chosen to use Rijndael encryption. I've almost got it working, except only part of the text is decrypted! I started working from this example: ,Here's the text (JSON) that I am encrypting (sensitive information removed):,So I login to the C# app which creates/encodes the cookie from stored Key and IV and then redirects to the PHP app which is supposed to decrypt/read the cookie. When I decrypt the cookie, it comes out like this:
,: i've gotten a little bit further and this is now the result,As you can see, it starts decrypting it, but then gets messed up...
,When Decrypt the string it comes out correct (with padding, which I have a function to remove padding), but if I change the test string by one character I get garbage again:,: I'm just using static key/IV for now, here they are:,
I then save the key and IV to a database to be retrieved later for encoding/decoding.,This is the full encryption class:,Here's the PHP code I am using to decrypt the data:, ,: I'm using ASCII keys in the format needed by PHP. If I generate keys from the RijndaelManaged class they dont work on the PHP side, but I can use keys that are known to work on PHP side and use them in the RijndaelManaged C# side.,Please let me know if I left out any pertinent information. TIA!","Since the string is partially OK, but there is gibberish at the end it would suggest a padding problem within the encryption which expects exact blocks of 256 bytes. I suggest setting the padding as , (PaddingMode.PKCS7) instead of , on the C# side which PHP will understand without issues (as it's the default mode on that parser)., Oops, I did not notice that you had the following in your PHP:,This is the caveat. PHP is likely not getting the encrypted data as-is and is running some urldecode sanitizing. You should print this variable to see that it really matches what is being sent from the C# code.,Convert the whitespaces to missing + characters from the cookie by adding this:",17k,18,yes,"SA2.1, SA2.2, SB1",5,Coding,Data handling,Data format/compatibility,,encrypt and decrypt,,2012-08-10 19:35:53Z,"2012-08-10 21:38:33Z,2012-08-10 19:35:53Z","118,738,781,190,960,000,000,000"
https://stackoverflow.com/questions/11952365/accessing-an-array-of-pointers-within-a-structure-from-java-with-swig,Accepted,2012-08-14 12:33:41Z,2017-11-08 15:40:21Z,Svetoslav Marinov,492,2,"java,c,swig",Accessing an array of pointers within a structure from Java with SWIG,"I've something like this: ,I want to convert , to an array with , elements (,) in Java with SWIG. And then to read the array (I don't want to edit,delete and create a new array from Java code). In the SWIG documentation is described how to do this with , and ,, but the struct's member , must be of type ,. Is there a solution of my problem?,EDIT: 
I've hurried and I've forgotten to write that I want to generate Java classes with SWIG to cooperate with C structures.","The solution is very easy. Just use in a swig interface: ,And then access from java with:,to retrieve the content of the array.",1k,6,yes,"SA2.1, SA2.2, SB1",3,Coding,Data handling,Data format/compatibility,,HTTPRequest,,2012-08-14 14:32:42Z,"2012-08-14 14:32:42Z,2012-08-14 12:55:13Z","119,523,651,195,462,000,000,000"
https://stackoverflow.com/questions/11926340/how-to-pass-a-c-object-to-another-c-object-with-boost-python,Accepted,2012-08-12 22:25:42Z,2012-08-15 21:03:43Z,davidA,"10,402",1,"c++,python,boost,boost-python",How to pass a C++ object to another C++ object with Boost.Python,"I have some C++ code that defines two classes, A and B. B takes an instance of A during construction. I have wrapped A with Boost.Python so that Python can create instances of A, as well as subclasses. I want to do the same with B.,While wrapping B, I needed to work out how to pass an instance of A to B's constructor. I did some digging and the , I found was to write a ""converter"" class:,Then I register this with:,Convertible and construct are methods that answer the ""is this convertible?"" and ""how to convert?"" questions respectively. I have observed that the construct() method is non-trivial - it has to reach into A's PyObject*, extract all relevant fields, then rebuild a C++ instance that it then passes to B's constructor. Because A contains some private fields, it has to do this via public access mechanisms (whereas with a pure Python object it wouldn't have to, right?). This seems to work.,However, , It seems laborious. If A is a compound object, it could get very complicated, and possibly require one converter to invoke another. I perhaps understand the requirement if A is a Python class, but if the A instance originated from the C++ side, is there a way to determine that this is the case, and then simply get a handle (e.g. pointer) to this 'native' object, as a shortcut?,Here's the associated python code:","In short, define ,'s wrapper as:,instead of,When defining a wrapper for class in Boost.Python (at least in 1.50), the , template generates convert and construct functions. This allows , to be converted to and constructed from a ,'s wrapper. These , conversions have strict type-checking, and require that the following be true in python: ,.,Custom converters are often used to support:,Since , and , are neither existing Python types nor is duck-typing required, custom converters are not necessary. For , to take an instance of ,, it can be as simple as specifying that , takes an ,.,Here is a simplified example of , and ,, where , can be constructed from an ,.,And the wrappers would be defined as:,'s wrapper explicitly indicates that it will be constructed from an , object via ,. Also, ,'s interface is not fully exposed to the Python objects, as no wrapper was defined for the , function.,This also works for types that are derived from ,. For example:,However, duck-typing is not enabled.,To support the case where , can be constructed from an object that provides a compatible interface, then custom converters are required. Although wrappers were not previously generated for ,, lets continue with the statement that an object can be converted to , if the object provides a , method that returns an ,.,First, write an , struct that provides converter and constructors functions., is used to throw an exception if , is returned. This helps provide the duck-typing guarantee that the python object must provide a , method. If the , is known to be an instance of given type, then it is possible to use , and , to directly extract the type, and avoid having to generically make calls through the , interface.,Next, register the converter in the module.,no changes have occurred to ,, ,, or their associated wrapper definitions. The auto-conversion functions were created, and then defined/registered within the module., exists, and thus , is constructed from an instance of , when , is passed to ,'s constructor. However, , does not exists, and an exception is raised when trying to construct , from an instance of ,.,Implementing duck-typing via the C-API can become very complicated with larger types. An alternative solution is perform the duck-typing in python, and distribute the python file alongside the library., will import the , and , types, as well as monkey patch ,'s constructor:,The only change required to the end-user is to import , instead of ,:,Since the patched constructor guarantees an instance of , will be passed to ,, the , will not get invoked. Hence, the missing print statements in the output.,While this approach avoids the C-API, making it easier to perform duck-typing, it does have one major trade-off in that it requires parts of the API to be specifically patched for conversions. On the other hand, no patching is required when auto-type conversion functions are available.,Also, for what it is worth, access control in both C++ and Python is intended to protect against accidental misuse. Neither protect against deliberately obtaining access to members with private visibility. It is much easier to do in Python, but it is specifically permitted in the C++ Standard through explicit template instantiations.",3k,8,yes,"SA1, SA2.1, SA2.2, SB1, SB2",10,Coding,Interfacing,Invocation mechanism,Explicit interfacing,BOOST transfer,,2012-08-15 20:43:28Z,2012-08-15 20:43:28Z,"1,192,634,011,976,960"
https://stackoverflow.com/questions/10596052/stdvector-to-java-util-vector-code-generation-with-swig,Accepted,2012-05-15 07:26:29Z,2014-01-14 03:32:27Z,,,1,"java,c++,list,vector,swig",std::vector to java.util.Vector code generation with swig,"I try to generate java code with SWIG ,In , I declared a custom list object called ,and this List class inherits from vector,In a business class (in C++) I return a List of custom objects,so I want to generate java code where I can retrieve this C++ List as java.util.List or java.util.Vector.,in my swig.i file I couldn't manage how to embody,any kind help how to configure this swig.i template file or some sample code to generate a java.util.List / Vector returning function will be appreciated.,Thank you.","You don't really want to be touching , with your wrapped interfaces because you will end up duplicating storage or making large numbers of copy operations every time you pass it in/out of a function. (note also that in general in C++ inhering from containers is odd design).,Instead in Java the ""right"" thing to do is to inherit from ,. This answer is a more generic version of my ,.,It works for all , types, not just a fixed type and handles , using an ""autobox"" custom type map. It's missing support for the specialized ,, but that should be simple to add if you need it.,Most of this is fairly similar to the default std_vector.i that SWIG currently provides, the new bits are the renaming, extending and typemaps that extend , and implement ,. It also adds a constructor that takes other ,s - this is recommended by the Java documentation and easy enough to do. (There's an overload for other , types which is , faster).,I tested this vector wrapping within another SWIG interface:,Which I was able to compile and run with:",6k,6,yes,"SA1, SA2.1, SA2.2, SB1, SB2",10,Coding,Data handling,Interoperability,,parameter error,,2012-09-23 09:18:08Z,2012-09-23 09:18:08Z,"1,059,605,212,551,100"
https://stackoverflow.com/questions/12558996/jquery-knob-display-number-change,Accepted,2012-09-24 04:51:24Z,2015-03-20 12:14:41Z,Guj Mil,323,3,"php,javascript,jquery,jquery-plugins",JQuery Knob display number change,"I'm using , to make some cool graphs and it's working perfectly. But I have one problem: I want to make the display number between the graph have a '%' symbol concatenated. but I just cant seem to make it work. Modifying the input through jquery wont do it, and I've tried reading into the code of the library but with no luck. Has any one else had this problem before?","If you take a quick look at the github repo you'll see that there's a draw hook that's called everytime the canvas is drawn. If you implement that hook you should be able to add whatever you wish to the input. Here's a short example of the functionality you're looking for (to try it: , ) and for future reference:",8k,6,no,"SA1, SA2.1, SA2.2, SB1,SB2",30,Coding,Data handling,Data format/compatibility,,HTTPRequest,,2012-09-24 05:44:46Z,"2012-09-24 05:44:46Z,2014-06-20 17:36:18Z,2013-10-14 13:18:46Z","12,558,996,125,594,400,000,000,000,000,000"
https://stackoverflow.com/questions/12717084/creating-custom-php-syntax-parser,Accepted,2012-10-03 21:19:13Z,2012-10-03 22:05:04Z,Undefined Variable,"3,796",1,"php,javascript,syntax",Creating custom PHP Syntax Parser,"I am thinking about how one would go about creating a PHP equivalent for a couple of libraries I found for CSS and JS. ,One is , which is a ,. The basic idea behind , is that it allows you to create more dynamic CSS rules containing entities that ""regular"" CSS does not support such as ,, , etc and then the final , , those syntax into regular CSS.,Another interesting JS library which behaves in a (kind of) similar pattern is , where you can write ""tidier & simpler"" code which then gets , into regular Javascript.,How would one go about creating a simple similar interface for PHP? Just as a proof of concept; I am only trying to learn stuff. Lets just take a simple use case of extending classes.,Suppose I want to let the user write class , as (just for the example):,And let them later have that code ""resolve"" to regular PHP (Usually by running a separate command/process I would believe). My question is how would I go about creating something like this. Can it be done in PHP, would I require to use something like C/C++. How should I approach this problem if I were to go at it? Are there any resources online? Any pointers are deeply appreciated!","Language , are not as easy as one might think.,The example you gave can be implemented very easily with a , that looks for class definitions and replaces , with ,.,But more complex features need a , which is a suite of smaller logical pieces of code.,In most programmer jargon people incorrectly call transcoders , but the difference between compilers and transcoders is that compilers read source code and output raw binary machine code while transcoders read source code and output (a different) source code.,The PHP (or JavaScript) runtime for example is neither compiler nor transcoder, it's an interpreter.,But enough about jargon let's talk about transcoders:,To build a transcoder you must first build a tokenizer, it breaks apart the source code into tokens, meaning that if it sees an entire word such as 'class' or the name of a class or 'function' or the name of a function, it captures that word and considers it a token. When it encounters another token such as an opening round bracket or an opening brace or a square bracket etc. it considers that another token.,Luckily all of the recognized tokens available in PHP are already easily scanned by , which is a function PHP is bundled with. You may have some trouble because PHP assumes some things about how you use symbols but all in all you can make use of this function.,The tokenizer creates a flat list of all the tokens it finds and gives it to the parser.,The parser is the second phase of your transcoder, it reads the list of tokens and decides stuff like ""if token[0] is a class and token[1] is a name_value then we have a class"" etc.. after running through the entire list of tokens we should have an abstract syntax tree.,The abstract syntax tree is a structure that symbolically retains only the relevant information about a the source code.,After you get an abstract syntax tree you need to walk through it and output the destination source code.,The real tricky part is the parser which (depending on the complexity of the language you are parsing) may need a backtracking algorithm or some other form of pattern matching to differentiate similar cases against one another.,I recommend reading about this in Terence Parr' book , which describes in detail the design patterns needed to write a transcoder.,In Terrence' book you'll find out why some languages such as HTML or CSS are much simpler (structurally) than PHP or JavaScript and how that relates the complexity of the language parser.",2k,7,yes,"SA1, SA2.1, SA2.2, SB1, SB2",8,Design,Language choice,,,post/net,,2012-10-03 21:37:57Z,2012-10-03 21:37:57Z,"1,271,708,412,717,280"
https://stackoverflow.com/questions/12738827/how-can-i-call-scikit-learn-classifiers-from-java,Accepted,2012-10-05 02:50:26Z,2019-02-21 17:57:05Z,Thomas Johnson,"8,980",6,"java,python,jython,scikit-learn",How can I call scikit-learn classifiers from Java?,I have a classifier that I trained using Python's scikit-learn. How can I use the classifier from a Java program? Can I use Jython? Is there some way to save the classifier in Python and load it in Java? Is there some other way to use it?,"You cannot use jython as scikit-learn heavily relies on numpy and scipy that have many compiled C and Fortran extensions hence cannot work in jython.,The easiest ways to use scikit-learn in a java environment would be to:,The last approach will be a lot more work if you need to re-implement feature extraction in Java as well.,Finally you can use a Java library such as Weka or Mahout that implement the algorithms you need instead of trying to use scikit-learn from Java.",39k,34,no,"SA1, SA2.1, SB1, SB2",50,Design,Interfacing,Interfacing choice,,method choice,,2012-10-05 09:05:29Z,"2012-10-05 09:05:29Z,2016-08-10 16:31:57Z,2018-03-04 16:26:02Z,2018-02-16 13:05:25Z,2018-05-11 12:50:16Z,2019-02-21 17:57:05Z","12,738,827,127,430,100,000,000,000,000,000,000,000,000,000,000,000,000,000"
https://stackoverflow.com/questions/13231913/how-do-i-call-a-specific-method-from-a-python-script-in-c,Accepted,2012-11-05 12:14:38Z,2015-03-04 22:58:39Z,VanDeath,519,3,"c#,python,methods,arguments,ironpython",How do I call a specific Method from a Python Script in C#?,"I'm wondering if there is a possibility to call a specific Method from a Python script over a C# project.,I have no code... but my idea is:,Python Code:,C# Code:,How can I call one of the Methods, from this Python script, over C#?","You can host IronPython, execute the script and access the functions defined within the script through the created scope.,The following sample shows the basic concept and two ways of using the function from C#.",28k,17,yes,"SA2.1, SA2.2, SB1",29,Coding,Interfacing,Interfacing choice,,method choice,,2012-11-05 22:36:01Z,"2012-11-05 22:36:01Z,2013-01-04 13:07:08Z,2012-11-05 12:18:10Z","13,231,913,132,415,100,000,000,000,000,000"
https://stackoverflow.com/questions/13242098/why-should-i-embed-a-scripting-language,Accepted,2012-11-05 23:30:46Z,2014-05-07 20:49:13Z,Maik Klein,"13,922",6,"c++,python,lua",Why should I embed a scripting language? [closed],"I am learning C++ now and I have heard a lot about embedded scripting languages. I imagined it completely different.,I thought I would write all of my performance heavy functions in C++ and call them out of a scripting language such as Lua or Python.,But it seems it is the other way around. -> Write functions in Lua/Python and call them in C code. ,Example: ,Then in Python I would call this function and I would have the performance from C++ but can make changes at runtime thanks to Python's runtime interpreter.","Actually, a lot of game engines like to build interfaces to the engine by embedding Lua or Python. There are advantages to this:,C++ is quite useful as a backend for projects that want the flexability of scripting languages, but want the performance of C++. I have not heard of projects that use C++ as a frontend, with a scripting language as the backend.,We use this style in my company's software. We expose an API through a Windows DLL that can be called by most languages fairly easily. We specifically support VB and VBA. This is great when the backend is from outside the script maker's control. However, it is hard to debug issues that arise from the script maker's perspective.,Advantages,Disadvantages,The software actually embeds the script interpreter into the software. This way you can expose features as if they were native functions. In this style, the script makers and the backend programmers typically are in the same company. It can also be used by traditional software to allow others to extend the functionality of the application. If they share source code, you can debug problems arising from scripts in a much easier manner. The application also takes care of when and how to launch your scripts. However, in order to support additional languages, the application developer has to embed other interpreters.,Advantages,Disadvantages",3k,9,yes,"SA1, SA2.1, SB1",5,Design,Interfacing,Interfacing choice,,method choice,,2012-11-05 23:37:15Z,"2012-11-05 23:37:15Z,2012-11-06 02:00:09Z,2012-11-05 23:33:29Z,2012-11-05 23:51:36Z,2012-11-06 02:11:52Z,2012-11-06 02:58:52Z","13,242,098,132,421,800,000,000,000,000,000,000,000,000,000,000,000,000,000"
https://stackoverflow.com/questions/13289171/marshalasunmanagedtype-lpstr-how-does-this-convert-utf-8-strings-to-char,Accepted,2012-11-08 12:30:03Z,2020-11-18 15:45:24Z,dk123,"15,524",4,"c#,c++,marshalling",MarshalAs(UnmanagedType.LPStr) - how does this convert utf-8 strings to char*,"The question title is basically what I'd like to ask:, - how does this convert utf-8 strings to char* ?,I use the above line when I attempt to communicate between c# and c++ dlls;
more specifically, between:,When I send my utf-8 text (scintilla.Text) through c# and into my c++ dll,
I'm shown in my VS 10 debugger that:,Here's a screenshot (with more details):,As you can see, , returns the single ,: 'B' and the contents of , are displayed properly (including Korean) in the VS watch window.,Going through the , pointer, it seems that English is saved as one , per ,, while Korean seems to be saved as two bytes per ,. (the Korean word in the screenshot is 3 letters, hence saved in 6 bytes),This seems to show that each 'letter' isn't saved in equal size containers, but differs depending on language. (possible hint on type?),I'm trying to achieve the same result in pure c++: reading in utf-8 files and saving the result as ,. ,Here's an example of my attempt to read a utf-8 file and convert to , in c++:,observations:,(the screenshot also shows my terrible failure in using wcstombs),note: I'm using the utf8 header from (,),Please correct me on any mistakes in my code/observations.,I'd like to be able to mimic the result I'm getting through the c# marshal and I've realised after going through all this that I'm completely stuck. Any ideas?","It doesn't. There is no such thing as a ""utf-8 string"" in managed code, strings are always encoded in utf-16. The marshaling from and to an LPStr is done with the default system code page. Which makes it fairly remarkable that you see Korean glyphs in the debugger, unless you use code page 949.,If interop with utf-8 is a hard requirement then you need to use a byte[] in the pinvoke declaration. And convert back and forth yourself with System.Text.Encoding.UTF8. Use its GetString() method to convert the byte[] to a string, its GetBytes() method to convert a string to byte[]. Avoid all this if possible by using wchar_t[] in the native code.",17k,14,yes,"SA2.1, SB1",16,Coding,Data handling,Data format/compatibility,,convert data,,2012-11-08 13:45:47Z,"2012-11-08 13:45:47Z,2018-03-21 03:34:23Z,2014-11-29 04:10:27Z,2020-11-18 15:45:24Z","1,328,917,113,290,180,000,000,000,000,000,000,000,000"
https://stackoverflow.com/questions/13322119/how-to-make-script-in-linux-use-my-interpteter-and-work,Accepted,2012-11-10 12:36:40Z,2012-11-10 13:26:37Z,Patryk,"2,824",2,"c,linux,shell",How to make script in linux use my interpteter and work? (#!),"I've made a simple shell for linux. It's reading line by line with getline() until ctrl+d (eof/-1) is entered into standard input.,While entering into stdin line by line code like that:,My shell works pretty well.,I've tried to run script through my shell, but it's not working. When I execute script, my shell is automatically executed (1st line) but the shell do not interprete other lines.,What could cause it? I have to say that I'm very beginner in linuxes and teacher didnt say anything about all that stuff. Just a homework. I've done some researches but that's all I've found.,Here's code of my Shell. I've added shell path into etc/shells but its still not working","Your shell must accept command line arguments. In this case, your program will be called like this:,So you'll need a , of this signature:,and then parse the arguments. , contains the amount of arguments. The script's filename is passed in ,. You'll need to open it (using ,) and read commands from it instead of ,. You should probably make sure that your shell ignores the first line of a file if it starts with a ,.,If your script is called without an absolute path (a path that doesn't start with a ,), then the filename is relative to the current directory. You can get that from the environment or programmatically with ,.",242,8,yes,"SA2.1, SA2.2, SB1",12,Coding,Interfacing,Invocation mechanism,Explicit interfacing,-,,2012-11-10 13:09:08Z,"2012-11-10 13:09:08Z,2012-11-10 13:08:35Z","133,221,191,332,232,000,000,000"
https://stackoverflow.com/questions/13419676/assigning-the-model-to-a-javascript-variable-in-razor,Accepted,2012-11-16 15:35:08Z,2012-11-16 15:56:25Z,Seriphos,349,2,"c#,javascript,jquery,asp.net-mvc,razor",Assigning the Model to a Javascript variable in Razor,"I have a strongly-typed view bound to an object which contains a Collection (list) of some objects. I know Razor gets executed on the server-side when it's generating the page, whereas Javascript variables don't get instantiated until after the page is displayed... but would it somehow be possible to convert the Model (that the view is bound to) or any of its fields to JSON in Razor without resorting to an AJAX call to fetch that data afterwards?,You know, something like...,where , is a list of some objects.,Thanks",To get json data you can use the following construction:,15k,12,yes,"SA2.1, SA2.2, SB1",36,Coding,Data handling,Interoperability,,Razo erg-r,,2012-11-16 15:37:08Z,"2012-11-16 15:37:08Z,2012-11-16 15:56:25Z","134,196,761,341,970,000,000,000"
https://stackoverflow.com/questions/13454985/asp-net-set-hiddenfield-a-value-in-javascript,Accepted,2012-11-19 13:39:11Z,2017-09-14 12:39:34Z,ozkank,"1,414",9,"c#,javascript,asp.net",ASP.NET set hiddenfield a value in Javascript,"I don't know how to set the value of a hiddenField in Javascript. Can somebody show me how to do this?,Javascript:,HTML:","Get the client id generated in the page that uses Master page. As Master page is UserControl type, It will have its own Id and it treats the page as Child control and generates a different id with prefix like ,.,This can be resolved by using , in a page and can be assigned to any string or a javascript variables that can be referred later.,Use this property to control how you want to generate the ID for you. For your case setting , in page level will resolve the problem. The same thing can be applied at control level as well.",153k,23,yes,"SA2.1, SA2.2, SB1",37,Coding,Embedding,,,HTTPRequest,,2012-11-19 13:41:35Z,"2012-11-19 13:41:35Z,2015-07-16 09:50:39Z,2014-09-23 14:11:32Z,2012-11-19 13:41:27Z,2013-10-15 22:39:52Z,2013-06-13 12:12:26Z,2012-11-19 13:41:25Z,2013-06-13 13:34:54Z,2013-08-02 18:46:54Z","13,454,985,134,550,300,000,000,000,000,000,000,000,000,000,000,000,000,000,000,000,000,000,000,000,000,000"
https://stackoverflow.com/questions/13654561/marshalling-an-array-of-strings-from-managed-to-native-code,Accepted,2012-11-30 23:14:25Z,2012-12-18 14:49:58Z,Tejas Sharma,"3,330",2,"c#,c++,.net,interop,marshalling",Marshalling an array of strings from managed to native code,"I have a managed function with the following declaration (both interface and implementation):,There is also a native C++ interface with the same methods as the managed interface, inside of that interface, this method has the following declaration:,This function is called by native code in the following way:,I'm not sure what I'm doing wrong but after my managed function has been called, , appears to have garbage values, somethings going wrong while marshalling the return value back to native code. Could someone with more experience than me with .Net interop please shed some light on this? Also, It might be relevant to mention that I haven't had problems with returning ,s from my managed function (, if you're curious), something about returning a , array is messing things up. Thanks!","Well I finally got it to work. I created a managed representation of , called , (stolen from here : ,):,I changed the signature of my method to:,Inside my method, I manually updated the , field by calling , and then copied over the strings I wanted the , to contain. ,I have no idea as to why the CLR wasn't able to automatically marshal the parameters to and from native code and I'd still appreciate it if someone could try to explain that.",2k,6,yes,"SA1, SA2.1, SA2.2, SB1, SB2",0,Coding,Data handling,Interoperability,,"self-answer,parameter error",,2012-12-03 18:32:54Z,"2012-12-01 00:03:29Z,2012-12-03 18:32:54Z","136,545,611,365,494,000,000,000"
https://stackoverflow.com/questions/14036004/how-to-convert-jobject-to-jstring,Accepted,2012-12-26 04:28:17Z,2012-12-26 09:47:09Z,glo,"1,358",1,"java,c++,java-native-interface,cocos2d-x",how to convert jobject to jstring,"I am trying to get a string in return to a function call from cpp to java. ,This is my JNI call,On compiling i get the error ,Can anyone please tell me how to solve this problem.","Here you go ...,And if you want to get it return as std::String then",13k,6,yes,"SA2.2, SB1",9,Coding,Data handling,Data format/compatibility,,convert data,,2012-12-26 09:47:09Z,2012-12-26 09:47:09Z,"1,403,600,414,038,720"
https://stackoverflow.com/questions/14124695/seg-fault-in-php-extension,Accepted,2013-01-02 15:36:16Z,2013-01-08 15:11:33Z,Matt,"1,696",2,"php,c,segmentation-fault,php-extension,php-internals",SEG Fault in PHP extension,"I wrote a PHP extension to access functions in a static lib, I built PHP as a CGI, and everything seemed to work (after days of working on it..),Thrilled once everything worked, I re-compiled PHP without debugging messages I had in it. (, .... ,),Then, it just stopped working. The function I'm calling in the static lib works, I've tested it by calling it directly from another executable.,I built PHP with debugging symbols (,) and can debug it to a certain degree in gdb.,I'm still struggling to figure out what's wrong. It seems that the function in the lib (,) cannot seem to read the input arguments.,When I call this function, the , statement works and prints out the right values. When I let it call the difffst_ function however, I get a segfault when it tries to read the input variables.,The diffFst function is written in fortran:,Specifically, it fails at line 122 (according to the debugger) when it tries to read ,.,I have no idea why, I've tried:,It just seems like the data isn't being passed properly. Even in the debugger, I can't read the arguments.,The frustrating thing is, at one point this just worked.. I've checked file permissions, checked paths, etc.. And I can run the function from a fortran wrapper executable just fine.,Is there a trick I'm missing?,Thanks","Took a while, and needed additional help (,),Basically two things had to change:,The first is easy, simply ,The second involved passing the length of the string. There may have been an easier way to do this (sensing string length by looking for the \0) but they didn't work out. So, now I pass,Then in Fortran, I accept the string as,The specific changes to the fortran code above are,When it was working, it must have been before I attempted to read in the strings as ,, and integers were being passed in as references, so they'd have had random values essentially. ,Thanks for everyone's else!",378,8,yes,"SA1, SA2.1, SA2.2, SB1, SB2",2,Testing/Debugging,Data handling,Interoperability,,parameter error,,2013-01-03 04:57:52Z,"2013-01-03 04:57:52Z,2013-01-08 15:11:33Z","141,246,951,413,327,000,000,000"
https://stackoverflow.com/questions/14184993/communication-between-c-and-c-sharp-application-through-network,Accepted,2013-01-06 17:57:13Z,2013-01-07 06:49:12Z,DaveDum,63,4,"c#,c++,sockets,tcp,ip",Communication between c++ and c# application through network,"I have a simple server written in c# listening on some port. I have an application in c++ and I need the application to send some information to the server. This information is a struct containing 5 integers. I was thinking that I can send it also as a string: something like: ""ID=3, anotherInt=5..."". Is it a good idea? If not, how should I do that?,How to make it work? What is your advice?,Thank you.","this is ok, but this line should read:,where the conversion , can be omitted.
In your code the value of pointer ln is sent (correctly) but you most likely want to send the string it's pointing to in it's entire length.,Concerning the messages to be send: Converting integers to ascii is not a bad idea. You also may have a look at JSON or , format. Formatters or Parsers can easily be written from scratch.",1k,6,no,"SA1, SA2.1, SA2.2, SB1, SB2",0,Coding,Interfacing,Interfacing choice,,method choice,,2013-01-06 18:11:45Z,"2013-01-06 18:04:34Z,2013-01-06 18:12:54Z,2013-01-06 18:05:54Z,2013-01-06 18:11:45Z","1,418,499,314,185,070,000,000,000,000,000,000,000,000"
https://stackoverflow.com/questions/14269798/java-jni-calls-are-slower-than-expected-at-least-2-ms-call,Accepted,2013-01-11 00:32:18Z,2013-09-05 09:29:30Z,bgroenks,"1,799",2,"java,c,performance,java-native-interface",Java JNI calls are slower than expected (at least 2 ms/call),"I've read from several other reports that people generally get around , on a plain, basic JNI call:,From ,From ,When I call simple methods in my JNI code (by simple I mean no more than one argument of time int returning type int), I'm getting a round trip call time (measured with System.nanoTIme) of between 50,000-80,000 ns.,If I do a VM ""warm-up"" and run the call a few hundred times before timing it, I still get about ,. (As stated above, I have heard others report < 100 ns.. and having 10-20 times higher than that does add up when making frequent calls.),Is this normal speed? What could be causing my native code to be called so much slower?,UPDATE:,Where X2D_correctGamma(int,float) is a method to correct a pixel's gamma value (I've implemented native code since posting).,Java benchmarking:,That's the ""warm-up"" code. Most of the printlns read 800-1000ns after the initial call.,Unfortunately, I may have to scrap this, because it's supposed to be used in rendering, and calling this thousands of times per second is bringing the frame rate down to 1 FPS.,System Info:,Behaves similarly on: JDK1.6.0_32 (64-bit), JDK1.7.0_04 (64-bit), and JRE1.7.0_10 (32-bit),Windows 7 64-bit,16GB RAM,i7-3770 quad-core CPU @ 3.4-3.9ghz,GNU GCC MinGW Compilers (32-bit and 64-bit)","no. If you are , getting 50,000-80,000 ns per JNI call, something weird is going on.,no idea. It could be almost anything. But if you showed us the native code and the Java code we'd be in a better position to explain.,My money would be on this NOT being a problem with the JNI calls at all. Rather, I expect it is an artefact of the way that you are benchmarking. There are lots of things that you can do (or fail to do) that will cause a Java benchmark to produce spurious results. We need to see your benchmarking code.,OK so, your update indicates that your earlier reported timings (50,000-80,000 or 2000-4000) are incorrect or irrelevant. Timings of 800-1000ns sound plausible, given the following.,I think there are three flaws in your benchmark.",2k,7,yes,"SA2.1, SB1",7,Coding,Efficiency/Performance,,,performance,,2013-01-11 01:33:15Z,"2013-01-11 01:33:15Z,2013-09-05 09:29:30Z","142,697,981,427,027,000,000,000"
https://stackoverflow.com/questions/14341549/passing-a-set-of-numpy-arrays-into-c-function-for-input-and-output,Accepted,2013-01-15 15:54:39Z,2013-01-16 12:08:23Z,apl,133,2,"python,c,numpy,ctypes,ffi",Passing a set of NumPy arrays into C function for input and output,"Let's assume we have a C function that takes a set of one or more input arrays, processes them, and writes its output into a set of output arrays. The signature looks as follows (with , representing the number of array elements to be processed):,I want to call this function from Python via ctypes and use it to apply a transformation to a set of NumPy arrays. For a one-input/one-output function defined as,the following works:,However, I have no clue how to create the corresponding pointer array for , inputs (and/or outputs). Any ideas?,: So people have been wondering how , knows how many array pointers to expect (as , refers to the number of elements per array). This is, in fact, hard-coded; a given , knows precisely how many inputs and outputs to expect. It's the caller's job to verify that , and , point to the right number of inputs and outputs. Here's an example , taking 2 inputs and writing to 1 output array:,I have no way of influencing the signature and implementation of ,. I can verify (from Python!) how many inputs and outputs are required. Key problem is how to give the correct , for the function, and how to produce appropriate data structures in NumPy (an array of pointers to NumPy arrays).","To do this specifically with Numpy arrays, you could use:,Where the C side of things might look like:",5k,13,yes,"SA2.1, SA2.2, SB1",8,Coding,Data handling,Data format/compatibility,,numpy in different language,,2013-01-16 10:23:35Z,"2013-01-16 10:23:35Z,2013-01-15 19:37:13Z","143,415,491,435,614,000,000,000"
https://stackoverflow.com/questions/14371758/can-a-python-function-taking-args-kwargs-be-called-from-c-or-another-language,Accepted,2013-01-17 03:25:28Z,2013-01-17 08:03:40Z,greatwolf,"19,011",1,"python,c",Can a Python function taking *args/**kwargs be called from C or another language space?,"Take a canonical Python function defined like:,Calling this function from Python might look like:,Does the Python C API provide some way to call this function from C space? How can the above three lines be converted to C equivalent?,note that ,, using ,, C++ calls into this keyword argument function with almost the same syntax as from Python, which is quite a trick!","To call a function with arbitrary positional and keyword arguments in Python/C, equivalent to the , syntax, use ,:",986,7,yes,"SA2.1, SA2.2, SB1",5,Coding,Interfacing,Interfacing choice,,-,,2013-01-17 03:49:39Z,2013-01-17 03:49:39Z,"1,437,175,814,371,930"
https://stackoverflow.com/questions/14482064/how-to-pass-variables-back-from-php-by-ajax,Accepted,2013-01-23 14:28:31Z,2013-01-23 15:18:46Z,Jakub Zak,"1,432",3,"php,javascript,jquery,ajax,json",How to pass variables back from php by ajax,"I have script from login page which through ajax sends data into php, and php returns if successful or not, I just wonder how can I change my scripts so it would send back also 2 variables and receive it in my login js script so I can create cookies? here are my js and php scripts:,:,:","Try to use Json as response:,You can encode any array in PHP and pass it as ajax callback.,Json class you can get",5k,6,Yes,"SA1, SA2.1, SA2.2, SB1, SB2",2,Coding,Interfacing,Invocation mechanism,Explicit interfacing,ajax,,2013-01-23 14:31:43Z,"2013-01-23 14:31:43Z,2013-01-23 14:33:49Z,2013-01-23 14:33:24Z","14,482,064,144,821,200,000,000,000,000,000"
https://stackoverflow.com/questions/14762048/subprocess-call-in-python-to-invoke-java-jar-files-with-java-opts,Accepted,2013-02-07 22:14:39Z,2013-02-08 00:31:52Z,user1164061,"3,862",2,"java,python",subprocess call in python to invoke java jar files with JAVA_OPTS,"Example code:,How to specify the JAVA_OPTS in the above command? I am getting a 'java.lang.OutOfMemoryError: unable to create new native thread' when I use the above command and I think specifying JAVA_OPTS in the command would solve the problem.,I did specify the JAVA_OPTS in .bashrc file and it had no effect.","You can do this, but finding how to do it in the documentation is kind of a wild goose chase.,The , says,,Then the , section, says, at the very end after describing a bunch of other arguments:,Well then! The , documentation gives the full signature:, is the one you want! However, if you just pass ,, then that will override , environment variables, including stuff like ,, which could break other things. So you probably want to use code like this to add a , environment variable for the new process execution, without setting it in the current process:",18k,11,yes,"SA1, SA2.1, SA2.2, SB1, SB2",15,Coding,Interfacing,Invocation mechanism,Explicit interfacing,thread,,2013-02-08 00:31:52Z,"2013-02-08 00:31:52Z,2013-02-07 22:42:07Z","147,620,481,476,376,000,000,000"
https://stackoverflow.com/questions/2848359/how-to-write-javascript-in-asp-net-in-code-behind-using-c-sharp,Accepted,2010-05-17 10:48:58Z,2018-03-28 10:13:33Z,Eyla,"5,461",8,"c#,asp.net,javascript",how to write javascript in asp.net in code behind using C#,"How can I write JavaScript code in asp.net in code behind using C#?,For example:
I have click button event when I click the button I want to invoke this java script code:,I want to know how to use java script from code behind.","Actually, this is what you need:,Copy all of javascript into string and then register it into your aspx page in code-behind. Then in aspx page, you can call the javascript function whenever you want. You should write this code in Page_Load method in C# page.",68k,16,yes,"SA2.1, SA2.2, SB1",21,Coding,Embedding,,,HTTPRequest,,2013-02-14 09:04:35Z,"2013-02-14 09:04:35Z,2010-05-17 10:51:56Z,2010-05-17 17:10:07Z,2010-05-19 16:57:03Z,2010-05-17 10:52:41Z,2010-05-17 11:02:20Z,2010-05-17 12:06:42Z,2017-02-02 13:34:55Z","28,483,591,487,113,100,000,000,000,000,000,000,000,000,000,000,000,000,000,000,000,000"
https://stackoverflow.com/questions/15240472/confirm-box-in-codeigniter-anchor-link-to-delete-record,Accepted,2013-03-06 06:27:59Z,2020-08-11 06:28:07Z,Kango,727,8,"php,javascript,codeigniter",Confirm box in CodeIgniter anchor link to delete record,"I am using the following code to delete a record from a database. But I am facing a problem: when I click on ""cancel"" in the confirm box then it deletes the record. If I click , it returns false but how does it delete the record?,What am doing wrong?,Javascript code:,PHP code in view:","Try This:,and use this in your script:",39k,7,yes,"SA2.2, SB1",8,Coding,Interfacing,Invocation mechanism,Explicit interfacing,php js UI,,2013-03-06 07:06:16Z,"2013-10-21 11:28:29Z,2013-03-06 07:06:16Z,2013-03-06 06:34:43Z,2018-06-12 01:04:09Z,2013-03-06 06:32:57Z,2018-03-12 09:14:01Z,2018-10-14 15:41:37Z,2020-08-11 06:28:07Z","152,404,721,949,331,000,000,000,000,000,000,000,000,000,000,000,000,000,000,000,000,000,000,000"
https://stackoverflow.com/questions/15300470/jquery-ajax-form-using-mail-php-script-sends-email-but-post-data-from-html-fo,Accepted,2013-03-08 18:07:13Z,2017-08-20 11:02:00Z,Jason Sears,429,6,"php,javascript,jquery,ajax,html","jQuery AJAX form using mail() PHP script sends email, but POST data from HTML form is undefined","Thanks for taking the time to look, guys. I'm creating a pretty basic AJAX contact form using jQuery. The email sends, but upon opening the email there is no POST data, so I just get the strings I defined in the PHP script. On my phone's email client, the content of the email literally says 'undefined'. I've tried adding different types of header data to no avail, and a number of variations on the PHP mail() function. ,I am more than willing to adopt an easier solution for a simple AJAX form, so thanks in advance for any new approaches. ,Here is the form:
,The jQuery AJAX:,The PHP script (external file 'email.php'):",There is no need to make a query string. Just put your values in an object and jQuery will take care of the rest for you.,111k,14,yes,"SA2.1, SA2.2, SB1",22,Coding,Interfacing,Invocation mechanism,Explicit interfacing,ajax,,2013-03-08 18:10:45Z,"2013-03-08 18:10:45Z,2013-03-08 18:34:33Z,2013-03-08 18:08:21Z,2013-03-08 18:14:54Z,2017-08-20 11:02:00Z,2013-03-08 18:11:04Z","15,300,470,153,005,200,000,000,000,000,000,000,000,000,000,000,000,000,000"
https://stackoverflow.com/questions/15321431/how-to-pass-a-list-from-python-by-jinja2-to-javascript,Accepted,2013-03-10 10:54:07Z,2021-06-06 23:33:32Z,user1843766,893,6,"javascript,python,variables,jinja2","How to pass a list from Python, by Jinja2 to JavaScript","Let's say I have a Python variable:,and I pass it to Jinja by rendering HTML, and I also have a function in JavaScript called ,. I am trying to pass each item of ,. I tried something like this:,Is it possible to pass a list from Python to JavaScript or should I pass each item from list one by one in a loop? How can I do this?","To pass some context data to javascript code, you have to serialize it in a way it will be ""understood"" by javascript (namely JSON). You also need to mark it as safe using the , Jinja filter, to prevent your data from being htmlescaped.,You can achieve this by doing something like that:,So, to achieve exactly what you want (loop over a list of items, and pass them to a javascript function), you'd need to serialize every item in your list separately. Your code would then look like this:,In my example, I use ,, I don't know what framework you're using, but you got the idea, you just have to make it fit the framework you use.,Otherwise, you would expose your application to XSS vulnerabilities!",122k,83,yes,"SA2.1, SA2.2, SB1",118,Coding,Data handling,Data format/compatibility,,pass data,,2013-03-10 12:11:24Z,"2013-03-10 12:11:24Z,2014-03-03 21:20:51Z,2018-12-27 23:54:26Z,2018-04-18 16:14:10Z,2017-01-07 11:58:13Z,2019-12-09 05:22:39Z","15,321,431,153,220,600,000,000,000,000,000,000,000,000,000,000,000,000,000"
https://stackoverflow.com/questions/15074566/open-source-alternative-to-addthis-addtoany-sharethis-etcfor-social-bookmarking,Accepted,2013-02-25 19:11:02Z,2019-03-26 18:15:51Z,Sherwood Botsford,"1,719",3,"php,javascript,html,web,social","Open source alternative to AddThis AddToAny, ShareThis etcfor Social Bookmarking [closed]","Before I attempt to re-invent the wheel, I figured that I'd ask the experts.,I'm looking for a multi-social bookmark button that allows me to allow people to recommend particular pages of my web site to their favorite social network/ page reader/ seach engine.,Constraints (and reasons why I don't want to use ShareThis),Preliminary research:,Koehl blog had a series about this in 2009, then the topic faded. At that point he recomended iBegin, which subsequently became Share, and ran from a site called Enthropia.com. Checking that site, there is a demo posted that is clearly out of date. ,At one point AddToAny would allow hosting on your own server, but they still were using the script to track every user's web usage, claiming a suitably anonymity. Right.
no thanks.,Another one, OpenLike has a dead webserver.,A search on SourceForge has come up empty. (I tried searching for the names like AddThis, AddToAny, Sharethis, followed by searches to stumbleupon, reddit, digg, google plus. nothing relevant.),At this point I'm faced with having to read and understand each target site's api so I can write a local script that does the right thing. not trivial.,In many ways the ideal would be:
* An array of icons in simlarly size and style
* that each opened a web page onto the destination page (eg. FB, G+, StumbleUpon..)
* with URL parameters appropriate to that page.,But I don't think that most of these sites have such a simple interface.","Answer is simple. The ideal above works, so it's mostly a matter of finding the right code and icons. The key item in my search was ,This is from another post on this site:,See ,While these are nominally wordpress they should work with some modification with any web server using php. Or they can easily be converted to use template toolkit , is another example of very clean looking HTML.,You miss some functionality with this: ,Specifics:,blogger,digg,diigo,email,facebook,gmail,google bookmark,linkedin,myspace,pinterest,reddit,tumblr,twitter,ymail",23k,42,no,"SA1, SA2.1, SA2.2, SB1, SB2",42,Design,Language choice,,,post/net,,2013-03-13 20:31:54Z,"2013-03-13 20:31:54Z,2015-08-06 00:07:22Z,2014-07-18 07:10:06Z","15,074,566,153,958,700,000,000,000,000,000"
https://stackoverflow.com/questions/15449428/does-the-shell-in-shell-true-in-subprocess-means-bash,Accepted,2013-03-16 12:45:39Z,2013-03-16 12:57:46Z,Hanfei Sun,"39,925",3,"python,shell,subprocess",Does the `shell` in `shell=True` in subprocess means `bash`?,"I was wondering whether , will be interpreted by , or, instead of , in different server? ,Anyone has ideas about this? ,What should I do to make sure that it's interpreted by ,?","note that /bin/sh is often symlinked to something different, e.g. on ubuntu:,You can use the , argument to replace the default:",7k,12,yes,"SA1, SA2.1, SA2.2, SB1, SB2",28,Coding,Build,,,config for shell,exist document,2013-03-16 12:49:25Z,"2013-03-16 12:49:25Z,2013-03-16 12:50:30Z,2013-03-16 12:49:47Z","15,449,428,154,494,600,000,000,000,000,000"
https://stackoverflow.com/questions/15485354/angularjs-http-post-to-php-and-undefined,Accepted,2013-03-18 19:35:06Z,2019-05-18 17:44:53Z,Ronnie,"10,748",9,"php,javascript,angularjs",AngularJS HTTP post to PHP and undefined,"I have a form with the tag ,The function gets called fine in javascript.,I am getting a 200 OK response back from the PHP file, however, the returned data is saying that , and , are undefined. This is all the php I have,Any idea why I am getting undefined , values?,I wanted to point out since this seems to be a popular question (yet it is old), , and , have been deprecated and you should use , as @James Gentes pointed out in the commments","angularjs , defaults the Content-type header to ,. You are overriding this to pass form-encoded data, however you are not changing your , value to pass an appropriate query string, so PHP is not populating , as you expect.,My suggestion would be to just use the default angularjs setting of , as header, read the raw input in PHP, and then deserialize the JSON.,That can be achieved in PHP like this:,Alternately, if you are heavily relying on , functionality, you can form a query string like , and send that as data. Make sure that this query string is URL encoded. If manually built (as opposed to using something like ,), Javascript's , should do the trick for you.",135k,108,yes,"SA2.1, SA2.2, SB1",229,Coding,Data handling,Interoperability,,data transfer,,2013-03-18 19:54:40Z,"2013-03-18 19:54:40Z,2014-06-10 12:25:20Z,2014-05-22 14:56:15Z,2014-05-22 19:01:59Z,2014-06-27 06:46:54Z,2014-03-18 00:02:42Z,2015-03-11 14:31:05Z,2015-06-17 02:34:42Z,2016-07-14 08:04:46Z","15,485,354,154,856,900,000,000,000,000,000,000,000,000,000,000,000,000,000,000,000,000,000,000,000,000,000"
https://stackoverflow.com/questions/15787748/evaluating-javascript-using-a-java-code,Accepted,2013-04-03 12:46:35Z,2021-04-19 05:35:02Z,Abdul Rahim Haddad,659,4,"java,javascript,web",Evaluating javascript using a java code,"This might not be practical, but I have it as a task.
I have an opened ServerSocket in java. now I want to read a file which contains html and javascript, and output the javascript result to the browser. So this way, I would be evaluating the javascript on the server side. So I want what is inside 
to be evaluated.,I tried this to test, it worked but it has some issues, for example it prints the message to System.out. And engine.eval(""print('Welocme to java worldddd')""); does not return a String so that I can output it to the outputstream of the socket:","You can get the output of the script (what is printed with , in JavaScript) by setting the writer on the ,:",11k,7,yes,"SA2.1, SA2.2, SB1",11,Coding,Data handling,Interoperability,,HTTPRequest,,2013-04-03 12:55:01Z,"2013-04-03 12:55:01Z,2013-04-03 13:01:04Z,2019-05-31 11:22:25Z,2021-04-19 05:35:02Z","1,578,774,815,787,930,000,000,000,000,000,000,000,000"
https://stackoverflow.com/questions/15801782/how-to-correctly-pass-a-json-object-to-flask-server-using-jquery-ajax,Accepted,2013-04-04 02:58:03Z,2013-04-04 15:28:40Z,SeanPlusPlus,"7,362",2,"javascript,python,ajax,json,flask",how to correctly pass a json object to flask server using jquery ajax,"i want to pass a json object which contains nested objects from my client to my server.,on the client side, my data structure looks like this:,and my ajax call looks like this:,after posting this data to my server, which is run using python flask, i use the request.form object to inspect what was posted from the client. i'd like the data to be structured the same way, however, this is the output on the server:,as you can see, the response['guests'] object got flattened, and all of its children, such as:,'guests[2][first]',... are just a strings, not elements of their parent response['guests'].,is there a better way to send this block of data from my client to my server, and maintain its structure properly?,thanks!","You could send your object as a JSON string:,And then use , to access it.",8k,7,Yes,"SA2.1, SA2.2, SB1",13,Coding,Interfacing,Invocation mechanism,Explicit interfacing,ajax,,2013-04-04 03:10:29Z,"2013-04-04 03:10:29Z,2013-04-04 15:28:40Z","158,017,821,580,187,000,000,000"
https://stackoverflow.com/questions/15822788/how-to-call-a-c-api-from-c-sharp,Accepted,2013-04-04 22:23:57Z,2013-04-06 16:39:55Z,AK_,"7,620",2,"c#,c++,dll,interop,pinvoke",How to call a C++ API from C#,"I have a pretty big system implemented in C++ I need to interact with. The system has a pretty big API, a number of C++ DLLs. These DLLs export C++ classes, as opposed to a nice C style API. and I need to use them from a new C# project.,From what I know .NET has three ways of interacting with native software:,So the way I understand it, I have three approaches accordingly:,My question:,For a really good answer, especially on the first part, or a good automatic tool, I'll reward a bounty...,Thank you","If you are willing to go the lazy way I would suggest using a tool to generate C# wrapper for your C++ classes. And of course , tool for generating such a wrapper is ,For more information, see my old answer to",8k,15,no,"SA1, SA2.1, SB1, SB2",6,Design,Interfacing,Interfacing choice,,method choice,,2013-04-05 08:32:53Z,"2013-04-05 08:32:53Z,2013-04-05 08:27:20Z","158,227,881,582,930,000,000,000"
https://stackoverflow.com/questions/15923595/how-to-use-a-c-dll-in-unity3d,Accepted,2013-04-10 10:42:31Z,2020-05-06 21:24:36Z,Lee White,"3,427",3,"c#,c++,dll,unity3d",How to use a C++ dll in Unity3D?,"I am aware of ,, but it does not respond to my problem.,I have written two ,s using Visual Studio 2010. One is in C++, and communicates with an SDK that was written in C++. The other is a C# wrapper for that C++ library, so that it can be used in C# contexts.,My plan was that this would let me use my code in ,, but apparently that is not the case. It seems like , does not allow me to import ,s as Assets if they are not a , assembly. So I can add my C# wrapper, but not the C++ dll.,This results in a , whenever I try to access the C++ library. I have tried simply copying the C++ library into the , folder, but that gives the same results.,Is there a way to do this properly? This is a very vital part of my project setup.","The problem is that the DLL is not being found when the p/invoke runtime code calls ,.,You could resolve this by making sure that your DLL is on the DLL search path at the point where the first p/invoke call to it is made. For example by calling ,.,The solution that I personally prefer is for your managed code to p/invoke a call to , passing the full absolute path to the native DLL. That way when the subsequent p/invoke induced call to , is make, your native DLL is already in the process and so will be used.,And then somewhere in your code:,Just make sure that you call , passing the full path to the native library, before you call any of the p/invokes to that native library.",29k,7,no,"SA1, SA2.1, SA2.2, SB1, SB2",7,Coding,Interfacing,Invocation mechanism,Explicit interfacing,how to use dll,,2013-04-10 10:52:26Z,"2013-04-10 10:52:26Z,2017-07-05 20:46:55Z,2020-05-06 21:24:36Z","15,923,595,159,238,100,000,000,000,000,000"
https://stackoverflow.com/questions/16062824/convert-object-of-class-stdclass-to-json-object,Accepted,2013-04-17 14:30:41Z,2015-09-12 20:13:10Z,nielsv,"6,068",1,"php,javascript,json,object,converter",Convert Object of class stdClass to JSON Object,"this is what i have in my php file: ,$session is now:,I want to send all the information to a function named save in my javascript file. Like this:,When I try this I always get an error that only a string can be send. How can I convert this object to something I can send to my javascript function?,I've tried this with no result: ,When I do ,I get this:","is the right way to go.,I'm guessing that the html you are showing there is what you see in firebug/chrome dev tools/IE dev tools. That is what it looks like after the browser attempts to render it. Try looking at the raw source to see what the output actually looks like. Your problem at this point is caused by the double quotes from , causing the browser engine to consider the , attribute closed before the end of the values from ,.,You will need to do some mix of escaping double-quotes and/or using single-quotes in the HTML. I'd start with single-quotes, as that will be more simple. But you will also have to make sure none of the values in , include unescaped single quotes (as that would result in the same problem).",38k,17,yes,"SA2.1, SB1",31,Coding,Data handling,Data format/compatibility,,convert data,,2013-04-17 14:50:31Z,2013-04-17 14:50:31Z,"1,606,282,416,063,280"
https://stackoverflow.com/questions/16200997/why-doesnt-include-python-h-work,Accepted,2013-04-24 19:56:01Z,2019-07-02 06:40:33Z,Curious,"5,829",6,"c++,python,visual-studio-2010,wrapper",Why doesn't #include <Python.h> work?,"I'm trying to run Python modules in C++ using ,, however, after setting the ""Additional Include Dependencies"" of the project to ""\include"" I get the following error when debuging,,I read that I should download the development version of Python, but I didn't find a link for that, plus, don't I just need the file 'python27_d.lib' to be copied to the ""libs"" folder?,Please note that I'm using the Anaconda distribution of Python.,Thanks in advance!","I don't know much about python, but the message indicates that python27_d.lib either doesn't exist, or at least doesn't exist where the linker is looking for it.,You already fixed the compiler include issue, now find the python27_d.lib file with Windows Explorer and and add that path to the Additional Library Dependencies path. It's under Configuration -> Linker -> General -> Additional Library Directories.,The ""_d"" indicates it's a debug library, so you'll want that one for your Debug configuration, and the one without the ""_d"" (probably) for your release configuration.",23k,14,no,"SA2.1, SB1",8,Coding,Interfacing,Invocation mechanism,Explicit interfacing,config,,2013-04-24 20:02:08Z,"2015-09-06 16:44:04Z,2013-04-24 20:02:08Z,2015-03-09 19:19:07Z,2013-06-13 11:46:27Z,2014-05-14 08:33:00Z,2019-07-02 06:40:33Z","16,200,997,324,259,000,000,000,000,000,000,000,000,000,000,000,000,000,000"
https://stackoverflow.com/questions/14661249/java-jni-creating-a-swing-window-using-jni-from-c,Accepted,2013-02-02 11:09:57Z,2014-05-01 16:58:39Z,scravy,"10,857",2,"java,c,swing,java-native-interface,awt",Java JNI: Creating a Swing Window using JNI from C,"I'm using JNI to invoke a static java method which in turn creates a Swing JFrame and displays it. The code is fairly simple, and the Java-code is working standalone (i.e. , does what it should) whereas when called from C using JNI the process hangs.,I'm using the JDK 1.7.0_09 on Mac OS X 10.8 Mountain Lion.,This is the C code I'm using to invoke the static method:,The , class looks like this:,When I start the application, I do see , but not ,.,I believe that the Virtual Machine inside my C Process does not have an AWT event queue but I don't know how to set it up for having one either (nor am I sure that this is the reason).,What is to be done in order to show an AWT based GUI using JNI ?,--, I've inserted loops to see which threads are alive and which are not (can be seen in ,). In this version I do the invocation of , in another thread. The result: The main thread is alive (C). The first thread dispatched by Java (not the main thread) is alive; the thread doing the Call , is blocked (I don't think that invokeAndWait did even return), the function which should be run on the EventQueue is not even entered.,I've also tried invoking , directly, which will give the following message:,This is also what I've read in other questions here on StackOverflow, such as the one suggested in the comments below. However, I could not find a solution to the original problem. Maybe it is worth noting that after the above message came up the main thread is still alive, i.e. neither did the process deadlock nor crash.,--, I tested the code on Linux where it is working as expected. So I believe this is a Mac OS X issue with Cocoa AWT, but I don't know how to circumvent it.,--, I also tried moving the entire invocation of the JVM onto a new native thread. This works on Mac OS X 10.6 with Apples Java 32-bit (1.6.0_37), but results in the same deadlock as described above. On Mac OS X 10.8 this is worse, the application crases with the only message ""Trace/BPT trap: 5"" (which ,).,I also tried bundling the binary as described ,, but the launch fails with the message ,, which is an unknown error, according to Apples ,. The latter also happens without attempting to use AWT (the mere JVM invocation fails).","Finally I found a solution.,The problem is not on which thread the Virtual Machine is being created, the problem is on which thread the AWT Event Queue is being initialized. In other words: The first time that an AWT class is loaded, it may not be loaded on the main thread. Thus step 1: Load (for example) , on another thread.,But now the EventQueue will block, as it delegates work to the Cocoa Main Event Queue which is not running - sure enough, since it will only run on the main thread and the main thread is my application. Thus the main run loop needs to be started on the main thread:,I had to link my application with the Cocoa framework and include ,. The main thread is blocked after the call to runCocoaMain (since the event loop is running there), so one needs to resort to another thread for the application itself.,After running the EventQueue using the above snippet the loading of the AWT class on the other thread will succeed and you can proceed there.",2k,10,yes,"SA2.1, SA2.2, SB1",8,Coding,Interfacing,Invocation mechanism,Explicit interfacing,JNI create window,,2013-05-07 14:56:22Z,"2013-05-07 14:56:22Z,2013-12-27 09:23:49Z","146,612,491,642,223,000,000,000"
https://stackoverflow.com/questions/16517355/how-to-send-by-socket-c-compatible-struct-from-java,Accepted,2013-05-13 08:04:25Z,2013-05-14 09:36:04Z,Piotr M??ller,"4,955",3,"java,c++,sockets,struct,double",How to send by socket C++ compatible struct from Java?,"Suppose there is already written, unchangeable host program, that receives such C++ struct by socket:, C++ / 32-bit Windows Application compiled in Visual Studio 2008,How to send such data from Java Socket? I have attemted to fill ByteBuffer with putDouble(), and putLong(), also putInt() assuming long as 32-bit, but i cannot produce valid values.,I have also generated and sended data randomly, and structure-level bytes assignment looks fine(I can randomize only one value, for example X), but I cannot produce exact value (propably different double representation?), but only random stuff by sending Math.random() * Double.MAX_VALUE;,Can I use Google Protocol Buffers on only one side (client producing data) to solve this problem?,I know that I can move sending data to C++ and use JNI, but I'm searching for simpler solution.,I see at least 2 possible problems here:,What those things look in Java in C++?,In several hours I will provide exact sample data for ""byte-hacking"" (exact Java value before send and value of received double in C++),I know that such implemented and unchangeable server is bad software, but the environment in this problem is to inject some data to small old application at ""hobbistic-level"",Maybe this would help some bits-level C++ expert:","I figured it out. Int value is sent fine (propably, can't check this 100% sure in host program), the problem is with doubles endian. You need to convert doubles before send:,And use ByteBufer with putDouble()/putInt().",2k,6,yes,"SA2.1, SA2.2, SB1",3,Coding,Data handling,Interoperability,,data transfer,,2013-05-13 11:15:04Z,"2013-05-13 08:36:58Z,2013-05-13 11:15:04Z,2013-05-13 08:21:15Z","16,517,355,165,178,400,000,000,000,000,000"
https://stackoverflow.com/questions/16647186/calling-c-functions-in-python,Accepted,2013-05-20 10:11:38Z,2015-08-28 06:44:22Z,Kitchi,"1,764",4,"python,c,ctypes,cython",Calling C functions in Python,"I have a bunch of functions that I've written in C and I'd like some code I've written in Python to be able to access those functions. ,I've read several questions on here that deal with a similar problem (, and , for example) but I'm confused about which approach I need to take. ,One question recommends ctypes and another recommends cython. I've read a bit of the documentation for both, and I'm completely unclear about which one will work better for me. ,Basically I've written some python code to do some two dimensional FFTs and I'd like the C code to be able to see that result and then process it through the various C functions I've written. I don't know if it will be easier for me to call the Python from C or vice versa.","If I understand well, you have no preference for dialoging as c => python or like python => c.
In that case I would recommend ,. It is quite open to many kinds of manipulation, specially, in your case, calling a function that has been written in Python from C.,Here is how it works (,) :,The following example assumes that you have a Python Class (, is an instance of it), and that this class has a method (name ,) you want to call on this class and deal with the result (here, a ,) from C. This function, written in a , would help you to do this call.,On the C side, you'll then be able to perform the call like so :,Where , is a , provided by Python/C API
After having caught the , (by casting a regular python ,, in your cython extension like this : ,), you would finally be able to call the , method on it and do something with the result.
(Here a ,, but Cython can deal easily with ,),Well, I am aware that what I just wrote can be confusing if you never wrote anything using ,, but it aims to be a short demonstration of the numerous things it can do for you in term of ,.,By another hand, this approach can take more time than recoding your Python code into C, depending on the complexity of your algorithms.
In my opinion, investing time into learning Cython is pertinent only if you plan to have this kind of needs quite often...,Hope this was at least informative...",48k,33,no,"SA1, SA2.1, SA2.2, SB1, SB2",10,Design,Interfacing,Interfacing choice,,method choice,,2013-05-20 15:36:20Z,"2013-05-20 10:52:41Z,2013-05-20 15:36:20Z,2015-08-28 06:44:22Z,2013-05-20 10:44:23Z","1,664,718,616,647,910,000,000,000,000,000,000,000,000"
https://stackoverflow.com/questions/16660049/extracting-arguments-from-kwargs-in-boostpython,Accepted,2013-05-20 23:52:55Z,2014-10-19 01:51:56Z,orentago,558,1,"c++,python,boost-python,keyword-argument",Extracting arguments from kwargs in boost::python,"I have a C++ class that I'm building into a python module using boost::python. I have a few functions that I want to take keyword arguments. I've set up wrapper functions to pass to raw_arguments and that works fine, but I want to build in some error checking for the function arguments. Is there a standard way to do this?,My function prototype, in C++, looks a bit like this:,The third argument is optional, with a default value of 0 (I've implemented this in boost::python using macros up till now). In python, I want to be able to achieve the following behaviour:,Is there something in boost::python or the raw_function wrapper that can facilitate this, or do I need to write the code to check all this myself? If I do need to, how can I raise the exceptions? Is there a standard way of doing this?","The , file provides a family of classes for specifying argument keywords. In particular, Boost.Python provides an , type, that represents a potential keyword argument. It overloads the comma operator to allow for a more natural definition of an argument list.,Exposing , on , as ,, where ,, ,, and , are keyword arguments, and , has a default value of , could be written as follows:,Here is a complete example:,Interactive Usage:",3k,8,yes,"SA1, SA2.1, SA2.2, SB1, SB2",15,Coding,Interfacing,Invocation mechanism,Explicit interfacing,-,,2013-05-21 13:44:29Z,2013-05-21 13:44:29Z,"1,666,004,916,671,610"
https://stackoverflow.com/questions/16433794/get-ajax-post-data-on-php-via-javascript-call,Accepted,,2013-11-01 05:52:48Z,,,4,"javascript,php,sql-server,knockout.js",Get Ajax POST data on php via Javascript call,"First I am conface that I am , to ,,
I am using jquery(knockout js) at client side & PHP at server side. my code.,: I am using ,. to call my PHP service.,, I am using this , code to connect with ,.,:,*,:,:, only at that time my request format is.","If I understand correctly you need to create a PHP service which is able to receive REST-like requests from client. ,In order to do thad you need to access ,. In PHP its being done like this:,You can read more about , in the ,.,Of course from the client's side the data need to be sent using the POST method and as raw data, i.e. as a string. You can obtain a string from object using , which you already do. ,If you pass an object, it will be converted to string internally by jQuery using query-string format. More on that in the , (the most importatnt options being , and ,).",10k,10,yes,"SA1, SA2.1, SA2.2, SB1, SB2",7,Coding,Interfacing,Invocation mechanism,Implicit interfacing,ajax,,2013-05-22 12:35:08Z,"2013-05-22 12:35:08Z,2013-05-08 06:15:45Z,2013-05-08 06:22:37Z","1,643,379,416,691,940,000,000,000,000,000,000,000,000"
https://stackoverflow.com/questions/16693178/c-vector-to-python-3-3,Accepted,2013-05-22 13:31:49Z,2013-06-04 13:36:24Z,PascalVKooten,"18,455",5,"c++,python,cython,cpython",C++ vector to Python 3.3,"I would like to get a python list, say, ,, from a C++ script. I wrote the C++ script, which returns a vector.,How to connect the ends without SWIG/SIP/Cython/and others?,Could it be easier to just compile the C++ to an .exe or elf file and then call from command line, have the .exe create a .txt containing a vector and read it in with python?,My point is, I only need a really small function from C++ to do the heavy calculations on huge data. What would be the least painful and shortest method to do just this? ,
To give an example. Python will give a filename string to C++ (""foo.txt""), which will then read the context of the file (200,000 rows by 300 columns), count the missings and then return to Python the amount of missings per row. This yields a list of 200,000 numbers. 
How to have this communication between both of them? ,Just for completeness, this is what I am still wondering about how to go about:","This is probably moot now, and I posted something similar on ,, but I've adapted this version for Python 3.3 and C++ rather than Python 2.7 and C.,If you want to get back a Python list object, and since you're building a list which could potentially be very long (200,000 items), it's probably more efficient to build the Python list in the C++ code, rather than building a , and then converting that to a Python list later on.,Based on the code in your other question, I'd suggest using something like this...,...compiled with...,...and an example of usage...,...although if you need to convert an existing , to a Python list, you can pre-allocate the memory needed by the Python list by passing the length of the vector into ,, and then use , instead of ,.,The only other methods I can think of would be...,Either way, you still have the overhead of converting the 'returned' array into a Python list, so you may as well do it yourself.",5k,8,no,"SA1, SA2.1, SA2.2, SB1, SB2",6,Design,Interfacing,Interfacing choice,,method choice,,2013-06-03 21:20:36Z,"2013-06-03 21:20:36Z,2013-05-29 20:27:02Z,2013-05-22 13:35:23Z,2013-05-22 15:56:20Z,2013-06-04 03:11:17Z","166,931,781,690,603,000,000,000,000,000,000,000,000,000,000,000"
https://stackoverflow.com/questions/16908820/what-is-the-init-function-of-a-dynamic-module-in-python,Accepted,2013-06-04 02:18:05Z,2013-06-04 02:32:54Z,Lucas Radaelli,143,1,"python,c,dll,ctype",What is the init function of a dynamic module in python?,"I am getting the same error of these other two questions:
,
and ,But their solutions are not equal, and didn't work for me as well.,I am trying to call functions of a shared library that I have wrote in c, inside my python program.,I compiled my shared lib like this:,I created a module, and inside this module I load this lib with:,But when I run the code, I get the following error:,Which is very strange, because if I run the python interpreteer, and call directly:,I can access the functions of my shared lib.,Any ideas how to solve this?
Thank you.","Delete the line ,in , and it should work.,Alternatively, rename , to something else or moved it to a different directory.
Python gets confused if you have two files with the same module name, i.e.
, and , in the same directory. Python tries to import ,, which is no valid Python module, before it gets to ,.",3k,6,yes,"SA2.1, SA2.2, SB1",3,Coding,Interfacing,Invocation mechanism,Explicit interfacing,cython import error,,2013-06-04 02:21:11Z,2013-06-04 02:21:11Z,"1,690,882,016,908,840"
https://stackoverflow.com/questions/16932113/passing-multiple-php-variables-to-shell-exec,Accepted,2013-06-05 05:22:34Z,2019-01-28 23:17:50Z,user2314387,245,6,"php,shell,shell-exec",Passing multiple PHP variables to shell_exec()? [duplicate],"I am calling test.sh from PHP using shell_exec method.,However, the command line script says it only received 1 argument: the /tmp/my_script.php,When i change the call to:,Code:,It says it received 3 arguments but the argv[1] and argv[2] are empty.,When i change the call to:,Code:,The script finally receives all 3 arguments as intended.,Do you always have to send just quoted text with the script and are not allowed to send a variable like $var? Or is there some special way you have to send a $var?",There is need to send the arguments with quota so you should use it like:,70k,21,yes,"SA2.1, SA2.2, SB1",17,Coding,Data handling,Interoperability,,data transfer,,2013-06-05 05:30:04Z,"2013-06-05 05:28:23Z,2013-06-05 05:30:04Z,2013-06-05 05:35:29Z,2013-06-05 05:31:36Z,2013-06-05 05:49:11Z,2015-07-30 11:34:05Z","16,932,113,169,321,800,000,000,000,000,000,000,000,000,000,000,000,000,000"
https://stackoverflow.com/questions/17048140/convert-multidimensional-php-array-to-javascript-array,Accepted,2013-06-11 15:34:46Z,2016-04-02 12:12:06Z,user1186173,535,4,"php,javascript",Convert Multidimensional PHP array to javascript array,"I'm trying to convert a PHP multidimensional array to a javascript array using the JSON encoder. When I do a var_dump, my php array looks like this:,This is the code I'm currently using in my view to try to convert it to a JavaScript array:,Whenever I run this code in the browser, the output of the conversion in the console is this:,Is this the correct structure for a javascript multidimensional array? I'm asking because it keeps giving me this error on the line above:","You do not have to call parseJSON since the output of json_decode is a javascript literal. Just assign it to a variable.,You should be able then to access the properties as",15k,7,yes,"SA2.1, SA2.2, SB1",11,Coding,Data handling,Interoperability,,data transfer,,2013-06-11 15:37:30Z,"2013-06-11 15:37:30Z,2013-11-26 01:31:17Z,2013-06-11 15:41:11Z,2013-06-11 15:40:35Z","1,704,814,017,048,190,000,000,000,000,000,000,000,000"
https://stackoverflow.com/questions/17124712/jni-android-converting-char-to-byte-array-and-return-it-to-java,Accepted,2013-06-15 14:32:15Z,2014-06-11 13:50:26Z,Vektor88,"4,558",1,"java,android,c,android-ndk",JNI Android - Converting char* to byte array and return it to java,"I initially used a function to return a char* to java as UTF-8 string, but since I kept getting errors, I wrote the following function to return a , as a Java ,, so that I could try to convert the array into a String in java side: ,But when I call it my application crashes. Am I missing something? , The condition was missing a ++ and this caused an infinite loop. But now with the following code:,I get this weird JNI warning:,How can it be since I am only increasing the value of ,?, the following code works:",Shouldn't be this ?,13k,13,yes,"SA2.2, SB1",9,Coding,Data handling,Data format/compatibility,,convert data,,2013-06-15 15:16:51Z,2013-06-15 15:16:51Z,"1,712,471,217,125,070"
https://stackoverflow.com/questions/17309745/how-to-join-a-group-using-signalr,Accepted,2013-06-26 00:33:36Z,2020-11-23 05:26:35Z,user516883,"7,710",3,"c#,javascript,signalr",How to join a group using SignalR,"I am new to using SignalR (started today), Pretty simple to send a message to ALL clients connected, but now I want to just send to a group. I cannot find simple documentation on how to join on the client side. If anyone can help, how can I SIMPLY join a group on the javascript side. Thanks for any help.","You can't. If you could join a group from javascript then anyone may use your code to join any group which breaks security. If you really need to do that - create a method on the server side that takes a group name as parameter and adds the client to the group.,Afterwards, call it from JS like that",28k,19,yes,"SA2.1, SA2.2, SB1",41,Coding,Data handling,Interoperability,,HTTPRequest,,2013-06-26 00:44:31Z,"2013-06-26 00:44:31Z,2020-11-20 16:25:00Z,2019-10-23 15:44:14Z","17,309,745,173,098,300,000,000,000,000,000"
https://stackoverflow.com/questions/17834243/how-to-read-formdata-object-in-php,Accepted,2013-07-24 12:36:21Z,2021-05-10 07:55:24Z,Anurag Singh,707,1,"php,javascript,jquery",how to read FormData object in php,"Hello everyone I am posting a sample code in which I am uploading a file using Ajax JQuery. All thing works fine but I want to read the file content in my php code. So what is the syntax to read it?,now I do not know how to read the file data sent via Ajax. So please let me know the code","The first argument you pass to , is the name of the form element that is passed to the server. So , in your case is equivalent to , - you passed 'file' to append() so 'file' is your input name.,You should find your stuff in , and ,. Next time try , after submit to see the array. :),Learn about file uploads in php here:",67k,20,yes,"SA1, SA2.1, SA2.2, SB1, SB2",26,Coding,Interfacing,Invocation mechanism,Implicit interfacing,HTTPRequest,,2013-07-24 12:46:32Z,2013-07-24 12:46:32Z,"1,783,424,317,834,450"
https://stackoverflow.com/questions/18050937/how-can-i-execute-shell-command-with-a-pipe-in-it,Accepted,2013-08-05 05:13:08Z,2013-08-06 00:40:45Z,michael,"94,444",3,"python,shell",How can I execute shell command with a | pipe in it,"I am using python's subprocess , to execute shell command.
It works for a single command.
But what if my shell command calls a command and pipe it to another command.,I.e. how can I execute this in python script?,I am trying to use the Popen way, but i always get 0 as output,When I try the command in shell,it returns 1,I always get 0. Even if I get 1 when I type the same command at shell.","Call with , argument. For example,,See ,.",5k,7,yes,"SA1, SA2.1, SA2.2, SB1, SB2",22,Coding,Interfacing,Invocation mechanism,Implicit interfacing,pipe,,2013-08-05 05:14:56Z,"2013-08-05 05:14:56Z,2013-08-05 05:38:00Z,2013-08-05 05:16:17Z","18,050,937,180,509,500,000,000,000,000,000"
https://stackoverflow.com/questions/18115260/gwt-custom-event-trigger-in-javascript,Accepted,2013-08-07 23:06:11Z,2013-08-08 23:57:35Z,elemjay19,"1,106",1,"java,javascript,events,gwt,backbone.js",GWT Custom event trigger in Javascript,"I have an application that is half GWT and half Backbone.js. We're transitioning the app from GWT to Backbone so as we add new components, they're in Backbone. We're also replacing some existing components with Backbone as well. ,There's a component that I'm attempting to replace that still needs to be able to let its GWT container know when certain events occur so that the container can impact other GWT components. I have a native function in GWT that references a Global namespace on which a function is defined in Javascript. That function renders the Backbone component, so GWT doesn't have a reference to the component itself.,I tried defining a custom DOM Event in GWT and then triggering that event from the Backbone code, but either I did it wrong, or that's not the way to do it.,I referenced these questions in creating my custom event: , & ,I made two attempts at triggering the custom event from Backbone and having GWT listen for it, neither worked., ,Code common between two attempts is how the Backbone component is rendered and how the event is triggered:,From class ,:,From class ,:,From class ,:,From class ,:, , ,Made another attempt, this has a few more differences than between the first two. When we create our namespace, we do , so that we can trigger events from GWT that the Backbone code will listen for. I decided to try getting it to work in the other direction. It didn't.,From ,:,From ,:","Attempt 3 is what did it. I just called the GWT method incorrectly from the native method. ,Using the Global namespace and extending it to use Backbone events, I just have the Backbone view trigger the Global event and the GWT view listen for the event.,Attempt 3,From ,:,From ,:",2k,8,Yes,"SA2.1, SA2.2, SB1",7,Coding,Interfacing,Invocation mechanism,Explicit interfacing,event trigger,,2013-08-08 23:57:35Z,2013-08-08 23:57:35Z,"1,811,526,018,138,180"
https://stackoverflow.com/questions/18470702/how-do-i-convert-a-c-sharp-liststring-to-a-javascript-array,Accepted,2013-08-27 16:16:47Z,2020-03-07 01:32:18Z,bynary,759,9,"c#,javascript,razor",How do I convert a C# List<string[]> to a Javascript array?,"I have a datatable that I'm converting into a List, serializing it and passing it to my view using a viewmodel.,My viewmodel looks like this:,My controller action looks like the following:,Then in my view I get the following string of addresses:,How am I supposed to get this serialized string residing in a razor model into a javascript array?","You could directly inject the values into JavaScript:,See ,, ,Alternatively you can get the values via Ajax:,See",107k,41,yes,"SA1, SA2.1, SA2.2, SB1, SB2",52,Coding,Data handling,Data format/compatibility,,convert data,,2013-08-27 16:28:23Z,"2013-08-27 16:28:23Z,2016-02-26 12:05:18Z,2018-01-24 15:10:35Z,2014-12-09 00:57:21Z,2013-08-27 16:38:29Z,2017-07-28 15:19:25Z,2018-04-30 16:11:24Z,2019-04-30 18:40:25Z,2013-08-27 17:45:16Z","18,470,702,184,709,300,000,000,000,000,000,000,000,000,000,000,000,000,000,000,000,000,000,000,000,000,000"
https://stackoverflow.com/questions/18545034/how-do-i-convert-my-entire-div-data-into-image-and-save-it-into-directory-withou,Accepted,2013-08-31 05:59:04Z,2018-11-30 14:56:39Z,luckyamit,699,2,"php,javascript,jquery,html,css",How do I convert my entire div data into image and save it into directory without using canvas?,"i have already created my data (template-containing image,text,label etc) inside div now i want to convert it into image format. is there any technique to convert a specific div content into images without using canvas.anybody plz help me !
i want to convert entire ""mydiv"" content into image and save that image into my image directory, when i click on save ?",": ,! This answer still gets a lot of traffic and I noticed that the old JSFiddle I'd put together was broken so it's been updated. New JSFiddle showing this technique is here: ,. ,--,You might want to look into a Flash-based solution if you can't use , (though unless this specifically needs to work in old versions of IE I'm not sure why you can't)., is an emulation of , using Flash that might get you where you need to go. The documentation says that it supports , so that might work for you.,Can you provide more insight into what your restrictions around , are and what you've attempted to try already?,//EDIT,According to your comment below you might be able to use ,, in which case you can try using , ????? it's a JavaScript solution that basically re-writes the DOM of a specified part of your code to a , and then allows you to interact with it however you want, including turning it into image data via ,.,I've not used it before, but your JavaScript code would look something like this:,I've knocked together a quick jsfiddle of this in action here: , ,This jsfiddle shows how to use the , method to convert the canvas to an image and append it to the document. Saving the generated image to a server is an infinitely more complex task as it will require an AJAX call or somesuch to send the image data to a PHP script that converts the generated , URL to an actual image and then saves it to a directory that you have permission to write to. If that's what you need to do, rather than going into that here I'd recommend starting with this Stack Overflow question:",92k,24,yes,"SA1, SA2.1, SA2.2, SB1, SB2",31,Coding,Data handling,Interoperability,,HTTPRequest,,2013-08-31 06:16:23Z,"2013-08-31 06:16:23Z,2013-09-02 06:02:59Z","185,450,341,854,515,000,000,000"
https://stackoverflow.com/questions/18679264/how-to-use-malloc-and-free-with-python-ctypes,Accepted,2013-09-08 00:39:30Z,2013-09-08 05:51:44Z,Curious2learn,"26,607",1,"python,c,ctypes",How to use malloc and free with python ctypes?,"I have a function in my C library, say , which takes pointer to , as one of the arguments, where , is given by,When using C exclusively, I initialize a variable of type , calling the function,,and then fill this struct as simulation proceeds. After I have written the data to a file, I free the memory using the standard,I want to call the , function from Python using Python Ctypes. For this I need to pass a pointer to a variable (that is equivalent to the type of ,) as one of the , arguments. Suppose that in Python I have defined an equivalent of , in the following manner.,What is the equivalent of , function shown above on the Python side? I want to initialize an instance of Repdata which can be passed to C code and has sufficient memory for storing the replication data. And, once simulation is completed, how do I free the memory from Python?,I am using Ubuntu Linux 12.04.,Thanks in advance for your help.","You can allocate buffers using , and assign them to the pointers. Once the Python ctypes objects have no references they will be freed automatically. Here's a simple example (with a Windows DLL...don't have a Linux machine handy, but the idea is the same) and a Python wrapper., allocates a writable buffer that can be passed from Python to C that , will marshal as a ,.,You can also create writable arrays of , types with the syntax:",17k,15,yes,"SA1, SA2.1, SA2.2, SB1, SB2",17,Coding,Data handling,Interoperability,,memory error,,2013-09-08 01:33:00Z,2013-09-08 01:33:00Z,"1,867,926,418,679,550"
https://stackoverflow.com/questions/18583273/issues-with-cors-flask-angularjs,Accepted,2013-09-03 02:38:06Z,2013-09-10 23:27:57Z,Kylee,"1,537",3,"javascript,python,mongodb,angularjs,flask",Issues with CORS. Flask <-> AngularJS,"Starting a new project with a angularjs client app and a flask app providing the api. I'm using mongodb as the database. I had to immediately rule out jsonp since I would need the ability to POST across different ports. So we have localhost:9000 for the angular app and localhost:9001 for the flask app.,I went through and made the changed needed for CORS in my API as well as my angular files. See source below. First issue I ran in to was that there is a bug that CORS allow header does not recognize localhost in Chrome. I updated my hosts file so I could use moneybooks.dev and this worked for my GET requests without using JSONP.,now, to the issues I'm facing. When submitting a POST request, its stating , What? GET can go through but POST is declined. I see the request come through to flask but it returns HTTP 400. I need help making POST requests work.,Another issue, which may be related, is that on my GET requests, sometimes the GET request doesn't fire at all. Like in , the loadBudget function. On #/budgets/budgetID the name of the budget will sometimes not load at all. I check the flask log and don't see a request coming through. Then I click refresh, I see the request, the budget name appears on the page however in the flask log I see an error. , Its a connection error that only appears in the flask log when the GET request succeeds.,Are these issues related? Can anyone see what I'm doing wrong?,Output from chrome dev console.,Console:,Network","As @TheSharpieOne pointed out, the CORS error is likely a red herring caused by a Chrome Dev Tools bug. If it was an actual CORS issue, the pre-flight OPTIONS call should have returned the same error.,I believe your 400 error may be coming from , in the handler for the POST request. , is a MultiDict datastructure and according to the documentation at ,: ,I believe that if you check for the 'transactions' key in ,, you'll find that it does not exist. note that the content type for the POST is , not ,. According to the documentation at ,, you'll want to get the request data using the , function when the request mimetype is ,.",4k,7,yes,"SA1, SA2.1, SB1, SB2",5,Coding,Interfacing,Invocation mechanism,Implicit interfacing,HTTPRequest,,2013-09-10 23:27:57Z,"2013-09-10 23:27:57Z,2013-09-04 07:35:48Z,2013-09-04 02:10:01Z","18,583,273,187,303,400,000,000,000,000,000"
https://stackoverflow.com/questions/18879056/submit-button-that-calls-js-function-and-then-posts-to-mysql,Accepted,2013-09-18 17:54:31Z,2013-09-18 18:17:32Z,RugerSR9,437,1,"javascript,php,html,mysql,geocoding",Submit Button that calls js function and then posts to mysql,"A short and sweet description of what I am making is a contact form that geocodes a users address(once they click submit) and puts the fetched lat & lng values into a hidden field.,I have everything working but I have two seperate buttons and I only want one. So at the moment the user has to first click one button before they can click the submit button, which is dumb. The ""Find Geopoints"" button calls a js function and returns the lat and lng values into the hidden fields on the form and after that you would press the submit button and it posts all of the forms data into the MySQL database.,Again, everything is working in my code I just need to make both buttons in the form into one and it still work.","Give the form an ID,,Get rid of the submit button and just have,,And then submit with JS,,And finally in your PHP code change this line,,to this instead,",65k,10,Yes,"SA2.1, SA2.2, SB1",15,Design,Language choice,,,post/net,,2013-09-18 17:58:07Z,2013-09-18 17:58:07Z,"1,887,905,618,879,120"
https://stackoverflow.com/questions/18878179/how-to-avoid-memory-leak-with-shared-ptr-and-swig,Accepted,2013-09-18 17:03:28Z,2015-03-29 15:09:23Z,Dave,"6,435",1,"c++,python,file-io,memory-leaks,swig",How to avoid memory leak with shared_ptr and SWIG,"I'm trying to use ,'s to allow for me to use c++ file I/O stream objects in my python script. However, the generated wrapper warns me that it is leaking memory.,Here's a minimal , file exhibiting the problem:,Here's the warning:,Is there a way to modify the , file to tell the interface how to dispose of the shared_ptr properly?","Your example is missing two parts to get the destructor to run:,Thus your example becomes:,For future reference you can avoid duplication of stuff that lives only in the .i file with ,:,Which declares, defines and wraps it all in one shot.",3k,8,yes,"SA1, SA2.1, SA2.2, SB1, SB2",9,Coding,Interfacing,Invocation mechanism,Explicit interfacing,memory leak,,2013-09-19 20:25:57Z,2013-09-19 20:25:57Z,"1,887,817,918,904,280"
https://stackoverflow.com/questions/19100085/javascript-runtime-error-unable-to-get-property-msie-of-undefined-or-null-ref,Accepted,2013-09-30 17:19:44Z,2016-11-11 04:00:43Z,CodeNinja,"3,045",4,"c#,javascript,jquery,asp.net,jquery-ui",JavaScript runtime error: Unable to get property 'msie' of undefined or null reference,"I just tried changing my jquery ui references to the master page . I get the error above only on Internet explorer.
I dont get the error on Firefox and Chrome . ,This is the jquery code where the error is thrown :,I have the master page below : ,Please let me know what I need to be doing ?
I tried putting the jquery references in the head section , but the jquery code within my aspx file seems to give an error saying 'dialog' object not defined or 'tooltip' object not defined. I think the jquery library is not getting loaded when I try to put the references in the head section.","has been , in jQuery 1.9 (and you use 1.10), so any attempt to process it as an object (i.e., access its , property) is destined to fail. If you still want to use it, include , plugin along with jQuery",29k,6,yes,"SA1, SA2.1, SB1, SB2",18,Testing/Debugging,Build,,,outdate function not work,,2013-09-30 17:22:28Z,"2013-09-30 17:22:28Z,2015-03-12 16:59:35Z,2014-05-29 09:04:45Z,2016-11-11 04:00:43Z","1,910,008,519,100,120,000,000,000,000,000,000,000,000"
https://stackoverflow.com/questions/19155192/jquery-ajax-call-to-php-script-with-json-return,Accepted,2013-10-03 09:10:22Z,2015-09-09 21:44:24Z,Steven Marks,680,5,"javascript,php,jquery,ajax,json",jQuery AJAX Call to PHP Script with JSON Return,"I've been smashing my head against a brick wall with this one, i've tried loads of the solutions on stackoverflow but can't find one that works! ,Basically when I POST my AJAX the PHP returns JSON but the AJAX shows Undefined instead of the value: ,:,:,:,AJAX Displays the JSON result as Undefined and I dont have a clue why. I have tried displaying adding , and ,. I have also tried changing it to , and ,: still no joy though. ,Any help would be really appreciated.","Make it , instead of ,. ,And add below code in php as your ajax request is expecting json and will not accept anything, but json.,The response visible in firebug is text data. Check , of the response header to verify, if the response is json. It should be , for , and , for ,.",183k,40,yes,"SA1, SA2.1, SA2.2, SB1, SB2",48,Coding,Interfacing,Invocation mechanism,Implicit interfacing,"ajax,jquery",,2013-10-03 09:17:25Z,"2013-10-03 09:17:25Z,2013-10-03 09:19:52Z,2013-10-03 09:25:31Z,2013-10-03 09:16:26Z,2014-02-13 21:07:56Z","191,551,921,915,533,000,000,000,000,000,000,000,000,000,000,000"
https://stackoverflow.com/questions/19243020/in-python-get-the-output-of-system-command-as-a-string,Accepted,2013-10-08 08:44:23Z,2013-10-08 08:58:14Z,S4M,"4,361",1,"python,shell,command-line","in python, get the output of system command as a string [duplicate]","In python I can run some system command using os or subprocess. The problem is that I can't get the output as a string. For example:,I have an older version of subprocess that doesn't have the function check_out, and I would prefer a solution that doesn't require to update that module since my code will run on a server I don't have full admin rights. ,This problem seems trivial, yet I couldn't find a trivial solution","Use ,:,The newer way (> python 2.6) to do this is to use ,:",96k,26,yes,"SA1, SA2.1, SA2.2, SB1, SB2",70,Coding,Interfacing,Invocation mechanism,Explicit interfacing,python catch sheel output,,2013-10-08 08:47:43Z,2013-10-08 08:47:43Z,"1,924,302,019,243,080"
https://stackoverflow.com/questions/19325761/python-executing-shell-script-with-argumentsvariable-but-argument-is-not-rea,Accepted,2013-10-11 19:26:22Z,2020-07-01 21:24:00Z,creativeDrive,235,3,"python,shell,subprocess,popen","Python: executing shell script with arguments(variable), but argument is not read in shell script","I am trying to execute a shell script(not command) from python:,var1 and var2 are some string that I am using as an input to shell script. Am I missing something or is there another way to do it?,Referred:","The problem is with ,. Either remove that argument, or pass all arguments as a string, as follows:,The shell will only pass the arguments you provide in the 1st argument of , to the process, as it does the interpretation of arguments itself.
See a similar question answered , What actually happens is your shell script gets no arguments, so $1 and $2 are empty.,Popen will inherit stdout and stderr from the python script, so usually there's no need to provide the , and , arguments to Popen (unless you run the script with output redirection, such as ,). You should do this only if you need to read the output inside the python script, and manipulate it somehow.,If all you need is to get the output (and don't mind running synchronously), I'd recommend trying ,, as it is easier to get output than ,:,Notice that , and , have the same rules for the , argument as ,.",43k,18,Yes,"SA1, SA2.1, SA2.2, SB1, SB2",19,Coding,Data handling,Interoperability,,parameter error,,2013-10-11 20:09:05Z,"2013-10-11 20:09:05Z,2013-10-11 19:29:34Z,2020-07-01 18:32:57Z","19,325,761,193,264,300,000,000,000,000,000"
https://stackoverflow.com/questions/19370223/why-is-my-ajax-request-getting-response-0,Accepted,2013-10-14 22:20:11Z,2017-09-27 12:52:45Z,UzumakiDev,"1,246",3,"javascript,php,jquery,ajax,wordpress",Why is my ajax request getting response 0?,"I've setup the basic wordpress ajax example in my wp theme. The trigger is made by modernizr.js checking the media queries on the page.,I have localized and enqueue'd my scripts.,and finally the function that handles the request is:,This constantly gives me a response of 0 (no properties) and I do not know why.
P.S This is all local.","Everything has to match here:,PHP,JS,Also, you're missing security checks and a better handling of the response.,
Check this examples: , and ,.",29k,12,yes,"SA1, SA2.1, SA2.2, SB1, SB2",31,Coding,Interfacing,Invocation mechanism,Implicit interfacing,ajax,,2013-10-15 01:03:56Z,"2013-10-15 01:03:56Z,2017-09-27 09:07:12Z,2016-09-06 10:55:03Z","19,370,223,193,717,000,000,000,000,000,000"
https://stackoverflow.com/questions/19428747/java-equivalent-of-c-copy-assignment-operator,Accepted,2013-10-17 13:55:58Z,2013-10-17 14:06:36Z,p.drewello,95,3,"java,c++,operator-keyword",Java equivalent of C++ copy assignment operator,"I'm trying to understand this operator function written in C++ and convert it to Java.,Does this simply copy instance and properties of a class object? For which I've already written something: ,Am I on the correct track? Many thanks for your help.","Ampersand , designates a reference in C++. It is needed to provide the behavior similar to what Java objects provide ""out of the box"", because Java manages objects through references.,There is no copying going on in C++ when a reference is passed. In fact, avoiding copying is a major reason for using , references as function parameters.,The code that you show does not perform copying either: it changes its state based on the value being ""assigned"". The closest way of modeling this in Java would be providing an , method that changes the current state to match that of the object passed in:,You will need to use this method in place of C++'s assignment, like this:,becomes this:",5k,7,yes,"SA2.1, SB1",1,DEM,Build,,,,,2013-10-17 14:02:37Z,"2013-10-17 14:02:37Z,2013-10-17 14:00:19Z,2013-10-17 14:00:02Z","19,428,747,194,288,900,000,000,000,000,000"
https://stackoverflow.com/questions/19561877/is-it-possible-to-set-localstorage-or-session-variable-in-asp-net-page-and-read,Accepted,2013-10-24 09:20:58Z,2021-05-02 09:30:33Z,mashet,712,6,"c#,javascript,asp.net,local-storage,session-variables",Is it possible to set localStorage or Session variable in asp.net page and read it in javascript on the other page?,"As in question. Is it possible to set variable in asp.net page in localStorage and retrieve it on the other page?,How to set localStorage variable in asp.net. Is it possible?
After that I could read variable using:","I guess You can't. The whole point of local storage is that it is local and You can manipulate it only from javascript. If You need to pass values between server and client You need to use some transport technology - cookies, ajax calls, hidden fields etc. It will all depend on how your application is organized, what kind of information is being stored, its volume, whether you want to redirect or not, but in all cases this should be done using javascript since that's the only way to access data stored in localStorage.",81k,9,no,"SA2.1, SB1",10,Design,Data handling,Interoperability,,data transfer,,2013-10-24 09:37:01Z,"2013-10-24 09:37:01Z,2018-05-09 17:11:38Z,2013-10-24 10:36:31Z,2013-10-24 10:07:35Z,2019-11-01 18:11:50Z,2021-05-02 09:24:34Z","19,561,877,195,622,700,000,000,000,000,000,000,000,000,000,000,000,000,000"
https://stackoverflow.com/questions/19661580/minify-css-and-js-in-codeigniter-efficiently,Accepted,2013-10-29 14:51:17Z,2019-07-24 18:13:20Z,Keenan Payne,796,6,"javascript,php,css,codeigniter,minify",Minify CSS and JS in CodeIgniter Efficiently,"So I am working on a project using the PHP framework CodeIgniter (,) and inside of it, we are using a lot of various CSS/JS files that are being called in our header include. ,I've used the Minify tool before on WordPress sites and other projects, and ran across this library for CodeIgniter on GitHub (,) and figured I would use it on my project. ,It works all fine and dandy, but unfortunately I am compressing so many CSS and JS files that by the time the page loads, it would have been quicker if I , used it. ,Here's what the code looks like in my controller: ,So I'm taking these large arrays of CSS and JS files, compressing them, then saving them to one large file. But is there a better and more efficient way of doing this? ,I know I could combine them by hand, but then when I am working on things, I have massive files to sift through. not only that, but I like Minify's ability to get rid of unnecessary white space and really condense the code. ,So any thoughts on how I can efficiently accomplish this? ,Thanks!","Why not use ,? You could set up a few tasks to concatenate and minify the JavaScript files. I've done this myself for a CodeIgniter project and it worked well. ,.,Grunt is a node.js-based tool, but since you'd be doing the build on your development machine this shouldn't be an issue - you won't need to have node on the server. The idea is that before committing your changes, you run the build task which concatenates and minifies your JavaScript and CSS. Then your commit includes the minified files and you push them up to the server.,Here's a Gruntfile I used for my CodeIgniter project:,And the package.json file:",19k,12,yes,"SA1, SA2.1, SA2.2, SB1, SB2",17,Coding,Efficiency/Performance,,,HTTPRequest,,2013-10-29 15:25:46Z,"2013-10-29 15:25:46Z,2013-10-29 15:33:10Z,2016-07-08 20:14:17Z,2016-08-24 21:41:01Z,2019-07-24 18:13:20Z,2013-10-29 15:03:29Z","19,661,580,196,624,400,000,000,000,000,000,000,000,000,000,000,000,000,000"
https://stackoverflow.com/questions/19865757/importerror-usr-lib-libboost-python-so-1-54-0-undefined-symbol-pyclass-type,Accepted,2013-11-08 18:12:12Z,2013-11-10 21:58:18Z,Yuras,425,2,"c++,python,boost,boost-python,archlinux",ImportError: /usr/lib/libboost_python.so.1.54.0: undefined symbol: PyClass_Type,"I have code written in C++:,now i want to import this dynamic library to python by:,But I get:,What should I do? My OS is Arch Linux.","Ok, I have found solution for this problem. The simplest options is to compile by:,Previously I used -lboost_python instead of -lboost_python3 ... But this solution is not cross platform so we can achieve this by cmake:,Of course ""/usr/include/python3.3m"" won't be path to pythons include directory in all linux distros.",11k,6,yes,"SA2.1, SA2.2, SB1",6,Coding,Build,,,config for compile,,2013-11-10 20:17:49Z,"2013-11-10 20:17:49Z,2013-11-08 23:59:09Z","198,657,571,989,464,000,000,000"
https://stackoverflow.com/questions/20054822/exposing-c-interface-in-boost-python,Accepted,2013-11-18 18:15:04Z,2017-05-28 16:29:19Z,balki,"22,922",2,"c++,python,boost-python",Exposing C++ interface in boost python,"Sample code to illustrate:,Tried the above code but fails to compile.,
Compilation Error:","Abstract C++ classes cannot be exposed in this manner to Boost.Python. The Boost.Python , gives examples as to how to expose pure virtual functions. In short, when decorating methods with ,, a wrapper type needs to be created to allow C++ to polymorphic resolve the virtual function, and the virtual function implementation will delegate resolving the function polymorphically in the Python object's hierarchy.,For details, when a type is exposed via ,, , defaults to the type being exposed, and the , is constructed within a Python object. The , documentation states:,Hence, the , will fail, because , and ,, and Boost.Python will try to instantiate an object of , into a Python object that represents an instance of ,. This instantiation will fail as , is an abstract class.,Here is a complete example showing the use of a , class.,and its usage:,It is possible to expose an abstract class in Boost.Python by exposing it with no default initializer (,) and non-copyable (,). The lack of an initializer prevents Python types from deriving from it effectively preventing overriding. Additionally, the implementation detail that , is implemented within C++ by , is inconsequential. If Python should not know about a , method at all, then omit exposing it via ,.,Interactive usage:",6k,9,yes,"SA1, SA2.1, SA2.2, SB1, SB2",10,Coding,Interfacing,Invocation mechanism,Explicit interfacing,boost API,,2013-11-18 19:45:58Z,"2013-11-18 19:45:58Z,2016-05-31 10:52:18Z","200,548,222,005,640,000,000,000"
https://stackoverflow.com/questions/20084549/angularjs-form-post-data-not-posted,Accepted,2013-11-19 23:40:09Z,2014-08-03 18:08:06Z,GRowing,"4,209",2,"javascript,php,angularjs",Angularjs - Form Post Data not Posted?,"I must admit I am a little bit confused... I have never done this before and I am apparently missing something,When I pass data via http.post to my php file I am can't seem to collect data...,Can someone tell me why this does not work?,FormData gets displayed in console log,, and the file is being written for sure.. however it looks like no data is passed..,This is in my php file.. trying to write data from submitted form to a file... (just testing)..","After doing quite some research I discovered that this is somewhat of a php speciffic issue.. and I found answersa on these two posts..,here:
, ,and here:
,My final PHP code looks like this..,I would also like to credit Mike Brant (,) whose solution from a referenced stack post was very helpful.. I up-voted his response too.,My angular app code looks something like this... and it is a great improvement from the original one thanks to artur grzesiak (,),Finally,, the HTML form that was used to submit this form looks something like this...,Thanks to everyone who helped!",39k,8,yes,"SA1, SA2.1, SA2.2, SB1, SB2",16,Coding,Interfacing,Invocation mechanism,Implicit interfacing,HTTPRequest,,2013-11-20 01:39:12Z,"2013-11-20 01:39:12Z,2014-07-08 14:42:47Z","200,845,492,008,576,000,000,000"
https://stackoverflow.com/questions/20111929/asp-net-button-on-click-not-firing-using-jquery-modal-dialog,Accepted,2013-11-21 03:33:50Z,2016-09-13 09:54:32Z,Albert Laure,"1,658",4,"c#,javascript,jquery,html,asp.net",ASP.net Button on click not firing using Jquery Modal Dialog,"I have a div that is shown as a Modal dialog.,here is the jquery for it,the problem is after i press the button to activate the , the method inside does not fire, any fix for this? sorry im just new in using jquery.","Well this is the answer that worked for me, im not using any update panel and this is what i used,adding this to the dialog declaration:,found the answer in , so if you want to know more about click the link beside :)",17k,6,yes,"SA1, SA2.1, SA2.2, SB1, SB2",15,Coding,Embedding,,,HTTPRequest,,2013-11-21 05:54:09Z,"2013-11-21 05:54:09Z,2016-06-08 14:53:26Z,2016-09-13 09:53:20Z,2013-11-21 03:44:27Z","2,011,192,920,113,530,000,000,000,000,000,000,000,000"
https://stackoverflow.com/questions/18512184/google-maps-finding-all-the-markers-inside-a-given-radius-javascript-php,Accepted,2013-08-29 13:20:12Z,2018-07-30 13:26:08Z,compcobalt,"1,212",2,"php,javascript,ajax,google-maps",Google Maps - Finding all the markers inside a given radius Javascript/Php,"I have this script that will show custom markers on a google map, but I would like to include a input text-box and be able to enter a city/state and a zip-code and see if there are any markers within lets say 400 miles from that city/state or zip-code. I would love it if the map can be dynamic so as you type out the city/state or zip-code it will show the results on the map by getting rid of all the other markers and leaving only the one that is within that radius, if that is too hard then a simple alter box saying what unit is the closest will also be OK :) I searched and found some say that I should load the geometry library and use , to find the distance of each marker from your center point but I have no idea how to do the zip-code part or how to put all of this together to work.,Here is my code:","Here is an example of how you could solve this with the geocoding API and some simple geometry.,(note that I have hardcoded the address and radius for brevity.)",32k,9,yes,"SA2.1, SA2.2, SB1",4,Coding,Embedding,,,HTTPRequest,,2013-12-04 12:18:16Z,"2016-05-07 12:37:39Z,2013-12-04 12:18:16Z","185,121,843,708,863,000,000,000"
https://stackoverflow.com/questions/20419415/c-sharp-call-c-dll-passing-pointer-to-pointer-argument,Accepted,2013-12-06 08:34:44Z,2016-08-05 16:31:58Z,LennonLam,185,3,"c#,c++,dll",C# call C++ DLL passing pointer-to-pointer argument,"Could you guys please help me solve the following issue?
I have a C++ function dll, and it will be called by another C# application.
One of the functions I needed is as follow:,I wrote the following code in C#:,Unfortunately, the above code is not working... I guess that is due to the C++ func takes a pointer-to-pointer of DataStruct, while I just passed a reference of CS_DataStruct in.,May I know how can I pass a pointer-to-pointer to the C++ func? If it is not possible, is there any workaround? (the C++ API is fixed, so changing API to pointer is not possible), 
Memory of DataStruct will be allocated by c++ function. Before that, I have no idea how large the data array should be. 
(Thanks for the comments below)","I used the following test implementation:,The C# code to access those functions are as follows:,The data is now transferred to , safely, and there should be no memory leaks. I wish it would help.",23k,12,yes,"SA2.1, SA2.2, SB1",10,Coding,Data handling,Interoperability,,parameter error,,2013-12-06 13:18:04Z,"2013-12-06 13:18:04Z,2016-08-05 16:31:58Z,2013-12-06 08:39:25Z","20,419,415,204,249,000,000,000,000,000,000"
https://stackoverflow.com/questions/2865289/php-redirection-with-post-parameters,Accepted,2010-05-19 12:10:56Z,2021-04-03 13:25:18Z,arik,"24,120",9,"php,javascript,post,redirect,parameters",PHP Redirection with Post Parameters,"I have a webpage. This webpage redirects the user to another webpage, more or less the following way:,Well, you see, what I do is transferring the GET params into POST params. Do not tell me it is bad, I know that myself, and it is not exactly what I really do, what is important is that I collect data from an array and try submitting it to another page via POST. But if the user has JavaScript turned off, it won't work. What I need to know: Is there a way to transfer POST parameters by means of PHP so the redirection can be done the PHP way (,), too?,It is very important for me to pass the params via POST. I cannot use the $_SESSION variable because the webpage is on another domain, thus, the $_SESSION variables differ.,Anyway, I simply need a way to transfer POST variables with PHP ^^,Thanks in advance!","You CAN header redirect a POST request, and include the POST information. However, you need to explicitly return HTTP status code 307. Browsers treat 302 as a redirect with for GET, ignoring the original method. This is noted explicitly in the HTTP documentation:,Practically, this means in PHP you need to set the status code before the redirect location:,However, note that according to the HTTP specification, the user agent MUST ask user if they are ok resubmitting the POST information to the new URL. In practical terms, Chrome doesn't ask, and neither does Safari, but Firefox will present the user with a popup box confirming the redirection. Depending on your operating constraints, maybe this is ok, although in a general usage case it certainly has the potential to cause confusion for end users.",52k,27,Yes,"SA1, SA2.1, SA2.2, SB1, SB2",31,Coding,Embedding,,,HTTPRequest,,2013-12-18 17:24:48Z,"2013-12-18 17:24:48Z,2010-05-19 12:44:09Z,2018-05-04 15:34:48Z,2010-05-19 12:20:43Z,2010-05-19 12:41:43Z,2010-05-19 13:10:45Z,2016-08-26 05:21:30Z,2016-10-07 17:58:10Z","2,865,289,206,645,380,000,000,000,000,000,000,000,000,000,000,000,000,000,000,000,000,000"
https://stackoverflow.com/questions/20732980/how-to-use-socket-with-a-python-client-and-a-c-server,Accepted,2013-12-22 19:06:47Z,2020-11-05 20:17:42Z,Dougui,"6,852",2,"python,c++,sockets",How to use socket with a Python client and a C++ server,"I have a simple client/server program.,The client is written in python as this :,And I wrote a server in python like this :,I want to create a C++ version of the server. I did this :,It works one time but it block at the line , of the client.,This is the output from the client :,And this is the output from the server :,As you can see, the communication is like this :,What is my error?","In C++ server, you , connection, ,, ,, then , and go to wait for next client to connect.,Move your , out of the loop, or add inner loop after accept.,And , the socket when you're done with it, before the variable with socket number goes out of scope.",14k,6,yes,"SA2.1, SB1",5,Coding,Interfacing,Invocation mechanism,Implicit interfacing,socket,,2013-12-22 19:22:32Z,"2013-12-22 19:22:32Z,2013-12-22 19:21:40Z","207,329,802,073,310,000,000,000"
https://stackoverflow.com/questions/20692053/callback-as-parameter-of-c-structure-java-wrapper-generation,Accepted,2013-12-19 21:29:33Z,2014-01-18 05:01:02Z,triclosan,"5,216",1,"java,c,java-native-interface,swig",Callback as parameter of C structure - Java wrapper generation,"I have no problem with simple callbacks when free function passed as parameter to another, thanks to ,.,But assume bit more difficult C interface:,I intent to generate some nice Java wrapper for code like this. I assume to have as result ,I realize that SWIG have some problem with generation of pure Java interfaces, but I believe it's not major problem. The problem is I have no idea how to reinterpret such nested structure to acceptable Java code.","not SWIG, but the following works with , (which does not come with the kind of overhead JNA has, and works wherever JNI works):,And in Java:,Which outputs the expected result:, I'm the author of JavaCPP :)",867,7,yes,"SA1, SA2.1, SA2.2, SB1, SB2",4,Coding,Interfacing,Invocation mechanism,Explicit interfacing,call back,,2013-12-27 08:03:01Z,2013-12-27 08:03:01Z,"2,069,205,320,797,110"
https://stackoverflow.com/questions/18647841/retrieve-exit-status-from-php-script-inside-of-shell-script,Accepted,2013-09-06 00:04:26Z,2021-06-01 07:17:17Z,Buttle Butkus,"8,709",4,"php,bash,shell,exit-code",Retrieve exit status from php script inside of shell script,"I have a bash shell script that calls a few PHP scripts like this.,I want to compose an error log and/or an activity report based on the results of those scripts.,Is there any way I can get the exit status of the php script in the shell script?,I could either use integer exit statuses or string messages.","You can easily catch the output using the , operator, and get the exit code of the , by using ,:",11k,9,yes,"SA2.1, SA2.2, SB1",13,Coding,Data handling,Interoperability,,HTTPRequest,,2014-01-14 16:10:15Z,"2014-01-14 16:10:15Z,2015-04-22 05:17:42Z,2013-09-06 00:16:44Z,2021-06-01 07:17:17Z","1,864,784,121,118,230,000,000,000,000,000,000,000,000"
https://stackoverflow.com/questions/21153805/convert-php-associative-array-into-javascript-object,Accepted,2014-01-16 05:11:19Z,2020-04-14 16:11:19Z,Growler,"10,908",5,"javascript,php,jquery,arrays",convert php associative array into javascript object,"I'm trying to load Chinese words as keys, and their English translations as values from a database into a php array so then I can use them on the client side in JavaScript. So I load the PHP key:value pairs into the JavaScript array and try to output the results as key value pair as such:,Chinese and English words are loaded in a relational database.,:,: Here I want the $.each to output the key as a string, and not a number index. So when I tried , as an array, I got:,When I'm really looking for:,So I changed , to be an object so that , could output key as string:,Which throws error:","You can use , to make , as an , like,",49k,25,yes,"SA1, SA2.1, SA2.2, SB1, SB2",53,Coding,Data handling,Data format/compatibility,,convert data,,2014-01-16 05:15:29Z,"2014-01-16 05:15:29Z,2017-03-15 19:52:14Z,2018-06-11 16:03:54Z,2020-04-14 16:11:19Z,2017-05-03 13:22:44Z","211,538,052,115,385,000,000,000,000,000,000,000,000,000,000,000"
https://stackoverflow.com/questions/21441786/post-to-php-from-node-js,Accepted,2014-01-29 20:19:49Z,2014-11-10 09:45:31Z,Nicholas Kreidberg,"3,807",1,"javascript,php,node.js,post,express",POST to PHP from node.js,"I am trying to POST some data from a node.js application to a PHP script. For the time being I am just building a proof of concept but I am unable to get the actual data over to the PHP side. The request goes through and I get 200 back but PHP thinks the $_POST array is empty.,Here is my node code:,Again, the request makes it to localhost:8050/machines/test/index.php but when I do a var_dump of $_POST it is an empty array.,I suspect I am doing something wrong with the .write() method but I can't quite figure out what. Any input on what I am missing or doing incorrectly would be greatly appreciated. , Update:,As some of the comments indicate using file_get_contents('php://input'); does work to get the data on the PHP side but I would still prefer to be able to access the $_POST array directly.","Since you are sending the data with , you would need to read the raw input as php does not know how to read json into their globals like _GET and _POST unless you have some php extension that does it.,You can use the , library to parse a object into a name-value pair query string that you could than transmit with , so that the data will be parsed into the globals",15k,14,yes,"SA1, SA2.1, SA2.2, SB1, SB2",26,Coding,Interfacing,Invocation mechanism,Implicit interfacing,HTTPRequest,,2014-01-29 20:41:26Z,2014-01-29 20:41:26Z,"2,144,178,621,442,160"
https://stackoverflow.com/questions/21477881/use-javascript-to-update-a-json-file,Accepted,2014-01-31 10:35:44Z,2014-01-31 13:48:01Z,DrBoon,89,1,"javascript,php,jquery,json,asp-classic",Use javascript to update a json file,"I'd like to preface this by saying I know what I'm doing isn't ideal.
With that covered:,I need to update data in a JSON file via javascript.
Here is the JSON file as it currently stands:,now let's say I want to edit the carrot object. I've built an updated carrot object on my html page and have it sitting as an object in the javascript. 
What am I going to need to do to update the source json with my edits?,Like I said before, I know this isn't ideal. I should have used a database for storing and manipulating data, but I've made my bed now and I have to get this working, regardless of how much it might make you all cringe.,Research tells me I'm going to need to use PHP or ASP on the server side to collect the parameters the javascript passes to it, but I have no idea where to begin with that.,I'm working in visual studio 2012 and the parameters of the project prohibit me from using addons. NuGet code libraries yes, but no addons. On that basis, I think it means I can't use PHP. Am I correct in my thinking there? ,note: yes it's for an assignment, but altering the json file is beyond the scope of the requirements. Being able to process json data dynamically is enough for the project, I'd just REALLY like to be able to put some back.,Thanks in advance, Probably should have shared this too. This is the javascript that opens the json file. The result of the opening is stored in a script wide variable called ingJson.","To edit a JSON file:,It's a shame you can't just edit the file directly in php, that'd render steps 2-6 unnecessary, you'd just ,, ,, and , the JSON in php.,: Since you seem to have the data in JavaScript already, steps 1-3 are accounted for.",10k,6,yes,"SA1, SA2.1, SB1, SB2",3,Coding,Data handling,Interoperability,,data transfer,,2014-01-31 10:46:40Z,2014-01-31 10:46:40Z,"2,147,788,121,478,120"
https://stackoverflow.com/questions/21581560/php-how-to-know-if-server-allows-shell-exec,Accepted,2014-02-05 15:36:00Z,2014-02-05 15:50:31Z,arxoft,"1,120",2,"php,shell,shell-exec",PHP - How to know if server allows shell_exec,"On some servers, PHP is not allowed to run shell commands via shell_exec. How can I detect if current server allows running shell commands via PHP or not? How can I enable shell commands execution via PHP?","First check that it's callable and then that it's not disabled:,This general approach works for any built in function, so you can genericize it:,note to use ,, because PHP function names are case insensitive.",17k,11,no,"SA2.1, SA2.2, SB1",15,Coding,Interfacing,Invocation mechanism,Explicit interfacing,config,,2014-02-05 15:50:31Z,"2014-02-05 15:50:31Z,2014-02-05 15:38:11Z","215,815,602,158,187,000,000,000"
https://stackoverflow.com/questions/21835623/jquery-img-src-replace-not-working,Accepted,2014-02-17 17:32:48Z,2014-02-17 18:11:26Z,noobWebDev,121,3,"javascript,php,jquery,html,css",jQuery img src replace not working,"I'm pretty new to jQuery so I'm probably doing something really wrong but the next and buck link buttons I made fail to trip the $('#largeImage img').attr('src', picture_list[ active_index ] ) script I placed into their .click functions. Instead the result is that the #largeImage div ends up being hidden again. I've tried everything from adding a .preventDefault() to the script to ensure that the links (which have no target) aren't trying to randomly go elsewhere. I've also output most my variables to ensure that they are in fact being set properly within the html code. From all that I've read about the .attr function this script should be working.
PHP source:,The following is the html result page,Just looking to get the next and back buttons to work as intended. Thank you in advanced for any help. Please don't hesitate to call me on my stupid mistakes as I know I'm screwing up somewhere I'm just not sure where.","you should do it like:,your code just , the string value with a new one, and return it, it won't replace it in your actual , attribute.",21k,6,yes,"SA2.1, SA2.2, SB1",6,Coding,Embedding,,,img-/not,,2014-02-17 17:35:53Z,"2014-02-17 17:35:53Z,2014-02-17 17:35:19Z,2014-02-17 17:36:22Z","21,835,623,218,356,800,000,000,000,000,000"
https://stackoverflow.com/questions/21852459/tomcat-7-0-50-java-websocket-implementation-gives-404-error,Accepted,2014-02-18 11:32:11Z,2017-10-31 13:07:03Z,Shailesh Vaishampayan,"1,627",3,"java,javascript,tomcat,websocket",tomcat 7.0.50 java websocket implementation gives 404 error,"I am trying to implement a websocket on tomcat 7.0.50 using annotated endpoints as specified in Java Websocket API (1.0)- JSR 356. Following are the brief steps how I have coded it
1) Write a websocket endpoint using @ServerEndpoint annotation
2) implement @onOpen and @onMessage methods
3) open a websocket using javascript on google chrome.,Please find code corresponding to above steps in order,1) STEP 1 & 2 - writing websocket server endpoint:,},2) STEP 3 - opening websocket using javascript api in chrome:,I am using following versions of softwares :
1) Tomcat - 7.0.50
2) Java - 1.7.45
3) Servlet - 3.0
4) Have included following Maven dependency
5) Chrome - 32.0.1700.107m,However I am getting following error and connection is closed with 1066 error code in chrome's console:,Is there any configuration I am missing out on. I tried to search a lot but couldn't find anything. Please I need this to be solved ASAP.","I have solved it. Problem was very specific to my installation. 
I had the websocket api .jar being installed in my app's WEB-INF/lib directory as well. 
not sure why it was breaking it. can you put some light on the root cause of this behaviour and why it doesn't work when you gave websocket-api.jar in application's WEB-INF/lib along with tomcat's lib?",11k,10,yes,"SA2.1, SB1",13,Coding,Interfacing,Invocation mechanism,Implicit interfacing,"self-anwser, socket",,2014-02-18 17:54:50Z,"2014-02-18 17:54:50Z,2014-04-02 14:00:26Z,2016-03-02 10:54:29Z","21,852,459,218,616,600,000,000,000,000,000"
https://stackoverflow.com/questions/21877127/calling-system-loadlibrary-twice-for-the-same-shared-library,Accepted,2014-02-19 10:05:24Z,2015-04-24 16:45:01Z,Tomasz Gawel,"8,067",2,"java,android,c++,java-native-interface",Calling System.loadLibrary twice for the same shared library,"I have the situation when two jar libraries use the same shared library.
In each library ""the main interface"" class loads the .so file with ,.
My question is: if the user decides to use these two jar libraries in one project, would the second call to , for the same .so file cause any exception? Or is it ""somehowe handled"" by the system to prevent shared libraries from being loaded twice? Or maybe there is a ""commonly known pattern"" to handle such situations?,The jni wrappers are targeted to be used on android. I am the author of both wrapper libs so answering you can assume full control on java sources.","According to the , it should not be a problem: ""If this method is called more than once with the same library name, the second and subsequent calls are ignored.""",7k,14,no,"SA1, SA2.1, SB1, SB2",24,Coding,Interfacing,Invocation mechanism,Explicit interfacing,JNI call,,2014-02-19 11:46:21Z,"2014-02-19 11:46:21Z,2015-04-24 16:45:01Z","218,771,272,187,953,000,000,000"
https://stackoverflow.com/questions/21890805/encrypt-aes-with-c-sharp-to-match-java-encryption,Accepted,2014-02-19 19:47:09Z,2015-11-10 01:40:10Z,Christopher Johnson,"2,571",2,"c#,java,encryption,aes,rijndaelmanaged",Encrypt AES with C# to match Java encryption,"I have been given a Java implementation for encryption but unfortunately we are a .net shop and I have no way of incorporating the Java into our solution. Sadly, I'm also not a Java guy so I've been fighting with this for a few days and thought I'd finally turn here for help.,I've searched high and low for a way to match the way the Java encryption is working and I've come to the resolution that I need to use RijndaelManaged in c#. I'm actually really close. The strings that I'm returning in c# are matching the first half, but the second half are different.,Here is a snippet of the java implementation:,I'm not entirely sure why they're only passing in 16 chars at a time, but w/e. I tried the same with my c# implementation using a string builder and only sending in 16 chars at a time and got the same result as I got when I pass the entire string in at once.,Here's a snippet of my c# implementation which is mostly a copy and paste from MS' site for RijndaelManaged:,As I said above, the first half of the encrypted string is the same (see an example below), but the second half is off. I've added spaces in the outputs below to better illustrate where the difference is. I don't know enough about encryption nor Java to know where to turn next. Any guidance would be greatly appreciated,Java output:,C# output:,Update per the suggestion of Chris below:","Your C# translation looks like it's doing the right thing for the most part, because the first block matches. What doesn't match is the last block, and that's because the Java code is zero-padding the last block to fill it out, whereas your C# code doesn't do that, so it'd use PKCS #5 padding by default.,PKCS #5 padding is much better than zero-padding, of course, but since the latter is what the Java code used, you'd have to do the same thing. (That means, call , a few more times until the byte count is a multiple of 16.),There's yet another subtlety. The Java code translates the string to bytes using ,, which uses the ""default encoding"" of the Java runtime. This means that if your string contains non-ASCII characters, you'd run into interoperability issues. Best practice is to use UTF-8, but seeing as you can't change the Java code, I guess there's not much you can do about that.",19k,9,yes,"SA2.1, SB1",4,Coding,Data handling,Data format/compatibility,,encrypt,,2014-02-19 19:58:23Z,"2014-02-19 20:05:08Z,2014-02-19 19:58:23Z","218,908,052,189,121,000,000,000"
https://stackoverflow.com/questions/22084698/how-to-export-source-content-within-div-to-text-html-file,Accepted,2014-02-28 01:58:42Z,2020-07-25 12:49:07Z,,,4,"javascript,php,html,text,export",How to export source content within div to text/html file,"Let's say I have , and I need to take the html code within this div, place it inside a file and force a download of it in , format.,How can that be done? Should I use PHP or JavaScript? I would prefer JavaScript.","You could use something like this:, (Added a link to perform this action),Since you said in the comments that you are using jQuery i'll call this function from a handler, instead of calling it directly.,You can download as a text, just remove the third argument for function, and it will take the default which is ""text/plain"", and add the extension .txt to the filename instead of html.,
I edited this answer since the person who asked commented that he was looking how to make it work with a handler, he made it work, but just in case.
The original code is in the jsfiddle",57k,13,no,"SA1, SA2.1, SA2.2, SB1, SB2",38,Design,Language choice,,,post/net,,2014-02-28 03:56:36Z,"2014-02-28 03:56:36Z,2016-09-08 04:13:18Z,2014-02-28 05:20:05Z,2016-10-11 12:16:16Z","2,208,469,822,085,870,000,000,000,000,000,000,000,000"
https://stackoverflow.com/questions/22105529/np-ascontiguousarray-versus-np-asarray-with-cython,Accepted,2014-02-28 20:51:44Z,2014-02-28 21:27:06Z,,,2,"python,c,arrays,numpy,cython",np.ascontiguousarray versus np.asarray with Cython,"follow up question to ,:,when passing numpy.ndarrays in Cython to a C function that only deals with contiguous arrays, is there a difference between doing:,and,are both necessary? Does , implies already that the array will be in a format that can be assigned to an array with a , declaration?","You should be able to just do:,From the docs for ,:,My understanding is that you only need to use , if the array you are trying to pass was generated from some non-contiguous slice of another array. If you are creating the array from scratch, it shouldn't be necessary. ,For example:,Also, perhaps consider using the , interface",6k,7,yes,"SA1, SA2.1, SA2.2, SB1, SB2",1,Coding,Data handling,Interoperability,,data transfer,,2014-02-28 21:10:54Z,"2014-02-28 21:27:06Z,2014-02-28 21:10:54Z","221,055,292,210,616,000,000,000"
https://stackoverflow.com/questions/21278915/getting-to-interactive-django-shell-in-pydev,Accepted,2014-01-22 09:28:47Z,2017-06-23 18:18:18Z,Jamie Bull,"10,769",3,"python,django,eclipse,shell,pydev",Getting to interactive Django shell in PyDev,"I can open an interactive shell from the command line, just not from PyDev inside Eclipse. Clicking through , I get the following output:,To try and resolve this I have updated PyDev to 3.2.0 with no change to the output. I'm using Django 1.6.,I have looked at the comment , which pointed me ,. However the accepted answer seems to have already be built into Django/PyDev as the line it suggests to change in , is already changed.","has been deprecated in Django 1.6. See ,.,As far as I can tell, PyDev has hardcoded this method of starting a Django shell into the right click project -> ""shell with Django environment"" menu item. This is an issue that PyDev needs to address (hopefully by simplifying whatever they are doing under the hood with that command to just ""python manage.py shell""!) I don't believe their menu command currently calls manage.py, which is why the other answers didn't work for you.,
As a hacky workaround, add ""from django.conf import settings; settings.configure()"" to the initial interpreter commands in Window->Preferences->PyDev->Interactive Console. You'll still see the error but at least you'll have your settings.,
In Window->Preferences->Interpreter->Environment tab, add an environment variable ""DJANGO_SETTINGS_MODULE"" with the Python dotted path to your settings file (exclude the '.py' at the end).",2k,6,yes,"SA1, SA2.1, SB1, SB2",9,Coding,Build,,,outdate function not work,,2014-03-03 17:04:40Z,"2014-03-03 17:04:40Z,2015-05-03 06:16:24Z,2017-06-23 18:18:18Z","21,278,915,221,527,700,000,000,000,000,000"
https://stackoverflow.com/questions/22730210/send-log-errors-to-a-file,Accepted,2014-03-29 11:01:52Z,2014-08-14 16:46:04Z,user3395024,153,3,"javascript,php,jquery,syntax-error",Send log errors to a file,"I developed a website for my graduation however it still only one thing I have do. What I want is when the script is installed on a website I want to send the name of the website who has installed my script, also whenever there is an error I want to send it to my website so for example:,This website installed my script,I want to see the path + website in an other file in other website. For example:,The purpose of this is keep my customers update and give them support and see the errors that happen so I can fix them in next updates.","You might want to take a closer look at the ,, so you can use a secure http connection for logging. This javascript code basically describes a function that sends the errors in text-format to your server-side script. This script can in turn write the error description to a file on the server. I'd recommend using a DB instead; That way you can easily write a web-client that displays all reported errors (and filters and the other good stuff).,You can extract the origin url from the referer [sic] field in the ajax http get-request on the server.,Code has been validated with jshint. Please let me know if there are still issues, because I didn't take the time to completely replicate your setup (setting up 2 different domains etc.), Some useful reading if you're having issues with cross-domain messaging, ,, ,, ,.",170,8,no,"SA1, SA2.1, SA2.2, SB1, SB2",2,Design,Interfacing,Interfacing choice,,method choice,,2014-03-29 16:59:03Z,"2014-03-29 16:59:03Z,2014-03-29 11:16:31Z,2014-03-30 13:53:15Z","22,730,210,227,339,900,000,000,000,000,000"
https://stackoverflow.com/questions/22854749/flask-and-ajax-post-http-400-bad-request-error,Accepted,2014-04-04 06:03:28Z,2021-01-01 16:28:16Z,wirrbel,"2,921",3,"javascript,jquery,python,ajax,flask",Flask and Ajax Post HTTP 400 Bad Request Error,"I am writing a small flask based site and I would like to send data from the client to the server using Ajax. Until now I have only used Ajax requests to retrieve data from the server. This time I would like to submit data via POST request.,This is the receiver on the flask side, I reduced it to barely log a message to avoid any unnecessary errors within the implementation of this route:,When submitting the ajax request, flask gives me a 400 error,I can also see this in the web developer console in the browser,Why is flask not calling , with the supplied data in the request?","If you are using the , you'll need to either exempt your view or include the CSRF token in your AJAX POST request too.,Exempting is done with a decorator:,To include the token with AJAX requests, interpolate the token into the page somewhere; in a , header or in generated JavaScript, then set a , header. When using jQuery, use the ,.,Example using a meta tag (from the Flask-WTF CSRF documentation):,and in your JS code somewhere:,Your handler doesn't actually post JSON data yet; it is still a regular url-encoded , (the data will end up in , on the Flask side); you'd have to set the AJAX content type to , and use , to actually submit JSON:,and now the data can be accessed as a Python structure with the ,.,The , parameter to , is only needed when your view , JSON (e.g. you used , to produce a JSON response). It lets jQuery know how to process the response.",10k,21,yes,"SA1, SA2.1, SA2.2, SB1, SB2",32,Coding,Interfacing,Invocation mechanism,Implicit interfacing,ajax,,2014-04-08 06:48:09Z,"2014-04-08 06:48:09Z,2014-04-04 06:46:49Z,2021-01-01 12:08:42Z","22,854,749,229,295,900,000,000,000,000,000"
https://stackoverflow.com/questions/22978025/jackson-json-how-to-convert-array-to-jsonnode-and-objectnode,Accepted,2014-04-10 03:19:08Z,2020-10-31 12:54:12Z,Stupidfrog,"1,909",5,"java,javascript,json,jackson",Jackson Json: how to convert array to Jsonnode and Objectnode?,"Given Employee and company class,and my code like the following,i wish i can get result like this,It is a simple question, however i quite confusing somethings....
Especially Gson And Json....,Please do not propose other library, which i , this library to work.
And due to some circumstance,this class , i wanted.,Therefore i need , put it,and serialize to json string.,
@Sotirios Delimanolis classes declared is the right way to design the relationship between 
classes. However, that's not i wanted.,The Answer from @hsluo is Correct! and same as what @Sotirios Delimanolis mention. Totally fulfill this question.,And i did found another way to do it which using Hashmap,and then return to @Responbody, result totally same as @hsluo answered.",,76k,31,yes,"SA2.2, SB1",69,Coding,Data handling,Data format/compatibility,,convert data,,2014-04-10 04:15:33Z,"2014-04-10 04:15:33Z,2014-04-10 03:27:43Z,2020-10-31 12:54:12Z,2016-01-27 05:32:17Z,2019-11-07 08:28:55Z","229,780,252,297,852,000,000,000,000,000,000,000,000,000,000,000"
https://stackoverflow.com/questions/23157685/send-data-to-a-generic-handler-that-accepts-json-data-using-c-sharp,Accepted,2014-04-18 15:57:24Z,2014-04-28 08:16:04Z,Aishwarya Shiva,"3,466",4,"c#,javascript,jquery,asp.net,json",Send data to a generic handler that accepts JSON data using C#,"I have a situation where I am accessing an ASP.NET Generic Handler to load data using JQuery. But since data loaded from JavaScript is not visible to the search engine crawlers, I decided to load data from C# and then cache it for JQuery. My handler contains a lot of logic that I don't want to apply again on code behind. Here is my Handler code:,I can call the function , from C# but I will have to apply some URL based conditions while calling it. The , is actually based on URL parameters.,If possible to send JSON data to this handler then please tell me how to do that. I am trying to access the handler like this:,But its giving , in Handler code at line:","not sure why you want to do it, but to add a content to an HTTP request use:",5k,8,yes,"SA2.1, SA2.2, SB1",6,Coding,Interfacing,Interfacing choice,,method choice,,2014-04-28 08:16:04Z,"2014-04-22 12:48:46Z,2014-04-28 08:16:04Z,2014-04-21 16:43:48Z,2014-04-26 18:42:26Z","2,315,768,523,220,090,000,000,000,000,000,000,000,000"
https://stackoverflow.com/questions/23366570/store-client-server-string-filtering-directives-for-realtime-use,Accepted,2014-04-29 13:48:15Z,2014-05-08 15:39:31Z,joakimdahlstrom,"1,542",5,"javascript,php,string",Store client/server string filtering directives for realtime use,"I have an application that grabs rows from external APIs, and sends them to the browser without storing in the database. The database only holds the URLs for the API requests.,The rows received from the APIs needs to be filtered per row, either server(PHP) or client side, and the filters need to be stored in the database. A filter for a row can for example be substring or replace.,I assume you never want to have javascript/PHP code in the database, but how else could this be done? Are there any appropriate javascript solutions?,What I want in my database table is this: , ------------------ , ------------------- ,Row 1 --------------- api.com/get_data-----------, ,Row 2 --------------- api.com/get_more_data---, ,Where the ""Filter"" contains instructions on how to filter the string in the API result.","I would suggest using the Factory pattern and storing a json object in the database that contains instructions for constructing a filter. The json object would be retrieved from the DB and passed to the Factory which would create the correct kind of Filter object.,Suppose you had two filters one that uses a regular expression and another that filters for a value range. You could then create each filter as follows:,This approach allows you to use best practices for maintaining your codebase while still storing filtering instructions in your database. ,Child classes use Filter's , method but their own , method, making adding new filters easier. You simply A) inherit from the Filter class and implement a new isMatch method; B) add a new clause to , to create the filter correctly, and C) add the Json describing the filter to the database.,Everywhere else you can use the exact same logic to filter the results:",292,7,yes,"SA2.1, SA2.2, SB1",1,Design,Efficiency/Performance,,,us erier,,2014-05-08 14:12:25Z,"2014-05-01 14:14:04Z,2014-05-07 23:52:24Z,2014-05-08 12:47:22Z,2014-05-08 14:12:25Z,2014-05-07 06:08:43Z","233,665,702,340,946,000,000,000,000,000,000,000,000,000,000,000"
https://stackoverflow.com/questions/23611396/python-execute-cat-subprocess-in-parallel,Accepted,2014-05-12 14:13:14Z,2015-12-01 19:04:33Z,liarspocker,"2,352",2,"python,shell,subprocess,python-multithreading",Python: execute cat subprocess in parallel,"I am running several , commands on a remote server and gathering their output individually for further processing:,This, however, results in sequential execution of the subprocess('ssh ... cat ...') commands. Second peak waits for first to finish and so on. ,How can I modify this code so that the subprocess calls run in parallel, while still being able to collect the output for each individually?","Another approach (rather than the other suggestion of putting shell processes in the background) is to use ,The , method that you have would then do something like this:,To collect results, you can do something like this:,Run the thread as stated above in the link on multithreading. When your thread object has myThread.finished == True, then you can collect the results via myThread.results.",14k,19,yes,"SA1, SA2.1, SA2.2, SB1, SB2",1,Coding,Interfacing,Interfacing choice,,-,,2014-05-12 14:22:41Z,"2014-05-12 18:29:04Z,2014-05-12 14:22:41Z","236,113,962,361,622,000,000,000"
https://stackoverflow.com/questions/23622923/is-it-acceptable-practice-to-unit-test-a-program-in-a-different-language,Accepted,2014-05-13 04:40:07Z,2014-08-09 17:53:23Z,WCGPR0,741,5,"python,c++,unit-testing",Is it acceptable practice to unit-test a program in a different language?,"I have a static library I created from C++, and would like to test this using a Driver code.,I noticed one of my professors like to do his tests using python, but he simply executes the program (not a library in this case, but an executable) using random test arguments.,I would like to take this approach, but I realized that this is a library and doesn't have a main function; that would mean I should either create a Driver.cpp class, or wrap the library into python using SWIG or boost python.,I?????m planning to do the latter because it seems more fun, but logically, I feel that there is going to be more bugs when trying to wrap a library to a different language just to test it, rather than test it in its native language.,Is testing programs in a different language an accepted practice in the real world, or is this bad practice?","I'd say that it's best to test the API that your users will be exposed to. Other tests are good to have as well, but that's the most important aspect.,If your users are going to write C/C++ code linking to your library, then it would be good to have tests making use of your library the same way.,If you are going to ship a Python wrapper (why not?) then you should have Python tests.,Of course, there is a convenience aspect to this, as well. It may be easier to write tests in Python, and you might have time constraints that make it more appealing, etc.,I guess what I'm saying is: There's nothing inherently wrong with tests being in a different language from the code under test (that's totally normal for testing a REST API, for instance), but make sure you have tests for the public-facing API at a minimum.,I don't think the types of tests you are describing are ""unit tests"" in the usual sense of the term. Probably ""functional test"" would be more accurate.,A unit test typically tests a very small component - such as a function call - that might be one piece of larger functionality. Unit tests like these are often ""white box"" tests, so you can see the inner workings of your code.,Testing something from a user's point-of-view (such as your professor's commandline tests) are ""black box"" tests, and in these examples are at a more functional level rather than ""unit"" level.,I'm sure plenty of people may disagree with that, though - it's not a rigidly-defined set of terms.",4k,27,no,"SA1, SA2.1, SB1",28,Testing/Debugging,Build,,,cython compile config,,2014-05-13 04:55:46Z,"2014-05-13 04:55:46Z,2014-05-13 04:56:20Z,2014-05-13 04:56:04Z,2014-05-13 04:50:51Z,2014-05-13 04:55:36Z","236,229,232,362,308,000,000,000,000,000,000,000,000,000,000,000"
https://stackoverflow.com/questions/23949395/how-to-pass-a-javascript-array-to-a-python-script-using-flask-using-flask-examp,Accepted,2014-05-30 07:35:56Z,2014-05-30 14:24:55Z,Nebelhom,"3,473",1,"javascript,python,ajax,arrays,flask",How to pass a javascript array to a python script using flask [using flask example],"I am trying to get the , working for my specific case, but I am coming up short every time. I am aware this sort of question has been asked several times, but the answers do not help me (yes, I am new to this).,The example passes a string from javascript to python. I would like to pass an array over. The web suggests that this is possible. Here is what I have:,now, when passing into the , variable a string (e.g. , ), this code works just fine. However, when trying it with an array, it only ever passes the backup value (i.e. ,).,Thanks everyone for your help!,P.S. Maybe it is important to mention. I am using google app engine to host this code.,=================================================================================,FYI, these are the SO sites that I tried to follow and they did not help me:, (Excellent and very detailed answer, but can't get it to work)","Here is another way to pass JS Array to python :,JS Side:,Python Side:,, strings are the only way to pass array from client to server.",11k,9,yes,"SA2.1, SA2.2, SB1",15,Coding,Interfacing,Interfacing choice,,method choice,,2014-05-30 14:24:55Z,2014-05-30 14:24:55Z,"2,394,939,523,956,930"
https://stackoverflow.com/questions/24139389/unable-to-find-out-what-return-code-of-11-means,Accepted,2014-06-10 11:03:45Z,2014-06-10 11:08:02Z,PatB,365,1,"python,c,linux",Unable to find out what return code of -11 means,"I am writing a tool which is written in python and C. The python script reads a configuration file, performs some validation makes several calls to the C program.,system: RHE 5.7,
python: 2.7.6,
gcc: 4.5.2,Some of the parameters to the called C program are the paths of input files. There is one case where the input file path is the same for several C program invocations. In this case only the first call succeeds, and the returncode from the python subprocess module is '-11'.,I am not sure how to progress this. For a start, I cannot find documentation indicating what '-11' might mean as an exit status. It does not appear to be in the 'standard' codes in /usr/include/sysexits.h. I am guessing that the code could also be interpreted as 0xf5 or 245, since exit codes are I believe really signed 8-bit values.,I have added debug to the start of the C program to print out the arguments it was called with, but nothing appears for the failed invocations. I can understand how the C might fail re-opening a file which was read on the previous invocation (perhaps), but the code doesn't even get that far!,So, where is the exit code coming from? Is it from the (bash) environment which the python subprocess module presumably uses to invoke the C program? Is it from the C runtime for the C program before it even reaches main?,I suppose I could progress this by moving the 'loop' down into the C, so that it only gets called once for each input file path, but that still does not explain this behaviour. Could someone please explain how I can determine the cause of this error? Thanks.,(FWIW) calling from python:,Entry to the C:,Error output:","Return code -11 means ""segmentation fault"". A negative return code usually means that the process was terminated by a signal. Return code -11 means it was signal 11, which is SIGSEGV.",7k,8,yes,"SA2.1, SB1",14,Coding,Data handling,Interoperability,,data transfer,,2014-06-10 11:08:02Z,2014-06-10 11:08:02Z,"2,413,938,924,139,470"
https://stackoverflow.com/questions/24164951/2f-instead-of-slash-in-url,Accepted,2014-06-11 14:02:12Z,2014-06-11 14:48:44Z,ad2003,203,2,"javascript,php,woocommerce",%2F instead of slash in url?,"I have a problem with jquery syntax in an url link:,this is the link i am getting (englisch):,this is the german link:,the problem now is, that the link looks ok in my browser ,but actually there's always a ""%2F"" instead of a ""/"" inside the link when I copy it which leads to the problem of getting an 404.,When I manually replace ""%2F"" the link works.,Where is the problem? Any idea to fix this? ,The code below comes from woocommerce/templates/myaccount/my-orders.php,It generates the ""Print"" button on the ""my orders"" page. I am using mqtranslate german/englisch. In the german version everything works- the links are correct, ony when i switch the language there are ""%2f"" instead of ""/"". But also only after the first part (until myaccount/) - because some ""/"" are correctly encoded.,Also in the english version it's a ""&"" before ""print-order-type=receipt"" instead of a ""?"".","Use , on the copied value:",11k,6,yes,"SA1, SA2.1, SA2.2, SB1, SB2",11,Coding,Data handling,Data format/compatibility,,string format,,2014-06-11 14:23:09Z,"2014-06-11 14:23:09Z,2014-06-11 14:48:44Z","241,649,512,416,541,000,000,000"
https://stackoverflow.com/questions/24277488/in-python-how-to-capture-the-stdout-from-a-c-shared-library-to-a-variable,Accepted,2014-06-18 05:12:49Z,2021-06-02 09:15:55Z,UserCool,303,7,"python,c++","In python, how to capture the stdout from a c++ shared library to a variable","For some other reasons, the c++ shared library I used outputs some texts to standard output. In python, I want to capture the output and ,. There are many similar questions about redirect the stdout, but not work in my code. ,Example: ,In line 5, , will call the shared library, the texts generated by shared library still output to console! If change ,, it works!,My problem is:","Python's , object is simply a Python wrapper on top of the usual stdout file descriptor?????changing it only affects the Python process, not the underlying file descriptor. Any non-Python code, whether it be another executable which was ,'ed or a C shared library which was loaded, won't understand that and will continue using the ordinary file descriptors for I/O.,So, in order for the shared library to output to a different location, you need to change the underlying file descriptor by opening a new file descriptor and then replacing stdout using ,. You could use a temporary file for the output, but it's a better idea to use a pipe created with ,. However, this has the danger for deadlock, if nothing is reading the pipe, so in order to prevent that we can use another thread to drain the pipe.,Below is a full working example which does not use temporary files and which is not susceptible to deadlock (tested on Mac OS X).,C shared library code:,Compiled as:,Python driver:",13k,29,yes,"SA1, SA2.1, SA2.2, SB1, SB2",20,Coding,Interfacing,Invocation mechanism,Explicit interfacing,Python catch standard output,,2014-06-18 05:45:22Z,"2015-04-23 21:09:36Z,2014-06-18 05:45:22Z,2015-05-24 10:56:41Z,2019-08-27 14:53:09Z,2020-06-19 07:17:51Z,2014-06-18 05:18:47Z,2014-06-18 05:39:41Z","2,427,748,829,834,350,000,000,000,000,000,000,000,000,000,000,000,000,000,000,000,000"
https://stackoverflow.com/questions/18441194/how-to-call-a-c-sharp-function-from-javascript,Accepted,2013-08-26 09:44:31Z,2018-06-25 22:43:46Z,IamNumber5,341,7,"javascript,c#,asp.net,code-behind",How to call a C# function from JavaScript?,"I want to call ,, a C# function in code-behind, from JavaScript. I tried the code below but whether the JavaScript condition is , or ,, , was called regardless!,JavaScript code:,C# code behind:,How do I call a C# function from JavaScript?",You can use a Web Method and Ajax:,211k,28,yes,"SA2.1, SA2.2, SB1",36,Coding,Embedding,,,JavaScript eralr,,2014-06-20 19:40:32Z,"2014-06-20 19:40:32Z,2016-04-25 08:17:19Z,2018-03-13 15:10:51Z,2013-08-26 09:50:13Z,2018-06-25 22:43:46Z,2013-08-26 09:49:54Z,2013-08-26 09:45:53Z","1,844,119,424,334,510,000,000,000,000,000,000,000,000,000,000,000,000,000,000,000,000"
https://stackoverflow.com/questions/24192138/signalr-longpolling-multiple-groups-add-for-a-single-client-exception,Accepted,2014-06-12 19:10:37Z,2014-06-22 13:51:45Z,Adam,255,2,"c#,javascript,signalr",SignalR LongPolling multiple Groups.Add for a single client Exception,"I've been struggling with this one for a while. We're using the latest SignalR 2.0.3. The problem happens when we add to multiple SignalR groups. The exception is only thrown when multiple adds happen from the same connectionId with different group names. The exception is only thrown if the LongPolling transport is selected. The exception is only thrown if you add to 6+ unique group names, 5 or less and it works fine.,Here's a simplified example:,Index.cshtml:,SignalRTestController.cs:,TestHub.cs:,Startup.cs:,The controller takes an integer as input which is the number of Add's to do. For example, if you call:, one Groups.Add ,
, two Groups.Add ,
, three Groups.Add ,
, four Groups.Add ,
, five Groups.Add ,
, six Groups.Add ,
, seven Groups.Add ,
, eight Groups.Add ,
, nine Groups.Add ,
, ten Groups.Add ,...,When I say broken, I get back a ""System.Threading.Tasks.TaskCanceledException"" in TestHub.cs on the line waiting for the task to complete. Everything works fine with ServerSentEvents but for LongPolling the problem exists. What am I doing wrong? Can I not have more than 5 SignalR groups with LongPolling? Help me! :),Update: Putting a 1 millisecond sleep using setTimeout between clientside calls fixed the problem. This seems to alleviate the number of pending connections in the network tab. Maybe something happens to the ability to add to a group when you reach the single browser connection limit. It would be nice to know exactly why this doesn't work though.","You can have more than 5 groups with long-polling, but you'll have to work around the connection issue by not adding to groups in a loop.,The task returned from , only completes when it receives an ACK message from the message bus indicating that the message for the client (notifying it of the group add) has been sent. 
If there are more than 5 (or whatever number is enforced by the browser) pending AJAX requests tied to the , call from the client, then the message to the client can't be sent. If you attach a done callback to your client call:,you'll see the first call completes almost immediately. ,This is when the first Groups.Add call returns. The message to , doesn't get sent anymore because it would require another open polling request, which the client is creating, but won't get handled since there are multiple other pending requests from the client that have been enqueued first (and those are all waiting on , to complete). ,So after the first call to Groups.Add, the server is unable to send anything to the client, the MessageHub can't send its ACK which would resolve the remaining , promises.
As a result, the , gets thrown for those Tasks because of a timeout.,As a work-around, I would suggest to create a hub method which accepts an array of group names:",2k,9,yes,"SA2.1, SA2.2, SB1",2,Coding,Interfacing,Invocation mechanism,Implicit interfacing,-,,2014-06-22 13:51:45Z,"2014-06-22 13:51:45Z,2014-06-17 13:04:12Z","241,921,382,435,191,000,000,000"
https://stackoverflow.com/questions/24450304/load-data-on-scroll-up-like-facebook-chatting-system,Accepted,2014-06-27 11:06:39Z,2014-09-18 12:10:58Z,kamaljit,91,1,"javascript,php,jquery,ajax",Load data on scroll up like facebook chatting system [closed],"i am developing a chat system where i need to display chat history on scroll up function like Facebook chat system.,can anybody help me?","It'll go something like this...,HTML,JQUERY ,It'll likely be a little more complex then what I posted above though....to avoid double data, etc,And also, you need to send the server the id of last post, or pagination data of sorts, so it know what to retrieve next. How you do that is your choice. ,But basically youll query the server, and retieve the next 10 posts, and echo them in a foreach loop, then fetch that html, and display it",15k,6,no,"SA1, SA2.1, SA2.2, SB1, SB2",25,Coding,Embedding,,,closed era-r,,2014-06-27 11:17:35Z,2014-06-27 11:17:35Z,"2,445,030,424,450,510"
https://stackoverflow.com/questions/24492327/python-embedding-in-c-importerror-no-module-named-pyfunction,Accepted,2014-06-30 14:21:59Z,2020-10-04 14:56:34Z,user3000805,267,6,"python,c++",Python Embedding in C++ : ImportError: no module named pyfunction,"Hi I'm trying to embed python (2.7) into C++ (g++ 4.8.2) and hence call a python function from C++. This is the basic code provided in python documentation for embedding: ,This is my file call_function.cpp,now my python script is saved as pyfunction.py placed in the same folder as call_function.cpp.,This is pyfunction.py :,now using the Terminal I'm calling :,(Compiles successfully without any errors)
(Running the program),(I get this ERROR):,I don't understand how this is possible. I've followed the documentation and still I'm getting the error. ,How can it not find pyfunction.py when it is placed in the same directory.","Try this one:,if this won't work, try to make , file in this directory and try again.,UPDATE:,I think that , is temporary solution, to test stuff.
If you want to have a directory when all your embedded modules lives you have to put in your embedded interpreter something equilevant to this:,You can do it probably in python in your interpreter or on C level.
This will add search path in very similar manner as , but it is more , and elegant (IMHO).",14k,16,yes,"SA2.1, SA2.2, SB1",14,Coding,Interfacing,Invocation mechanism,Explicit interfacing,config ,,2014-06-30 14:43:08Z,"2016-02-23 15:50:33Z,2014-06-30 14:43:08Z,2014-07-09 12:15:57Z,2019-09-27 06:20:42Z,2015-05-12 11:12:45Z,2020-10-04 14:56:34Z","24,492,327,355,820,400,000,000,000,000,000,000,000,000,000,000,000,000,000"
https://stackoverflow.com/questions/24745355/spa-firebase-and-net-webapi-2-authentication,Accepted,2014-07-14 20:26:39Z,2020-01-23 16:17:45Z,czlatea,983,1,"javascript,c#,asp.net,angularjs,firebase",SPA - Firebase and .Net WebApi 2 authentication,"I'm having a Single Page Application written in AngularJs (The framework is irrelevant at this point) The application is hosted in IIS and it's compose of index.html plus a bunch of client assets.,On backend I have WebApi 2, hosted also in IIS as a separate application.,For authentication on client I'm using Firebase (simple login) with several social netoworks enabled, like Facebook, Twitter or Google.,So far so good. I like how easy it is to enable twitter authentication for example with firebase. ,On login with social network i get back from firebase, the firebaseAuthToken and provider accesstoken.,now I want to use firebaseAuthToken or provider access token to authenticate with my WebApi. ,The question is: ,There is not an option to use only firebase to store my data and get rid of web api since I have in place complex business logic on server.,One silly idea that i have so far, is to pass the social provider access token to the server, validate the token against provider and then issue a security token using Owin -Katana.,I'm not using build in social providers support from katana due to lack of documentation, complexity and bad integration with single page apps. I found the visual studio template for SPA too mvc specific. But that's me :)","The steps below may seem long, but it's actually really easy. I created my demo project in just an hour or so.,I agree with you about using Owin and Katana. I've been through that process before and it wasn't really a great experience. Using Firebase was a heck of a lot easier.,This can all be done with JWTs!,When you authenticate through Firebase and whatever social provider, you get back a JSON Web Token (JWT) - ,.,The way JWTs work is that we have a secret token and a client token. The client token is the firebaseAuthToken we receive after logging in. The secret token is generated for us in the Firebase Dashboard.,We need to store this secret key in the Web.config so it's easier to access later.,We can verify the request is valid by passing the client token in the Authorization header. On the server we can store our secret key that we get from our Firebase Dashboard. When the request is checked by Web API we can decode the JWT using a JWT Library (,). If the decoding is successful then we can check to token to make sure it isn't expired.,On the client, the trick is that the token has to be passed every time. To make this easier we need to create a , with Angular that checks for a , on ,.,Whenever a user logs in we can set the value to ,.,Inside of the , Register method we can set the DecodeJWT filter to apply for all of our ApiControllers.,now whenever we make a request to an ApiController it will reject it unless there is a valid JWT. So after a user logs in we can save their data to a ApiController if it already doesn't exist.",5k,7,no,"SA1, SA2.1, SA2.2, SB1, SB2",11,Coding,Language choice,,,HTTPRequest,,2014-07-15 19:04:49Z,2014-07-15 19:04:49Z,"2,474,535,524,766,150"
https://stackoverflow.com/questions/25379340/nashorn-java-collections-how-to-implement-equals-and-hashcode-in-pure-javascri,Accepted,2014-08-19 08:56:30Z,2014-08-23 21:26:26Z,Arseny Kovalchuk,723,1,"java,javascript,equals,hashcode,nashorn","Nashorn, Java collections, How to implement equals and hashCode in pure javascript","I?????ve faced with the following problem. I?????d like to use , and , in , script, where I need to use particular custom object as a ,, and also use , to check if there is a key in the Map (another option is to check if the object in a Collection.contains(Object o)).,So, obviously, I need to implement equals and hashCode in my object basing on some field values.,For example:, ,@Tomasz, thanks. Have seen all the mentioned links. But though that somewhat undocumented exists. Almost gave up with Nashorn. Came to the following partial solution, methods are being invoked, constructor is being used, but , (this code produces different classes for each instance of a Vertex):,Thanks for Tomasz, as he pointed out, Every invocation of the Java.extend() function with a class-specific implementation object produces a new Java adapter class. Thus we need to have one Object Extender and instantiate objects with that one type, as he showed in his sample. I modified it a little bit, so it produces instances with the same class with either factory or direct constructor, since we are using the same Object Extender,However, there is a still an issue, the type of the parameter of the , is ,, in other words the , and , inside , are different types. ,?,.,Great work Tomasz! Thanks.,PS : It's very sad that there is no neat and straightforward way to implement , and , in Nashorn. It would be useful for prototyping. Just compare that with this :)","In Rhino you would use :,to make the JavaScript methods override same named Java methods from java.lang.Object (see reference ,),Maybe there is a similar construct in Nashorn.,You may use Rhino syntax in Nashorn. Just put the line :,See: ,With Nashorn it seems to be much more complicated:,See 
,What is more interesting, if you create multiple instances like below:,Then they are of the same class (I expected them to be instances of two anonymous sunclasses of ,).,Although in Nashorn you can NOT extend non-abstract classes on the fly like:,You may extend in this way any abstract classes or interfaces. (And as any anonymous class implementing an interface also extends Object so you can overwrite , or , methods too). ,To illustrate this, consider you have a JavaScript ""prototype-class"":,now you can create its ""Java-wrapped"" instances as below:,Knowing that you can create an empty Java interface to enable such wrappers without a need for additional method implementations to be provided (like , in the example with , above).,As You pointed out the objects created in both ways presented above are Java objects with fixed ""interface"". Thus any method or field from wrapped JavaScript object, which has not been explicitly specified by implented interfaces, or classes will NOT be accessible from javascript. ,After some fiddling I found the solution to the above problem. A key to it is , class from Nashorn scripting API.,Consider we have JSVertex ""javascript class"" (very similar to already presented above):,Let's create a function which will allow us to wrap Java Object over any JavaScript object in that way, that any same-named method from the JavaScript object would ""extend"" corresponding Java Object method.,Finally having written that all let's see it working. ,Create a wrapper over JSVertex object and do some tests on it:,The output:",2k,8,yes,"SA1, SA2.1, SA2.2, SB1, SB2",6,Coding,Data handling,Interoperability,,HTTPRequest,,2014-08-19 11:06:32Z,2014-08-19 11:06:32Z,"2,537,934,025,381,820"
https://stackoverflow.com/questions/25383624/communication-between-c-and-python,Accepted,2014-08-19 12:37:19Z,2016-01-18 06:59:50Z,erling,361,2,"python,c++,cross-platform,buffer,communication",Communication between C++ and Python,"I am looking for an efficient and smart way to send data between a C++-program and a Python-script. I have a C++ program which calculates some coordinates in-real-time 30Hz. And I wanna access these coordinates with a Python-script. My first idea was to simply create a .txt-file and write the coordinates to it, and then have Python open the file and read. But I figured that it must be a smarter and more efficient way using the RAM and not the harddrive. ,Does anyone have any good solutions for this? The C++ program should write 3coordinates (x,y,z) to some sort of buffer or file, and the Python program can open it and read them. Ideally the C++-program overwrites the coordinates every time and there's no problem with reading and writing to the file/buffer at the same time.,Thank you for your help","You have two basic options:,The first option is probably better if you already have a complete complex C++ program written. Also, it's generally easier to debug and maintain.,As for a specific IPC mechanism, sockets are commonly used because they have somewhat standardized cross-platform APIs at the OS level, and still work if you need the two programs running on different machines. Sockets should be more than enough for transferring three coordinates 30 times each second, if you're dealing with a modern desktop machine.,If you really need more performance, you could look into (named or named) pipes, but you'll probably need some extra work on the C++ side to make it cross-platform.",18k,11,no,"SA2.1, SB1",11,Design,Interfacing,Interfacing choice,,method choice,,2014-08-19 12:49:36Z,"2014-08-19 12:49:36Z,2016-01-18 06:59:50Z","253,836,242,538,387,000,000,000"
https://stackoverflow.com/questions/25882150/python-h-not-found-using-swig-and-anaconda-python,Accepted,2014-09-17 04:08:45Z,2014-09-17 07:03:41Z,Fra,"4,328",1,"python,c,macos,swig,anaconda",Python.h not found using swig and Anaconda Python,"I'm trying to compile a simple python/C example following this tutorial:,I'm on MacOS using Anaconda python.,however, when I run,I get:,It seems that this problem is reported in a number of questions:,but none seem to provide an answer specific to Anaconda on MacOS,Anyone solved this?","Use the option , in the , command. (That's assuming you are using python 2.7. Change the name to match the version of python that you are using.) You can use the command , to get the full set of recommended compilation flags:,However, to build the extension module, I recommend using a simple setup script, such as the following ,, and let , figure out all the compiling and linking options for you.,Then you can run:,(Take a look at the compiler commands that are echoed to the terminal when , is run.), knows about SWIG, so instead of including , in the list of source files, you can include ,, and , will be run automatically by the setup script:,With the above version of ,, you can build the extension module with the single command,Once you've built the extension module, you should be able to use it in python:,If you'd rather not use the script ,, here's a set of commands that worked for me:,note: I'm using Mac OS X 10.9.4:",14k,13,yes,"SA2.1, SA2.2, SB1",24,Coding,Build,,,compile lack file,,2014-09-17 05:41:23Z,2014-09-17 05:41:23Z,"2,588,215,025,883,050"
https://stackoverflow.com/questions/26194684/how-to-disable-python-shell-spawning-less-with-help,Accepted,2014-10-04 16:19:18Z,2016-01-04 16:24:49Z,datajerk,155,2,"python,shell",How to disable Python shell spawning less with ?????help?????,"Title says it all. I'd prefer that Python's shell use cat instead of less when displaying help so that the contents of help is inline with the rest of the shell session.,Thanks.","The , function seems to respect the ,. So the following works for me to switch to , as the pager instead of ,:,You can also change the environment variable from inside Python:,But note that this will only have an effect if you do this , you use the pager, because the pager is , after the first time it has been determined.",894,13,no,"SA1, SA2.1, SA2.2, SB1, SB2",12,Coding,Build,,,config for python,,2014-10-04 16:29:09Z,"2014-10-04 16:29:09Z,2016-01-04 16:24:49Z","261,946,842,619,477,000,000,000"
https://stackoverflow.com/questions/5187242/encode-a-string-to-be-used-as-shell-argument,Accepted,2011-03-03 22:10:16Z,2020-09-03 10:00:27Z,Rogach,"23,200",5,"java,shell,escaping",Encode a String to be used as shell argument,"I need to use a name of file as an argument in linux shell command. The problem is, java gives me that name as it is, saving all that spaces and other characters, and thus shell complains. Is there a method to escape all those problematic characters before passing the string to shell?","Had the same problem, single quotes wasn't sufficient (as already pointed out by Robert),Solution:,Why such an awfully complex replacement? ,Use case:,Works as intended:",6k,6,No,"SA1, SA2.1, SA2.2, SB1, SB2",12,Coding,Data handling,Interoperability,,argumen erstr,,2014-10-23 22:13:36Z,"2014-10-23 22:13:36Z,2011-03-03 22:43:43Z,2020-09-03 10:00:27Z,2011-03-03 22:14:15Z,2011-03-03 22:13:11Z","51,872,422,653,838,400,000,000,000,000,000,000,000,000,000"
https://stackoverflow.com/questions/26855631/javascript-to-django-views-py,Accepted,2014-11-11 00:41:38Z,2014-11-11 05:52:06Z,Anne McLaughlin,85,1,"javascript,python,django",Javascript to Django views.py?,"This may sound simple, but how do I send the data from a Javascript array in my index.html template to my views.py? ,When the user clicks a ""Recommend"" button, my code calls a function that accesses my database and prints a name on the template. ,I have an array of checkbox values in Javascript that are calculated after the user presses ""Recommend"". I want to send it to my index view and use it as the parameter for another function.,So:,How can I do this? I've been searching similar questions, but I'm new to Django and web development in general, so I either did not understand the answers or they didn't help me.","Alright, so for sending data from the client (JavaScript) to the backend (your Django app) you need to employ something called Ajax, it stands for Asynchronous JavaScript and XML.
Basically what it does is allowing you to communicate with your backend services without the need of having to reload the page, which, you would have to do using a normal POST or PUT form submission.,The easiest implementation is using ,. jQuery is first and foremost a DOM manipulation library but since its inception has grown to encompass much more than that.,A , looks like this.,This can then be checked for in your",8k,7,yes,"SA1, SA2.1, SA2.2, SB1, SB2",17,Coding,Interfacing,Interfacing choice,,method choice,,2014-11-11 05:52:06Z,2014-11-11 05:52:06Z,"2,685,563,126,858,440"
https://stackoverflow.com/questions/26983005/importing-python-flask-json-dictionary-into-javascript-error,Accepted,2014-11-17 22:15:30Z,2021-07-03 16:41:52Z,tuetates,75,3,"javascript,python,json,flask",Importing Python Flask JSON dictionary into javascript error,"I have a Python Flask web app that I want to pass a dictionary data set from to javascript, I am trying to JSON I can pass numbers fine but it seems to throw an error when using strings.,Here is the code snippet of the python generating the JSON string:
view.py,Here is the receiving HTML file
dumpdata.html,Here is the error message and the console output:
consolelog,SyntaxError: invalid property id dumpdata:4,I dont think it's relevant but I get the same error on both ubuntu chrome and win IE. ,Any ideas? I think I am missing something obvious but I have banged my head against this for days and I still haven't been able to find a solution...,Thanks","Take a look at the template filter ,:,",6k,6,yes,"SA1, SA2.1, SA2.2, SB1, SB2",8,Coding,Data handling,Data format/compatibility,,json error,,2014-11-17 22:25:38Z,"2014-11-17 22:25:38Z,2018-08-16 10:29:27Z,2021-03-11 12:41:38Z","26,983,005,269,831,300,000,000,000,000,000"
https://stackoverflow.com/questions/24621889/minimal-example-of-wrapping-c-code-with-cython-passing-int-and-struct,Accepted,2014-07-08 00:13:33Z,2015-01-03 04:55:31Z,Solar_code,93,1,"python,c,cython,word-wrap",Minimal example of wrapping C code with Cython- passing int and struct,"The code that I show below works, ,.,I am using:,This code is taken primarily from , and ,, but unfortunately did not work for me 'out of the box'.,The goal of this wrapping to provide access through Python to a trivial C function, which accepts either integers or a structure of integers and adds them together.,There are 5 files needed for this, described below: ,and the process produces two files,The input files are below: ,I was able to successfully create a .so file by running ,In the same directory as the above files. It is then possible to load , into the namespace of a python interpreter. ,In the setup declaration, I have included , as an auxiliary module., I get the following error when I import the , file:,Is there a step that I am missing which would mean that I don't need to explicitly pass , along with my setup command? Am I opening myself up to some potential instability by doing this?","The , file needs to be referenced somewhere so it knows where to find the implementation of ,. As you discovered, listing , as an additional source file works. A more common way to use external (shared) C libraries is to compile it as libadder.so and link it via the , parameter in your Extension declaration.,For something this simple you could also just write,or put the entire implementation in the .h file.",3k,9,yes,"SA2.1, SA2.2, SB1",2,Coding,Build,,,cython sample,need guide,2015-01-03 04:55:31Z,2015-01-03 04:55:31Z,"2,462,188,927,751,860"
https://stackoverflow.com/questions/28068305/converting-a-symfony2-php-entity-object-for-use-within-javascript,Accepted,2015-01-21 13:21:02Z,2015-03-05 22:59:34Z,Matt Cavanagh,499,1,"javascript,php,symfony,object,twig",Converting a Symfony2 PHP entity object for use within Javascript,"I'm attempting to open up data from a PHP Object (as shown below) but I'd like to be able to access this data within JavaScript to use in a graphing library.,Object in question:,What I need to be able to do is convert that into a JSON encoded object for use within Javascript.,I tried using twig within Symfony to do this via:,The console shows this:,Which is where I'm banging my head against the wall. Where can I access the values of these properties?,As an , way, I've managed to get it into a JavaScript object by doing:,I feel kinda dirty for doing that. There must be a better way to do this surely?,Thanks in advance!","You can use the Symfony Serializer. ,You might want to write your own Twig extension to do this from within your template.,Your code will look something like this:,When you put that string into your javascript, you should have a normal JS object where you can find everything you want.,You might want to use the JMSSerializerBundle, as it already has a Twig extension, and is easier to use in general.,An update to give a quick overview of what is in the comments.,Both the Symfony Serializer as the JMSSerializerBundle seem to have a hard time coping with Bi-directional relations (most likely Doctrine).
This will result in errors like ""Out of memory"" or something mentioning ""Self-referencing"" objects / infinite loops.,To solve this, you can ignore the attribute with the Normalizer. Which will look something like:",7k,6,Yes,"SA1, SA2.1, SA2.2, SB1, SB2",8,Coding,Data handling,Data format/compatibility,,convert data,,2015-01-21 13:32:53Z,2015-01-21 13:32:53Z,"2,806,830,528,068,550"
https://stackoverflow.com/questions/28289699/python-web-scraping-for-javascript-generated-content,Accepted,2015-02-03 01:07:56Z,2015-02-03 01:19:29Z,Nick,115,1,"javascript,python,web-scraping,scrape",Python web scraping for javascript generated content,"I am trying to use python3 to return the bibtex citation generated by ,. The url's are predictable so the script can work out the url without having to interact with the web page. I have tried using selenium, bs4, etc but cant get the text inside the box. ,Can anyone suggest a way of returning the bibtex citation as a string (or whatever) in python?","You don't need , here. There is an , sent to the server to fill out the bibtex citation, simulate it, for example, with ,:,Prints:,You can also solve it with ,. The key trick here is to use an , to wait for the citation ,:,Prints the same as the above solution.",9k,8,yes,"SA1, SA2.1, SA2.2, SB1, SB2",12,Coding,Interfacing,Interfacing choice,,function choice,,2015-02-03 01:14:25Z,2015-02-03 01:14:25Z,"2,828,969,928,289,760"
https://stackoverflow.com/questions/28296252/ajax-not-post-base64-data-of-large-image,Accepted,2015-02-03 10:10:22Z,2015-06-03 20:32:27Z,Manikandan Arunachalam,"1,460",2,"javascript,php,jquery,ajax,base64",Ajax not post base64 data of large image,"I am passing Image base64 data through ajax to my php function, but for large size image Ajax does not post the data. But the same code works perfectly for small images.,data is too large so partially posted ,,When I'm trying to get the post data in php I am getting empty .
What could be the reason for ajax not sending the data when base64 is used.","I agree with ,. This looks like a server side setting in PHP.,Open you , file and find the line stating ,. The default it set to 2M, which is 2MB. Try increasing it to 3MB and see if you are still receiving the error. ,note: You'll need to restart Apache/Nginx/webserver for this to take affect from the , file.,Even though you are sending the file as a variable, the , might be interpreted in PHP as being an actual file upload. The other , setting you can take a look at will be , which has a default of 8M, which is the maximum that you can POST to your PHP script.",23k,6,yes,"SA1, SA2.1, SB1, SB2",5,Coding,Build,,,server config,,2015-02-03 11:02:40Z,"2015-02-03 11:02:40Z,2015-02-03 11:12:13Z","282,962,522,829,728,000,000,000"
https://stackoverflow.com/questions/28383478/most-efficient-way-to-fix-an-invalid-json,Accepted,2015-02-07 14:44:23Z,2019-12-13 20:35:21Z,AaA,"3,228",3,"javascript,c#,json,.net-4.0,fastjson",Most efficient way to fix an invalid JSON,"I am stuck in an impossible situation. I have a JSON from outer space (there is no way they are going to change it). Here is the JSON,,I said. And their response was ,:,I am supposed to read and parse this string via .NET(4) and it broke 3 out of 14 library mentioned in C# section of , (didn't try rest of them). To make the problem go away, I wrote following function to fix the issue with single and double quotes.,now JSONlint only complains about attribute names and I can use both JSON.NET and SimpleJSON libraries to parse above JSON.,I am sure my code is not the best way of fixing mentioned JSON.
Is there any scenario that my code might break? Is there a better way of doing this?","You need to run this through JavaScript. Fire up a JavaScript parser in ,. Give the string as input to JavaScript and use JavaScript's native , to convert:,Please remember that the string (or rather object) you've got isn't valid JSON and can't be parsed with a JSON library. It needs to be converted to valid JSON first. However it's valid JavaScript.,To complete this answer: You can use , in ,. For this solution you'll need the following assemblies:",13k,8,yes,"SA2.1, SA2.2, SB1",8,Coding,Data handling,Data format/compatibility,,json error,,2015-02-07 14:54:05Z,"2015-02-07 14:54:05Z,2015-02-07 16:32:23Z,2019-12-13 20:35:21Z","28,383,478,283,835,700,000,000,000,000,000"
https://stackoverflow.com/questions/28386534/post-request-with-jquery-and-laravel-framework,Accepted,2015-02-07 19:42:37Z,2017-06-08 04:47:54Z,Vladimir,"1,601",2,"javascript,php,jquery,ajax,laravel-5",Post request with jQuery and Laravel framework,"I need to receive data from jQuery post request, think there is some error with routs or controller, here is my post request javascript code:,Also here is my routes for Laravel framework:,Controller:,my ajax.php script is into /resource/views/ajax/ajax.php
Also if I put script into /public/ajax/ajax.php all works fine....I use Laravel 5... Please help,I found what is problem but don't know how to solve.,When I disable csrf protection from: kernel.php code work anyone know how to make code work with csrf protection enabled?","The problem is that the new CSRF-protection does not work with ajax-requests. Here is what you could do:,In your master template add a new meta tag with the current token like this,Then when sending your ajax call you add the token like this:",21k,8,yes,"SA1, SA2.1, SA2.2, SB1, SB2",13,Coding,Interfacing,Invocation mechanism,Implicit interfacing,"HTTPRequest, Jquery",,2015-02-07 20:27:04Z,"2015-02-07 20:27:04Z,2017-06-08 04:47:54Z","283,865,342,838,698,000,000,000"
https://stackoverflow.com/questions/28573479/cython-python-c-inheritance-passing-derived-class-as-argument-to-function-e,Accepted,2015-02-17 23:51:54Z,2016-01-04 10:56:11Z,jeet.m,513,3,"python,c++,inheritance,cython",Cython/Python/C++ - Inheritance: Passing Derived Class as Argument to Function expecting base class,"I am using Cython to wrap a set of C++ classes, allowing a Python interface to them. Example Code is provided below:,BaseClass.h:,DerivedClass.h:,NextDerivedClass.h:,inheritTest.pyx:,I want to be able to call SetObject in Python similar to as shown below:,main.py:,I thought it would work since the classes inherit from each other, but its giving me the following error:,not specifying type in the function definition makes it think that the inputObject is a pure Python object (has no C-based attributes, which it does), in which case the error is:,A sort-of hacky workaround to this just to have Python functions with different names that expect different types of arguments (ex: SetObjectWithBase, SetObjectWithDerived), and then within their implementation, just call the same C-based function having type-casted the input. I know for a fact this works, but I would like to avoid having to do this as much as possible. Even if there is a way I can catch the Type Error within the function, and deal with it inside, I think that might work, but I wasn't sure exactly how to implement that.,Hope this question makes sense, let me know if you require additional information.,: Code has been edited such that basic inheritance works. After playing around with it a bit more, I realize that the problem is occurring for multiple levels of inheritance, for example, see edited code above. Basically, keeping the declaration for SetObject for the NextDerivedClass causes a ""Ambiguous Overloaded Method"" error, not keeping it allows me to call the function on the object, but it calls the inherited implementation (from DerivedClass). **","After a lot of help from the answers below, and experimentation, I think I understand how implementing basic inheritance within Cython works, I'm answering my own question to validate/improve my understanding, as well as hopefully help out anyone who in the future may encounter a related issue. If there is anything wrong with this explanation, feel free to correct me in the comments below, and I will edit it. I don't think this is the only way to do it, so I'm sure alternate methods work, but this is the way that worked for me.,So basically, from my understanding, Cython is smart enough (given the appropriate information) to traverse through the inheritance hiearchy/tree and call the appropriate implementation of a virtual function based on the type of the object that you are calling it on.,The important thing is to try and mirror the C++ inheritance structure which you are trying to wrap in your .pyx file. This means that ensuring:,1) Imported C++/Cython cppclasses (the ones which are declared as ,) inherit each other the same way the actual C++ classes do,2) Only unique methods/member variables are declared for each imported class (should not have a function declaration for both , and , for a virtual function that is implemented differently in the two classes). As long as one inherits from the other, the function declaration only needs to be in the Base imported class.,3) Python wrapper classes (ie. , / ,) should also inherit from each other the same way the actual C++ classes do,4) Similar to above, the interface to a virtual function only needs to exist in the , wrapper class (should not be putting in both classes, the correct implementation will be called when you actually run the code).,5) For each Python wrapper class that is subclassed or inherited from, you need a , check in both the , and the , functions. This will prevent seg-faults etc. You don't need this check for ""leaf-nodes"" in the hiearchy tree (classes which won't be inherited from or subclassed),6) Make sure that in the , function, you only delete the current pointer (and not any inherited ones),7) Again, in the ,, for inherited classes make sure you set the current pointer, as well as all derived pointers to an object of the type you are trying to create (ie. ,),Hopefully the above points make a lot of sense when you see the code below, this compiles and runs/works as I need/intend it to work.,BaseClass.h:,DerivedClass.h:,NextDerivedClass.h:,inheritTest.pyx:,test.py:,notice that when I call:,The way it works is Cython goes down the inheritance tree to look for the 
""latest"" implementation of Evaluate. If it existed in ,, it would call that (I have tried that and it works), since it's not there however, it goes one step up and checks ,. The function is implemented there, thus the output is:,I hope this helps someone in the future, again, if there are errors in my understanding or just grammar/syntax, feel free to comment below and I will try and address them. Again, big thanks to those who answered below, this is sort of a summary of their answers, just to help validate my understanding. Thanks!",5k,11,yes,"SA2.1, SA2.2, SB1",18,Coding,Data handling,Data format/compatibility,,inheritance,,2015-02-25 19:03:53Z,"2015-02-25 19:03:53Z,2015-02-20 05:48:51Z,2015-02-19 19:53:52Z","28,573,479,287,274,800,000,000,000,000,000"
https://stackoverflow.com/questions/29287311/how-to-append-datetime-value-to-formdata-and-receive-it-in-controller,Accepted,2015-03-26 19:34:24Z,2017-07-25 20:23:08Z,Guruprasad J Rao,"28,415",1,"javascript,c#,asp.net-mvc-4,datetime,form-data",How to append datetime value to formdata and receive it in controller,"I want to know how I can pass datetime value through formdata and
retrieve it in controller and convert it to DateTime in the controller ,I've tried as below:,and in , I am setting ,in my controller I receive it as below:,But here I get a , while trying to , to datetime and when I keep a watch for , then the value will be , but it considers it as string when retrieving from request.","You get FormatException because the date string is not formatted in recognized pattern for the .NET date parser. If we can be more specific about the format in javascript we can satisfy the .NET parser.,Either of these will give us an accepted format,now we parse the string in your server-side code,Depending on your machine's culture settings you may need to use , instead of ,.,Along the pipeline from javascript to your controller action this will be converted to a string or integer anyway. We could return the tick (milisecond) representation for the DateTime but then you'd need to convert that to .NET ticks which uses a different epoch and nanosecond units.,Just stick to strings with standard formats.,More on parsing Date formats ,.",12k,10,yes,"SA1, SA2.1, SA2.2, SB1, SB2",19,Coding,Data handling,Data format/compatibility,,type choice,,2015-03-26 20:41:45Z,2015-03-26 20:41:45Z,"2,928,731,129,288,450"
https://stackoverflow.com/questions/29516515/how-to-get-a-zip-with-ajax-from-php-server,Accepted,2015-04-08 13:46:56Z,2019-11-06 14:03:51Z,Teo M,240,3,"javascript,php,jquery,ajax",how to get a zip with $.ajax from php server,"I'm trying to send a zip generated by a php server when requested by jquery's $.ajax.,This is my code:,php:,javascript:,What happens:,The problem is I have no idea if the problem comes from php or from javascript. I don't know if php is sending a corrupted zip or if javascript isn't reading it right.,I have tried all the php headers combinations and methods i've found on the internet. I have also tried to do things differently in javascript: using an ArrayBuffer instead of Uint8Array, passing bytes instead of data to zip.load(), using {type: ""application/octet-stream""} in Blob().","I finally found a solution: It has to be specified to ajax the received data type, and then convert this unicode data into characters. Here is my new javascript code: ,My php code was fine, it even worked without headers. Here is the minimal php code I need:,Solution inspired by",8k,6,yes,,8,Coding,Interfacing,Invocation mechanism,Implicit interfacing,ajax,,2015-04-08 15:00:59Z,"2015-04-08 15:00:59Z,2017-06-27 10:02:10Z,2019-11-06 14:03:51Z","29,516,515,295,183,400,000,000,000,000,000"
https://stackoverflow.com/questions/29006439/boost-python-multiple-modules-in-one-shared-object,Accepted,2015-03-12 09:49:47Z,2015-04-16 08:05:46Z,Max Shifrin,791,1,"python,c++,boost,python-2.6,boost-python",Boost python multiple modules in one shared object,"I'm trying to create via boost python a package which will include several modules.,The reasoning is that we want to expose a very large API, and it makes sense to group it in different modules for ease of use and to preserve python memory usage. On the other hand we are forced (for reasons , the scope of this question to compile this into a ,),So I create with boost python a package which exports several modules, as following:,This code works. ,The main problem is memory consumption.
The overall exposed api is , so loading the entire package consumes roughly 65MB of ram, just for all the declarations. (before the package user started doing anything),This is of course unacceptable. (given that loading a single module should consume maybe 1-3MB of ram),When in python, if I call:,OR,The memory consumption immidietly skyrockets to 65MB.,After doing any of the imports if I call:
sys.modules
I see all the classes in my package as being ""known""
However if I run:,I get an error:,So it seems I get the worst of two worlds, on the one hands I consume memory as if I imported everything from my package, on the other hand I don't get the classes actually imported.,Any ideas how to solve this, so that when I import a specific module only it will be imported, and not all the package data will be read to the python memory. (which both takes time and consumes a lot of valuable memory)","So this was much simpler than I assumed.,The code above is correct also for making the calls in the form of:,What was preventing this from being executed correctly were the system paths.
The shared object was not placed in a location of the python path and
did not have an , in the folder where it was placed.,As soon as the shared object was placed in the correct site-packages folder,
which of course has , the above example works correctly.",2k,6,,"SA2.1, SA2.2, SB1",3,Coding,Build,,,build error,,2015-04-16 08:05:46Z,2015-04-16 08:05:46Z,"2,900,643,929,668,820"
https://stackoverflow.com/questions/29626410/krajee-bootstrap-file-input-catching-ajax-success-response,Accepted,2015-04-14 11:43:05Z,2020-05-20 10:46:43Z,oussama kamal,967,5,"javascript,php,jquery,ajax,twitter-bootstrap","Krajee Bootstrap File Input, catching AJAX success response","I'm using Krajee the Bootstrap File Input plugin to perform an upload via AJAX call.,Here is the link to the Krajee plugin AJAX section: ,The JS and PHP (codeigniter) codes I'm using are as following:,JS:,PHP:,Right now I get a response from PHP whatever it is an error or a success as JSON, I have went through the plugin documentation and I still can't find how to catch the AJAX response and act according to that response as we do in jQuery with the ajax success function : ,How can I do this?","You can check out a demo here , ,Remember to set , if you want the success event fire,Example code:,JS,PHP",41k,11,yes,"SA1, SA2.1, SA2.2, SB1, SB2",14,Coding,Interfacing,Invocation mechanism,Implicit interfacing,ajax,,2015-04-17 07:38:53Z,"2015-04-17 07:38:53Z,2015-05-23 16:04:19Z,2016-12-14 09:11:22Z,2018-07-18 08:24:34Z,2020-05-20 10:46:43Z","296,264,102,969,312,000,000,000,000,000,000,000,000,000,000,000"
https://stackoverflow.com/questions/29595222/multithreading-with-python-and-c-api,Accepted,2015-04-12 22:10:08Z,2015-12-09 23:08:32Z,Matteo Monti,"7,394",2,"python,c++,multithreading,python-c-api",Multithreading with Python and C api,"I have a C++ program that uses the C api to use a Python library of mine.
, ,In particular, one thread of the C++ program instantiates a Python object that inherits from ,. I need all my C++ threads to be able to call methods on that object. ,From my very first tries (I naively just instantiate the object from the main thread, then wait some time, then call the method) I noticed that the execution of the Python thread associated with the object just created stops as soon as the execution comes back to the C++ program. ,If the execution stays with Python (for example, if I call ,) the execution of the Python thread continues in background and everything works fine until the wait ends and the execution goes back to C++.,I am evidently doing something wrong. What should I do to make , my C++ and Python multithreaded and capable of working with each other nicely? I have no previous experience in the field so please don't assume anything!","A correct order of steps to perform what you are trying to do is:,At this point, the main thread still holds the GIL.,Because the main thread holds the GIL, this thread will be waiting to acquire the GIL. If the main thread calls the Python API it may release the GIL from time to time allowing the Python thread to execute for a little while.,I suspect that you are missing the last step - releasing the GIL in the main thread, allowing the Python thread to execute.,I have a small but complete example that does exactly that at ,.",10k,10,no,"SA2.1, SB1, SB2",14,Coding,Interfacing,Invocation mechanism,Explicit interfacing,thread,,2015-04-19 02:46:46Z,"2015-04-19 02:46:46Z,2015-04-12 23:01:02Z","295,952,222,972,522,000,000,000"
https://stackoverflow.com/questions/29745584/using-getdirectbufferaddress-from-jni,Accepted,2015-04-20 10:39:20Z,2020-12-16 15:55:54Z,malat,"10,936",1,"java,c,java-native-interface",Using GetDirectBufferAddress from JNI,"I am trying to understand how to use , from the JNI layer. To understand I've build a very simple example:,And then from the native JNI layer:,If I run this example over here (debian/linux wheezy amd64) with openjdk :,Here is what I see:,I understand the values for index 2 & 3. But all other values do not make any sense to me, I would have expected something like:,What did I misunderstood from the , usage in JNI?","What I missed from the documentation is that by default , is actually using , byte order. Which explains the behavior I was seeing on my , system. See ref ,.,My code now reads as:,It appears that by default it is always ,, and no effort has been made so far to provide an API for ,, as explained in the bug report , (JDK-5043362 : (bf) NewDirectByteBuffer always has order ByteOrder.BIG_ENDIAN).,Documentation has been updated recently to reflect that:",9k,8,yes,"SA1, SA2.1, SA2.2, SB1, SB2",11,Coding,Data handling,Data format/compatibility,,"self-answer, ",,2015-04-20 13:45:46Z,2015-04-20 13:45:46Z,"2,974,558,429,749,700"
https://stackoverflow.com/questions/29760761/aes-256-on-the-client-side-js-and-in-the-server-php,Accepted,2015-04-21 00:25:11Z,2017-02-27 20:18:07Z,thebestclass,159,1,"javascript,php,encryption,cryptography,cryptojs",AES 256 on the client side (JS) and in the server (PHP),"I'm trying to encrypt and decrypt data on the server side and the client using the same type of operation, which is AES-256.,On the server I use PHP and client I use CryptoJS so far I could only encrypt and decrypt the client on the server, see the code:,How can I encrypt and decrypt data on both sides (client and server) so that communicate in the same language using PHP and CryptoJS?","Your code looks fine apart from a padding mismatch. CryptoJS uses PKCS#5/PKCS#7 padding by default whereas MCrypt only supports ZeroPadding.,If you're only sending textual plaintexts, then you can safely use,If not, then you should use ,:,Other problems with your code are that you directly use ,. This will create an OpenSSL formatted string which is not purely the ciphertext. You need to use ,to also be sure about the encoding.,Right now, this is only obfuscation, since you're sending the key along with the ciphertext. I suspect that you want to derive the key in PHP too. If yes, then you will only need to send the random salt along with the ciphertext under the assumption that the server knows the password.,PHP provides a , from version 5.5 onwards.,Full JavaScript part without PBKDF2 involvement:,produces:,Full PHP part without PBKDF2 involvement:,produces:,The same is possible with the OpenSSL extension:",10k,6,yes,"SA1, SA2.1, SA2.2, SB1, SB2",5,Coding,Data handling,Data format/compatibility,,encrypt and decrypt,,2015-04-21 07:50:02Z,2015-04-21 07:50:02Z,"2,976,076,129,766,050"
https://stackoverflow.com/questions/29987323/how-do-i-send-data-from-js-to-python-with-flask,Accepted,2015-05-01 13:01:46Z,2021-08-10 11:32:42Z,Sneaky Beaver,625,2,"javascript,jquery,python,flask",How do I send data from JS to Python with Flask?,"I'm making a website with Flask and I'd like to be able to execute python code using data from the page. I know that I can simply use forms but it's a single page that is continually updated as it receives user input and it'd be a massive pain in the ass to have it reload the page every time something happens. I know I can do , inside the javascript but how do I do , inside the javascript using js variables? So far the only thing I can think of is to update an external database like MongoDB with the js then use Python to read from that, but this process will slow down the website quite a lot.,The jQuery needs to get a list of dictionary objects from the Python function which can then be used in the html. So I need to be able to do something like:,JS:,Python:","To get data from Javascript to Python with Flask, you either make an , request or , request with your data.,Flask ,, of which we only need the GET and POST. Both will take , as a parameter, but get it in different ways. That's how two completely different languages in two different environments like Python and Javascript exchange data.,First, instantiate a GET route in Flask:,or a POST one:,The first one is accessed by , with an , as follows:,The second one by using an , request:,Where , is either a JSON dict or a simple value.,In case you choose JSON, make sure you convert it to a dict in Python:,Eg.,GET:,POST:,If you need to do it the other way around, pushing Python data down to Javascript, create a simple GET route without parameters that returns a JSON encoded dict:,Retrieve it from JQuery and decode it:,The , in , is there because when you decode a JSON encoded dict in Python, you get a list with the single dict inside, stored at index 0, so your JSON decoded data looks like this:,Since what we need is the just the dict inside and not the list, we get the item stored at index 0 which is the dict.,Also, ,.",53k,21,yes,"SA1, SA2.1, SA2.2, SB1, SB2",49,Coding,Efficiency/Performance,,,double cate,,2015-05-01 14:02:16Z,"2015-05-01 14:02:16Z,2021-08-10 11:32:42Z","299,873,232,998,830,000,000,000"
https://stackoverflow.com/questions/30011998/asp-net-500-internal-server-error-while-calling-webmethod-from-javascript,Accepted,2015-05-03 08:59:56Z,2019-01-24 15:45:02Z,M A.,875,5,"javascript,c#,asp.net,ajax",ASP.NET 500 Internal Server Error while calling webmethod from javascript,"I'm trying to call the , fucntionality using AJAX but unable to get the appropriate results. I have googled my problem and found many solution but those didn't worked for me. Please guide me what I'm doing wrong. Help will be appreciated.,Cheers","First, it the webmethod is in the page class, and not in a Webservice class, then it should be static.,Second, the data transfered is not really a string, but an object, so change it to:,Third thing, ""type"" is for older versions of jquery, you should either change your ajax call to:,Or change the function in the server side to get post calls, by removing the",30k,8,yes,"SA2.1, SA2.2, SB1",8,Coding,Interfacing,Invocation mechanism,Implicit interfacing,ajax,,2015-05-03 09:45:57Z,"2015-05-03 09:45:57Z,2015-05-03 09:37:12Z,2015-05-03 10:21:09Z,2018-08-10 10:47:20Z,2019-01-24 15:45:02Z,2021-09-15 10:40:07Z","30,011,998,300,124,000,000,000,000,000,000,000,000,000,000,000,000,000,000"
https://stackoverflow.com/questions/30024948/flask-download-a-csv-file-on-clicking-a-button,Accepted,2015-05-04 07:39:12Z,2019-09-09 17:43:44Z,Tarun Dugar,"8,591",3,"javascript,python,json,csv,flask",Flask: Download a csv file on clicking a button [duplicate],"I just got started with Flask/Python. What I want to achieve is that I have a download button in my HTML and it calls the following function:,The incomplete flask code is:,The problem I am facing is that I cannot find a way to download this csv file or return it as a JSON string so I can download it using Javascript. Any idea how I can send it as JSON or maybe download it via Flask itself? What's the best way?",Here is one way to download a CSV file with no Javascript:,70k,55,yes,"SA2.1, SA2.2, SB1",83,Coding,Data handling,Interoperability,,duplicate erwnr,,2015-05-05 02:52:37Z,"2015-05-05 02:52:37Z,2015-05-05 03:02:14Z,2015-05-04 07:58:05Z","30,024,948,300,434,700,000,000,000,000,000"
https://stackoverflow.com/questions/29949338/encryption-between-desktop-app-and-server-c-sharp-to-php,Accepted,2015-04-29 16:21:41Z,2015-05-07 19:36:06Z,user1547410,795,2,"c#,php,encryption-symmetric,encryption-asymmetric",Encryption between desktop app and server - C# to PHP,"I have an app which is designed in C#. In simple terms the app sends data and image to my web server which takes all the $_POST data and processes it. I will confess i do not understand how the security end of things work. I will employ someone with relevant experience to do that however i wouldn't even know what to ask them at this point as in what are some accepted techniques.,I assume its not as simple as just base64 encode/decode the data and it needs a higher level of encryption. The webserver will have HTTPS SSL(OV) certification over the next few weeks but my limited understanding is that i still need some sort of protection/encryption when transferring the data from the users PC to my web server so someone is not listening in on the data transfer or something like that.,In simple terms if i want to keep the data secure between users and my webserver what are some of the most common or accepted methods for C# to PHP?,The data goes directly from the app on the users PC to my server, i control source code for both but i myself and not the developer hence my lack of technical knowledge on the issue.,One C# developer i talked with suggested symmetric/asymmetric algorithm but he is not a PHP developer so he doesn't know if php can take that data and decrypt it.","To answer your further questions, when a server is issued and properly configured with a good cert, you shouldn't need to do anything more.,HTTPS works by verifying SSL certifications with a Certificate Authority (CA) during an initial handshake. Certificate Authorities, which is essentially a list of signatures that are used to verify said certs, usually come preloaded by an OS vendor.,Assuming your server has a CA issued certificate, all you will be required to do is change from using HTTP to HTTPS when making the connection. The library you're using should have a method of verifying the servers SSL cert, if it doesn't automatically do this for you.,There is no technical reason that you should have to encrypt anything that will being sent over HTTPS, so long as the certificate is strongly encrypted.,Also, if you would like to dig deeper into the nitty-gritty details of how HTTPS works, there's , over on Information Security that sheds a little light on the inner workings of the protocol.,For the sake of completeness.,PHP has the cryptography extension , which supports various algorithms and cipher operation modes. I've put together a simple example using AES 256 / PBKDF-SHA1 key decryption (along with the C# code to perform the encryption).,EDIT: I'd like to point out that , is only available in PHP 5.5 and up. Support down to 5.3 can be added with ,.",2k,15,no,"SA1, SA2.1, SB1, SB2",11,Design,Security,,,post/net,,2015-05-07 19:15:27Z,"2015-05-01 18:15:35Z,2015-05-07 19:15:27Z","299,493,382,999,258,000,000,000"
https://stackoverflow.com/questions/29733594/thymeleaf-print-json-string-as-json-object-into-a-javascript-variable,Accepted,2015-04-19 17:53:32Z,2016-05-27 16:55:15Z,Faraj Farook,"12,693",2,"java,javascript,json,spring-mvc,thymeleaf",Thymeleaf print JSON string as JSON object into a javascript variable,"I need a way to print , representation of a string value into the html page via thymeleaf.,I'm having a , which contains a string which is actually a string representation of the ,My , code ,print the variable as below,But I want something like this as a , array,How to do this in thymeleaf?","This feature is ,Refer , in , As Patric LC mentioned, there are two issues reported for this.",31k,21,yes,"SA1, SA2.1, SA2.2, SB1, SB2",24,Coding,Data handling,Data format/compatibility,,json error,,2015-05-09 22:00:10Z,"2015-05-09 22:00:10Z,2015-12-22 23:43:07Z","297,335,943,014,547,000,000,000"
https://stackoverflow.com/questions/30112285/create-dynamic-json-from-foreach,Accepted,2015-05-07 21:50:04Z,2015-10-07 10:25:45Z,alex,"1,226",6,"javascript,php,mysql,json,flot",Create dynamic JSON from foreach,"I'm using , to represent my data. Here's the example , I made that shows how the JSONS's required for the chart should look.,The data source is from a MySql stored procedure that has the below output example:,I need to represent in the chart, the , values stacked for different ,'s on y-axis, the , values on x-axis, and in another chart, the values for ,. (in stacked bars).,-The data series should match, so the specific labels should appear against customers. ,Here's the PHP I have so far:,The output of , is:,The output of , is:,But this is not very helpful. ,
, How can I create the dynamic JSON's shown in the above jsfiddle, from the query data ?","Going through your data with a loop and building up the , and , arrays for flot to use:,I also had to change your tooltip generation since your code only worked when all dataseries where complete and sorted. It is also simpler now.",3k,15,yes,"SA1, SA2.1, SA2.2, SB1, SB2",12,Coding,Data handling,Data format/compatibility,,json error,,2015-05-11 08:45:03Z,"2015-05-11 08:45:03Z,2015-05-11 17:11:16Z,2015-05-08 09:01:34Z,2015-05-08 07:44:19Z,2015-05-12 03:17:17Z,2015-05-15 20:38:10Z","30,112,285,301,631,500,000,000,000,000,000,000,000,000,000,000,000,000,000"
https://stackoverflow.com/questions/30165475/how-to-compress-minimize-size-of-json-jsonify-with-flask-in-python,Accepted,2015-05-11 10:35:18Z,2020-12-05 17:32:59Z,lakerz,911,4,"javascript,python,json,flask",How to compress/minimize size of JSON/Jsonify with Flask in Python?,"I'm sending a huge JSON string (with jsonify in Flask) to my webpage pretty often, so I would like to reduce the data. The easiest option is probably to remove all line breaks and space characters, but just to give you an example of this: ,Normal jsonify: 361KB,
Removing all line breaks and space characters: 118KB (wow).,
Zip the original file: 35KB (double wow). ,So I basically wonder if there is an easy way to come close to the 35KB. I couldn't find a solution so far which I could easily implement in python and javascript (to decompress). ,Right now, I send around 4-5MB of data every second, which is - you guessed right - a ""little bit"" too much.","Web requests do support GZip and you could implement it in python.,Here is someone who asked that exact question.
,According to the flask-compress repo,But you can do it in flask: ,.,If you go the gzip route you will not need to remove line breaks and white space, but if you still want to then according to the flask documentation you can disable pretty print by setting JSONIFY_PRETTYPRINT_REGULAR to false.",17k,17,No,"SA1, SA2.1, SB1, SB2",14,Coding,Data handling,Data format/compatibility,,compress json,,2015-05-11 10:47:45Z,"2020-01-07 19:59:24Z,2015-05-11 10:47:45Z,2020-06-11 18:39:05Z,2020-12-05 17:32:59Z","3,016,547,559,635,290,000,000,000,000,000,000,000,000"
https://stackoverflow.com/questions/30214271/php-js-progress-bar,Accepted,2015-05-13 12:04:34Z,2015-05-15 08:48:30Z,Kieran,663,1,"javascript,php,jquery,ajax,server-sent-events",PHP/JS Progress Bar,"I'm trying to make a page which will generate a result-set from a complex database query & php parsing... but that's mainly beside the point... The main point is that this takes a minute or two to complete, and I'm hoping to display a progress bar rather then a generic gif animation ""loading..."" picture.,A breakdown would be...,I know how to return data to the ajax query, but my issue is I don't know how to continuously return data to show the status of the process (Eg. % of rows scanned).,I've looked into EventSource / Server-Sent-Events, which shows promise, I'm just not too sure how to get it working properly, or if there is a better way to do it.,I've tried making a quick little mock-up page, using just EventSource works fine, but when I split it up into an eventSource call (page which monitors a session variable for change), and an ajax request (the actual data sending/return) it falls apart.,I'm probably missing something obvious, or doing something stupidly wrong, but this is most of what I have anyway... Any help, suggestions, tips, or even suggestions of completely other ways to do it would be awesome :),User page:,Javascript,Monitor PHP,EDIT:
I've tried a different approach, where:,However, this is not quite working either. It seems that the two AJAX requests, or the two scripts server-side are not running simultaneously.,Looking at debug output: Both AJAX calls are executed at about the same time, but then the page B script runs to completion by itself, and -then- the page C script runs. Is this some limitation of PHP I'm missing???,more code!,Server (Page B) PHP,Progress (Page C) PHP,Index (Page A) JS/HTML,Debug: log.log output","In similar cases, I usually do it this way:,I think, you've gotten the idea.,NOTE: you can request all chunks in parallel, but it is a complex way. Server (Page B) should also return a fixed chunksize in the initial response, then client sends , requests concurrently and combines the responses till the last request is completed. So it is much faster. You can use , in this case to do the code much more readable.",4k,7,yes,"SA1, SA2.1, SB1, SB2",2,Coding,Efficiency/Performance,,,HTTPRequest,,2015-05-15 08:48:30Z,2015-05-15 08:48:30Z,"3,021,427,130,255,240"
https://stackoverflow.com/questions/30308490/jni-wrapper-for-c-function-using-swig-what-should-be-the-typemap,Accepted,2015-05-18 16:32:24Z,2015-05-20 20:53:37Z,jojek,855,1,"java,c,java-native-interface,swig",JNI wrapper for C function using SWIG - what should be the typemap?,"I am trying to create the JNI wrapper for the following functions in C:, - input, , - output, - input, , - output,where , is defined as: ,I am all lost in the SWIG manual for Java, since it doesn't simply support input parameters as the output type. I had no problems whatsoever with the Python wrapper (shown below).","You can do this using SWIG and Java in several different ways. I've created the following header to illustrate all my examples, based on what you showed in the question:,We can use the , from the SWIG library to give us the functions we need to write a Java overload that calls the default version of , (which we make private since it becomes an implementation detail).,note that this example probably leaks as is since , is non-owning by default.,In this next example we write an ""overload"" (but since I assumed you're writing C and not C++ we had to use , to make this work) in C alone, specifically for the SWIG interface. The original version of the function gets ignored completely since it's pretty useless to us.,We can actually do something very similar to your Python example using Java typemaps, although the process is more convoluted since Java has strong typing and we need to respect that.,This solution is also substantially similar to , on the same underlying issue, with the additional complexity that getting strong typing working in Java (instead of just ,) is trickier here when the underlying typedef is to , instead of a forward declaration of a struct.,I would encourage you to look at the generated code around the call to , to fully understand what these typemaps are doing.,As far as the call to , is concerned the , gets handled automatically from the interface above and the , arg out needs to get handled either similary to the above example, or using a trick with an array containing only one element:,Which you would then call as:,Of course you could then take that trick and use something like the , of my first example in this answer to supply another overload that behaves more naturally:,(note that this trick with arrays would also have worked for a fourth solution to the , problem, but because it's not a primitive type there's a lot more work involved for no real gain)",2k,11,yes,"SA1, SA2.1, SA2.2, SB1, SB2",4,Coding,Interfacing,Invocation mechanism,Explicit interfacing,JNI wrap function,,2015-05-20 20:53:37Z,2015-05-20 20:53:37Z,"3,030,849,030,360,180"
https://stackoverflow.com/questions/30263293/youtube-subscriptions-list-api-v3-nextpagetoken-isnt-available,Accepted,2015-05-15 15:27:08Z,2015-05-21 17:15:21Z,Fleckchen,143,3,"java,javascript,api,youtube,subscriptions",youtube.subscriptions.list (api v3) - nextPageToken isn't available,"I'm trying to get all channels from my subscriptions. But the ""nextPageToken"" isn't available.,The response should containing ""nextPageToken"":,(from developers.google.com - YouTube (v3) - Subscriptions: list),Can you tell me why the nextPageToken is missing, please?","Here is a JS snippet I came up with to generate pageTokens up to at least 1024, I cannot guarantee that it will produce anything valid beyond that as i could not find any service which will get me tokens for offsets > 450 to validate my guesses and assumptions.,(check developer tools / console to see generated codes)",2k,6,yes,"SA2.1, SA2.2, SB1",3,Coding,Interfacing,Invocation mechanism,Explicit interfacing,-,,2015-05-21 17:15:21Z,"2015-05-16 12:35:06Z,2015-05-21 17:15:21Z,2015-05-15 15:41:56Z","30,263,293,302,757,400,000,000,000,000,000"
https://stackoverflow.com/questions/30455178/numpy-ctypes-dynamic-module-does-not-define-init-function-error-if-not-recompi,Accepted,2015-05-26 09:52:46Z,2015-05-26 13:45:42Z,Prokop Hapala,"2,136",1,"python,c++,numpy,ctypes",numpy ctypes ?????dynamic module does not define init function????? error if not recompiled each time,"sorry for yet an other question about ,. I did go through older questions but I didn't find one which adress my case specifically enought.,I have a C++ library which should export several functions to python ( like ~5 functions defined in , block ). It works just fine when I recompile the library each time I import it. However, if I import it without recompilation it gives error ,The very simplified example which reproduce the same behaviour (error) looks like this:,C++ library code in file ,python warper , of C++ library , :,python program , which imports , ,I was also trying to make ctypes happy by adding some , function into , as you can see in the code above. however this will produce error ,I don't have this issue when I compile example of , from scipy lecture notes. However, this example works only If I want to import just one function with the same name as the name of the library. I want something more general.","Try running ,. Are you surprised that it picks mylib.so instead of mylib.py? The interpreter expects mylib.so to be an extension module, which for CPython 2.x should define an initialization function named ,. To avoid accidentally trying to import the shared library, either change the name to something like _mylib.so or mylib.1.0.so -- or just save the file in a directory that's not in ,.,note that Windows extension modules are DLLs, but with a .pyd extension instead of .dll. So , won't try to load mylib.dll.",855,7,yes,"SA2.1, SB1",6,Coding,Build,,,ctypes compile,,2015-05-26 13:45:42Z,2015-05-26 13:45:42Z,"3,045,517,830,460,400"
https://stackoverflow.com/questions/30603810/authenticate-firebase-firechat-with-wordpress-user-or-database,Accepted,2015-06-02 18:29:16Z,2015-06-02 20:51:51Z,Schu Davis,117,1,"javascript,php,wordpress,firebase",Authenticate Firebase/Firechat with Wordpress user or database,"I'm trying to use my Wordpress users to authenticate automatically with Firebase/Firechat.,You can see here on the documentation that Firebase can use custom authentication, by using secure Json Web Tokens:
,They also refer to this Firebase page which describes generating and using these tokens in depth:
,So what I'm trying to accomplish are these things:,From what I understand this is all functionality that is already in Firechat, and Firebase is apparently able to authenticate with any server/system provided it can generate the proper credentials. I just can't seem to get anything working and I must have read that documentation about a hundred times.,With all that said, here is the farthest I've gotten:,The problem with that is it's actually not generating the token at all, as ""FirebaseTokenGenerator"" is not being called on (it's not included in the CDN afaik). I'm not sure how to call on it with Javascript, but I know there is a PHP helper library that does it.,It's as simple as:,But the problem is I've no idea how to pass that information from PHP to the Javascript. I'm also pretty confused by how it all works. Do I have to generate a new token for each user? Or do it one time for the server, and let my login system handle authentication?,Hopefully I've not left anything out, but if you need more information just ask! Thanks for reading.","! ,Firebase and Firechat is just so fun!,Place the javascript in a scriptfile and localize it with the token as data. Then initialize the chat with that token.,I'm using composer to place the php-files inside back-end. You need both php-jwt and token-generator. Take a look at the Packagist browser! ,If not using composer, include the downloaded source at a fixed place inside your project and include the libraries.,The PHP-file to initialize the chat from backend with logged-in user:,And so the js-file that is localized by WordPress, eg your theme or plugin:,The hard part is to customize the chat but it's another story using the sourcecode from the firechat github repo and then ""grunting"" changes to a new distribution for your WordPress-chat :-)",3k,10,yes,"SA1, SA2.1, SA2.2, SB1, SB2",7,Coding,Build,,,Insufficient documentation,,2015-06-02 19:39:17Z,2015-06-02 19:39:17Z,"3,060,381,030,605,120"
https://stackoverflow.com/questions/30680562/send-form-data-with-jquery-ajax-json,Accepted,2015-06-06 08:16:11Z,2018-12-13 06:44:54Z,user1888798,209,4,"javascript,php,jquery,ajax,json",Send form data with jquery ajax json,"I'm new in PHP/jquery
I would like to ask how to send json data from a form field like (name, age, etc) with ajax in a json format. Sadly I can't found any relevant information about this it's even possible to do it dynamically? Google searches only gives back answers like build up the data manually. like: ,, ,, and so on.,Is there anyway to do that?,Thanks for the help!,Edit:","here is a simple one,here is my test.php for testing only,here is my index.html,Both file are place in the same directory",122k,17,yes,"SA2.1, SA2.2, SB1",22,Coding,Interfacing,Invocation mechanism,Implicit interfacing,ajax,,2015-06-06 08:42:04Z,"2015-06-06 08:42:04Z,2018-12-13 06:44:54Z,2015-06-06 08:33:07Z,2015-06-06 08:48:06Z","306,805,623,068,077,000,000,000,000,000,000,000,000,000,000,000"
https://stackoverflow.com/questions/30686266/how-to-include-csrf-token-in-an-external-js-file-in-laravel,Accepted,2015-06-06 18:33:12Z,2015-06-06 18:41:32Z,Faizuddin Mohammed,"3,788",1,"javascript,php,jquery,laravel,laravel-5",How to include csrf_token() in an external js file in Laravel?,"Initially, I wrote all the JavaScript code right in my HTML page using the , tag.,A post call in jQuery in the JavaScript was something like this.,The code worked fine. But, later I put all my script into an external js file. And the code is not working anymore.,I have the problem with the ,, the error being ,What should I do if I want to external js files with Laravel?","now you can use , without providing , each time.",22k,13,yes,"SA2.1, SA2.2, SB1",44,Coding,Build,,,js 3rd lib comfig,,2015-06-06 18:37:47Z,2015-06-06 18:37:47Z,"3,068,626,630,686,310"
https://stackoverflow.com/questions/29699543/how-to-get-swig-to-apply-templates-when-wrapping-a-template-class-containing-vec,Accepted,2015-04-17 12:41:46Z,2016-02-10 21:48:15Z,SWilliams,681,2,"c#,c++,templates,vector,swig",How to get SWIG to apply templates when wrapping a template class containing vectors?,"I am trying to use SWIG to wrap (in C#) some c++ code that contains a template class that itself wraps a ,. I have seen various references on the internet on how to declare the templates for the vector types, but can't get this to work with the extra layer of abstraction. This is what I am doing in the interface.i file for example:,While this seems to create the corresponding C# types correctly by themselves, the std::vector templates that I have tried to define are not applied to other classes which use them internally, included by way of header files. To show you what I mean, there's a c++ class like:,Even though I get a , class created by SWIG, when it wraps my template class it is not using it and instead giving lots of examples like this:,Please can someone advise what I am missing for SWIG to generate the wrapper using , and , instead of , and , ? ,Is this anything to do with the template getVect() function returning ,, i.e. would I need to do anything differently for the , case, where , is not a pointer?","In the end I realised my mistake and SWIG generated the classes as expected.,This produced classes like:,where the underlying , is as per the std_vector.i template:",2k,15,yes,"SA2.1, SA2.2, SB1",0,Coding,Interfacing,Invocation mechanism,Explicit interfacing,self-answer,,2015-06-12 16:17:22Z,"2015-06-04 06:27:07Z,2015-06-12 16:17:22Z","296,995,433,063,646,000,000,000"
https://stackoverflow.com/questions/30899484/python-flask-calling-functions-using-buttons,Accepted,2015-06-17 18:25:34Z,2020-05-29 19:39:58Z,Sean,141,1,"javascript,python,ajax,json,flask",Python Flask calling functions using buttons,"Once the button in my flask template is pressed I'd like it to call a python function defined in app.py that I made to be available to be called within the template by typing the following below where I define the function:,Example function in app.py:,Template:,In my button I have the onclick attribute just to test that the correct button out of many is pressed using javascript like such:,The issue I'm facing is I need the function that I'm making available within the template to correspond to the correct button. For example, if the button says Enable, then I need to call the enable function defined already or otherwise if the button corresponds to false, I'd like the disable function to be used. ,I feel like I'm headed in the right direction but can't get past this part. Please be as detailed as you can.","If you want to execute your function without generating a request to the server, then your function must be defined in JavaScript. Otherwise, you need to fire an HTTP request. ,now in your case, if all you're trying to do is enable/disable buttons, it would make sense to do all that in javascript (no need to go to the server).,Example:,However if what you want is to call a method on your server that, for example, sends an email, then you should use a , HTTPRequest or , HTTPRequest,Example:,When you click the ""Send Email"" button an HTTP POST request is sent to ""/foo"" on your application. Your function , can now extract some data from the request and do whatever it wants to do on the server side and then return a response to the client web browser.,It would suggest going through the , to get a better understanding of client/server interactions when it comes to web applications built with Flask.",61k,12,yes,"SA1, SA2.1, SA2.2, SB1, SB2",18,Coding,Language choice,,,HTTPRequest,,2015-06-17 19:23:50Z,2015-06-17 19:23:50Z,"3,089,948,430,900,600"
https://stackoverflow.com/questions/30983220/ctypes-error-attributeerror-symbol-not-found-os-x-10-7-5,Accepted,2015-06-22 14:56:36Z,2015-06-22 16:17:00Z,pasichnyk.oleh,212,1,"python,c++,ctypes","ctypes error AttributeError symbol not found, OS X 10.7.5","I have a simple test function on C++:,compiling:,and using it in python with ctypes:,but then I get an error:,Where is a problem?,using:","Your first problem is C++ ,. If you run , on your , file you will get something like this:,If you mark it as C style when compiled with C++:, gives:,Your second problem is that the python will die with a , (on OS X). The C++ is returning a ,, whereas you are marking it in python as a pointer to a char. Use:,instead (alter your , statement to match).,EDIT: as @eryksun pointed out, you should not use ,, you should use , instead. Otherwise the correct C++ runtime will not be linked. To check on ,:,(,, the tool normally used on UNIX/Linux, is not distributed with OS X)",4k,7,yes,"SA2.1, SA2.2, SB1",11,Coding,Build,,,compile error,,2015-06-22 15:14:05Z,2015-06-22 15:14:05Z,"3,098,322,030,983,630"
https://stackoverflow.com/questions/30984078/cython-working-with-c-streams,Accepted,2015-06-22 15:34:08Z,2017-05-10 06:15:06Z,piotrMocz,429,1,"python,c++,io,stream,cython",Cython: working with C++ streams,"How does one use c++ streams (like , or ,) from Cython? In c++, you could do the following:,How would you achieve the same in Cython?,I have wrapped the structures from fstream in Cython so that I can use their names in function declarations, but the tricky part is to use (wrap in Cython, perhaps) the write method and to create the streams. I haven't found any code examples on the internet.,P.S.
I know one possible answer would be to just use Python's IO but I need to pass/return the streams to and from C++ code that I'm interfacing with.,This is the code that wraps the stream declarations:","There isn't much particularly special about the c++ iostreams compared to wrapping any other C++ class. The only tricky bit was getting access to ,, which I did by telling Cython that , was a namespace and not a class.,The other thing to add is that I haven't bothered with the full templated class heirarchy - that might be useful if you also want the , variants, but it's much easier to only tell Cython about the classes you're actually using.",2k,11,yes,"SA2.1, SA2.2, SB1",7,Coding,Interfacing,Invocation mechanism,Explicit interfacing,Cython standard iostream,,2015-06-23 17:25:10Z,2015-06-23 17:25:10Z,"3,098,407,831,009,460"
https://stackoverflow.com/questions/31334390/c-sharp-property-value-doesnt-get-modified-within-javascript-jquery,Accepted,2015-07-10 06:57:48Z,2015-07-10 09:30:43Z,Aslam Jiffry,"1,286",2,"javascript,c#,jquery,asp.net-mvc",C# property value doesn't get modified within Javascript/ jquery,"I initialize a property within the Controller's Constructor.,I have an Action Method which reset the property again on a button click event.,Following javascript code is in my view which is called when the button is clicked.,My problem is when I click the button, value of property changes in the Controller. But it doesn't change in my javascript code.Please see the screen capture of the developer tool.,
,does Anyone has a clue on this?","You are using the razor syntax. then initially page loaded , values are set, and these values are string , not a variable anymore. then you can't get session value updated again. ,please get session value from an AJAX call and set to your variable.",251,6,yes,"SA2.1, SB1",4,Coding,Data handling,Interoperability,,config,,2015-07-10 07:04:29Z,"2015-07-10 07:04:29Z,2015-07-10 07:03:50Z","313,343,903,133,451,000,000,000"
https://stackoverflow.com/questions/31366855/how-to-bind-zeromq-socket-with-ratchet-web-socket-library-to-make-real-time-appl,Accepted,2015-07-12 10:37:47Z,2015-07-13 06:59:25Z,Nirmalz Thapaz,895,1,"javascript,php,ajax,sockets,ratchet",How to bind ZeroMQ socket with Ratchet web-socket library to make real time application for php application?,"I am just a beginner in this whole area involving websocket, Ratchet and ZeroMQ. ,To my basic understanding:, is something that helps to create open connection between server and client. , is a PHP based library which uses PHP's core Socket functions to create a PHP socket framework allowing us to ease in PHP socket programming. , is a socket library that helps non-ratchet application to (other PHP script) send the data over Ratchet Socket and web-socket.,I am following the tutorial found in ratchet about 'hello world' and 'pusher' but both of them seems to be incomplete and only teaches how to work with console only. I have also found ratchet-example in github but it is not properly documented. I was looking for a complete example (with a dedicated html page and javascript) ,Below is the code I am working on: This is one of the method of the controller which I am making a Ajax request for. This method will create a new post (lets say). I want to update the list of post dynamically in multiple client's browser by broadcasting/pushing with the help of ZeroMq.,A method in a controller:,Pusher File:,Shell Script to run server:,Shell script only tells that it will serve in port 8080, however how would I mention my routes. Lets say I want the open connection in only the page 'mysite/allposts'. Also, what would be the script that I have to write in client side (a javascript file) and how to receive these new data by client side updating a particular DOM object.","I followed the examples you are talking about. They didn't seem incomplete to me, but I understand what you mean. Ratchet is a server side script and just allows you to write a service that implements websockets and that is able to listen to ZMQ messages. You will launch your Ratchet script on the command line and it runs as a service in parallel to Apache. ,This is all independent from the client side of the websocket. Like they recommend, I used Autobahn.js on the client side. This library implements the WAMP protocol. It simplifies the client side code to the max. ,The problem with your code is, that , does not have a ,. This class has to implement the ,, this means it must have at least these functions :,There can be others for more advanced features, like ,ing remote procedures on clients.,On the sender side (ZMQ message), put this code:,In the pusher file put someting like:,The last piece is on the client. If a user opens the page ,, in javascript you include ,. The websocket will be made available under the variable ,. You then do:,When opening the page : ,When closing the page: ,You note that I kept everything very general. This allows me for having several types of messages handled by the same system. What differs are the ZMQ messages and the arguments of ,.,I my implementation, I also keep track of the logged in users that opened the connection, but I stripped this part of the code.,I hope this will help you.",3k,8,yes,"SA2.1, SA2.2, SB1",4,Coding,Interfacing,Invocation mechanism,Implicit interfacing,socket,,2015-07-12 10:53:51Z,2015-07-12 10:53:51Z,"3,136,685,531,366,990"
https://stackoverflow.com/questions/31436593/cython-templates-in-python-class-wrappers,Accepted,2015-07-15 16:59:51Z,2015-07-16 14:33:24Z,piotrMocz,429,1,"python,c++,templates,cython",Cython: templates in python class wrappers,"Is there a way to create a Python wrapper for Cython-wrapped C++ class with templates? (i.e. do exactly what is show here but with templates: ,).,I know about the fused types workaround (,) but that doesn't allow you to instatiate classes like ,: the fused types have, quite unsurprisingly, no notion of recursion.,What I would like to achieve is for a wrapped class like:,create a simple Python wrapper:,I'm quite certain that Cython doesn't support that per se, but maybe someone can think of a workaround. I'm not looking for idiomatic or nice examples, I'm just wondering if that's possible in any way.","As you say, Cython doesn't really support this.,I think by far the simplest approach is just to manually generate a bunch of Cython files using string substitution. Start with a ""foowrapper.pxi.src"" file (name as you wish...):,Next, run it through a simple program (may as well be Python) to load the file, do the string substitution, and save the file again under a new name. The key line is just:,(There's obviously a bit of code relating to loading and saving that I've skipped out of laziness),Then, in your Cython file you just ""include"" the generated files for each class. The ""include"" command in Cython is a literal textual include (like the C preprocessor) and expects a .pxi file:,You have to pick the classes to generate at compile time, but this is unavoidable (templates are a compile-time feature), so you're never going to be able to generate them dynamically from a Python scripting environment since the corresponding C++ class won't be generated.,A couple of other options are worth brief consideration. First, you could inherit , from a base class (say ,) which doesn't depend on the template parameter. You'd then wrap , in Cython (generating constructor-like functions for the cases you care about). This is only really viable if the functions you want to call don't have arguments that depend on the template type. Obviously this also involves changing the C++ code.,The section option is to look at a different way of wrapping. Boost Python will certainly support this natively (but comes with its own disadvantages). I imagine SIP/SWIG would also cope (but I don't know). You can could fairly cleanly mix-and-match these with Cython if necessary (by importing the generated module containing your template classes).",3k,12,yes,"SA2.1, SA2.2, SB1",11,Coding,Interfacing,Invocation mechanism,Explicit interfacing,Cython wrapper template,,2015-07-16 14:33:24Z,2015-07-16 14:33:24Z,"3,143,659,331,457,210"
https://stackoverflow.com/questions/23750661/send-json-object-from-javascript-to-php,Accepted,2014-05-20 03:41:38Z,2015-08-04 23:48:39Z,Vish,355,3,"javascript,php,jquery,ajax,json",send json object from javascript to php,I am trying to send JSON object from Javascript/Jquery to PHP and I am getting and error msg in my console. What am I doing wrong. I am new to JS and PHP.,"Excellent answer by Phil, however since the OP title says ,this is how to do it with (vanilla) javascript, in case it helps somebody looking for this method:, we still need to convert the server's response into a javascript , using ,now, on the server side (based on Phil's answer) if you are sending back a response to the client, you could do:,: ,The reason behind decoding first and then encoding back the raw json input is to properly , slashes in (possible) URLs within the data, e.g., will convert this URL,into,... which is not the case in the OP but useful in some other scenarios.",20k,7,yes,"SA2.1, SA2.2, SB1",8,Coding,Interfacing,Interfacing choice,,method choice,,2015-08-04 23:48:39Z,"2014-05-20 03:49:38Z,2015-08-04 23:48:39Z,2014-05-20 03:50:07Z","23,750,661,237,507,000,000,000,000,000,000"
https://stackoverflow.com/questions/7195959/hello-world-with-boost-python-and-python-3-2,Accepted,2011-08-25 19:16:45Z,2018-08-22 04:44:48Z,Dwight,341,4,"c++,python,boost,g++,boost-python",Hello world with boost python and python 3.2,"So I'm trying to interface python 3.2 and c++ using boost python, and have come across many many issues. I've finally gotten it to compile using the 2.7 libraries and it works, but I can't seem to make it work with python 3.2. ,Here's the c++ code,If I compile it using the 2.7 libraries it works just fine, but when I use the 3.2 libraries I get tons of undefined references from libboost_python.so,Otherwise I wrote a little bit of python to make it work:,and this will create an so using python 3.2 or 2.7 build, but when I open the python 3 interpreter and attempt to import the so it give me the error undefined symbol PyClass_Type from libboost_python.so again. Any ideas? Is boost python compatible with python 3.x?,If the information is useful, here is my attempted compile using 3.2:,And the error from the python 3 interpreter is,Thanks for any help!","Although this discussion old, just for the record:
Modify project-config.jam to change the python version to your setup,Then build boost:,The later command requires super user privileges. Then move to the folder containing C++ code for the extension:,You can then import hello into your python environment.",15k,9,yes,"SA2.1, SA2.2, SB1",2,Coding,Build,,,compile,,2015-08-15 02:43:20Z,"2012-07-18 22:47:55Z,2011-08-25 22:15:20Z,2015-08-15 02:43:20Z,2018-08-22 04:17:21Z","71,959,591,155,147,700,000,000,000,000,000,000,000"
https://stackoverflow.com/questions/32028339/writing-a-long-from-java-in-a-file-and-reading-it-in-c,Accepted,2015-08-15 19:10:26Z,2015-08-15 19:19:32Z,Voldemort,"17,157",2,"java,c++,long-integer",Writing a Long from Java in a file and reading it in C++,"I want to create a file that contains exactly 8 bytes representing an unsigned long number. The file is created with Java and then read by C++. This is how Java creates the file:,And this is how C++ reads it:,The expected output is ,, but instead I get ,.,I am not sure if I did it wrong in Java or C++. Or both. What should I have done?","Java writes , in ""network order"", which is big endian. C++ reads in hardware order, which in your case is little endian.,It does not mean, however, that your C++ program should flip the bytes for conversion, because in this case it would fail on hardware with big endian order.,C provides a special group of functions for platform-independent conversion of data to and from network order. You need to use , function, which converts eight bytes in network order to your hardware order.",777,7,yes,"SA2.1, SB1",10,Coding,Data handling,Data format/compatibility,,convert data,,2015-08-15 19:19:32Z,"2015-08-15 19:19:32Z,2015-08-15 19:13:00Z","320,283,393,202,842,000,000,000"
https://stackoverflow.com/questions/32221090/org-springframework-web-bind-missingservletrequestparameterexception-required,Accepted,2015-08-26 08:04:09Z,2018-02-09 20:08:30Z,Kumar Narendra,75,1,"javascript,java,spring,spring-mvc,post","org.springframework.web.bind.MissingServletRequestParameterException : Required Long parameter 'userId' is not present""","I am getting an exception while posting a call to Spring controller,Exception is:,My Javascript file is:,The Spring controller code is:,When I put ,, then the , value became ,. 
The JavaScript controller is clearly sending the , in JSON format, but from the controller side there is some issue.,I checked almost all questions in stackoverflow, but the given solutions didn't help.","You are expecting userId as request parameter on server side, but you are sending userId as request body in your client http post request, ,Change the client side to send userId as request parameter ,Or Change server side to use userId as request body in the controller",31k,7,yes,"SA2.1, SA2.2, SB1",9,Coding,Data handling,Interoperability,,parameter error,,2015-08-26 08:14:00Z,2015-08-26 08:14:00Z,"3,222,109,032,221,290"
https://stackoverflow.com/questions/32440486/what-does-a-blue-dot-beneath-the-visual-studio-breakpoint-mean,Accepted,2015-09-07 14:00:40Z,2015-09-07 14:09:08Z,Stefan,197,1,"c#,c++,visual-studio,visual-studio-2013",What does a blue dot beneath the Visual Studio breakpoint mean?,"While debugging a combined c++ c# project (c# loading a c++ dll) I'm sometimes getting this small blue dot beneath the currently hit breakpoint: ,What does that dot want to tell me?","If you app is multithreaded and if hovering over break point gives you message is like ""The process or thread has changed since the last step"" it means that this break point is applied to more then one thread, not just thread creator. After you press F5 another threads will run and they will hit your break point which can confuse you. In order to give you some kind of warning visual studio give you blue dot beneath. So sometimes it can be useful to freeze other threads in order to debug method.",3k,14,no,"SA2.1, SB1",16,Testing/Debugging,Build,,,tool usage ,need guide,2015-09-07 14:09:08Z,2015-09-07 14:09:08Z,"3,244,048,632,440,650"
https://stackoverflow.com/questions/32512444/use-jquery-to-post-data-to-mvc-action-method,Accepted,2015-09-10 22:10:01Z,2018-02-20 17:56:58Z,LP13,"21,839",4,"javascript,c#,jquery,ajax,asp.net-mvc",Use jQuery to post data to MVC action method,"I'm trying to post data using jQuery Ajax to MVC action using the approach below. But inside the controller all model properties are always ,. not sure what I'm missing here., , , , ,
I have added the model above. Here the serialized data and JSON , data when I click on save. ,Serialized data,After ,I have tried adding , attribute and , attribute with no luck.,I don't think I have to change the return type from , to ,.,Also the URL is correct because the debugger is hitting inside the action method where I can , the model properties.,note that it works if I create JSON object and post it like below:","Your JavaScript/jQuery code can be significantly simplified, which might be the best route to go:,You should handle the , event of the form, rather than the , event of the button - it's possible for something other than the button to cause the form to be submitted. In this case, we want to prevent the form's default submit behavior, since we're submitting the form with AJAX., already handles encoding the form correctly, so you don't need to JSON-encode the form values. Doing so is most likely the reason that the modelbinder isn't rebuilding the model when processing the request., is a helper function that wraps the common setup work you need for , - the version shown here wants the URL to POST to, and the data to POST. If your jQuery code is in a script element within a View, then you probably want to use the , helper - it will build the correct URL based on your routing rules. If you elect to go that route, you would use something similar to:,Then, we handle the successful response (anything with a HTTP-200 status code) and the failed response (anything else, basically) using the relevant helpers. What you , in those helpers is up to you.",65k,9,yes,"SA2.1, SA2.2, SB1",13,Coding,Interfacing,Invocation mechanism,Implicit interfacing,"ajax,jquery",,2015-09-13 22:08:42Z,"2015-09-13 22:08:42Z,2015-09-11 00:49:40Z,2015-09-14 20:52:02Z,2015-09-10 22:16:50Z","3,251,244,432,555,020,000,000,000,000,000,000,000,000"
https://stackoverflow.com/questions/32804020/create-a-shell-script-to-run-a-java-program-on-linux,Accepted,2015-09-27 02:38:19Z,2015-09-27 11:46:21Z,M0rty,965,2,"java,linux,shell",Create a shell script to run a Java program on Linux,"I have created a java program which syncs the contents of two directories. The program takes the location of the two directories as arguments the proceeds to sync them, the sync information is them stored in a JSON formatted file inside each directory. I have one referenced library ,I'm running this from eclipse on windows and everything is working correctly.
I want to create a shell script so that I can run this on a Linux terminal by typing , where , is my java program and , and , are the paths to the directories to synchronize from the current directory.,I'm very new to shell scripts and Linux and unsure whether this is easy to do or will take me all day.","create a file named ""sync"" in /usr/bin containing the following:,Replace , with the path to the jarfile,Make the file executable by typing , while in /usr/bin",47k,7,no,"SA2.1, SA2.2, SB1",4,Coding,Interfacing,Interfacing choice,,function choice,,2015-09-27 02:57:48Z,"2015-09-27 02:57:48Z,2015-09-27 11:46:21Z","328,040,203,280,412,000,000,000"
https://stackoverflow.com/questions/33066486/jscroll-js-with-laravel-5-nextselector-not-found-destroying,Accepted,2015-10-11 15:04:50Z,2015-10-14 21:46:24Z,Halnex,"3,622",1,"javascript,php,jquery,laravel,pagination",jScroll.js with Laravel 5: nextSelector not found - destroying,"I am using a combination of jscroll.js, jquery.upvote.js and Laravel's , method. It all works except for this little thing, the last post in the pagination page always has unclickable voting buttons.,no errors in the developer's console either.,At the moment, I'm using , because I only have 3 posts in the category., I just added a few more posts and noticed that the voting buttons only work on the first page, the rest of the pages are rendering the vote buttons unclickable., I turned on , in jscroll.js and I'm getting this new error,The ""next"" selector markup looks like this,If I remove , and jscroll.js all voting buttons start functioning properly.,The view",Any new elements being created after the initial page will need to have the click events assigned to them also.,1k,9,yes,"SA2.1, SA2.2, SB1",2,Coding,Embedding,,,HTTPRequest,,2015-10-14 20:53:41Z,2015-10-14 20:53:41Z,"3,306,648,633,135,400"
https://stackoverflow.com/questions/33291631/is-there-a-simple-way-to-get-rid-of-junk-values-that-come-when-you-ssh-using-pyt,Accepted,2015-10-22 22:09:58Z,2021-03-30 08:15:04Z,Rakesh Nittur,335,2,"python,shell,ssh,paramiko,ansi-escape",Is there a simple way to get rid of junk values that come when you SSH using Python's Paramiko library and fetch output from CLI of a remote machine?,"I am using Python's Paramiko library to SSH a remote machine and fetch some output from command-line. I see a lot of junk printing along with the actual output. How to get rid of this?,I want to eliminate, , and , from the output. They are junk.","It's not a junk. These are , that are normally interpreted by a terminal client to pretty print the output.,If the server is correctly configured, you get these only, when you use an interactive terminal, in other words, if you requested a , for the session (what you should not, if you are automating the session).,The Paramiko automatically requests the pseudo terminal, if you used the ,, as that is supposed to be used for implementing an interactive terminal. See also ,If you automate an execution of remote commands, you better use the ,, which does not allocate the pseudo terminal by default (unless you override by the , argument).,Or as a workaround, see ,.,Though that's rather a hack and might not be sufficient. You might have other problems with the interactive terminal, not only the escape sequences.,You particularly are probably not interested in the ""Last login"" message and command-prompt (,) either. You do not get these with the ,.,If you need to use the ""shell"" channel due to some specific requirements or limitations of the server, note that it is technically possible to use the ""shell"" channel without the pseudo terminal. But Paramiko , does not allow that. Instead, you can create the ""shell"" channel manually. See ,.,And finally the , is not a part of the actual string value (note that it's outside the quotes). It's an indication that the string value is in the Unicode encoding. You want that!",3k,6,Yes,"SA1, SA2.1, SA2.2, SB1, SB2",8,Coding,Data handling,Data format/compatibility,,clean data,,2015-10-23 06:31:07Z,"2015-10-23 06:31:07Z,2015-10-22 22:16:31Z","332,916,313,329,612,000,000,000"
https://stackoverflow.com/questions/33310675/pass-file-into-function-from-python-ctypes,Accepted,2015-10-23 20:13:40Z,2016-04-26 22:45:14Z,Brian McFarland,"8,177",1,"python,c,ctypes",Pass FILE * into function from Python / ctypes,"I have a library function (written in C) that generates text by writing the output to ,. I want to wrap this in Python (2.7.x) with code that creates a temp file or pipe, passes it into the function, reads the result from the file, and returns it as a Python string.,Here's a simplified example to illustrate what I'm after:,Python wrapper:,I'm wondering what my best bet is for ,. ,I'm tempted to just use , and create a , wrapper that returns a Python c_void_t, then pass that into the library function. I'm seems like that should be safe in theory--just wondering if there are issues with that approach or an existing Python-ism to solve this problem.,Also, this will go in a long-running process (lets just assume ""forever""), so any leaked file descriptors are going to be problematic.","First, do note that , is an stdio-specific entity. It doesn't exist at system level. The things that exist at system level are descriptors (retrieved with ,) in UNIX (, returns plain descriptors already) and handles (retrieved with ,) in Windows. , You'll be in trouble if your library is compiled against another C runtime than your copy of Python: 1) binary layouts of the structure may differ (e.g. due to alignment or additional members for debugging purposes or even different type sizes); 2) in Windows, file descriptors that the structure links to are C-specific entities as well, and their table is maintained by a C runtime internally,.,Moreover, in Python 3, I/O was overhauled in order to untangle it from ,. So, , is alien to that Python flavor (and likely, most non-C flavors, too).,now, what you need is to,(One of Python's mottoes , ""make the right thing easy and the wrong thing hard"", after all),The cleanest method is to use the precise instance that the library is linked to (do pray that it's linked with it dynamically or there'll be no exported symbol to call),For the 1st item, I couldn't find any Python modules that can analyze loaded dynamic modules' metadata to find out which DLLs/so's it have been linked with (just a name or even name+version isn't enough, you know, due to possible multiple instances of the library on the system). Though it's definitely possible since the information about its format is widely available.,For the 2nd item, it's a trivial , (, for MSVCRT).,Second, you can do a small helper module that would be compiled against the same (or guaranteed compatible) runtime as the library and would do the conversion from the aforementioned descriptor/handle for you. This is effectively a workaround to editing the library proper.,Finally, there's the simplest (and the dirtiest) method using Python's C runtime instance (so all the above warnings apply in full) through Python C API available via ,. It takes advantage of,Do keep in mind that with",2k,10,yes,"SA1, SA2.1, SA2.2, SB1, SB2",4,Coding,Interfacing,Interfacing choice,,function choice,,2015-10-23 20:42:09Z,2015-10-23 20:42:09Z,"3,331,067,533,311,060"
https://stackoverflow.com/questions/33377764/error-using-callback-in-python,Accepted,2015-10-27 20:22:51Z,2015-11-18 02:28:15Z,Alexander Leon VI,469,1,"python,c++,error-handling,callback,char",Error using callback in Python,"I am developing a dll that should be used in Python. I have a callback function to send my parameters (defined in a separate header):,So, I'm using this callback in this way:,And I'm exporting it in this way:,I tested my callback first in another C++ application in this way:,In , I give the callback in this way:,and it works pretty well. But I don't have any idea how to adapt this to Python. I have tried this: , I have changed the last way, because I resolved some mistakes, but I'm still getting an error. This is the current way of how I am loading ,And now I have this error:,First I changed the callback Python function for this one:,All works with no error and I can see this in the Console (in this case , was ,):,Second, I changed the function as this one:,and, oh surprise this prints only the first word of the list (nB times)","Do you want something like this?,From what I understand you're just trying to match the output of your Python , function with your C++ , function.,Python has a variety of , that can be confusing at first, but pays homage to , string formatting.,Since , has type , (pointer to pointer of ,, vs ""NULL terminated ,"" ,), we'd best turn it into a native Python data type like so:",2k,10,yes,"SA1, SA2.1, SA2.2, SB1, SB2",3,Coding,Data handling,Interoperability,,HTTPRequest,,2015-10-30 23:09:04Z,2015-10-30 23:09:04Z,"3,337,776,433,446,150"
https://stackoverflow.com/questions/33677231/how-to-expose-a-function-returning-a-c-object-to-python-without-copying-the-ob,Accepted,2015-11-12 17:08:45Z,2019-10-02 16:26:42Z,jul,"33,758",2,"python,c++,cython",How to expose a function returning a C++ object to Python without copying the object?,"In , I learnt how to expose a function returning a C++ object to Python by copying the object. Having to perform a copy does not seem optimal. How can I return the object without copying it? i.e. how can I directly access the peaks returned by , in , (defined in ,)?","If you have a modern C++ compiler and can use rvalue references, move constructors and std::move it's pretty straight-forward. I think the easiest way is to create a Cython wrapper for the vector, and then use a move constructor to take hold of the contents of the vector.,All code shown goes in peak_detection_.pyx.,First wrap ,. For simplicity I've just wrapped the one case we want (,) rather than messing about with templates.,Second, create a vector wrapper class. This defines the Python functions necessary to access it like a list. It also defines a function to call the move assignment operator,Then define the class the wraps the ,. This is slightly different to your other class in that it doesn't own the , it wraps (the vector does). Otherwise, most of the functions remain the same,Finally, implement ,If , was nontrivial you could go for an approach where you call , on , rather that on the vector, as you construct your ,s. For the case you have here move and copy will be equivalent for `Peak.,If you can't use C++11 features you'll need to change the interface a little. Instead of having your C++ , function return a vector have it take an empty vector reference (owned by ,) as an input argument and write into it. Much of the rest of the wrapping remains the same.",829,7,yes,"SA2.1, SA2.2, SB1",7,Coding,Data handling,Interoperability,,data transfer,,2015-11-12 19:17:49Z,"2015-11-12 19:17:49Z,2015-11-12 17:29:55Z","336,772,313,367,948,000,000,000"
https://stackoverflow.com/questions/33813735/nginx-with-expires-on-javascript-files-dynamically-generated-by-php,Accepted,2015-11-19 20:26:04Z,2015-11-24 12:04:11Z,clarkk,"24,993",1,"javascript,php,nginx,expires-header",nginx with expires on javascript files (dynamically generated by PHP),"I have a problem with , headers on javascript files which are generated by PHP..,The website has two types of javascript files. One part is static javascript files and one part is dynamically generated by PHP.,Here no , headers are added to the , files (All files return ,),When adding a location for , files then all dynamically generated files return ,How to handle both the static and dynamically generated , files with , headers?,All dynamically genereated javascript files are named","For nginx, PHP is never Javascript. Nginx can't distinct between PHP which renders html and PHP which renders javascript (please correct me if I'm wrong).,So the way to go would be either to setup a seperate folder with PHP files which generate all JS (code is not tested!):,...or send the header with PHP itself:",1k,8,yes,"SA2.1, SA2.2, SB1",6,Testing/Debugging,Build,,,js files expired,,2015-11-24 10:01:42Z,2015-11-24 10:01:42Z,"3,381,373,533,890,570"
https://stackoverflow.com/questions/34362470/load-modal-after-form-submit,Accepted,2015-12-18 19:14:35Z,2020-03-31 09:06:33Z,ladanta,459,14,"javascript,php,jquery,twitter-bootstrap",Load modal after form submit,"Relevant page here:
,I've been trying to load a message confirmation modal for a while after the user submits an email, but can't get it to work at all.,So far I've tried echoing the whole script out, triggering the script, and changing the hash in the URL and checking for that, which has worked in other areas of the site.,Adding functions like alerts and echoing text onto the page is working fine, but when I use the show method it doesn't work. That leads me to believe I am either escaping characters wrong, or misunderstand how modals work a little.
Can anyone see where I'm messing up?,EDIT: Updated code to be simpler than initial question.","Instead of calling , method upfront let all the assets load first then call the , method.",72k,16,yes,"SA2.1, SA2.2, SB1",15,Coding,Embedding,,,HTTPRequest,,2015-12-22 19:45:14Z,"2015-12-22 19:45:14Z,2015-12-18 20:22:53Z,2015-12-18 20:28:53Z,2015-12-21 17:49:50Z,2015-12-21 17:12:53Z,2015-12-24 18:52:13Z,2015-12-22 05:24:08Z,2015-12-28 07:59:23Z,2015-12-28 11:49:26Z,2016-02-05 13:29:22Z,2015-12-28 12:13:28Z,2015-12-28 13:11:39Z,2018-12-21 03:33:40Z,2020-03-31 09:06:33Z","343,624,703,442,334,000,000,000,000,000,000,000,000,000,000,000,000,000,000,000,000,000,000,000,000,000,000,000,000,000,000,000,000,000,000,000,000,000,000,000"
https://stackoverflow.com/questions/34591729/how-to-execute-code-in-the-django-shell-by-an-external-python-script,Accepted,2016-01-04 12:58:13Z,2020-06-12 06:52:06Z,scre_www,"2,144",6,"python,linux,django,shell,manage.py",How to execute code in the Django shell by an external python script?,"I would like to create a python script to deactivate Django users in the database from the CLI. I came up with this:,The above code WORKS when I manually enter it manualy command after command. However, I would like to put execute the commands in one .py script like,This does not work! , this problem is here because Python waits until the opened Django shell (first command) finishes which is never. It doesn't execute the rest of the commands in the script as the first command puts it in Hold., can execute commands in a shell but only in the Python shell, I would like to use the Django shell.,Anyone ideas how to access the Django shell with a .py script for custom code execution?","Firstly, you should not be accessing your Python shell with ,. There's no need to be running as root.,Secondly, the way to create a script that runs from the command prompt is to write a custom manage.py script, so you can run ,. Full instructions for doing that are in ,.",14k,9,yes,"SA1, SA2.1, SB1, SB2",11,Coding,Interfacing,Interfacing choice,,-,,2016-01-04 13:08:16Z,"2016-01-04 13:08:16Z,2016-01-04 13:06:30Z,2016-01-04 13:19:01Z,2016-01-04 13:41:10Z,2017-07-11 08:39:57Z,2020-06-12 06:52:06Z","34,591,729,345,919,100,000,000,000,000,000,000,000,000,000,000,000,000,000"
https://stackoverflow.com/questions/11741574/how-to-print-utf-8-encoded-text-to-the-console-in-python-3,Accepted,2012-07-31 13:45:08Z,2020-09-04 11:16:33Z,Brutus,"6,908",5,"python,shell,encoding,utf-8,ascii",How to print UTF-8 encoded text to the console in Python < 3?,"I'm running a recent Linux system where all my locales are UTF-8:,Right now Python uses UTF-8 for the FS encoding but sticks to ASCII for the default encoding :-(,I thought the best (clean) way to do this was setting the , environment variable. But it seems that Python ignores it. At least on my system I keep getting , as default encoding, even after setting the ,.,If I do the following at the start of a script, it works though:,But that approach ,. So, what's a good way to accomplish this?,Instead of changing the default encoding - which is , (see mesilliac's answer) - I just wrap , with a , like this:,See , for a small utility function, that handles it.","i.e., if you have a Unicode string then print it directly. If you have
a bytestring then convert it to Unicode first.,Your locale settings (,, ,) indicate a utf-8 locale and
therefore (in theory) you could print a utf-8 bytestring directly and it
should be displayed correctly in your terminal (if terminal settings
are consistent with the locale settings and they should be) but you
should avoid it: ,; ,.,There are many wrong assumptions in your question.,You do not need to set , with your locale settings,
to print Unicode to the terminal. utf-8 locale supports all Unicode characters i.e., it works as is.,You do not need the workaround ,. It may
break if some code (that you do not control) does need to print bytes
and/or it may break while
,. Correct locale settings and/or , envvar are enough. Also, if you need to replace , then , like , does., is unrelated to your locale settings and to
,. Your assumption that setting ,
should change , is incorrect. You should
check , instead., is not used when you print to the
console. It may be used as a fallback on Python 2 if stdout is
redirected to a file/pipe unless , is set:,Do not call ,; it may corrupt your
data , and/or break 3rd-party modules that do not expect
it. Remember , is used to convert bytestrings
(,) to/from , in Python 2 , e.g., ,. See also,
,.",103k,52,yes,"SA1, SA2.1, SA2.2, SB1, SB2",10,Coding,Interfacing,Interfacing choice,,-,,2016-01-30 11:04:08Z,"2012-07-31 14:54:56Z,2012-07-31 14:35:58Z,2016-01-30 11:04:08Z,2019-05-04 05:15:48Z,2020-09-04 11:16:33Z","117,415,741,174,292,000,000,000,000,000,000,000,000,000,000,000"
https://stackoverflow.com/questions/35321671/compiling-c-code-that-uses-both-r-and-numpy-on-linux,Accepted,2016-02-10 17:14:04Z,2016-02-12 12:49:13Z,zabolekar,"1,584",1,"python,c,r,numpy",Compiling C code that uses both R and numpy on Linux,"I have some C code that uses both numpy and R. On Windows, it compiles with MSVC to a .dll which can be dynamically loaded from R and passes all the tests. However, I fail to make it work on Debian.,To investigate the problem I created the following minimal-ish example:
,I can compile it with
,where , was created from , with
,Then it can be used from R:
,When, however, I compile it on Debian with
,and import it from R the following happens:
,It does produce segmentation faults unless everything related to numpy is commented out. Interacting with pure Python from R seems to be OK. But as soon as , is called there is a segfault. I added , out of desperation and it didn't change anything.,Finally, if I compile the following (similar to the previous, but slightly changed) code
,on the same Debian machine with
,and call it with
,it suddenly doesn't crash, works well and produces ""Hello, 2 worlds"", as expected.,The versions are:
Windows: Compiler Version 19.00.23506 for x64, Python 3.4.4, numpy 1.9.3, R 3.2.0
Debian: gcc version 4.4.5 (target: x68_64-linux-gnu), Python 2.6.6, numpy 1.4.1, R 3.2.1,What am I doing wrong?, Tested on Ubuntu with both Python 3.2 and Python 2.7 with both gcc and clang. The problem persists.","A solution that works (with this example as well as with the real code) is to load libpythonX.Y.so with dlopen:,I do not, however, fully understand why it is needed.",141,8,yes,"SA2.1, SA2.2, SB1",0,Coding,Build,,,config in complex env,,2016-02-12 12:49:13Z,2016-02-12 12:49:13Z,"3,532,167,135,363,090"
https://stackoverflow.com/questions/35462175/call-python-function-from-c-sharp-net,Accepted,2016-02-17 16:20:06Z,2017-07-13 13:31:24Z,Morganis,602,2,"c#,python,.net",Call Python function from c# (.NET),"I have Visual Studio 2015 with my main form written in C# and from there I have different classes written in Python (normal Python not Iron Python). How do I call the Python functions from my C# Code?,I know there are multiple topics about this but most of them are too old and some solutions are too difficult or involve to use a middle language like C++. ,Here are some links I found useful but didn?????t provided with the answer I was exactly searching for:,Is there an easy way or do I still need a workaround? And if I need a workaround then what is the easiest one?","You can call everything through your command line,Or even better, just call , and pass your , files as its argument:",28k,11,no,"SA2.1, SA2.2, SB1",5,Design,Interfacing,Interfacing choice,,method choice,,2016-02-17 16:58:24Z,"2016-02-17 16:58:24Z,2016-02-17 16:46:45Z","354,621,753,546,300,000,000,000"
https://stackoverflow.com/questions/33789011/bokeh-implementing-custom-javascript-in-an-image-plot,Accepted,2015-11-18 19:46:39Z,2019-10-14 04:50:24Z,Casey P,140,1,"javascript,python,bokeh",Bokeh: implementing custom javascript in an image plot,"I am trying to combine these two examples in Bokeh:,
,The idea seems simple. I want to plot the image shown in the first link and then vary the frequency of the sine function using an interactive slider:,The chart plots right, but the image never updates. The problem almost certainly exists how I am plotting the image:,I don't think that's how you properly attach a plot to a source object. I am just passing in an array, which explains why the plot isn't updating when source changes, but I am not sure what the correct method is for the image function. If I change the statement to:,It won't plot correctly. I am not sure if this is just a syntax problem or a deeper issue. Any pointers would be appreciated. Thanks in advance.","I was dealing with a similar problem for a couple of days. Finally I made it work. First, notice the brackets [] in the ColumnDataSource function. The data allows for multiple images. So, inside the callback function you should use [0] to get the data for one image. Also the use of 'x' and 'y' in the source for the image conflicts with the location of the image x=[0], and y[0], so I used xx and yy. I want to mention that I borrowed code from an example by tobyhodges , : a way to push slider information to a callback function that has been already defined. Here the code:,To avoid deprecation warnings in the latest version of bokeh (the version that I have just installed is 0.12.3) I have modified this code as follows. In this code, I don't use data source for the image. Inside , I pass the image handle ""im"" and get the data source as ,.,Changes: the output now is for a , notebook. To obtain the html page, just follow previous versions. New in this bokeh version: The array on , is now a 1D array.",4k,8,yes,"SA1, SA2.1, SA2.2, SB1, SB2",9,Coding,Data handling,Interoperability,,parameter error,,2016-02-18 18:53:41Z,2016-02-18 18:53:41Z,"3,378,901,135,490,040"
https://stackoverflow.com/questions/33779063/nuget-package-with-a-dependency-on-visual-c-2013-runtime,Accepted,2015-11-18 11:38:31Z,2016-02-21 18:26:23Z,Dr. Andrew Burnett-Thompson,"19,448",1,"c#,c++,visual-c++,nuget,nuget-package",NuGet package with a dependency on Visual C++ 2013 Runtime,"I have created a NuGet package from .NET4.0 DLLs which include mixed (Managed and native) code.,The Native code is packaged up inside the .NET4.0 DLL but has a dependency on the , ,I'm trying to brainstorm ways to either package the redist with the NuGet package and/or warn the user that they need it, but I'm drawing a blank. ,Anyone got any ideas?","I actually kind'of solved this myself. While I couldn't find a solution to include the VCpp Runtime as a dependency to a NuGet package, I did find a solution to warn the user that the Visual C++ 2013 Runtime was needed. ,I run this code once, statically, at startup of the component/library that requires the VC++ Runtime:,This should alert any developers that are consuming your NuGet package that they need to install the runtime.",1k,10,no,"SA2.1, SA2.2, SB1",2,DEM,Build,,,NuGet??dependence ,,2016-02-21 18:26:23Z,2016-02-21 18:26:23Z,"3,377,906,335,540,090"
https://stackoverflow.com/questions/35444656/thrift-java-client-cannot-handle-union-properly,Accepted,2016-02-16 22:57:45Z,2016-08-24 19:19:05Z,wilbeibi,"3,292",1,"java,c++,thrift,unions",Thrift java client cannot handle union properly,"Dead simple thrift union example.
Env: latest thrift, cpp as server, java as client
,:,:,Somehow, java client cannot print out string properly. (I also wrote a python client, but that seems work),Full code on gist here:","Actually you are observing , bug which cause compiler to produce invalid C++ code for union types. ,In your case server writes both fields of union type while client always reads only first one - , (remaining bytes are still resides in buffer). So second read never ends because it finds some unexpected data in buffer.,You can can use , instead of , and maintain single-field logic manually. Or you either can contribute/wait till bug will be fixed. ,The last option is applying a patch on incorrectly generated C++ source code like this:",1k,10,yes,"SA1, SA2.1, SA2.2, SB1, SB2",4,Coding,Data handling,Interoperability,,,,2016-02-26 17:37:37Z,2016-02-26 17:37:37Z,"3,544,465,635,658,220"
https://stackoverflow.com/questions/35752909/bash-script-printf-colors-from-variable,Accepted,2016-03-02 16:29:07Z,2016-03-02 17:37:07Z,Alex Mikhaelson,75,2,"c,bash,shell",Bash Script printf colors from variable?,"I was hoping to see if someone can point out what I am doing wrong because I am stumped. I am trying to learn bash scripting to deploy a dev test server. One of the things I am trying to achieve is outputting status outputs when a part of the script completes or an action completes. As an example: ,The problem I am having is formatting the value of the first string, ,, which is ,. In the beginning of the script I have defined , as ,However, when I go to execute the script, the output looks like the following:,Instead of the correct output which looks like:,Where ""PASSED"" is written in green coloring. ,However, I did notice that if I do the following:,The above behaves correctly, but I believe isn't the correct way of doing it. Any ideas?","You want bash to interpret the backslash characters. Use %b instead of %s in your printf. So instead you should have the following.,Also, I modified your variable.",2k,6,yes,"SA2.1, SA2.2, SB1",3,Coding,Data handling,Data format/compatibility,,string format,,2016-03-02 16:49:46Z,"2016-03-02 16:49:46Z,2016-03-02 17:28:00Z","357,529,093,575,334,000,000,000"
https://stackoverflow.com/questions/35731305/do-json-libraries-agree-on-whats-the-double-precision-value-of-5000-1,Accepted,2016-03-01 19:06:46Z,2016-03-03 15:44:54Z,Aaron Mansheim,415,3,"java,c#,json",Do JSON libraries agree on what's the double-precision value of .5000?????1?,"If I need to transmit floating-point numbers exactly from C# to JSON to Java, can I use JSON numbers?,If not, why not? What information could be lost and how can I guarantee to retain that?,To be specific, I'm using Json.NET in C# and Jackson (through its class ObjectMapper) in Java.,It looks like double.TryParse is what is ultimately used when Json.NET parses a number to double and Double.parseDouble is what is ultimately used when Jackson ObjectMapper parses a number to double.,Can I expect Microsoft's , and Java's , to agree exactly on the value of every JSON number?,I am concerned because the number of digits in a JSON number is not bounded in ECMA-404, IETF RFC 7159, or json.org. This other question (,) makes me wonder how much I can trust a common belief that the first block of 17 decimal digits (having discarded leading zeroes), or in fact any bounded number of decimal digits, is sufficient to determine a double-precision floating-point value.","The JSON part of the question can be safely ignored. In both cases it is just a string that gets parsed. What matters is:,As Juunas states, both use the same spec for doubles, so you should be able to consider , identical.,nothing in either parsing documentation guarantees comparability with the other nor is how the handling of numbers which can not be represented specified in either documentation. ,However as you are using doubles here, and (on the assumption you are using doubles with the knowledge they an't right) they are likely ""good enough"", and if they are not ""good enough"" then it is likely that doubles the right data structure anyway and you should be looked at a fixed decimal format. How that works with JSON is a different question. :)",3k,6,no,"SA2.1, SB1",2,Design,Data handling,Data format/compatibility,,json error,,2016-03-03 15:26:04Z,"2016-03-03 15:26:04Z,2016-03-01 19:28:43Z,2016-03-03 15:34:06Z","35,731,305,357,762,100,000,000,000,000,000"
https://stackoverflow.com/questions/35716417/show-previously-uploaded-images-in-fine-uploader,Accepted,2016-03-01 06:49:14Z,2016-03-04 15:15:23Z,,,1,"javascript,php,jquery,file-upload,fine-uploader",show previously uploaded images in [FINE UPLOADER],"I am using fine uploader plugin to upload images. The image upload is working fine. What I am trying to do is when the page is refreshed after image upload fine uploader should show previously uploaded images.,Here is my code..,Thanks in advance.","To show previously uploaded images or general files when creating a new Fine Uploader instance (such as on page load), you should make use of the ,.,To do this, you must contribute a session endpoint option, like this:,Fine Uploader will send a GET request to this endpoint, and your server must response with a JSON array containing objects that represent each file to be displayed in the list.,Here are the following properties of each Object that Fine Uploader recognizes (* = required):,The response will be converted into a JavaScript Array and passed to your sessionRequestComplete event handler. So, any non-standard object properties passed with your server response will also be passed to your event handler.",2k,6,yes,"SA1, SA2.1, SA2.2, SB1, SB2",9,Coding,Build,,,3rd tool usage,exist document,2016-03-04 15:15:23Z,2016-03-04 15:15:23Z,"3,571,641,735,799,500"
https://stackoverflow.com/questions/36340948/how-can-i-get-data-from-a-websocket-url,Accepted,2016-03-31 18:25:33Z,2016-03-31 18:34:23Z,Rynelf,71,1,"javascript,c#,html,node.js,websocket",How can I get data from a websocket url?,"When I connect to a website who uses websockets, I can get the frames with the Google Developer Tools.,So I would like to get the same data but in a program ( JS, C# ) but I actually have no idea how I should do.,I thought about make a http.request with nodeJS but it's not a http url :/
I thought about make a sample JS client but I couldn't get the data because I wasn't able to send the headers with the 'key'.,So, I really hope you have a way to help me and sorry for my basic English :(","WebSockets is a standard technology to implement stateful, persistent connections between clients and servers. It has its own protocol , and , (like ,).,What you need is a proper WebSocket client to receive data from the server.,The problem here is WebSockets it's not a protocol per se. There's no concept of request and response. It's like working with TCP sockets. ,If you want to work with WebSockets, nodeJS has ,. ,In C#, you should take a look at ,.",9k,6,no,"SA1, SA2.1, SB1, SB2",8,Coding,Interfacing,Interfacing choice,,method choice???socket,,2016-03-31 18:34:23Z,2016-03-31 18:34:23Z,"3,634,094,836,341,090"
https://stackoverflow.com/questions/36530637/embedding-python-in-c-error-in-linking-undefined-reference-to-pystring-asstri,Accepted,2016-04-10 13:52:36Z,2016-04-10 16:56:34Z,Jahan Balasubramaniam,330,1,"python,c,python-3.x,python-internals,python-embedding",Embedding Python in C: Error in linking - undefined reference to PyString_AsString,"I am trying to embed a python program inside a C program. My OS is Ubuntu 14.04,I try to embed python 2.7 and python 3.4 interpreter in the same C code base (as separate applications). The compilation and linking works when embedding python 2.7 but not for the python 3.4. It fails during the linker stage.,Here is my C code (just an example not real code),I compile the program using gcc. First with compiling and linking flags set to python 2.7 I run the compilation and linking by using following command:,The flags expand as:, , ,It works fine without any issues. When I try to compile the same with python3.4 flags it fails:,The flags expand as:, , ,I tried by changing the order in which linker objects are specified. But no luck. Any idea why this would be the case?,Thanks for the help!!","; the Python 3 , correspond to Python 2 , objects; the names of the functions for handling , in Python 3 are ,-prefixed in the C-API.,Thus this line:,could be changed to use , on Python 3:,(not that passing , to , , will have undefined behaviour, so you'd want to check that a non-NULL pointer was returned)",6k,6,yes,"SA1, SA2.1, SA2.2, SB1, SB2",9,Coding,Build,,,outdate function not work,,2016-04-10 14:27:24Z,2016-04-10 14:27:24Z,"3,653,063,736,530,990"
https://stackoverflow.com/questions/36853411/using-javascript-to-call-c-in-internet-explorer,Accepted,2016-04-26 00:32:52Z,2016-04-26 06:06:08Z,tt9,"4,834",2,"javascript,c++,windows,com",Using Javascript to Call C++ in Internet Explorer,"I have seen this for BHO extensions, where the JavaScript can call functions in the C++ BHO. But lets say I am not using a BHO, instead I have a C++ console application that creates an IE COM object like so:,I also have a class which ""owns"" the IWebBrowser2 object that comes back from this function.,Is there a way to call a function like ""SomeFunction"" in the wrapper class from the JavaScript in the spawned IWebBrowser2 object?","You must implement the , and set it to the web browser with a code similar to this (extracted from the doc):,You must specifically implement the ,now, in IE's javascript (or vbscript for that matter), you can access your host with a call like this:,What you return in GetExternal , an , object that you can design the way you want.",2k,7,yes,"SA1, SA2.1, SA2.2, SB1, SB2",6,Coding,Interfacing,Interfacing choice,,function choice???API,,2016-04-26 06:02:52Z,"2016-04-26 06:02:52Z,2016-04-26 06:06:08Z","368,534,113,685,643,000,000,000"
https://stackoverflow.com/questions/37228791/custom-button-next-to-add-to-cart-button-of-woocommerce-based-on-product-type,Accepted,2016-05-14 15:55:46Z,2019-12-30 07:22:53Z,Firman,433,3,"javascript,php,jquery,wordpress,woocommerce",Custom Button next to ?????ADD TO CART????? button of WooCommerce based on Product Type,"I want add a custom Button ""View Demo"" next to ""Add to Cart"" button of WooCommerce based on Product Type, both on main shop page and single product page.,I've done this steps:,Add code to theme file ,:,Add jQuery script using ""TC Custom JavaScript"" plugin:,It's work, the Custom button ""View Demo"" shown on main shop page and single product page. ,But I've some problem now, the ""View Demo"" button link only correct on Single Product page, while on shop main page the ""View Demo"" button, link to the same url. Is my code above wrong?,My questions are, how to add ""View Demo"" button (both on main shop page and single product page) that only show for spesific product type, for example only show on category ,? Last, is there any other way to add demo link without editing the , file like above method? I just anticipating the , file reset if the theme updated.","I am using another way to do it: ,. , the jQuery script and also the javascript located in your , file, so you can erase them.,Using , instead of , (thanks to ,) to get only the value concatenated in the , string. ,Paste this code snippet in your , file located in your active child theme or theme folder:,I have target the hooks used to display , button on shop page and in single product pages, to display your , button after it, buy lowering the priority.",9k,6,yes,"SA2.1, SA2.2, SB1, SB2",13,Coding,Embedding,,,HTTPRequest,,2016-05-14 16:57:32Z,"2016-05-14 16:57:32Z,2017-10-20 21:12:47Z,2016-05-15 15:45:35Z","37,228,791,372,294,400,000,000,000,000,000"
https://stackoverflow.com/questions/37474832/how-to-train-a-model-in-c-with-tensorflow,Accepted,2016-05-27 04:25:05Z,2016-05-28 11:28:25Z,darren1231,73,1,"python,c++,tensorflow",How to train a model in C++ with tensorflow?,"I tried to trained a experiment with deep learning model.
I found that tensorflow is the best way to do this.
But there is problem that tensorflow need to be writen in python.
And my program contain many loops.Like this..,I know this is a big drawback for python.
It's very slow than c.
I know tensorfow has a C++ API, but it's not clear.
,
(This is the worst Specification I have ever looked)
Can someone give me an easy example in that?
All I need is two simple code.
One is how to create a graph.
The other is how to load this graph and run it.
I really eager need this.Hope someone can help me out.","It's not so easy, but it is possible.
First, you need to create tensorflow graph in python and save it in file.
This article may help you,
,Second, you need to compile libtensorflow, link it to your program (you need tensorflow headers as well, so it's a bit tricky) and load the graph from the file.
This article may help you this time,",3k,6,yes,"SA1, SA2.1, SB1,SB2",4,Design,Interfacing,Invocation mechanism,Explicit interfacing,tensorflow train model,,2016-05-28 11:28:25Z,2016-05-28 11:28:25Z,"3,747,483,237,498,410"
https://stackoverflow.com/questions/37506637/how-to-clear-ajax-response,Accepted,2016-05-29 05:46:32Z,2016-05-29 06:15:14Z,,,3,"javascript,php,jquery,ajax",How to clear ajax response,"I have an event from where i call an Ajax function. From that ajax function i want to return a string, But the problem is that function also called some other functions and return some value.,The problem is the ajax called page return the whole sting that is returned from each and every functions, i mean Inherited.,now when i see at the , its a long string, but i need only the , how can i remove other responses??,Thanks in Advance.","You can bufferize output of , using , like this:",2k,6,yes,"SA1, SA2.1, SA2.2, SB1, SB2",4,Coding,Interfacing,Invocation mechanism,Implicit interfacing,ajax,,2016-05-29 05:57:33Z,"2016-05-29 05:57:33Z,2016-05-29 05:59:23Z,2016-05-29 06:15:14Z","37,506,637,375,067,000,000,000,000,000,000"
https://stackoverflow.com/questions/37690068/laravel-refresh-data-after-ajax,Accepted,2016-06-07 21:54:50Z,2017-10-05 22:59:39Z,bradley546994,601,3,"javascript,php,jquery,ajax,laravel",Laravel refresh data after ajax,"He is currently working on code that has to filter the data in the table. Ajax will call the link and gets the response (json) results with answer. However, I came across a problem. I have to somehow render tables and I do not want to do this by append etc.,Can I somehow again generate views or blade file? ,The default view is DefController@index but ajax use url which controller is DefController@gettabledata.","You can put the part in your template corresponding to the table in a separate , file, and , that in your main layout., :,And,:,In this way you can use a simple jQuery , and on your server just render and respond that part as an html string. ,Javascript:",24k,6,yes,"SA2.1, SA2.2, SB1",8,Coding,Interfacing,Invocation mechanism,Implicit interfacing,ajax,,2016-06-07 21:59:51Z,"2016-06-07 21:59:51Z,2016-06-07 22:49:26Z,2017-10-05 05:38:20Z","37,690,068,376,901,300,000,000,000,000,000"
https://stackoverflow.com/questions/37570418/reload-captcha-image,Accepted,2016-06-01 13:39:36Z,2018-11-30 16:57:57Z,Petru Lebada,"1,715",7,"javascript,php,jquery,image",Reload captcha image,"I have a php script which generates a png image with a captcha code as image text.,I want to reload the image via jQuery or JavaScript,so i'm using something like this:,the field:,As the first attempt,it works , but after that if i click on the field again it won't work anymore and i have no idea why .","You are replacing the dom element with new element, it will destroy all attached event handlers. , You can resolve this by using , to listen dynamically added elements event., Instead of replacing entire element just update the img src attribute with new url., Also you can get it done with pure JavaScript with same logic as previous., Setting , attribute to the element and handling the click event with pure JavaScript, where you need to pass , as argument to refer the element.",8k,7,no,"SA1, SA2.1, SA2.2, SB1, SB2",11,Coding,Embedding,,,HTTPRequest,,2016-06-09 03:54:55Z,"2016-06-09 03:54:55Z,2016-06-04 13:33:09Z,2016-06-04 13:26:15Z,2016-06-04 13:26:25Z,2016-06-04 13:39:22Z,2016-06-06 17:02:52Z,2016-06-10 13:44:04Z","3,757,041,837,716,500,000,000,000,000,000,000,000,000,000,000,000,000,000,000,000,000"
https://stackoverflow.com/questions/38243721/return-json-object-from-php-script,Accepted,2016-07-07 10:56:29Z,2016-07-07 11:22:33Z,,,3,"javascript,php,jquery,ajax",Return JSON object from php script,"I am making an AJAX , request using jQuery to a PHP file. I want the PHP script to return a JSON object, however, currently it is returning a JSON string. I realise I can use , in the jQuery code, however, any experience I have in making an AJAX call to an API a JSON object is returned. I am trying to do the same with the php script however, it is returning a string as opposed to an object.,Does anyone know what the best practice is here, and if the best practise is to return a JSON object how I would do this using PHP?,Please see the code below:","In your PHP file, change the content type to ,.,Then your console should read , rather than just the JSON string.",9k,6,yes,"SA2.1, SA2.2, SB1",13,Coding,Data handling,Data format/compatibility,,json error,,2016-07-07 11:05:13Z,"2016-07-07 11:05:13Z,2016-07-07 11:00:41Z,2016-07-07 11:22:33Z","38,243,721,382,438,800,000,000,000,000,000"
https://stackoverflow.com/questions/37206310/how-to-return-the-multiple-lists-from-controller-action-to-ajax-success-call-bac,Accepted,2016-05-13 09:30:22Z,2016-07-15 14:15:44Z,rakshithrai,650,3,"javascript,c#,ajax,asp.net-mvc-4",how to return the multiple lists from controller action to ajax success call back function,"I am creating a mvc .net project in which i have the jquery ajax request is as follows,which call the following controller action,the code is working fine. the controller action send the data in allUser to callback function.,but what i need is that i want to send both data in alluser and allUser1 to the success function of ajax call","I would create a class that has 2 properties,now you can return the class object back to JSON",3k,7,yes,"SA2.1, SA2.2, SB1",1,Coding,Interfacing,Invocation mechanism,Explicit interfacing,ajax,,2016-07-15 14:15:44Z,"2016-05-13 09:40:54Z,2016-05-13 09:42:29Z,2016-07-15 14:15:44Z","37,206,310,372,065,500,000,000,000,000,000"
https://stackoverflow.com/questions/38378901/jni-thread-model,Accepted,2016-07-14 15:57:02Z,2016-07-17 17:14:53Z,Hossein,"1,006",1,"java,c++,multithreading,java-native-interface,jnienv",JNI thread model?,"When I call a C/C++ from Java, is a new thread created by JavaVM or JNI to run the C/C++ code while my Java thread is waiting?
I ask this because my C/C++ code runs something on the GPU and I need to check a specific buffer to get the result back. Once I have the result, I need to call my Java function again.,So I was thinking of creating a thread on the C++ side that continuously checks the buffer and once there is some data available, makes a call back to the Java side.","The JNI does not create any new thread behind the scene. A native function is executed in the same thread as the java method that calls the native function. And vice versa when native code calls a java method then the the java method is executed in the same thread as the native code calling the method.,It has consequence - a native function call returns to java code when the native function returns and native code continues execution when a called java method returns.,When a native code does a processing that should run in a separate thread the the thread must be explicitly created. You can either create a new java thread and call a native method from this dedicated thread. Or you can create a new native thread in the native code, start it and return from the native function.,If you use the second variant and you want to call a java callback from a thread created natively you have to attach the thread to JVM. How to do it? See the , ...",4k,12,no,"SA1, SA2.1, SA2.2, SB1, SB2",18,Coding,Interfacing,Invocation mechanism,Explicit interfacing,thread,,2016-07-17 17:14:53Z,2016-07-17 17:14:53Z,"3,837,890,138,423,860"
https://stackoverflow.com/questions/38678239/execute-google-chart-api-javascript-in-php-file,Accepted,2016-07-30 20:33:41Z,2016-08-09 19:21:15Z,Carol.Kar,"5,082",4,"javascript,php,wordpress,google-visualization",Execute Google Chart API (Javascript) in php file,"I am creating a mail in php, in a wordpress plugin, and would like to include an image created by the google chart api. I tried the following:,My problem is that Javascript cannot be executed in a delivered mail. Hence, I am looking for a way to execute Javascript inside the script. ,Any suggestions how to execute javascript in a php file to get the resulting google-api link?,I appreciate a working example!,PS.: My php version is:","google charts have a native method (,),
it creates a base64 string representation of the chart,
which can be included in the , attribute of an , element,
or saved to a file as , ,see , for more info ,in addition, you should wait for the chart's , event to fire,,
before grabbing the image ,to send the chart image in an email, recommend having a page that draws the chart,
then when the , event fires, sends the image string via ajax to the controller that sends the email... ,see following snippet for example of getting image..., ,taking from the example above, when the chart's , event fires,,
send the image string back to the same page via ajax post ,then in ,, check if the image was received ,if received, send email, otherwise draw chart ,following is a primitive example of the workflow...",2k,12,yes,"SA1, SA2.1, SA2.2, SB1, SB2",7,Coding,Interfacing,Interfacing choice,,function choice,,2016-07-30 21:28:57Z,"2016-07-30 21:28:57Z,2016-08-06 01:13:16Z,2016-07-30 21:13:03Z,2016-08-09 09:16:49Z","3,867,823,938,678,660,000,000,000,000,000,000,000,000"
https://stackoverflow.com/questions/38916788/accessing-laravel-relations-in-javascript-code,Accepted,2016-08-12 11:22:32Z,2017-02-11 23:06:45Z,micky,418,3,"javascript,php,laravel",Accessing Laravel relations in JavaScript code,"Product has a one-to-many relation, 'productbrand', with table productbrand and productbrand has a one-to-one relation, 'brand', with table brand. Table brand has a column, 'brand'. And I am able to access the brand of the product. All other categories, username, etc. are accessed properly.,Ajax and jQuery:,This way I could get only one brand. I have also tried the following way, but failed.,In the controller:,In Ajax:","Why declare all these variables:,If category, user, productbrand and then brands are models relation with product and to fetch category from category, username from user, etc.,Instead maintain the relations with 'with';,And in JavaScript:, Access brand like this.",3k,14,yes,"SA2.1, SA2.2, SB1",12,Coding,Data handling,Data format/compatibility,,data structure,,2016-08-15 04:05:16Z,"2016-08-15 04:05:16Z,2016-08-14 21:29:42Z,2016-08-13 11:57:17Z","38,916,788,389,491,700,000,000,000,000,000"
https://stackoverflow.com/questions/38898776/add-access-control-allow-origin-on-http-listener-in-c-rest-sdk,Accepted,2016-08-11 14:11:25Z,2016-08-17 08:42:12Z,rnd_nr_gen,"2,119",1,"javascript,c++,cors,cross-domain,casablanca",add Access-Control-Allow-Origin on http_listener in C++ REST SDK,"I am running an HTTP server with web::http::experimental::listener::http_listener from Microsoft C++ REST SDK 1.3.1 and try to write HTML&Javascript as a client to interact with the server.,almost without surprise I got ...
Cross-Origin Request Blocked: The Same Origin Policy disallows reading the remote resource at ...... (Reason: CORS header 'Access-Control-Allow-Origin' missing).,How can I put , on the http listener side (in c++ code)??,Is it possible in C++ REST 1.3.1??
is there workaround except JSONP?,Server,Client
Client with jQuery v1.12.4 (bounded to jQuery UI v1.12.0),----------------- UPDATE -----------------------,Solution from the answer,SERVER,CLIENT","To add headers on the server-side (C++), you'll need to modify the code you are using to send the response back.,At the moment, you're using:,Instead of doing that in a one-liner, the idea is to compose the response yourself starting from an empty response, add the desired header, set the actual body and then, send the response back to the client.,To constructs an empty response, we can use the following function:,As described in ,, it will constructs a response with a given status code, no headers and no body.,To access the headers of a response, we can use the following function:,The returned object will be of the , which contains a ,:,This function will add a header to the response if it's provided a name and a value for the header.,When the header is set, the only thing remaining to set is the body. To do that, a response have the ,:,At the end, the complete code replacing your one-liner to create an empty response, set the header and the body and then send it back would look like:,Please note that in the last portion of the code, I'm using the , macro in order to create a string literal of the targeted platform type. You can find more informations regarding this , macro in the ,.,Regarding preflight requests using the , HTTP verb, these are expected in a situation like this. By default, the C++ REST SDK includes a default implementation for these requests. The default implementation can be checked in ,:,It is basically returning a , status code and adding a list of the supported methods your server can handle.,If you want to override the default implementation, for example to add some specific headers used by preflight requests like , or ,, you will need to add a specific handler like you did for the , and , requests using:,It is not possible to use a general handler to handle , request with:,The reason why we can't use a general handler, if we take a look at ,, is that if a method does not have a specific handler and is using the , HTTP verb (or TRACE), the default handler implemented by the C++ REST SDK will be called:",5k,10,yes,"SA1, SA2.1, SA2.2, SB1, SB2",8,Coding,Interfacing,Invocation mechanism,Implicit interfacing,HTTPRequest,,2016-08-16 09:37:42Z,2016-08-16 09:37:42Z,"3,889,877,638,971,420"
https://stackoverflow.com/questions/39127512/java-uncaughtexceptionhandler-havent-got-any-exception-using-jni,Accepted,2016-08-24 15:33:42Z,2016-08-24 17:31:10Z,user788767,73,1,"java,c++,multithreading,java-native-interface,uncaughtexceptionhandler",Java UncaughtExceptionHandler haven't got any exception using JNI,"I have a Java library which run a series of tasks. And I registered a default uncaught exception handler using:,The UncaughtExceptionHandler implements , and only log the error information in ,.,My Java library is called through JNI from C++ code, and the JNI is calling it with , and log the error as FATAL in C++. ,The problem is:,In the runtime, when there's a , (or any other uncaught exception) happens in my Java code, the error got captured in C++ instead of my , registered as thread default uncaught exception handler. ,Thanks so much.","It sounds like you are talking about the , (i.e., you are calling Java methods from within a C++ program, as opposed to simple JNI where the calls go the other way.),I'm not a big expert, but I have worked with the Java Invocation API.,As far as I know, an uncaught exception handler only will be invoked when an exception is thrown by a Java thread's , method. But there , any , method in a thread that was created by C/C++ code.,I wrote C, not C++, so my calls into Java all looked like ,When that's called from C, it always returns, but before you use the ,, you have to check whether the method returned normally or threw an exception.,If it threw an exception, there's no way for the exception to be ""uncaught"", If the C code doesn't call , (i.e., if the C code doesn't ""catch"" the exception), then I don't remember what happens, but I don't think it's good.",449,7,yes,"SA2.1, SA2.2, SB1",1,Coding,Error/Exception handling,,,HTTPRequest,,2016-08-24 17:19:22Z,2016-08-24 17:19:22Z,"3,912,751,239,129,430"
https://stackoverflow.com/questions/39244589/serializing-image-stream-using-protobuf,Accepted,2016-08-31 08:34:10Z,2019-10-02 09:03:39Z,Dong Li,450,2,"python,c++,protocol-buffers",Serializing image stream using protobuf,"I have two programs in Ubuntu: a C++ program (TORCS game) and a python program. The C++ program always generates images. I want to transfer these real-time images into python(maybe the numpy.ndarray format). So I think that maybe using Google protobuf to serialize the image to string and send string to python client by ZMQ is a feasible method.,: which value type is suitable for the image(a pointer) in , file? In another words, which value type I should use to replace , type in the below example?,This is the way I write image to memory (uint8_t* image_data):,At last, maybe there is a better way to transfer image (in the memory) to a python client?,Any suggestions are appreciated.","If I had to do this, I would use one of:,Or possibly use an intermediate , message, composed either of interleaved R, G, B bytes or separated R, G, B bytes. The first version is likely going to be fastest to generate and display.",10k,10,yes,"SA2.1, SA2.2, SB1",9,Coding,Data handling,Data format/compatibility,,serialization,,2016-08-31 11:37:52Z,"2016-08-31 11:37:52Z,2019-10-02 09:03:39Z","392,445,893,924,861,000,000,000"
https://stackoverflow.com/questions/39498702/passing-arguments-to-python-from-shell-script,Accepted,2016-09-14 19:58:40Z,2018-10-19 00:03:04Z,kskp,622,2,"python,shell,arguments",Passing arguments to Python from Shell Script,"I wrote a small shell script that looks like this:,My , looks like this:,now, the output of echo $var1 in my shell script is exactly what I wanted to see:,But the output of , in the python code is just ,. i.e. the first letter of the argument.,Why is this happening? I want to pass the entire string to the python code.","If there is space in between argument and argument is not in quotes, then python consider as two different arguments.,That's why the output of print data in the python code is just 1.,Check the below output.,:",33k,9,yes,"SA2.1, SA2.2, SB1",19,Coding,Interfacing,Invocation mechanism,Explicit interfacing,Shell transfer data to python,,2016-09-14 20:10:48Z,"2016-09-14 20:10:48Z,2016-09-14 20:12:57Z","394,987,023,949,887,000,000,000"
https://stackoverflow.com/questions/39649807/how-to-setup-qwebchannel-js-api-for-use-in-a-qwebengineview,Accepted,2016-09-22 22:24:44Z,2019-09-08 16:15:36Z,Thunder Storm,686,1,"javascript,c++,qt",How to setup QWebChannel JS API for use in a QWebEngineView?,"As Qt's documentation is far from complete, which are the ways to setup QWebChannel and are there different ones from adding a , tag in your HTML page like recommended in the documentation?","There are different options to load the needed script accessible at the URL ,:,My prefered method because it seems simple and has been reliable so far.
Keep in mind the possibility that the API might not be set up by the time this code has finished as the , method does not block the current thread until the JS code has been executed.,Although I didn't try these methods they should still work, as they aim to load external JS files.
One of the methods suggested , might come in handy depending on which other libraries you use.,This is the default method recommended by Qt's documentation. It has the advantage of providing the API immediatly after the page was loaded.
The downside of this is that you need to modify the HTML of the web page which can be painful if you are not the owner of the site.,Don't forget create a QWebChannel object on the C++ side:,As pointed out in the comments in order to share objects between C++ and JavaScript you need to initialize the QWebChannel.,This answer was thought as an addition to Qt's documentation, so if you want to add something feel free to do so.,Version: Qt 5.6.1,Sources:",5k,6,no,"SA1, SA2.1, SA2.2, SB1, SB2",15,Design,Build,,,lack documentation,,2016-09-22 22:24:44Z,2016-09-22 22:24:44Z,"3,964,980,739,649,800"
https://stackoverflow.com/questions/39774300/jquery-datatables-asp-net-issue,Accepted,2016-09-29 15:23:58Z,2016-10-04 19:38:08Z,TrevorGoodchild,874,1,"javascript,c#,jquery,asp.net",jQuery Datatables ASP.NET issue,"I'm building a report dashboard using C# and JQuery Datatables. One of the reports on the page contains an update panel with a drop down list. When the user changes the selection, the data refreshes based on the ddl selection. Within each block there is also a link that makes a server side call to export the data to Excel. The problem is that after I click on the Excel export link, the drop down lists lose any functionality, as do the other Excel download links. ,Here's my code:,Here's the jQuery:,This code is in place to handle the update panel:,The error I'm getting is:,Unable to get property 'style' of undefined or null reference. ,This is the full error from the IE JS debugger:,not surprisingly, this works perfectly fine in Chrome, blows up in IE.","I figured it out. It turns out Sharepoint has a flag to prevent someone from clicking a button twice. I added this code:,and it works fine now.",465,6,yes,"SA2.1, SA2.2, SB1",2,Coding,Embedding,,,HTTPRequest,,2016-10-04 19:38:08Z,2016-10-04 19:38:08Z,"3,977,430,039,860,430"
https://stackoverflow.com/questions/39686611/column-sum-of-multiple-columns-of-dynamic-gridview-using-javascript,Accepted,2016-09-25 12:06:54Z,2017-01-19 20:03:24Z,Sreenath Ganga,666,3,"javascript,c#,asp.net,gridview",Column sum of multiple columns of dynamic gridview using Javascript,"I have a Dynamic asp Gridview with all columns as template feild TextBox. The columns of the Gridview are also dynamic and column count may vary everytime.,Please find code below,And inorder to get the row total I had added a Javascript function on keydown event and its working clearly,And the result is Like below
,can anyone please help me in finding out the sum of each columns(all same cssclass).and display it in the Sizetotal row because I am not able to loop through columns","I would give every textbox a row id and a column id through ,. and in javascript (jQuery) filter the textboxes through column id.,example:,By the way, use jQuery. its amazing.",3k,6,yes,"SA1, SA2.1, SA2.2, SB1, SB2",1,Coding,Embedding,,,HTTPRequest,,2016-10-04 20:09:48Z,"2016-10-04 20:09:48Z,2016-09-28 07:59:57Z,2016-09-28 07:17:13Z","39,686,611,398,609,300,000,000,000,000,000"
https://stackoverflow.com/questions/39948485/how-can-i-convert-python-boolean-object-to-c-int-or-c-boolean-python-c-api,Accepted,2016-10-09 21:00:18Z,2018-06-12 18:25:01Z,Petr,"12,479",2,"python,c,python-c-api",How can I convert Python boolean object to C int (or C++ boolean) (Python C API),"I have a variable , that I know is a Python bool. It either is , or , (eg. , or ,). now I would like to convert it to C++ somehow.,Doing this with strings isn't so hard, there is a helper function for that - , that converts python string into C string. now I need something like that for boolean (or int as there is no , in C).,Or if there isn't conversion, maybe some function that can compare with true or false? Something like ,?,Here is some example code for easier understanding of what I need:,This obviously wouldn't work as there is no such function like , :( how can I do that?,Snippet of Python header (boolobject.h):","Python object can have its truthiness evaluated with ,, and you should use this in preference to direct ,/, singleton checking unless you absolutely know, for certain, that the object is a ,.,Usage is:,You can just test , if you know it's definitely a bool, or use , to convert any logical integer type (anything implementing ,, and , is a subclass of ,, so it's also logically an integer) to a signed , value (if , returns a number that doesn't fit in signed ,, it will return -1 with exception set).,The reason not to do , in general is because it's like doing , at the Python layer. If , is ,, or an non-empty ,, that will treat it as false, when Pythonic code is rarely concerned about being , or ,, but rather, ""truthiness"" and ""falsiness"".,In addition, this:,is flat wrong. That will incref , and return it; none of the subsequent code will execute. You'd want:,for a borrowed reference, adding a subsequent:,to make it an owned reference if you intended to return it later (since it's a singleton that won't go away, using a borrowed reference is fine unless you know it will be ,ed later, e.g. because you returned it and passed ownership to a caller who can't know it's a borrowed reference).",5k,10,yes,"SA1, SA2.1, SA2.2, SB1, SB2",15,Coding,Data handling,Data format/compatibility,,convert data,,2016-10-25 21:28:16Z,"2016-10-25 21:28:16Z,2016-10-09 22:40:08Z","399,484,854,025,003,000,000,000"
https://stackoverflow.com/questions/41323746/use-python-regex-to-parse-string-of-floats-output-by-java-arrays-deeptostring,Accepted,2016-12-25 18:57:35Z,2016-12-25 19:06:38Z,NickleDave,171,2,"java,python,arrays,regex,string",Use Python regex to parse string of floats output by Java Arrays.deepToString,"I'm working with someone's Java code where a key data structure is a , array, ,. I need to get it into Python; currently my approach is to save the array to a text file using Arrays.deepToString and then parse that text file from Python.,I am stuck on how to write a regular expression that will parse the txt.
What I , do is find all the floats with their associated exponents in scientific notation.
I use the following pattern to do so:,This works fine to capture floats in scientific notation as they are output by deepToString. note the values are all positive because they are probabilities. I.e., I don't have any issues with how I'm capturing the numbers themselves.,What I , do but what I would like to do is have regex search for any number of floats enclosed in left and right brackets. I tried this:,where I'm trying to find one or more case of the float format followed by a comma and a space enclosed by square brackets. But that returns ,. not sure what I'm not understanding.,Here's an example 2x1x1 array:,What I would want is for the regex to return two matches:,and,that I can then just parse as strings with strip and split.,I've figured out a workaround where I just find all the bracket indexes. But I'd like to know what I'm not understanding about regexs.","The data that you have is both valid python and valid json:,You'll be better off parsing with those libraries than trying to do so with regex.",104,7,yes,"SA2.1, SA2.2, SB1",4,Coding,Data handling,Data format/compatibility,,parse data,,2016-12-25 19:03:23Z,"2016-12-25 19:03:23Z,2016-12-25 19:03:03Z","413,237,464,132,377,000,000,000"
https://stackoverflow.com/questions/40674654/can-not-add-data-attributes-in-script-tag-in-prestashop-1-6,Accepted,2016-11-18 10:26:15Z,2018-11-25 13:19:42Z,Jahangir Alam,831,1,"javascript,php,prestashop,prestashop-1.6",Can not add data attributes in script tag in PrestaShop 1.6,"I am developing a custom payment module in PrestaShop 1.6. My front controller path is: ,payment.php contains:,My template file path is:
,payment.tpl contains:,The problem is that in my localhost it is working fine. I get the data-complete URL in the script tag. But when I install the module in my test server I do not get the data-complete URL.,Any help or suggestion will be appreciated.,Thanks in advance.,I have found that the problem is ""https"" in the ""src"" of the script tag. I can not understand why data-complete vanishes if the src URL begins with https. Without https it is okay.,When I view the source in the browser for the following code with https in src, I get:,The data-complete attribute vanishes. But when I view the source of the script with src without ""https"" I get the data-complete attribute.,I could not find the reason. ,
I can add javascript in the payment.php controller using :,But I do not know how to pass data attributes in the addJS function.","Finally I have found the solution. It seems very strange to me. Because I did only the following change in BO in prestashop:,That's it. My problem is solved.,BTW, I have learned something from this problem: I should have tried every possible configuration options in prestashop back office. ,I didn't think that this option can be responsible for this type of problem. But it is. So trying every possible ways should be the key formula to solve a problem though it seems that this is not related to the concerned problem context.",1k,15,yes,"SA2.1, SB1",5,Coding,Build,,,self-answer,,2017-01-04 14:40:40Z,2017-01-04 14:40:40Z,"4,067,465,441,466,490"
https://stackoverflow.com/questions/42101786/dropzone-js-prevents-flask-from-rendering-template,Accepted,2017-02-07 23:15:50Z,2020-05-13 17:22:52Z,user2242044,"7,321",3,"javascript,python,python-2.7,flask,dropzone.js",Dropzone.js prevents Flask from rendering template,"I am using , to allow drag and drop upload of , files via a , web site. The upload process works great. I save the uploaded file to my specified folder and can then use , to convert the , into , code, which I then pass to my template. It gets to that point in the code, but it doesn't render the template and no errors are thrown. So my question is why is , preventing the render from happening? ,I have also tried just return the , code from the table and not using ,, but this also does not work.,.py,upload1.html,Here is the sample , data I am uploading:,Complete.html","Your code , work. Your template will be rendered and returned.,Dropzone will upload files you drag and drop into your browser 'in the background'.
,. It uses the response from the server to know if the upload was successful.,To see this in action:,Here is a screen shot from my browser. I copied your code as is from your question.,To actually see the rendered , you will need to add another flask endpoint and have a way to navigate to that.,For example:
in , add:,in , change and add:",4k,12,yes,"SA2.1, SA2.2, SB1",5,Coding,Embedding,,,HTTPRequest,,2017-02-11 03:25:07Z,"2017-02-16 04:06:53Z,2017-02-11 03:25:07Z,2020-05-13 14:06:59Z","42,101,786,422,647,300,000,000,000,000,000"
https://stackoverflow.com/questions/5107694/how-do-i-add-a-reference-to-an-unmanaged-c-project-called-by-a-c-sharp-project,Accepted,2011-02-24 16:45:16Z,2017-02-28 11:27:17Z,WaffleSouffle,"3,103",4,"c#,c++,visual-studio,unmanaged",How do I add a reference to an unmanaged C++ project called by a C# project?,"One solution (the.sln),One C++ project (mycppproject.vcxproj in 2010or mycppproject.vcproj in 2008) which compiles a native DLL exporting some function(s). In debug this builds c:\output\Debug\mycppproject_d.dll and in release this builds c:\output\Release\mycppproject.dll.,One C# console application (mycsharpconsole.csproj) containing PInvoke calls into the DLL.,All compiles fine.,When I build, I would like to be able to add a reference from the csharp project to the cpp DLL project so that it can copy the appropriate file from the appropriate directory into the \bin\Debug directory the csharp project is built into.,This should be possible, since the IDE knows everything there is to know about where the DLL gets built, and where the C# application gets built.,In Visual Studio 2010:,I've tried ""Dependencies..."" on the csharp project and adding a dependency on mycppproject, but that has no effect.,I've tried ""Add Reference..."" on the csharp project and adding a reference to the cpp project, but I get a warning message 'The Target Framework version for the project ""mycppproject"" is higher than the current project Target Framework version. Would you like to add this reference to your project anyway?' (yes/no/Cancel).,Clicking ""yes"" produces the error message ""A reference to mycppproject"" could not be added.""","Visual Studio doesn't support referencing an unmanaged C++ project from a managed C# one, but MSBuild supports referencing any project from any other project.,You can manually add a reference to your project by editing the .csproj file by hand. In the file, find your existing set of , elements (or add a new , if you don't have one) and add the following reference:,When you perform the build, the reference will cause MSBuild to build the referenced project first. The , value tells MSBuild not to copy the output assembly of the build (since the C++ project does not produce one), but the , and , values instruct it to copy the output content to the referencing project's output folder.,You will be able to see the reference in Visual Studio, but you can't do much with it there.,This answer is based on a similar problem solved by Kirill Osenkov on his MSDN blog:",35k,40,no,"SA2.1, SA2.2, SB1, SB2",24,Coding,Interfacing,Interfacing choice,,method choice,,2017-02-28 11:27:17Z,"2011-02-24 16:49:11Z,2017-02-28 11:27:17Z,2012-09-25 18:14:21Z,2011-02-24 16:49:59Z","5,107,694,510,775,940,000,000,000,000,000,000,000"
https://stackoverflow.com/questions/42475492/how-to-read-and-echo-file-size-of-uploaded-file-being-written-at-server-in-real,Accepted,2017-02-26 23:22:19Z,2017-08-11 16:10:38Z,guest271314,1,2,"javascript,php,multithreading,file-upload,language-agnostic",How to read and echo file size of uploaded file being written at server in real time without blocking at both server and client?,"Question:,How to read and echo file size of uploaded file being written at server in real time without blocking at both server and client?,Context:,Progress of file upload being written to server from , request made by ,, where , is set to ,, ,, ,, or , object. ,The current implementation sets , object at , object passed to second parameter of ,.,Requirement:,Read and , to client the file size of file being written to filesystem at server as ,. Stop when all of the bytes, provided as a variable to the script as a query string parameter at , request have been written. The read of the file currently takes place at a separate script environment, where , call to script which should read file is made following , to script which writes file to server. ,Have not reached error handling of potential issue with write of file to server or read of file to get current file size, though that would be next step once , of file size portion is completed.,Presently attempting to meet requirement using ,. Though also interested in ,, ,, ,, ,; or other languages or approaches which can be used to perform same task. ,The client side , portion is not an issue. Simply not that versed in ,, one of the most common server-side languages used at world wide web, to implement the pattern without including parts which are not necessary.,Motivation:,Related:,Issues:,Getting ,at ,.,Also, if substitute,for ,produces error at ,.,Without , call, correct file size was dispatched to , event for a , file, ,, was printed at , ,, ,, and , times, respectively, when uploaded same file three times. The expected result is file size of file as the file is being written at ,instead of file size of uploaded file object. Are , or , blocking as to other a different , process at ,? ,Tried so far:, is attributed to","You need to , to get real file size. With few other bits fixed, your stream.php may look like following:, ,Security. I mean luck of it. As I understand it is a proof of concept, and security is the least of concerns, yet the disclaimer should be there. This approach is fundamentally flawed, and should be used only if you don't care of DOS attacks or information about your files goes out.,CPU. Without , the script will consume 100% of a single core. With long sleep you are at risk of uploading the whole file within a single iteration and the exit condition will be never met. If you are testing it locally, the , should be removed completely, since it is matter of milliseconds to upload MBs locally. ,Open connections. Both apache and nginx/fpm have finite number of php processes that can serve the requests. A single file upload will takes 2 for the time required to upload the file. With slow bandwidth or forged requests, this time can be quite long, and the web server may start to reject requests. ,Clientside part. You need to analyse the response and finally stop listening to the events when the file is fully uploaded.,To make it more or less production friendly, you will need an in-memory storage like redis, or memcache to store file metadata.,Making a post request, add a unique token which identify the file, and the file size.,In your javascript:,In data.php register the token and report progress by chunks:,So your stream.php don't need to hit the disk at all, and can sleep as long as it is acceptable by UX:,The problem with 2 open connections cannot be solved unless you give up EventSource for old good pulling. Response time of stream.php without loop is a matter of milliseconds, and it is quite wasteful to keep the connection open all the time, unless you need hundreds updates a second.",2k,10,yes,"SA1, SA2.1, SA2.2, SB1, SB2",7,Coding,Interfacing,Invocation mechanism,Implicit interfacing,HTTPRequest,,2017-03-01 11:18:22Z,"2017-03-01 11:18:22Z,2017-08-11 14:07:57Z","424,754,924,253,030,000,000,000"
https://stackoverflow.com/questions/42763186/how-to-release-the-gil-in-cython-for-a-multithreaded-c-class,Accepted,2017-03-13 12:02:54Z,2017-03-13 18:57:04Z,Jack Simpson,"1,599",1,"python,c++,multithreading,cython,gil",How to release the GIL in Cython for a multithreaded C++ class?,"I have a C++ class with some methods that use std::thread that I'm making accessible to Python via Cython. Do you know where in my Cython code I'd want to put the nogill directive? Would I want to put it when I declare the class methods or when I create a Cython wrapper class? I've used the example class from the Cython docs below:,Declaring the class:,Cython wrapper class:","You probably don't actually , to use ,. The GIL only stops multiple Python threads being run simulatenously. However, given you're using C++ threads they can quite happily run in the background irrespective of the GIL, provided they don't try to use ,s or run Python code. So my suspicion is that you've misunderstood the GIL and you can get away with not thinking about it.,However, assuming that you do actually want to release it, you need to do 2 things:",3k,8,yes,"SA2.1, SA2.2, SB1",12,Coding,Build,,,cython release GIL,,2017-03-13 18:57:04Z,2017-03-13 18:57:04Z,"4,276,318,642,771,360"
https://stackoverflow.com/questions/43196260/cakephp-how-to-call-javascript-function-in-link,Accepted,2017-04-04 00:08:32Z,2017-09-13 07:16:59Z,Dennis,137,1,"javascript,php,html,cakephp",Cakephp: how to call javascript function in link?,"In Html,,In Cakephp,,But i am having trouble in converting the following html to Cakephp:,The following is a popup javascript method:,How do i convert the html to Cakephp?,Thanks in advance. :)","would convert to this in CakePHP:,FYI, You can put any attribute in the third argument of the link() method. The documentation on , is pretty extensive and gives examples.",3k,8,yes,"SA1, SA2.1, SA2.2, SB1, SB2",8,Coding,Data handling,Data format/compatibility,,HTTPRequest,,2017-04-04 02:47:22Z,2017-04-04 02:47:22Z,"4,319,626,043,197,410"
https://stackoverflow.com/questions/43161227/no-response-when-validationexception-is-thrown-using-plupload-and-symfony3,Accepted,2017-04-01 19:42:21Z,2017-04-18 20:24:11Z,Rikijs,698,1,"javascript,php,symfony,file-upload,plupload",no response when ValidationException is thrown using Plupload and Symfony3,"In order to upload multiple files to the server I am using:,Please note that: this configuration works for single and multiple file uploads, but it does , return any , when , is thrown!,In order to know that upload of a file finished successfully I added response to part of my ,:,It gives following response (,),I would like to receive , with corresponding error when , is thrown.,example:,I am using validator to restrict some uploadable files.,At the moment - files that , restricts are , uploaded (, is being thrown). Yet no , is sent to the client/browser on this occasion!,I do not know how to make , and , return errors after , to client/browser.,Validation Listener:,Twig template with JavaScript:,Added current code to the question,What am I missing?","Sorry previous version was incorrect., catches exceptions in a controller and pass them to , service.,You should check which error handler is used for your application. Looks like by default for , the bundle set up , which does nothing with your exception.,To get Response of desired shape you should set up , or to ,., Using exceptions in the validator that way will bring bad experience to a user. The user should see all errors with an uploaded file not just first one. You should collect all errors and then throw an exception. For example:",675,10,yes,"SA1, SA2.1, SA2.2, SB1, SB2",1,Coding,Error/Exception handling,,,HTTPRequest,,2017-04-17 23:08:18Z,2017-04-17 23:08:18Z,"4,316,122,743,461,020"
https://stackoverflow.com/questions/43621948/c-python-module-import-error-undefined-symbol-py-initmodule3-py-initmodu,Accepted,2017-04-25 22:20:59Z,2017-04-25 23:39:08Z,Claudio,"3,527",1,"python,c++,python-3.x,python-import,extension-modules",C++ Python module import error: ?????undefined symbol: Py_InitModule3????? ( Py_InitModule () ),"I am just starting an attempt to write my first Python extension module in C and are using instructions provided at ,I am on Linux Mint 18.1, using Python 3.6.1 in its virtualenv version. ,As first step I have compiled a very minimalistic version of the Python module I plan to write. ,Here my C-code: ,and here the code of the setup.py file I have used to compile the C-code to ,: ,To my surprise the module doesn't load properly on import: ,Here the build protocol with a warning about implicit declaration of Py_InitModule3 :","The Py_InitModule (Py_InitModule3) is no longer used. It is necessary to create a PyModuleDef structure instead and then pass a reference to it to PyModule_Create.,Below the C-code from which created module doesn't throw an error when imported:,Here the build protocol: ,and the interactive Python console session with successful import:",8k,12,yes,"SA2.1, SA2.2, SB1",15,Coding,Build,,,HTTPRequest,,2017-04-25 23:13:37Z,2017-04-25 23:13:37Z,"4,362,194,843,622,450"
https://stackoverflow.com/questions/43633044/generate-android-apk-using-shell-script-from-php,Accepted,2017-04-26 11:34:46Z,2017-05-09 08:42:02Z,Keerthivasan,"1,606",2,"php,android,linux,bash,shell",Generate android apk using shell script from php?,"I'm trying to generate Android , files from shell script, I want to execute a shell script file from PHP. When I run the shell script in the terminal, it works perfectly. If I try to run the script using PHP, the shell script doesn't execute all the commands. The , command in shell script works perfectly, but when executing using PHP, other commands doesn't work. I'm using xampp server in a Linux environment. ,My shell script,Shell script , output,My PHP script,PHP script , output,note: , outputs file names in the folder,I set all the file permissions for shell script in the xampp server. Can anyone describe where I'm mistaken? Awaiting responses...","Just use the full path to the script/executable, because the environment is different when running from php.",2k,17,yes,"SA2.1, SB1",11,Coding,Interfacing,Invocation mechanism,Explicit interfacing,php shell output,,2017-04-28 12:31:49Z,"2017-04-28 12:31:49Z,2017-04-28 17:03:53Z","436,330,444,368,034,000,000,000"
https://stackoverflow.com/questions/43942476/load-custom-ner-model-stanford-corenlp,Accepted,2017-05-12 16:29:01Z,2017-05-16 14:23:47Z,Fraizier Reiland,147,1,"java,python,python-3.x,nlp,stanford-nlp",Load Custom NER Model Stanford CoreNLP,"I have created my own NER model with Stanford's ""Stanford-NER"" software and by following , directions. ,I am aware that CoreNLP loads three NER models out of the box in the following order:,I now want to include my NER model in the list above and have the text tagged by my NER model first.,I have found two previous StackOverflow questions regarding this topic and they are , and ,Both of these posts have good answers. The general message of the answers is that you have to edit code within a file. ,From this post it says to edit , but I cannot find this file within the Stanford CoreNLP downloaded software. Can anyone point me to this file's location? ,This post says that I can use the argument of , to specifically call which NER models to load. I added this argument to the initial server command (,). This did not work as the server still loaded all three models. ,It also states that you have to change some java code though it does not specifically call out where to make the change. ,Do I need to modify or add this code , to a specific class file in the CoreNLP software? , From my research it seems that I need to add/modify some code to call my unique NER model. These 'edits' are outlined above and this information has been pulled from other StackOverflow questions. What files specifically do I need to edit? Where exactly are these files located (i.e. edu/Stanford/nlp/...etc)?, My system is running on a local server and I'm using the API pycorenlp in order to open a pipeline to my local server and to make requests against it. the two critical lines of python/pycorenlp code are:,I do , think this will affect my ability to call my unique NER model but I wanted to present all the situational data I can in order to obtain the best possible answer.","If you want to customize the pipeline the server uses, create a file called , (or you can call it whatever you want).,Then add this option when you start the server , with the java command.,In that .properties file you should include ,In general you can customize the pipeline the server will use in that .properties file. For instance you can also set the list of annotators in it with the line , etc...,UPDATE to address comments:,and , should be a file like this:, could look like this:,just as an example...you should put all settings into ,You appear to be using the pycorenlp library which I don't really know about. 2 other options are some code I show in that answer or the , package we make. Details in that answer above.",3k,6,no,"SA1, SA2.1, SA2.2, SB1, SB2",3,Coding,Build,,,3rd lib config,,2017-05-12 22:50:42Z,2017-05-12 22:50:42Z,"4,394,247,643,947,470"
https://stackoverflow.com/questions/43827637/how-to-use-ajax-and-json-for-making-dropdown-menu,Accepted,2017-05-07 03:51:25Z,2017-05-25 07:24:42Z,Kardo,"1,484",6,"javascript,php,jquery,json,ajax",How to use Ajax and JSON for making dropdown menu?,"Here is the code I used to show a category menu in , with different levels. It works, but after each click it produces more and more , and ,s which stops the page by clicking sometimes:,HTML Codes:,Controller codes:,SQL codes:,I'd highly appreciate if you kindly help me by providing all necessary JavaScript, jQuery and JSON codes because I know these subjects with little :-(","You could store the result of the post request in a javascript array, so you could reuse it, see following please:,I've maked the , function that should be modified in order to do the post request.,You could see in my example's log, that the first time you click on a link it retrieves his submenu with a ""post"", the next times instead, it get data from the cached array ,. ,I hope it helps you. Bye. ,
Applied to your code should be like:,I can't test it, so it could be contains some errors.",5k,25,yes,"SA2.1, SA2.2, SB1",11,Coding,Embedding,,,HTTPRequest,,2017-05-17 10:06:04Z,"2017-05-17 10:06:04Z,2017-05-13 08:17:56Z,2017-05-19 17:53:44Z,2017-05-14 08:42:05Z,2017-05-18 13:46:44Z,2017-05-17 06:04:05Z","43,827,637,440,217,500,000,000,000,000,000,000,000,000,000,000,000,000,000"
https://stackoverflow.com/questions/44123252/detecting-c-types-limits-limits-h-in-python,Accepted,2017-05-22 22:48:50Z,2017-05-22 23:03:08Z,vmonteco,"11,294",1,"python,c,limit,ctypes",Detecting C types limits (?????limits.h?????) in python?,"I've made a little test program in python to test some C functions in many cases. This python program use , to import and use my C functions.,But I'd also like to test minimum and maximum values cases (,'s , for instance).,But since some of these limits can be system dependant, I'd prefer to avoid hard coding it in my program; I'd rather dynamically get it.,Is it possible to get these limits values in python?","I believe the closest you can get is,which gives you the size of the type in bytes. For example, you can use , to figure out whether a byte is 4 bytes, 8, or some other weird number.",855,11,No,"SA2.1, SA2.2, SB1",6,Coding,Interfacing,Invocation mechanism,Explicit interfacing,-,,2017-05-22 23:03:08Z,2017-05-22 23:03:08Z,"4,412,325,244,123,350"
https://stackoverflow.com/questions/45108666/sessions-in-angularjs-and-php-application,Accepted,2017-07-14 17:28:07Z,2017-07-22 04:52:38Z,Sara Tibbetts,"4,590",1,"javascript,php,angularjs,session,php-7",Sessions in AngularJS and PHP application,"I have an AngularJS application that I am updating to use PHP 7. Currently I have a custom session handler setup for sessions: ,In my , I have a continuous check to see if the user is authenticated and can access the application. ,In the code above, , runs , ,The session should be started when , is required. It appears that this is not happening though. Upon accessing the application, the login page is displayed, but , is throwing a warning: ,When I select the , button, , is called, but the user gets brought right into the application, despite incorrect credentials. ,I'm not entirely sure what's causing this odd behavior, and why the session isn't being created. Do I need to explicitly call the , function? ,I discovered that removing the , from , causes the proper behavior. The user is able to login when they provide valid credentials. However, the session data is still never being written to the database. Any idea why?","The issues came down to my session handler. As of PHP 7, the , function must return a string. This was causing the warning: ,I fixed this by returning , when , was ,. ,This caused issues with my , function knowing when to insert and when to update. I fixed this by changing the SQL. ,Ultimately I ended up making the session handler a class, as shown in the final result:",999,8,yes,"SA2.1, SA2.2, SB1",1,Coding,Data handling,Interoperability,,HTTPRequest,,2017-07-18 21:14:06Z,2017-07-18 21:14:06Z,"4,510,866,645,177,200"
https://stackoverflow.com/questions/45387728/calling-a-c-style-function-pointer-in-a-webassembly-from-javascript,Accepted,2017-07-29 09:37:49Z,2018-05-09 02:59:07Z,Casper Beyer,"2,027",2,"javascript,c,webassembly",Calling a C style function pointer in a WebAssembly from JavaScript,"Is there any way to get access to function pointers living inside a WebAssembly module?,For example, given the following ""module"" compiled to WebAssembly: ,Can an implementation of , in JavaScript invoke the callback without having to rely on an intermediary C function export to do the actual function call?,By intermediary function export, I mean that I could add an internal function with public visibility.,Then the JavaScript , function can call the function pointer via the delegate , function.,But, it's preferable to do this without having to go through that explicit indirection, is it possible, with function tables maybe?","You can invoke function pointers from Javascript.,Function pointers are stored in a Table. When a function pointer is passed to Javascript you are receiving the integer index into the table for that function pointer. Pass that index to , and you can call the function.,You can read more about this on this MDN page under the Tables section:
, Here is the minimal example I used to test this.,The first file is , compiled with ,And here is",3k,6,yes,"SA1, SA2.1, SA2.2, SB1, SB2",3,Coding,Interfacing,Invocation mechanism,Explicit interfacing,call back,,2017-07-31 21:28:11Z,"2017-07-31 21:28:11Z,2018-04-15 04:40:11Z","453,877,284,542,557,000,000,000"
https://stackoverflow.com/questions/45658004/how-to-send-audio-blob-from-javascript-to-java-spring-server,Accepted,2017-08-13 07:06:59Z,2017-08-13 18:33:48Z,Peter Lustig,"1,365",1,"javascript,java,spring,spring-boot,webrtc",How to send audio blob from javascript to java spring server?,"I'm recording some audio data in my javascript client using ,. I want to send this audio data to my Spring , via ,.,After recording I have a blob object in my javascript client: ,I tried to convert this blob to an ArrayBuffer object using , which looks like this ,My javascript code where I send the ArrayBuffer looks like this:,My WebSocket endpoint in my Spring Boot application looks like this:,And this is the console output:,The bytearray in my server contains only 20 bytes, which looks like only metadata are transfered?,How can I transfer the recorded Blob to my Spring server and create a (webm) file of it? Do I have to change the parameter of my endpoint?","I would suggest you to create base64 string for your audio blob using below code:,You will get base64 string like this :,now in your backend change your stream method code to this:",6k,7,yes,"SA2.1, SA2.2, SB1",12,Coding,Data handling,Data format/compatibility,,pass data,,2017-08-13 16:56:36Z,2017-08-13 16:56:36Z,"4,565,800,445,662,740"
https://stackoverflow.com/questions/45992396/jsonobj-data-not-being-passed-via-ajax-and-post-on-ie11-only,Accepted,2017-09-01 02:02:29Z,2017-11-13 12:40:26Z,JPB,583,1,"javascript,php,ajax",$jsonObj data not being passed via ajax and POST on IE(11) only,"I'm trying to pass data via post with ajax to my sendjs.php. , is not being passed in IE11 only (havent tested lower versions of IE but it works in Edge and all other browsers). , and , are being passed though.,In 'Network' in IE 11 inspector the post data is:, and there are no errors displayed in console.,All other browsers it contains the data:,eg. ,Live site here: , (you can add an item and checkout to test).,Have spent ages trying to find the cause and now I'm not even sure where to go from here to be honest, so any information would be appreciated and I will update the post with any info as requested. ,app.js,sendjs.php,Hope someone can give me some tips.,Edit: Added cart modal html,Simple Cart config,Codepen link to simplecart.js","Your code here uses ,, not ,, and that works fine for me. I checked your live site, which uses ,, and found that code does , work, it exhibits the problem you describe. I copied that live, broken code locally and was able to fix the problem as described below.,I stumbled on the solution (described below), without understanding it. After more research, I've now found the cause of the problem: ,. , ,I copied your code locally and played around with it. I noticed , was created OK, though the contents looked strange. Likewise , was created OK, but after , your cart contents were lost., showed that it was an array of objects, but each object showed up as a function called , - in IE11 only: ,In Chrome it is an array of plain objects. ,The name of that function (,) seems strange, considering it is the name of the object you are storing your cart items in. And , on a function will return , - so that could explain it.,Checking your code again I notice you did not declare , anywhere. I tried just adding:,outside your , loop, and this solved it for me! Cart contents are not lost by ,, and devtools shows the cart and your other data is POSTed successfully.,Maybe , declared somewhere else (in SimpleCart?) as a function, and that's getting in the way? , yes this is exactly what is happening, though it is declared by the browser itself, not in any JS.",791,9,yes,"SA1, SA2.1, SA2.2, SB1, SB2",6,Coding,Data handling,Data format/compatibility,,pass data,,2017-09-04 10:32:12Z,2017-09-04 10:32:12Z,"4,599,239,646,035,160"
https://stackoverflow.com/questions/46093210/c-sharp-version-of-the-javascript-function-btoa,Accepted,2017-09-07 09:49:23Z,2020-05-27 11:05:56Z,James Morgan,451,2,"javascript,c#,.net,node.js",C# version of the javascript function btoa,"I need to recode something from js to c# that utilises the btoa method in js on a string of unicode chars to convert them to base64. However, as far as I know the encoding used by javascrpt is different to all those available in c#. I need the encoding to be exactly the same and not return different values across these languages. I have tried setting up a nodejs server and making get requests to it, in order to run the encoding that way, but this is far too slow and unstable. I am under the impression I would need to make my own encoding table but I have no idea where to start or how to implement this. If anyone could help that would be greatly appreciated.,tl;dr: javascript's btoa returns different value than base 64 encoding in c# does. I need it to be the same values.,code and outputs:,I am aware the former example uses utf8 encoding which js does not, the problem is there is no encoding in .net that matches the javascript encoding. ,Edit: Tried to compare the byte arrays of both c# and javascript but the problem is the btoa function uses an unnamed encoding, so I can't actually get the bytes to print the byte array for it without assuming it is something like utf8 which it is not.",Worked it out. For anyone wondering the encoding used is iso encoding. The btoa function in javascript can be replicated by using the following c# method:,8k,7,yes,"SA2.1, SA2.2, SB1",21,Coding,Data handling,Data format/compatibility,,encode,,2017-09-08 12:39:44Z,"2017-09-08 12:39:44Z,2020-05-27 11:05:56Z","460,932,104,611,681,000,000,000"
https://stackoverflow.com/questions/46805745/laravel-how-to-hide-the-interpolation-code-before-vue-js-loads,Accepted,2017-10-18 08:23:55Z,2021-05-10 15:53:40Z,Nacim Idjakirene,"1,613",2,"javascript,php,vuejs2",Laravel : How to hide the interpolation code before Vue js loads?,"I have a Laravel website, when I use Laravel to load my data from the database, then a pass the results to JavaScript this way,Then I use Vue js , to display my data.
The problem is that I see interpolation on the home page before Vue Js loads and v-cloak can't do the work since I'm getting my data with php then pass to js.,How can I do so that interpolation doesn't show on the page?,By interpolation I mean this:,And here is my main.blade.php file which is loaded as the home page:","If you're trying to use , to hide uncompiled templates you should create CSS rule as described here: ,It works really simple. Uncompiled templates is hidden by , css rule. If Vue compiler seeing , attribute on the compiled template, it simply deletes the attribute and your component appears on the page.,Have you include it?,Also, you must be sure that css file, contains [v-cloak] rule will be loaded at a time the uncompiled Vue templates appears. You should decide critical css or use , (already available in modern browsers) for that piece of css.",1k,6,yes,"SA1, SA2.1, SA2.2, SB1,SB2",4,Coding,Embedding,,,HTTPRequest,,2017-10-18 10:16:42Z,"2017-10-18 10:16:42Z,2017-10-18 09:52:39Z","468,057,454,680,783,000,000,000"
https://stackoverflow.com/questions/46746561/adding-the-load-more-button-from-my-front-page-to-my-search-page,Accepted,2017-10-14 16:05:27Z,2017-10-22 15:41:21Z,user6738171,875,1,"javascript,php,wordpress,twitter-bootstrap-3",Adding the load more button from my front page to my search page,"On my front page I have my posts set up as 1 post on a row, 2 rows of 2 posts on a row, 1 post on a row, and so on. Then after every 15 posts the load more button appears (example below). The load more button works perfectly, so I am trying to duplicate it on my search page.,I would like to add the same load more button to my search page. However, I have my posts set up differently on this page, I just have 2 posts on each row (there is no alternating col-12 post). In addition to the different loop structure I would like to add the load more button after every 8 posts (example below). I have duplicated the loop structure for my front page in my functions.php, and adjusted it to fit the different loop structure and the load more button after every 8 posts. However, it will not work correctly. The first 8 posts are showing up how I want them, 4 rows of 2 posts per row. But after you press the load more button, the posts show up as they do on my front page loop (15 posts of 1 post on a row, 2 rows of 2 posts on a row, 1 post on a row, and so on). ,Does anyone know how I could fix this? Or achieve a search page of 4 rows with 2 posts per row? Thanks in advance.,how my front-page looks ,how I want my search page to look,my front-page.php,my functions.php front page loop,my search.php,my functions.php search loop,My first initial 8 search results are the correct search results. However, after I press the load more button it loads all my posts starting from the most recent. ,** Updated search.php,**Updated functions.php search loop","You must at first your ajax call and give the search value too.,from ,replace your start code with:,encode your , variable with json_encode ,And then change your ajax function like this:,The ,-parameter can be found in the ,.,After reading more about the search page. I found, that you must use the ,. You can find this in the ,For don't forget it, you can save the number in php and output for javascript like:",3k,14,yes,"SA1, SA2.1, SA2.2, SB1, SB2",2,Coding,Embedding,,,HTTPRequest,,2017-10-19 21:02:22Z,2017-10-19 21:02:22Z,"4,674,656,146,838,850"
https://stackoverflow.com/questions/46750959/how-to-write-event-handlers-and-detect-certain-javascript-calls-using-htmlunit,Accepted,2017-10-15 01:49:04Z,2017-10-23 10:20:37Z,ilikeyoyo,138,1,"javascript,java,htmlunit",How to write Event Handlers and detect certain JavaScript calls using HTMLUnit?,"I want to use the Java API, ,, to detect the number of eval() calls being called on the webpage by the JavaScript program. However, HTMLUnit doesn't have a built in handler for this type of JavaScript function. How can this be done?,Thanks.","Just an idea. Maybe you can inject a script with this code into the start of the html that you are loading:,With this, you hijack the eval function and you can execute some code each time eval is called. If you figure out a good way to communicate back with your program then maybe this works.,not sure if an issue or not, but Javascript has multiple ways to evaluate code during runtime, not just eval. So, this is hijacking a direct call to eval, but not considering other evaluation possibilities like using the Function constructor or setTimeout.",188,7,no,"SA2.1, SA2.2, SB1",3,Coding,Interfacing,Interfacing choice,,-,,2017-10-23 10:20:37Z,2017-10-23 10:20:37Z,"4,675,095,946,887,010"
https://stackoverflow.com/questions/46888778/autocomplete-textbox-using-php,Accepted,2017-10-23 11:56:58Z,2017-10-23 12:16:19Z,Aamir Shaikh,63,1,"javascript,php,jquery,ajax,autocomplete",Autocomplete TextBox using php,"I am doing autocomplete using PHP but I'm getting an error with the following code so please help me.,this is my HTML code ,this is my script,this is my ajax file from where i get data. ,
include ""script/db.php"";,I'm getting an error while my page reload error is: , what to do now",Latest version of jQuery and -UI makes it work:,10k,6,yes,"SA2.1, SA2.2, SB1",3,Coding,Embedding,,,HTTPRequest,,2017-10-23 12:09:14Z,2017-10-23 12:09:14Z,"4,688,877,846,889,010"
https://stackoverflow.com/questions/28749209/do-cython-extension-types-support-class-attributes,Accepted,2015-02-26 17:43:19Z,2017-12-08 07:28:12Z,Pwnosaurus,"1,902",3,"python,c,class,types,cython",Do Cython extension types support class attributes?,"Python classes can have class attributes:,Is there an analogous construct for defining class attributes in Cython extension types? For example, when I try to compile the following cython code,I get this error:","The short answer is yes and no.,no, there is not a convenient syntactic idiom for quickly inserting a class attribute in a ,. However ....,The whole point of , is that it gives you lower level access. The usual motive for the extra effort is performance, but you can also do ,-like things with the extra freedom. The difficulty is, there are many pitfalls, and in this case, you won't get pure , class attributes without a lot of work. It is nevertheless pretty easy to get what you need for simple use cases.,For example, suppose I'm making some calculating engine as a class and I wish to globally set the precision of the return value for all instances. I want a default at compile time, and from time to time I may want to adjust it lower to quickly process some trials, and then adjust it higher for my final work. A class attribute is made to order, but you can get the functionality you need in , as follows:,First, define at the module level the following:,Using an array permits us to use the , idiom , which is equivalent to the C ,. The , name , is implicitly a pointer since the data item is an array. This permits using , syntactic idioms to convert from , storage locations to python references. If all you want is a global constant that may be accessed by , code in any of the classes in the module, you are done. If you want to use it strictly as a class attribute, you must enforce that discipline - the compiler doesn't care.,now if you also want to adjust the value from , code, you will need a pair of , functions that , code in the module can call to access the 'attribute':,At this point, the semantics will vary a bit from pure ,, unless you really want to sweat. You need a , setter and getter function, and I find the , descriptor protocol implemented by properties is easiest:,The first gets a python reference to the 'attribute'. The second sets the 'attribute' with a , integral value, policed to fall within limits. The , function call and return interface automatically takes care of conversions, which are more complex than they look.,For example, , returns a ,. If you did the dereferencing in , you would get an error trying to return a , in , as if it were ,. If instead you just omitted the , dereference in , you would get an error trying to return a , as if it were a ,. As written, automatic conversions correctly match types. , is very finicky about this sort of thing, and can silently return incorrect values, discoverable only at runtime. It can take some experimentation to infer the correct incantation.,The docstring tells you not to expect a pure , class attribute. If you want to sub-class, and have sub-classes use a different global setting, you will need to sweat a bit more. In ,, all that is done automatically.,Even so, there are other differences. A real class attribute may be referenced on the class or on an instance. This property may only be referenced on an instance. Setting a real class attribute on the instance creates an instance specific copy, leaving the class attribute untouched, but invisible to the altered instance.,For the given use case, this works. A real class attribute is unnecessary. Since , code is usually less abstract and compute intensive, this minimal approach is often enough.",9k,14,yes,"SA2.1, SA2.2, SB1",9,Coding,Data handling,Data format/compatibility,,data type sup,,2017-12-08 07:28:12Z,"2017-12-08 07:28:12Z,2015-02-27 17:06:53Z,2015-02-26 22:25:54Z","28,749,209,477,096,400,000,000,000,000,000"
https://stackoverflow.com/questions/47635408/cythonizing-fails-because-of-unknown-type-name-uint64-t,Accepted,2017-12-04 14:19:32Z,2018-04-22 14:11:58Z,Haution L.,109,2,"python,c,cython",Cythonizing fails because of unknown type name 'uint64_t',"This may be a newbie problem. I can't cythonize a simple helloworld.pyx tutorial script while the exact same code works on linux:,Here is the setup.py script: ,But I get this after running ,:,I'm on MacOS 10.13.1, python 3.6.3, Cython 0.27.3 and clang-900.0.38.,Apparently there is a problem with including stdint.h, how should I go about doing it in Cython?,:
My gcc is in /usr/bin/gcc,shows:","I have found a solution to my problem.,It seems like after installing High Sierra some header files in the /usr/local/include are messed up, and causing the brew installation to malfunction. Uninstall and reinstalling brew solved the problem.",5k,7,yes,"SA2.1, SA2.2, SB1",3,Coding,Build,,,self-answer,,2017-12-08 19:41:24Z,"2018-04-22 13:47:42Z,2017-12-08 19:41:24Z","476,354,084,996,662,000,000,000"
https://stackoverflow.com/questions/33326699/passing-laravel-array-in-javascript,Accepted,2015-10-25 05:58:19Z,2021-08-13 08:51:07Z,senty,"10,585",9,"javascript,php,jquery,arrays,laravel",Passing (laravel) Array in Javascript,"I want to pass/store Laravel array in JavaScript variable. I used , so I get the result like this rather than object:,I can access this in view using ,. ,However whatever I tried, I couldn't make this to javascript array.,I tried ,I feel like I'm close but I couldn't figure it out",Works like a charm,41k,31,yes,"SA2.2, SB1",117,Coding,Data handling,Data format/compatibility,,pass data,,2018-02-06 17:15:48Z,"2018-02-06 17:15:48Z,2015-10-25 05:59:33Z,2019-03-15 18:40:06Z,2019-06-28 06:38:05Z,2015-10-25 05:59:20Z,2019-06-05 06:35:47Z,2018-08-28 07:41:40Z,2020-03-31 12:57:35Z,2021-08-13 08:51:07Z","33,326,699,486,484,800,000,000,000,000,000,000,000,000,000,000,000,000,000,000,000,000,000,000,000,000,000"
https://stackoverflow.com/questions/48777708/react-frontend-connecting-to-flask-backend-howto,Accepted,2018-02-14 00:09:04Z,2020-09-01 05:31:26Z,lordlabakdas,"1,011",1,"javascript,python,reactjs,flask,flask-restful",react frontend connecting to flask backend Howto,"I have a ReactJS front end and a flask backend and I am having difficulties making both talk to each other, particular sending form variables from the frontend to Flask. ,Given below is my front end code which runs on 127.0.0.1:3000,My backend flask code is as given below and runs on 127.0.0.1:5000","I have tweaked your code a little bit.
Changes I have made:,The frontend is running on port 3000 and the backend is running on port 5000; both in ,. ,Frontend code:,Backend Code:,Here is the screenshot of running program:",11k,7,yes,"SA1, SA2.1, SA2.2, SB1, SB2",9,Coding,Interfacing,Invocation mechanism,Implicit interfacing,front/backend,,2018-02-14 09:27:03Z,2018-02-14 09:27:03Z,"4,877,770,848,783,630"
https://stackoverflow.com/questions/49010415/flask-request-get-json-returning-none-when-valid-json-data-sent-via-post-reque,Accepted,2018-02-27 13:56:14Z,2018-02-27 14:06:24Z,Philip Butler,459,1,"javascript,python,json,flask",Flask request.get_json() returning none when valid json data sent via post request [duplicate],"Building an app using flask. The app uses a table structure to display data. Part of its functionality is collecting the data from user specified table rows. To do this I have placed a button on each row that executes some js. The js collects the information from the row, uses JSON.stringify() to convert to json object and the issues the post request to the relevant flask url. ,Logging the value of the jsonified object to the browser console from js file shows it is correctly formed. The post request contacts the correct route however the request.get_json() function returns a value of none in the method of that route.,I have set up a seperate route in flask for testing. Here is the relevant code,from javascript ,get_table_row_data() simply returns an object with key:value pairs. The log shows the data is correctly formatted json.,And here is the python code,Here data is coming up as none,any help much appreciated","It's , it will return a dictionary of the JSON data. To get a value you use ,. So your route will be like this",27k,11,yes,"SA2.1, SA2.2, SB1",4,Coding,Interfacing,Invocation mechanism,Implicit interfacing,HTTPRequest,,2018-02-27 14:06:24Z,2018-02-27 14:06:24Z,"4,901,041,549,010,610"
https://stackoverflow.com/questions/49070403/how-to-retrieve-variables-in-php-sent-by-axios-post-request,Accepted,2018-03-02 13:47:06Z,2018-03-02 14:27:35Z,Rakesh Kohali,265,1,"javascript,php,ajax,vue.js,axios",How to retrieve variables in php sent by axios post request [duplicate],"I want to send a POST request to a PHP script. I am using Axios:,In the PHP file I am trying something like this to retrieve that id variable from axios:,But seems it is not doing anything. ,What is the correct way to retrieve variables from the request?","Axios sends data as a , inside request body not as a Form Data. So you can't access the post data using ,. ,To be able to access data using , you have to use FormData as the following: ,
if you are interested in getting the request body as associative array you can use:",9k,7,yes,"SA2.1, SA2.2, SB1",23,Coding,Interfacing,Interfacing choice,,method choice,,2018-03-02 14:10:11Z,2018-03-02 14:10:11Z,"4,907,040,349,070,840"
https://stackoverflow.com/questions/49793560/build-c-plugin-for-unity,Accepted,2018-04-12 09:56:53Z,2018-04-16 18:48:38Z,user8469759,"2,258",1,"c#,c++,unity3d,dll",Build C++ plugin for Unity,"Trying to create my first plugin.
The cpp code is:,header:,source:,Then I compile and put the DLL in , folder, the dll file is ,. From the unity side I have a simple C# script for a component:,But when I try to run the script I get the following error:,The documentation seems to be quite poor, any suggestions?
There's ,, but not sure what I'm doing wrong. I've tried to create several solution (windows universal platform, windows 8.1, etc) still doesn't work.","You are trying to load UWP plugin in a non UWP environment and this is because of the way you build your dll.,This post describes how to create, compile and build C++ plugin in Unity.,.Go to , ---> , ---> ,. Go to , --> , ---> , then ,. Type the name of the project then click Ok.,.Click , instead of ,:,.Select , and unselect , then click finish:,.You can now create your source(.cpp) and header(.h) files.,.Create a source file:,This should be placed in the , folder. Right click on Source Files ---> Add---> New Item...,.Select C++ File(.cpp), type the name of the file ""FirstDLL.cpp"" then click Add. ,Example C++ test source:,.Create a header file:,This should be placed in the , folder. Right click on Header Files ---> Add---> New Item...,.Select ,, type the name of the file ""FirstDLL.h"" then click Add. ,Example corresponding header:,That's it. You can now write your C++ plugins code there.,.Make sure to set the build to release and the platform to 64 bit,If using 32-bit, set the platform to x86.,.,Go to , ---> ,.,:,Put the 64-bit dll file into , folder. ,If you just want to support 32-bit then put the plugin in ,.,If you want to support universal (both 32-bit and 64-bit platform) then build the dll as such and put it in the , folder.,:,Can be build from ,.,To build from Visual Studio:,.Go to , ---> , ---> ,. Go to , --> , ---> , then ,. Click on ,. then follow direction to install it.,. Go to , --> , ---> , ---> ,. then ,. Select , then type the name of the project and click Ok. now, you can jump back to step , to continue coding in C++.,Put the Android plugin file (not dll) into the , folder.
The supported C++ plugin extension ,.,: If the name of the Android plugin is ,, remove the , prefix and the , when referencing it from C#.In this case, it would be ,unlike what it would have been in ,If you have both , and , Android , plugins then put them in , and , folders respectively. ,Can be build from , or include the source file into Unity. You can also create it with visual Studio too. Just follow the Android step above but use , this time instead of ,. note that you need Mac computer to build for iOS or use virtual machine. Once you do this, follow , Microsoft instruction to finish the setup so that Visual Studio can communicate and build the project on your Mac OS.,Put the iOS plugin file (not dll) into the , folder. The supported plugins extension are ,, ,, ,, ,, ,.,Must use , instead of , or , as seen below in ,.,.,:,:,.,.Getting the error: ,:,The name of the DLL specified in , does not match the Dll name. Make sure they match by renaming them then restart Unity.,:,The DLL is placed in the wrong folder. The folder must be named ,. The spelling is also case sensitive. ,.Getting the error: ,:,The function name declared , doesn't exist or match with the one declared on the C++ side. Make sure that the spellings are the-same on both sides. The spelling is also case sensitive. ,:,The C++ DLL functions are not being included in the C++ plugin. On Windows, , is used to make these function export themselves in the DLL. This is not required in other platforms or OS. This is usually done in the header file only to keep the source file clean. See example in the header file above or screenshot below.,:,You compiler is renaming the C++ functions. You can prevent this by enclosing them with the , keyword. Again, see example in the header file above or screenshot below:,.Getting no error but incorrect or wired result: ,:,The parameter doesn't match. Make sure that the parameter of the function on the C++ and C# side match and have the-same amount of parameter. Also the datatype must match. If they don't, expect undefined behavior.",11k,8,yes,"SA1, SA2.1, SA2.2, SB1, SB2",30,Testing/Debugging,Build,,,Poor documentation,,2018-04-12 11:43:29Z,2018-04-12 11:43:29Z,"4,979,356,049,795,660"
https://stackoverflow.com/questions/34517668/zend-how-to-correctly-destruct-a-custom-object-in-php-7,Accepted,2015-12-29 19:24:36Z,2018-05-18 11:08:46Z,Frederick Zhang,"3,323",2,"php,c,php-extension,php-internals,php-7",Zend: How to correctly destruct a custom object in PHP 7?,"I'm learning PHP extension writing in order to make some old extensions work with PHP 7.,I tried to modify the sample extension from , but it kept causing segfaults when destructing the custom object. All other functions worked normally. (Car is replaced by BDict in my code.),Here's my code:,By changing the sequence of the two lines and executing ,, I managed to get the error information for both of them.,I'm new to PHP extensions and I'm really confused now. Any help would be greatly appreciated, thanks.,I noticed that the object actually changed after the conversion in , which was obviously wrong but I had no idea about how to fix it.,Here's the debug log. You can see that the data of , and , in , are totally different and the address of BDict is wrong.,I've found some others using,instead of,I tried it but it gave me a compile-time error.","The parameter in ""bdict_free_storage"" must be reached out through its offset,You can try instead :",852,6,yes,"SA2.1, SA2.2, SB1",1,Coding,Data handling,Interoperability,,parameter error,,2018-05-18 11:08:46Z,"2018-05-18 11:08:46Z,2017-10-30 08:30:22Z","345,176,685,041,001,000,000,000"
https://stackoverflow.com/questions/50579572/export-a-variable-from-bash-and-use-it-in-python,Accepted,2018-05-29 08:21:43Z,2019-03-01 12:55:57Z,Georgi Stoyanov,514,2,"python,linux,bash,shell",Export a variable from bash and use it in Python,"I am trying to write a script which is executing couple of things on a Linux server and I would like to use bash for most of the Linux specific commands and only use Python for the most complex stuff, but in order to do that I will need to export some variables from the bash script and use them in the python script and I didn't find a way how I can do that. So I have tried to create two very little scripts to test this functionality: 1.sh is a bash script,2.sh is a Python script: ,As you can guess when I execute the first script the second fails with the error about unknown variable: ,The reason why I am trying to do that is because I am more comfortable with bash and I want to use $1, $2 variables in bash. Is this also possible in Python? ,[EDIT] - I have just found out how I can use $1 and $2 it in Python. You need to use , and , and import the sys module","To use environment variables from your python script you need to call:, is a dictionary with all the environment variables, you can use all the method a dict has. For instance, you could write :",8k,7,Yes,"SA2.1, SA2.2, SB1",6,Coding,Data handling,Interoperability,,data transfer,,2018-05-29 08:30:41Z,"2018-05-29 08:35:56Z,2018-05-29 08:30:41Z","505,795,725,057,982,000,000,000"
https://stackoverflow.com/questions/50674904/firing-events-in-c-and-handling-them-in-c-sharp,Accepted,2018-06-04 06:57:32Z,2018-06-04 09:11:16Z,Igb,188,1,"c#,c++,.net,c++-cli,clr",Firing events in C++ and handling them in C#,"I have an industrial computer with some Digital I/O pins. The manufacturer provides some C++ libraries and examples to handle pin status change.,I need to integrate this events onto a C# application. AFAIK the most simple way to perform this is:,I have tried to make this work with some mock objects with no luck. From the docs, the function EventHandler should do most of the ""dirty work"" in my case. Following info available in old threads and the EventHandler example in the MSDN docs I ended up with this test code:,What am I doing wrong? Is it something I am missing?","The code is correct, except for this minor glitch. You accidentally re-declared this class in your C# code. now there are ,, one from your C++/CLI project and another from your C# project. That is a problem, type identity in .NET is not just determined by the namespace name and class name, it also includes the assembly it came from.,So these are two distinct types, the compiler tries to tell you that the C# version of it is not the correct one. That they have the same name doesn't exactly help you decode the error message :),Very easy to fix, simply delete the class declaration from your C# code. now the compiler will use the C++/CLI version of it.",695,6,yes,"SA1, SA2.1, SA2.2, SB1, SB2",5,Testing/Debugging,Build,,,config for running code,,2018-06-04 09:11:16Z,2018-06-04 09:11:16Z,"5,067,490,450,677,060"
https://stackoverflow.com/questions/50731650/is-it-possible-to-run-webassembly-code-async,Accepted,2018-06-07 01:11:58Z,2018-06-07 07:57:24Z,andreas,"7,422",2,"javascript,c,angular,typescript,webassembly",Is it possible to run WebAssembly code async?,"I have written a C function that I am able to execute from Angular/TypeScript/JavaScript using WebAssembly:,This function does some heavy mathematical calculations and needs a few seconds to finish. It is fired when a user clicks a button:,Is it possible to execute the function so that it does not block the UI of the web application?,I tried ,/,/,, but I don't seem to be able to make it work. ,Thank you!","WebAssembly and JavaScript share the same execution thread, i.e. when you execute WebAssembly from within JavaScript, your JavaScript code halts, and vice-versa. In that respect it's just like executing any other native (i.e, browser-supplied) APIs from your JavaScript code.,One option you do have is to run your WebAssembly in a WebWorker, using , to send messages to your wasm code that executed in a different thread. There's a great example here, that renders a fractal using WebWorkers:,In the future WebAssembly will likely have its own support for threading:",4k,13,yes,"SA1, SA2.1, SB1, SB2",12,Coding,Interfacing,Interfacing choice,,-,,2018-06-07 06:47:23Z,"2018-06-07 06:47:23Z,2018-06-07 06:40:17Z","507,316,505,073,461,000,000,000"
https://stackoverflow.com/questions/52367826/custom-plus-and-minus-quantity-buttons-in-woocommerce-3,Accepted,2018-09-17 12:32:12Z,2020-10-26 10:29:40Z,Kai,292,2,"javascript,php,jquery,woocommerce,product-quantity",Custom plus and minus quantity buttons in Woocommerce 3,"I?????m building custom WordPress and WooCommerce theme and adding custom plus and minus buttons to ,. The buttons do update quantity input's value and I also receive ""Item has been added to your cart"" notification (on Product page) when I submit Add to Cart. But the cart page doesn?????t show any items, neither says the cart is empty.,I can not work out which WooCommerce JS function I?????m suppose to hook into, neither how to hook into it. Could I ask for help please?!
Thanks in advance!,My HTML layout:,My custom jQuery function:","Your First code part is made from a customization of , Woocommerce template code????? ,So for testing, I have changed partially that , template code with the following (very near to your code):,now the necessary CSS and revisited jQuery code functions:,Code goes in function.php file of your active child theme (or active theme). Tested and works.,The quantity buttons ""plus"" and ""minus"" work perfectly and are displayed this way:,Products are added to cart with the correct quantity: ,if you change the quantity field value with plus and minus buttons, the ""Update cart"" button is activated when any quantity field change.,When you click on ""Update cart"", the quantities as correctly updated.",32k,8,yes,"SA2.1, SA2.2, SB1",25,Coding,Embedding,,,HTTPRequest,,2018-09-18 02:23:04Z,"2018-09-18 02:23:04Z,2019-11-08 10:25:57Z","523,678,265,237,802,000,000,000"
https://stackoverflow.com/questions/53340627/typeerror-expected-bytes-like-object-not-str,Accepted,2018-11-16 15:17:20Z,2019-12-08 11:42:19Z,Shubham Batra,"2,237",1,"javascript,python,base64,angular6","TypeError: expected bytes-like object, not str","I know this question has been asked much times, but please look once in my problem.,I am sending , image data from angular to , but when I am processing that , data on flask server(python3) then it is giving me the error,My Javascript code is: ,Output of the above line is:,I am receiving same data on flask server as string.,Code on python server that is using above base 64 data is: ,then it is giving the following error trace:,above python function working fine if I am converting the image using this function,please help me to solve this question? I am new to python.","only accepts byte arrays, use , instead it accepts Strings as well",17k,9,yes,"SA2.1, SB1",20,Coding,Data handling,Data format/compatibility,,convert data,,2018-11-16 15:27:50Z,2018-11-16 15:27:50Z,"5,334,062,753,340,820"
https://stackoverflow.com/questions/53762552/with-pybind11-how-to-split-my-code-into-multiple-modules-files,Accepted,2018-12-13 13:05:22Z,2018-12-14 22:36:04Z,gmagno,"1,349",1,"python,c++,pybind11","With pybind11, how to split my code into multiple modules/files?","With pybind11, how to split my code into multiple modules/files?
This would speed up the compilation step.
Pybind11 documentation addresses the special case of extending a type declared in a different extension module, ,. But not the more general/simpler one.","As per pybind11 FAQ, ,, , can be split in multiple functions defined in different files. Example:,example.cpp:,ex1.cpp:,ex2.cpp:",3k,9,no,"SA1, SA2.1, SA2.2, SB1, SB2",15,DEM,Build,,,"Poor documentation,self-answer",,2018-12-14 22:36:04Z,2018-12-14 22:36:04Z,"5,376,255,253,787,760"
https://stackoverflow.com/questions/54018008/how-to-pass-content-in-tinymces-textarea-to-a-php-file-directly-instead-of-send,Accepted,2019-01-03 07:25:29Z,2019-01-12 21:38:14Z,showkey,155,3,"javascript,php,html,tinymce",How to pass content in TinyMCE's textarea to a PHP file directly instead of sending via AJAX?,"I build a simple webpage with embeded TinyMCE.,The HTML part:,The JavaScript part.,now I want to print content in the TinyMCE's editor, after you click the , button.,The dump.php,Why nothing print by dump.php?,
I can send info to the dump.php via AJAX method.,
1.Remove , in html part.,
2.Add the following js code in the JavaScript part. ,I have tried that it can pass content which I type in the , whose , is , to , and , can print the array properly.,My issue is how to pass content in TinyMCE's , to a PHP file directly instead of sending it via AJAX?
Do the work without AJAX.","yes, you can send it without AJAX with an hidden , which has as , attribute the , value from ,. The original page will not reload. The answer from your server will be loaded in hidden ,. In that case, you have to set the , , to ,.,For your , you have also to write some , as attribute, for example like , because on the server side you want get the text, which will sended. And because you did not write this , you can not get it. In your AJAX solution you do it with ,. In this case , is like the name of your ,.,You could also display the submit form as a separate page inside the iframe, and when it gets submitted then the outer page will not reload. This solution does not use AJAX too.",1k,6,yes,"SA2.1, SA2.2, SB1",3,Coding,Embedding,,,socket,,2019-01-06 03:55:54Z,"2019-01-06 03:55:54Z,2019-01-12 21:38:14Z,2019-01-03 08:29:34Z","54,018,008,540,585,000,000,000,000,000,000"
https://stackoverflow.com/questions/54545813/using-kill-to-trigger-a-parents-waitpid,Accepted,2019-02-06 02:26:57Z,2019-02-06 13:42:44Z,payne,"2,911",1,"c,shell,posix",Using `kill` to trigger a parent's `waitpid`,"I'm using , to ensure I can catch ,., is set through forking:,It seems like it successfully stops the child process, but then it doesn't trigger the parent's ,. I would've thought there would be a signal sent to the parent when I'd use this , function, but it seems like it isn't since my ""shell"" gets stuck on that , line.,How do I make it so that, once , is pressed, the process running an , command (which is a child, at that point) should be put in the background (stopped), and then the parent process should gain back its control over the flow of the program ?","is not an , function (as it is not re-entrant) and therefore must not be used in a signal handler. Using such functions will lead to undefined behavior.,If you want a child process that is not traced with , to return, you have to specify the , option when you use ,.,Alternatively, you can use , with the , option, so that it will provide status for the child process even if the , option is not specified in the , call.",190,6,yes,"SA1, SA2.1, SB1, SB2",3,Coding,Interfacing,Invocation mechanism,Explicit interfacing,-,,2019-02-06 05:15:22Z,2019-02-06 05:15:22Z,"5,454,581,354,547,020"
https://stackoverflow.com/questions/54876346/pybind11-and-stdvector-how-to-free-data-using-capsules,Accepted,2019-02-25 23:34:07Z,2019-02-26 17:40:06Z,Chris Swierczewski,619,1,"python,c++,numpy,c++11,pybind11",Pybind11 and std::vector ????? How to free data using capsules?,"I have a C++ function that returns a , and, using Pybind11, I would like to return the contents of that vector as a Numpy array without having to copy the underlying data of the vector into a raw data array.,In , the author demonstrates how to ensure that a raw data array created in C++ is appropriately freed when the Numpy array has zero reference count. I tried to write a version of this using , instead:,However, if I call this from Python I observe two things: (1) the data in the output array is garbage and (2) when I manually delete the Numpy array I receive the following error (SIGABRT):,My guess is that this issue has to do with the line "","", which presumably is being called with , set to ,. This is not the way to deallocate a ,.,One possible solution is to create a , and copy the contents of , to this raw data array. However, I have cases where the results might be large and I want to avoid taking all of that time to allocate and copy. (But perhaps it's not as long as I think it would be.),Also, I don't know much about , but perhaps there is a way to allocate the raw data array needed by the output vector , the , function call and then discard the , afterwards, retaining the underlying raw data array?,The final option is to rewrite ,.","The problem was simple: , was stack-allocated and needed to be heap-allocated so that , can take ownership. Below is an example fix:,I was also able to implement a solution using , that doesn't require the use of a , function. However, I wasn't able to run Valgrind with either solution so I'm not 100% sure that the memory held by the vector was appropriately freed. (Valgrind + Python is a mystery to me.) For completeness, below is the , approach:,I was, however, able to inspect the addresses of the vectors allocated in both the Python and C++ code and confirmed that no copies of the output of , were made.",2k,7,,"SA2.1, SA2.2, SB1",9,Coding,Data handling,Interoperability,,"self-answer, stack error",,2019-02-26 17:40:06Z,2019-02-26 17:40:06Z,"5,487,634,654,891,230"
https://stackoverflow.com/questions/54899367/send-numpy-array-as-bytes-from-python-to-js-through-flask,Accepted,2019-02-27 06:31:12Z,2019-03-02 04:23:07Z,Suba Selvandran,284,1,"javascript,python,numpy,flask,data-conversion",Send numpy array as bytes from python to JS through Flask,"A numpy array should be sent from python to JS through flask. I don't want to jsonify it and send as it would increase the size of the response and eventually the response time. So I thought I could convert numpy into bytes using tobytes(), send the bytes to JS through flask and convert the bytes back to float in JS and found , answer helpful.,The list of operations are,In JS,,But when converting to float in JS, I am not getting the correct values. When debugging I found that in JS some values in Uint8 array are not matching with the byte values that are sent from python. ,Just to verify, I created another client in python, made the same request and converted the response bytes to float. I encountered the same issue here also. So I narrowed down that the problem is on the server side not on the client side. One more interesting thing I found when playing with multiple values are, only the numbers which are greater than 127 (I guess so) are getting converted to 255.,While trying some random hacks, I tried to convert the byte integer to character using chr() method of python before sending the response and the conversion on the client side worked.,But the question I have is, Is this an ideal solution or am I doing some hack here to make it work? Can anyone help me to understand why sending plain bytes without chr() doesn't work?","If you don't set the , explicitly, I think Flask will treat it as text data. Your browser seems to have decoded the binary data with ASCII, which can explain why only values larger than 127 were affected.,Therefore, please try setting the , of the response in Flask:,Alternatively, there is a helper function , to construct the response in a single line. Please find an example ,.,Besides this error, also pay attention to the , of your binary data, which is hardware specific. I would refer you to this , (,).",3k,7,,"SA1, SA2.1, SA2.2, SB1, SB2",10,Coding,Data handling,Data format/compatibility,,convert data,,2019-03-02 04:12:41Z,2019-03-02 04:12:41Z,"5,489,936,754,955,160"
https://stackoverflow.com/questions/29165155/calling-javascript-from-c-with-node-js,Accepted,2015-03-20 11:11:14Z,2019-03-29 15:20:38Z,plasmacel,"7,608",3,"javascript,c++,node.js",Calling JavaScript from C++ with node.js,"Is there a way to call JS functions from C++ through node.js (as callbacks or something like that)?
If yes, how?
I'm searching for it on the web, but haven't found any helpful resource.,Thanks in advance","One way to do it form a native addon can be using the provided function as a callback, for example let's gonna assume that you have a function named , declared in your native environment (A native addon):,(Call this for example ,),Then, just importing your addon and using it like:,(Call this for example ,),So what you're basically doing is capturing the reference to the , (Which is the javascript function, but in the native environment) and then invoking it and passing , as the first (and unique) parameter.,More on the subject:",9k,22,no,"SA1, SA2.1, SA2.2, SB1, SB2",5,Design,Interfacing,Interfacing choice,,function choice,,2019-03-29 15:03:11Z,"2019-03-29 15:03:11Z,2015-09-01 03:51:18Z,2018-12-27 12:50:16Z","29,165,155,554,202,700,000,000,000,000,000"
https://stackoverflow.com/questions/49866263/how-are-symbols-contained-in-the-libpythonx-x-linked-to-numpy-extension-dynamic,Accepted,2018-04-16 21:08:45Z,2019-05-07 08:43:45Z,skincell,387,1,"python,c++,python-3.x,numpy,shared-libraries",How are symbols contained in the libpythonX.X linked to numpy extension dynamic libraries?,"I'm currently having a problem where I'm able to use and import , in an interpreter environment, but I'm unable to import or use , from python embedded in ,. So I'm curious to how , extension libraries, specifically ,is linked to the standard python package symbols (, symbol specifically). My current error output says that ,. This symbol exists in , as I confirmed using the , command. I ran,and got the following output:,It does not seem to me that this library is linked to any dynamic libraries that should contain that symbol. How does ,'s , usually find that symbol or the variations of multiarray find that symbol? ,Thank you for taking your time from your day reading this question. Any thoughts, suggestion, or answers are appreciated!,The original question is located ,. This is a sub-question of the original question. The reason why I'm asking this question is because I'm suspecting that this shared library might be linked to the wrong location, and this specific shared library is only used when calling python through the python , interfaces. ,System Specs + Problem information,modified some terminology that was unclear.,I found an answer to the original problem; however, this question and the original one are still open, because an answer to this question could lead to a better answer for the ,.","was built without explicit link with python's dynamic library, that why you couldn't see the libpythonx.x.x by using ldd.,If you use nm to check this so, you will see the symbol , is undefined. ,So when numpy load this so by using dlopen, it will try to resolve this undefined symbol. I didn't find any document explain the rule how , resolve the undefined symbol. But according to my test, when you try to open a shared library use , with flag ,, it will search dependent shared library of main program for the undefined symbol.,That could explain why python could use it without error, because python binary is linked with ,.",441,9,Yes,"SA2.1, SB1",3,Coding,Build,,,Lack of documentation,,2019-05-07 08:43:45Z,2019-05-07 08:43:45Z,"4,986,626,356,018,710"
https://stackoverflow.com/questions/55964908/passing-jwt-token-to-sockjs,Accepted,2019-05-03 07:14:04Z,2019-05-21 09:32:00Z,Manolis Pap,961,2,"javascript,java,spring-boot,websocket,sockjs",Passing JWT token to SockJS,"I need to send the token when the handshake happens with SockJS. I've tried many suggested implementations but the same exception is called ,In the back-end ,The function that tries to make the connection with the socket. Plain javascript.,The issue is on the handshake, those headers doesn't seem to pass the token correctly. I've tried many variations on the handshake but I can't find the correct on in my case.,I got the implementation idea from here, before I tried to use the headers after the handshake but I figure out that it needs the token immediately. ,Edit: Adding WebSecurityConfig ,createAuthenticationToken,Stack trace (the same exception has been caught four times when the handshake and connection happens from the websocket with the back-end). I added it on pastebin because it would ruin the post. ,","server-side configuration to register a custom authentication interceptor. note that an interceptor needs only to authenticate and set the user header on the CONNECT Message. Spring notes and saves the authenticated user and associate it with subsequent STOMP messages on the same session. The following example shows how register a custom authentication interceptor:,Also, note that, when you use Spring Security?????s authorization for messages, at present, you need to ensure that the authentication ChannelInterceptor config is ordered ahead of Spring Security?????s. This is best done by declaring the custom interceptor in its own implementation of WebSocketMessageBrokerConfigurer that is marked with @Order(Ordered.HIGHEST_PRECEDENCE + 99).,Another way :
Likewise, the SockJS JavaScript client does not provide a way to send HTTP headers with SockJS transport requests. As you can see sockjs-client issue 196. Instead, it does allow sending query parameters that you can use to send a token and then with Spring you can setup some filter which will identify a session using provided token. , but that has its own drawbacks (for example, the token may be inadvertently logged with the URL in server logs).",5k,10,,"SA2.1, SA2.2, SB1,SB2",4,Coding,Interfacing,Invocation mechanism,Implicit interfacing,socket,,2019-05-16 14:43:09Z,"2019-05-16 14:43:09Z,2019-05-16 09:22:26Z","559,649,085,617,117,000,000,000"
https://stackoverflow.com/questions/56466822/can-c-be-called-from-c-sharp-compiled-to-wasm,Accepted,2019-06-05 19:27:12Z,2019-07-15 14:30:46Z,Stan Wijckmans,186,1,"c#,c++,webassembly,uno-platform",Can C++ be called from C# compiled to wasm?,"Does anyone know if it's currently possible to call C++ from C# compiled to wasm (or an Uno Platform app to be more precise)?,I'm fairly new to WebAssembly but I managed to compile a C++ function to wasm and call it from JavaScript.
I also got the quick start project from Uno (which allows you to compile UWP apps written in C#/XAML to wasm and run them in the browser) running.,I write both C# and C++ on a daily basis, but what I can't figure out is the ""interopping between 2 languages"" + WebAssembly combo.
I assume I need to compile the code in both languages to 2 separate wasm files and then somehow link them together or load the C++ one at runtime.
Is what I want to do even possible at all today?,EDIT: To be clear: the idea is that all code is eventually compiled to wasm.","P/Invoke is supported since last month by the mono-wasm runtime, using two modes:,The latter is being worked on at the moment in the Uno.Wasm.Bootstrapper ,.,It has the exact same behavior another .NET runtime may have, which means that C++ cannot be access directly, and you'll have to expose a C API to be able to use it.,There are some caveats with the use of C++, where the runtime needs to be forcibly included in the mono runtime's binaries, making it larger. This may change soon, since emscripten is moving to a full LLVM backend.,Some documentation is for the Uno.Wasm.Bootstrapper is ,.",801,9,no,"SA1, SA2.1, SB1, SB2",7,Design,Interfacing,Interfacing choice,,method choice,,2019-06-05 20:16:57Z,2019-06-05 20:16:57Z,"5,646,682,256,467,400"
https://stackoverflow.com/questions/56385013/how-to-show-entire-text-in-a-modal-on-click-of-ellipsis-in-js,Accepted,2019-05-30 20:12:35Z,2019-06-15 07:46:43Z,flash,"1,447",4,"javascript,php,html,css,modal-dialog",How to show entire text in a modal on click of ellipsis in JS?,"I am working on a php code as shown below in which I have added , after a particular word limit. ,Flooding Concerns in , ABCSGSGSGSGSGSG and ,
SHSHSGFASGXDS (...),I am wondering what JS code I need to add so that on , , full text show up in the modal something like ,.","Here is my fully tested implementation of your string extraction and the required modal feature from the w3schools demo:,You will need to replace my hardcoded input (above) with your file scrapings. To create , , array and display the main layer's content with a single loop, use this inside the , tag where you want to display the clickable readmore boxes:,Things to notice:,Another runnable snippet which has been adjusted to present cell text individually...,And here is a pastebin dump of an php execution of the above:",4k,7,,"SA2.1, SA2.2, SB1, SB2",3,Coding,Embedding,,,HTTPRequest,,2019-06-08 06:33:18Z,"2019-06-08 06:33:18Z,2019-06-05 14:58:07Z,2019-06-07 06:26:02Z,2019-06-10 07:24:07Z","5,638,501,356,504,090,000,000,000,000,000,000,000,000"
https://stackoverflow.com/questions/57990269/passing-pointer-to-c-from-python-using-pybind11,Accepted,2019-09-18 10:09:18Z,2019-09-19 07:20:54Z,Frank,"2,129",1,"python,c++,pybind11",passing pointer to C++ from python using pybind11,"I have created the following class using pybind11:,However I have no idea how I would call this constructor in Python.. I see that Python expects a float in the place of the double*, but I cannot seem to call it.,I have tried, , but this does not work...,Edit:,I have distilled the answer from @Sergei answer.","Pybind does automatic conversions. When you bind , the argument is assumed to be a pointer to a singe value, not a pointer to the array begin, because it would be quite unnatural to expect such input from python side. So pybind will convert argument using this logic. ,If you need to pass raw array to c++ use , like ,:,To make it work you need to pass a type which follows python buffer protocol.",3k,9,,"SA2.1, SA2.2, SB1,SB2",2,Coding,Interfacing,Invocation mechanism,Explicit interfacing,transfer,,2019-09-18 11:57:52Z,2019-09-18 11:57:52Z,"5,799,026,957,992,240"
https://stackoverflow.com/questions/58250341/what-happens-if-undefined-c-behaviour-meets-c-defined-behaviour,Accepted,2019-10-05 16:41:01Z,2019-10-06 02:27:19Z,Daniel Stephens,"1,026",2,"c++,c,undefined-behavior",What happens if undefined C++ behaviour meets C defined behaviour?,"I have a , file that I compile with C++ (not a C compiler). The containing function relies on a cast (see last line) which seems to be defined in C (please correct if I am wrong!), but not in C++ for this special type.,Since I compile this in a C++ file, is this now defined or undefined behaviour? Or would I need to move this into a , file, to make it defined behaviour?","This is defined in both C++ and C. It does not violate strict aliasing regulations as it does not dereference the resulting pointer.,Here's the , (thanks to @interjay and @VTT) that allows this:,Here's the , (thanks @StoryTeller) that allows this:,These specify that one pointer type can be converted to another pointer type (and then optionally converted back) without consequence.,And here's the , that allows this specific case:,As this function (,) is part of the C standard library, whatever goes on inside (specifically, dereferencing the type-casted pointer) does not have undefined behavior.,To answer the more general question:,C and C++ are two different languages. If something is defined in C but not in C++, it's defined in C but not in C++. no implied compatibility between the two languages will change that. If you want to use code that is well-defined in C but is undefined in C++, you'll have to use a C compiler to compile that code.",851,11,,"SA1, SA2.1, SB1,SB2",7,Coding,Data handling,Interoperability,,HTTPRequest,,2019-10-05 17:01:24Z,"2019-10-05 17:01:24Z,2019-10-05 22:51:31Z","582,503,415,825,051,000,000,000"
https://stackoverflow.com/questions/58927296/adding-utf-8-support-to-js-php-script,Accepted,2019-11-19 05:36:52Z,2019-11-24 13:36:41Z,santa,"12,374",5,"javascript,php,mysql,ajax,utf-8",Adding UTF-8 support to JS/PHP script [duplicate],"I am working on a page that uses JavaScipt to send data to a PHP script via AJAX POST. The problem is, if the input is in a language that is not Latin based I end-up storing gibberish in the MySQL table. Latin alphabet works fine.,The page itself is capable to rendering UTF-8 characters, if they are in a data provided on page load, it's the post that I struggle with.,and save. See the Network POST request in browser's dev tools.,The post is made through the following JS function,Here's my PHP code.,When I check for encoding on the page like this:,I get result: ,I also tried the following header:,MySQL table collation where the data is supposed to go is set to ,I have another page that has a form where users populate the same table and it works perfectly fine with ANY language. When I check on the other page why it is capable of inserting similar data into db successfully I see the following above insert query:,I've attempted putting the same line above my query that the data still looks gibberish. I also tried the following couple alternatives:,and,...but to no avail. I'm stomped. Need help getting it figured out.,Environment:,I ran more tests.,I used a phrase ""this is a test"" in Arabic - ?????? ????????????,It seems that ajax.php code works properly. After db insert it returns UTF-8 encoded values, that look like: ""\u0647\u0630\u0627 \u0627\u062e\u062a\u0628\u0627\u0631"" and the encoding is set to:""UTF-8"", however the inserted data in my db table appears as: ??????????????? ????????????????????????,So why am I not jumping to converting my db table to different collation? Couple of reasons: it has nearly .5 mil records and it actually works properly when I go to another page that does very similar INSERT.,Turns out my other page is using ASCII encoding when inserting the data. So it's only natural I try to conver to ASCII on ajax.php. The problem I end-up with blank data. I am so confused now...,Thanks, based on a few clues I ended-up rewriting all functions for this page to PDO and it worked!","is Mojibake, or possibly ""double encoding"", for ?????????????? -- Please do , to see which of these looks like:,Mojibake: ,
double encoding: ,If Mojibake:,If double-encoding: This is caused by converting from latin1 (or whatever) to utf8, then treating those bytes as if they were latin1 and repeating the conversion.,More discussion:,Do , use the , interface in PHP; switch to , or PDO interfaces. , was removed in PHP 5.7.",1k,11,yes,"SA1, SA2.1, SA2.2, SB1,SB2",5,Coding,Data handling,Data format/compatibility,,HTTPRequest,,2019-11-21 23:49:08Z,"2019-11-21 23:49:08Z,2019-11-19 05:55:07Z,2019-11-21 07:58:26Z,2019-11-22 20:11:36Z,2019-11-23 23:52:38Z","589,272,965,898,546,000,000,000,000,000,000,000,000,000,000,000"
https://stackoverflow.com/questions/60333494/this-paymentmethod-was-previously-used-without-being-attached-to-a-customer-or-w,Accepted,2020-02-21 06:52:57Z,2020-02-21 21:58:12Z,Josheee,73,1,"javascript,python,stripe-payments","This PaymentMethod was previously used without being attached to a Customer or was detached from a Customer, and may not be used again","Having a weird issue here. Following the docs, I am attaching the PaymentMethod to an existing customer, but it's not working. Roughly, I:,The code:","It looks like there is an issue with the Stripe documentation. ,On , they have:,But on , they are missing this critical line.,But in your case, does the user select if they want to save their card on the frontend? Then you don't need to save the card on the backend and can save it in the , call: , :",5k,7,,"SA2.1,SA2.2, SB1,SB2",7,Coding,Data handling,Interoperability,,document error,,2020-02-21 21:49:30Z,2020-02-21 21:49:30Z,"6,033,349,460,346,660"
https://stackoverflow.com/questions/60032983/record-voice-with-recorder-js-and-upload-it-to-python-flask-server-but-wav-file,Accepted,2020-02-03 04:09:32Z,2020-06-13 09:06:40Z,Kazuaki Suzuki,783,2,"javascript,python,flask,audio,windows-subsystem-for-linux","Record voice with recorder.js and upload it to python-flask server, but WAV file is broken","I would like to realize this.,I realized this with the help of addpipe's simple recorder.js sample.
,This sample uses php server, so I changed the original app.js.,original app.js,my app.js,I checked my web app locally, then everything looked perfect. I use Windows 10, WSL, Debian 10/buster, python3.7.6, Google Chrome. Here is Terminal's record.,However, when I checked uploaded ""file.wav"" with ffprobe command, it was broken.,This is screenshot of my app. When I push ""save to disk"" button, I can download WAV file locally.
If I check downloaded WAV file, it is not broken.,My directory structure is here.,This is main.py.,This is index.html.,This is app.js.,
Could you give me any information or suggestion?,Thank you in advance.,Sincerely, Kazu","I have this problem and it takes me 2 days for finding the solution :)) . In flask server you can use , to get wav audio file. You can pass and use it as an audio variable too. Hope this can help you",7k,6,yes,"SA2.1, SB1",8,Coding,Data handling,Interoperability,,data transfer,,2020-03-25 14:12:36Z,"2020-03-25 14:12:36Z,2020-06-13 09:06:40Z","600,329,836,085,061,000,000,000"
https://stackoverflow.com/questions/60892286/javascript-to-c-sharp-numeric-precision-loss,Accepted,2020-03-27 18:42:56Z,2020-04-29 01:41:46Z,TGH,"37,391",2,"javascript,c#,signalr,msgpack,binary-serialization",JavaScript to C# Numeric Precision Loss,"When serializing and deserializing values between JavaScript and C# using SignalR with MessagePack I am seeing a bit of precision loss in C# on the receiving end.,As an example I am sending the value 0.005 from JavaScript to C#. When the deserialized value appears on the C# side I am getting the value ,, which is close, but not 0.005 exactly. The value on the JavaScript side is , and on the C# side I am using ,.,I have read that JavaScript can't represent floating point numbers exactly which can lead to results like ,. I suspect the issue I am seeing is related to this feature of JavaScript.,The interesting part is that I am not seeing the same issue going the other way. Sending 0.005 from C# to JavaScript results in the value 0.005 in JavaScript. ,: The value from C# is just shortened in the JS debugger window. As @Pete mentioned it does expand to something that is not 0.5 exactly (0.005000000000000000104083408558). This means the discrepancy happens on both sides at least.,JSON serialization does not have the same issue since I am assuming it goes via string which leaves the receiving environment in control wrt parsing the value into its native numerical type.,I am wondering if there is a way using binary serialization to have matching values on both sides. ,If not, does this mean that there is no way to have 100% accurate binary conversions between JavaScript and C#? ,Technology used:,My code is based on ,.
The only difference is that I am using ,.","This has been ,.,I tested , and ,, and interestingly in this particular case, only , had the problem, whereas , seems to be working (i.e. 0.005 is read on server).,Inspecting on the message bytes suggested that 0.005 is sent as type , which is a 4-byte / 32-bit IEEE 754 single precision floating point number despite , is 64 bit floating point.,Run the following code in console confirmed the above:, does provide an option to force 64 bit floating point:,However, the , option is not used by ,.,Though that explains why , works on the server side, ,. Let's wait what ,.,The problem with JS client sending single floating point number to C# backend causes a known floating point issue:,For direct uses of , in methods, the issue could be solved by a custom ,:,And use the resolver:,The resolver is not perfect, as casting to , then to , slows the process down and ,.,As per the OP pointed out in the comments, this , solve the issue if using complex types having , returning properties.,The above decoder is used when needing to convert a single , number to ,:,This issue exists in v2 versions of MessagePack-CSharp. I have filed ,, ,.",798,16,,"SA1, SA2.1, SA2.2, SB1, SB2",9,Coding,Data handling,Data format/compatibility,,Precision loss in pass data,,2020-03-29 22:38:21Z,"2020-03-27 18:59:55Z,2020-03-29 22:38:21Z","608,922,866,089,252,000,000,000"
https://stackoverflow.com/questions/65189028/how-to-change-server-side-language-cookies-like-client-side-using-ajax,Accepted,2020-12-07 20:39:52Z,2020-12-16 23:42:42Z,,,5,"javascript,php,jquery,ajax,cookies",How to change server side language cookies like client side using Ajax?,"I have two news websites, one in Spanish and one in English:,But from the main domain (in English) I am integrating a system to be able to show news in another language for example:,Based on that URL, I create one ??cookie?? where the language of the URL will be stored, which is the first folder/subfolder or directory ??/es/??:,With this parameter, news will be displayed in Spanish for both the site: , by the subdomain , or by the URLs in Spanish , = ,So far everything seems to be working properly.,But the problem arises when I try to change the language through Ajax, although the Ajax code does send and send information, for some reason it does not replace the cookie, that is, if I click on the English language, it does not change it, the change of language.,What I want to achieve is that the language can also be changed, removing or replacing the cookies both on the server side and the client side using ajax:,The , file will be in charge of changing the language, creating their respective cookies.","in your , you have to change the line:,to :,because if you specify , in header, it will be , and, in your both , and , will be use.,according to ,Cookies Are Essential Since ,, and Server want to , and use it in , .,as long as , decide to view your site in which language they prefer.
and your server will not doing nothing with it (no controls, no security threads).,you can use a , .,and just remove the , file.,you can do this by pure Javascript and when the user try to navigate in browser. his/her requests will be sent via new cookie which javascript has been set.,just you have to be aware , (Which can prevent Js t manipulate Cookie).,Jquery Example:,instead of sending an ajax request your js can looks like this:",267,8,,"SA1, SA2.1, SA2.2, SB1,SB2",3,Coding,Embedding,,,HTTPRequest,,2020-12-13 18:05:55Z,"2020-12-13 18:05:55Z,2020-12-10 15:43:21Z,2020-12-10 18:15:24Z,2020-12-13 18:44:25Z,2020-12-16 23:36:11Z","651,890,286,527,896,000,000,000,000,000,000,000,000,000,000,000"
https://stackoverflow.com/questions/66498069/what-is-the-most-conventional-way-to-integrate-c-code-into-a-python-library-usin,Accepted,2021-03-05 18:52:34Z,2021-03-09 11:29:48Z,Giuppox,"1,032",1,"python,c,python-3.x,setup.py,distutils",What is the most conventional way to integrate C code into a Python library using distutils?,"Many well-known python libraries are basically written in C (like tensorflow or numpy) because this apparently speeds things up a lot. I was able to very easily integrate a C function into python by reading ,.
Doing so I can finally use , to access the functions of the , file:,so that when i run , i can install my library.
However, what if i want to create a python-coded wrapper object for the functions inside ,? Is there a way to do this without polluting the installed modules? ,
Wandering around the internet I have seen some seemingly simple solutions using shared libraries (,). However I would need a solution that does not involve attaching the compiled C code, but one that compiles it the first time the program is run.","The shared libraries are the right way to go in this case. The , have ability to build the static libraries as follows:,This will generate the , library in the working directory.,For example how it's used in real , see the",245,8,yes,"SA1, SA2.1, SA2.2, SB1, SB2",1,DEM,Build,,,codee integrate,,2021-03-07 13:57:57Z,2021-03-07 13:57:57Z,"6,649,806,966,517,290"
