accepted_time,answers_time,comments_time,link,posts_id
2008-09-08 05:37:56Z,"2008-09-08 05:37:56Z,2008-09-08 04:58:26Z",2008-09-08 05:17:40Z,https://stackoverflow.com/questions/49156/importing-javascript-in-jsp-tags,"491,564,920,549,185"
2008-09-18 16:43:57Z,"2009-04-16 04:45:22Z,2009-04-17 13:04:14Z,2008-09-18 16:43:57Z,2011-05-06 21:25:54Z,2015-07-15 14:19:47Z,2008-09-18 16:09:13Z","2012-08-13 21:58:52Z,2008-09-18 17:05:08Z",https://stackoverflow.com/questions/93911/how-can-you-run-javascript-using-rhino-for-java-in-a-sandbox,"939,117,547,927,603,000,000,000,000,000,000,000,000,000"
2008-09-24 12:24:41Z,"2008-09-24 12:24:41Z,2008-09-24 15:37:33Z,2016-09-21 10:47:51Z,2008-09-24 12:25:03Z,2008-09-24 12:34:54Z,2018-06-29 08:49:51Z","2010-10-19 18:30:12Z,2008-09-24 12:40:46Z,2009-07-24 18:53:52Z,2012-11-12 05:47:41Z,2017-10-24 03:10:50Z,2020-04-09 21:42:33Z,2012-11-12 05:48:12Z,2019-06-27 12:00:25Z,2008-09-24 15:41:14Z,2018-08-01 14:56:11Z,2008-09-24 20:51:39Z,2012-11-12 05:53:09Z,2018-09-12 16:17:51Z",https://stackoverflow.com/questions/126781/c-union-in-c-sharp,"1,267,811,268,071,270,000,000,000,000,000,000,000,000,000,000"
2008-10-06 12:35:42Z,"2008-10-06 12:35:42Z,2008-09-29 19:29:58Z",2008-09-29 19:47:49Z,https://stackoverflow.com/questions/148071/problem-using-large-binary-segment-in-ooxml,"148,071,174,086,150,000"
2008-10-17 03:07:53Z,"2008-10-17 03:07:53Z,2008-10-17 12:11:04Z","2008-10-17 04:07:19Z,2008-10-17 04:16:35Z",https://stackoverflow.com/questions/210978/using-os-execvp-in-python,"210,978,210,982,211,000"
2008-10-18 19:59:25Z,"2008-10-18 19:59:25Z,2008-10-17 20:00:47Z,2008-10-17 20:47:20Z","2008-10-17 20:03:19Z,2008-10-17 20:26:13Z,2017-12-21 22:02:27Z,2008-10-17 20:24:58Z,2008-10-18 02:53:39Z,2008-10-18 11:06:03Z",https://stackoverflow.com/questions/213628/how-to-convert-a-c-string-char-array-into-a-python-string-when-there-are-non-a,"213,628,215,507,213,000,000,000"
2009-01-07 05:48:28Z,"2009-01-07 05:48:28Z,2009-01-07 05:06:09Z,2009-01-07 06:01:46Z,2009-01-07 05:05:31Z,2012-11-26 08:14:06Z","2009-12-21 14:37:42Z,2016-11-12 23:52:14Z,2010-01-29 11:49:36Z,2013-04-22 22:06:17Z",https://stackoverflow.com/questions/419240/how-to-get-javascript-function-data-into-a-php-variable,"41,924,041,932,641,900,000,000,000,000,000,000,000"
2009-01-13 11:28:40Z,"2010-09-25 10:55:08Z,2009-01-13 11:28:40Z,2009-01-14 20:00:08Z,2009-01-13 11:15:46Z,2014-06-16 16:07:00Z,2009-01-13 11:11:40Z","2017-01-21 10:01:54Z,2017-01-23 21:40:06Z,2017-01-21 09:59:54Z,2017-01-21 09:58:49Z",https://stackoverflow.com/questions/438594/how-to-call-java-objects-and-functions-from-cpython,"438,594,379,350,443,000,000,000,000,000,000,000,000,000,000"
2009-02-10 23:01:15Z,"2009-02-10 23:01:15Z,2009-02-10 07:07:37Z,2009-02-10 07:09:54Z,2009-02-10 07:24:23Z","2009-02-16 14:43:53Z,2009-02-16 14:42:29Z,2009-02-10 08:37:29Z,2009-02-10 09:31:27Z,2009-02-16 14:41:54Z",https://stackoverflow.com/questions/531311/how-can-i-generate-dynamic-javascript,"531,311,534,655,531,000,000,000,000,000"
2009-04-07 15:48:37Z,"2009-04-07 15:48:37Z,2011-12-20 09:39:47Z,2009-04-07 15:53:18Z,2009-04-07 15:54:04Z,2009-04-07 15:55:04Z,2009-04-07 15:55:29Z","2009-04-07 15:54:38Z,2009-04-07 15:59:49Z,2016-06-22 11:04:15Z",https://stackoverflow.com/questions/726410/serialize-in-c-then-deserialize-in-c,"7,264,107,264,208,570,000,000,000,000,000,000,000,000,000"
2009-04-08 11:27:28Z,"2009-04-08 11:27:28Z,2009-04-08 12:08:22Z,2009-04-08 11:46:39Z,2009-04-08 11:28:36Z","2009-04-08 11:32:59Z,2011-03-23 15:34:11Z,2011-03-23 15:52:48Z,2011-03-23 15:56:14Z,2011-03-23 16:02:57Z,2014-01-06 00:23:02Z",https://stackoverflow.com/questions/729562/how-to-compile-c-sharp-application-with-c-static-library,"729,562,729,579,729,000,000,000,000,000"
2009-04-28 18:16:33Z,2009-04-28 18:16:33Z,2009-04-28 17:50:20Z,https://stackoverflow.com/questions/799076/returning-a-stdstring-from-a-c-dll-to-a-c-sharp-program-invalid-address-s,"799,076,799,210"
2009-04-30 19:45:40Z,"2009-04-30 19:45:40Z,2009-04-30 20:53:52Z,2009-04-30 20:05:49Z,2009-04-30 20:15:16Z,2009-06-27 11:33:14Z,2009-04-30 19:52:54Z","2009-04-30 20:52:46Z,2014-10-06 14:32:23Z,2009-04-30 20:04:27Z,2009-04-30 20:07:53Z,2009-04-30 20:55:29Z,2009-04-30 19:59:40Z",https://stackoverflow.com/questions/808692/creating-an-interactive-shell-for-net-apps-and-embed-scripting-languages-like-p,"8,086,928,087,018,090,000,000,000,000,000,000,000,000,000"
2009-05-07 15:15:36Z,"2009-05-07 15:15:36Z,2009-05-07 15:36:34Z,2009-08-20 02:11:32Z,2010-11-03 11:22:09Z,2010-04-08 00:31:39Z,2019-06-20 15:22:59Z","2009-05-07 15:20:59Z,2009-05-07 15:29:32Z,2009-05-07 15:30:26Z,2009-05-07 15:30:57Z,2010-07-23 03:49:26Z",https://stackoverflow.com/questions/835259/show-hide-fields-depending-on-select-value,"83,525,983,527,083,500,000,000,000,000,000,000,000,000,000,000"
2009-05-26 15:13:00Z,"2009-05-26 15:13:00Z,2012-07-24 17:47:50Z,2013-05-12 07:53:01Z",2014-03-18 15:40:42Z,https://stackoverflow.com/questions/911034/how-to-debug-jni-c-library,"9,110,349,112,101,160,000,000,000,000"
2009-06-01 16:56:26Z,"2009-06-01 16:56:26Z,2009-06-01 16:55:32Z,2009-06-01 16:50:38Z,2009-06-01 16:54:20Z,2009-06-01 16:49:10Z,2009-06-01 16:51:54Z,2010-11-25 19:39:00Z","2019-02-26 13:33:13Z,2018-12-03 10:26:54Z,2009-06-01 17:51:26Z",https://stackoverflow.com/questions/935664/possible-to-call-c-code-from-c,"9,356,649,357,139,350,000,000,000,000,000,000,000,000,000,000,000"
2009-06-18 19:50:57Z,"2009-06-18 19:50:57Z,2009-06-18 19:45:36Z,2009-06-18 21:15:26Z,2009-06-19 13:15:00Z,2009-06-18 20:02:50Z",,https://stackoverflow.com/questions/1014584/force-java-to-call-my-c-destructor-jni,"101,458,410,148,201,000,000,000,000,000,000,000,000,000"
2009-07-13 14:17:25Z,"2009-07-13 14:17:25Z,2009-07-13 14:44:27Z,2017-03-18 15:53:54Z,2009-07-13 14:45:12Z,2019-10-30 11:30:40Z,2009-07-13 14:24:21Z,2009-07-13 14:16:46Z,2009-07-13 14:21:39Z,2020-05-13 07:46:58Z,2009-07-13 14:17:55Z","2009-07-13 14:16:56Z,2009-07-13 14:19:13Z,2009-07-13 14:25:45Z,2009-07-13 14:29:32Z,2009-07-13 14:32:57Z,2012-06-04 14:40:33Z,2017-08-04 06:31:45Z,2017-10-17 15:02:54Z,2019-04-27 10:56:02Z,2009-07-13 14:17:49Z,2009-07-13 14:19:21Z,2009-07-13 14:21:38Z,2020-05-20 15:56:25Z,2021-01-20 11:50:10Z",https://stackoverflow.com/questions/1119696/java-python-integration,"11,196,961,119,711,100,000,000,000,000,000,000,000,000,000,000,000,000,000,000,000,000,000,000,000,000,000"
2009-07-20 13:35:54Z,"2009-07-20 13:35:54Z,2009-07-20 13:31:37Z,2009-07-20 13:31:48Z,2009-07-20 13:31:53Z,2009-07-20 14:52:10Z,2017-10-05 19:57:23Z,2009-07-20 13:33:47Z,2009-07-20 14:19:57Z,2012-03-01 09:31:20Z,2013-08-15 21:37:47Z,2009-07-20 13:30:06Z,2021-09-06 22:40:29Z","2009-07-20 14:05:27Z,2009-07-20 14:24:12Z,2013-03-19 20:04:58Z,2013-07-22 08:49:24Z,2014-03-11 20:10:17Z,2016-03-15 17:23:18Z,2016-08-04 12:59:47Z,2009-07-20 13:33:57Z,2009-07-20 15:11:46Z,2009-07-21 01:49:41Z,2015-05-01 16:04:33Z,2014-10-27 02:53:13Z,2014-10-27 03:22:54Z,2018-04-09 22:06:44Z,2009-07-20 13:34:42Z,2009-07-20 13:38:38Z,2009-07-20 13:39:42Z",https://stackoverflow.com/questions/1153577/integrate-python-and-c,"1,153,577,115,363,510,000,000,000,000,000,000,000,000,000,000,000,000,000,000,000,000,000,000,000,000,000,000,000,000,000,000"
2009-07-28 12:02:10Z,"2009-07-28 12:02:10Z,2009-07-28 12:01:02Z","2009-07-28 12:59:26Z,2015-11-26 21:40:28Z,2018-04-17 10:43:22Z",https://stackoverflow.com/questions/1161142/not-receiving-callbacks-from-the-java-access-bridge,"116,114,211,936,441,000,000"
2009-07-29 11:09:46Z,"2009-07-29 11:09:46Z,2009-12-15 06:46:24Z,2009-07-29 16:29:12Z,2013-10-29 10:17:26Z,2011-02-24 20:01:11Z,2018-08-04 23:13:32Z","2009-07-29 11:17:59Z,2009-07-29 11:30:09Z,2009-07-29 11:32:06Z,2009-07-29 11:57:24Z,2009-07-29 12:01:22Z",https://stackoverflow.com/questions/1199470/combine-javascript-files-at-deployment-in-python,"119,947,011,994,811,000,000,000,000,000,000,000,000,000,000,000,000"
2009-08-04 15:50:18Z,"2009-08-04 14:12:07Z,2009-08-04 15:50:18Z,2012-07-06 12:35:31Z,2012-02-15 20:27:06Z,2012-05-09 21:16:44Z,2017-10-23 16:58:10Z,2013-07-10 20:28:12Z,2012-04-28 15:22:52Z,2009-08-03 21:56:39Z,2009-08-04 14:09:05Z","2009-08-04 15:25:19Z,2014-10-03 19:46:18Z,2014-10-07 16:53:54Z,2014-10-09 21:19:49Z,2012-11-02 14:46:53Z,2013-05-21 21:25:06Z,2013-04-01 19:18:14Z,2009-08-03 22:05:15Z,2017-07-22 01:48:29Z",https://stackoverflow.com/questions/1224793/javascript-serialization-of-datetime-in-asp-net-is-not-giving-a-javascript-date,"1,224,793,122,776,710,000,000,000,000,000,000,000,000,000,000,000,000,000,000,000,000,000,000,000,000,000,000"
2009-08-21 00:19:39Z,"2009-08-21 00:19:39Z,2009-08-21 01:32:44Z","2009-08-21 00:25:53Z,2009-08-21 00:32:22Z,2009-08-21 00:45:20Z,2009-08-21 01:23:45Z,2009-08-21 01:25:38Z,2009-08-21 01:57:48Z,2009-08-21 07:04:18Z",https://stackoverflow.com/questions/1309509/correct-way-to-marshal-size-t,"130,950,913,095,141,000,000"
2009-09-04 04:55:02Z,"2009-09-04 04:55:02Z,2012-06-22 01:09:50Z,2016-04-20 12:13:00Z","2009-09-04 04:55:35Z,2009-09-04 05:35:13Z,2016-04-20 12:33:57Z",https://stackoverflow.com/questions/1377278/passing-json-encoded-variable-from-php-to-javascript-via-post,"137,727,813,772,901,000,000,000,000,000"
2009-10-07 20:21:52Z,"2009-10-07 20:21:52Z,2009-10-07 20:35:08Z,2009-10-07 20:21:29Z,2009-10-07 20:24:22Z,2011-01-26 14:51:24Z,2016-02-24 09:30:21Z","2009-10-07 20:26:55Z,2009-10-07 20:37:25Z,2009-10-07 20:58:04Z,2009-10-07 21:28:37Z",https://stackoverflow.com/questions/1533916/how-to-set-up-a-c-function-so-that-it-can-be-used-by-p-invoke,"15,339,161,533,956,100,000,000,000,000,000,000,000,000,000,000,000"
2009-11-02 18:35:57Z,"2009-11-02 18:35:57Z,2009-11-02 19:27:54Z,2010-10-28 02:53:34Z,2012-02-16 15:24:54Z","2009-11-02 18:50:47Z,2014-06-17 10:03:53Z",https://stackoverflow.com/questions/1662769/rsa-encryption-java-to-php,"16,627,691,662,887,100,000,000,000,000,000,000"
2009-11-09 02:34:08Z,"2009-11-09 02:34:08Z,2011-08-12 23:45:07Z,2013-09-06 13:47:24Z","2009-11-09 02:31:46Z,2009-11-09 02:38:06Z,2009-11-09 02:39:03Z,2009-11-09 02:41:54Z,2009-11-09 03:10:50Z,2013-09-06 13:48:44Z",https://stackoverflow.com/questions/1698801/passing-php-array-into-javascript-through-json-to-update-google-chart,"16,988,011,698,821,700,000,000,000,000"
2009-12-16 20:52:21Z,"2009-12-16 20:52:21Z,2014-02-12 23:50:04Z,2012-11-28 18:45:10Z,2014-07-25 07:25:16Z,2019-07-12 09:41:01Z,2014-06-17 15:54:15Z,2012-06-03 15:47:27Z,2009-12-16 20:50:27Z,2016-02-28 16:00:02Z,2014-07-22 12:48:35Z,2009-12-16 20:53:46Z,2016-03-31 17:57:47Z,2020-10-26 04:47:01Z,2018-08-09 12:16:21Z,2019-08-08 13:15:29Z,2021-08-14 01:57:35Z","2013-09-20 02:45:03Z,2019-10-16 09:08:34Z,2009-12-17 10:14:44Z,2009-12-18 10:08:01Z,2009-12-18 10:17:09Z,2009-12-18 17:50:47Z,2012-10-17 04:14:00Z,2016-11-15 08:16:21Z,2017-07-15 18:04:02Z,2017-08-05 06:40:21Z,2019-10-16 08:52:03Z,2020-11-08 08:04:44Z,2013-11-02 01:40:55Z,2016-07-06 22:09:17Z,2015-10-31 01:07:09Z,2016-06-20 07:59:16Z,2018-03-09 06:47:47Z,2019-05-08 00:31:25Z,2019-10-16 09:00:44Z,2019-09-15 18:54:29Z,2009-12-17 10:13:24Z,2009-12-17 10:16:30Z,2009-12-17 20:17:45Z,2009-12-18 10:13:56Z,2009-12-18 10:15:05Z,2019-04-03 20:19:11Z",https://stackoverflow.com/questions/1917576/how-do-i-pass-javascript-variables-to-php,"191,757,619,176,262,000,000,000,000,000,000,000,000,000,000,000,000,000,000,000,000,000,000,000,000,000,000,000,000,000,000,000,000,000,000,000,000,000,000,000,000,000,000,000"
2009-12-21 20:37:14Z,"2011-04-16 13:41:45Z,2009-12-21 20:37:14Z,2009-12-21 20:32:22Z,2013-02-18 17:33:30Z,2009-12-21 20:09:31Z,2009-12-21 20:36:42Z,2009-12-27 15:13:27Z,2009-12-21 20:37:56Z,2013-06-12 14:15:18Z,2014-02-23 11:31:10Z,2020-01-04 03:47:56Z,2011-09-01 05:19:39Z","2009-12-21 21:07:06Z,2009-12-22 06:57:19Z,2009-12-22 08:10:08Z,2009-12-22 19:19:22Z,2009-12-27 16:39:52Z,2011-04-16 17:28:23Z,2012-03-20 12:59:55Z,2017-02-21 08:08:33Z,2019-07-23 20:42:44Z,2012-04-24 12:51:00Z,2012-05-07 17:50:28Z,2014-04-15 20:10:02Z,2020-05-11 09:05:15Z,2009-12-22 02:54:45Z,2011-04-08 20:36:42Z,2012-01-23 17:07:28Z,2014-09-19 19:36:35Z,2015-04-27 07:39:33Z,2015-10-21 10:59:05Z,2009-12-21 20:51:47Z,2012-12-18 22:06:11Z,2014-10-04 04:22:06Z,2016-09-19 14:52:53Z,2020-04-08 16:25:49Z,2015-05-09 02:16:52Z,2014-03-14 04:40:01Z,2014-08-07 07:28:50Z",https://stackoverflow.com/questions/1942298/wrapping-a-c-library-in-python-c-cython-or-ctypes,"19,422,985,686,873,100,000,000,000,000,000,000,000,000,000,000,000,000,000,000,000,000,000,000,000,000,000,000,000,000,000,000"
2009-12-23 17:27:12Z,"2009-12-23 17:27:12Z,2009-12-23 16:32:28Z,2009-12-23 16:19:31Z,2010-08-21 22:55:46Z","2009-12-23 16:22:04Z,2009-12-23 16:26:54Z,2009-12-23 16:30:16Z,2009-12-23 16:36:18Z,2009-12-23 16:49:57Z,2009-12-23 18:10:34Z,2009-12-23 18:26:08Z,2009-12-23 18:04:55Z,2010-08-22 02:10:26Z",https://stackoverflow.com/questions/1953731/python-pytables-java-tying-all-together,"19,537,311,954,175,100,000,000,000,000,000,000"
2009-12-25 16:20:34Z,"2009-12-25 16:20:34Z,2009-12-11 23:28:38Z",,https://stackoverflow.com/questions/1711490/returning-a-c-class-to-java-via-jni,"1,711,490,196,143,210,000,000,000,000"
2010-01-06 07:08:49Z,"2012-07-23 15:48:24Z,2010-01-06 07:08:49Z","2012-12-12 22:34:40Z,2013-01-16 10:02:40Z,2015-04-17 16:01:37Z,2019-02-24 18:22:39Z,2019-02-24 18:52:23Z,2012-12-12 22:33:38Z",https://stackoverflow.com/questions/2011311/running-java-with-java-opts-env-variable-has-no-effect,"2,011,311,116,159,600,000,000"
2010-01-18 17:33:53Z,"2010-01-18 17:33:53Z,2010-01-18 17:23:17Z,2010-01-18 18:42:48Z,2011-05-30 14:22:42Z","2010-01-18 20:11:18Z,2010-01-18 20:36:03Z,2010-01-19 00:12:21Z,2011-06-15 16:00:19Z,2011-08-10 20:20:28Z",https://stackoverflow.com/questions/2087840/add-a-reference-from-a-c-sharp-app-to-a-dll-compiled-without-clr,"20,878,402,087,942,200,000,000,000,000,000,000"
2010-02-01 20:20:39Z,"2010-02-01 20:20:39Z,2010-02-01 19:57:43Z,2010-02-01 22:23:01Z,2016-08-18 13:55:07Z,2010-02-01 20:44:44Z,2010-02-04 21:27:43Z","2010-02-01 20:34:15Z,2010-02-01 21:20:08Z,2015-04-07 15:15:53Z,2010-02-01 20:15:25Z,2016-08-18 21:58:09Z,2016-08-19 00:52:05Z,2010-02-01 21:09:33Z,2010-02-01 21:19:46Z",https://stackoverflow.com/questions/2179601/good-php-framework-for-fully-ajax-based-web-applications,"21,796,012,179,775,200,000,000,000,000,000,000,000,000,000,000,000"
2010-02-06 03:55:22Z,"2010-02-06 03:55:22Z,2010-02-06 09:16:18Z,2010-02-06 03:24:29Z,2010-02-06 03:30:05Z","2010-02-06 03:57:57Z,2010-02-19 17:56:01Z,2010-02-19 18:20:20Z,2015-01-20 00:57:25Z,2012-02-12 07:52:57Z,2017-02-04 08:57:51Z,2017-05-11 10:56:37Z,2010-02-06 03:28:46Z,2012-10-19 18:29:36Z,2010-02-06 03:32:59Z,2010-02-06 03:33:07Z,2010-02-06 03:35:06Z,2010-02-06 04:10:58Z,2013-03-21 20:48:20Z",https://stackoverflow.com/questions/2211867/how-do-i-call-c-cli-from-c,"22,118,672,211,959,200,000,000,000,000,000,000"
2010-02-08 06:49:46Z,"2010-02-08 06:49:46Z,2010-02-12 13:13:18Z,2010-02-08 06:44:49Z,2013-01-22 16:57:17Z","2010-02-08 07:25:30Z,2010-02-08 11:54:23Z,2010-02-10 20:06:33Z,2010-02-08 06:48:57Z,2010-02-08 06:50:17Z,2010-02-08 07:48:01Z,2010-02-08 11:42:00Z",https://stackoverflow.com/questions/2219982/getting-php-to-run-a-python-script,"221,998,222,200,142,000,000,000,000,000,000,000"
2010-02-09 10:29:27Z,"2010-02-15 01:05:59Z,2010-02-09 10:29:27Z","2010-02-09 10:24:16Z,2010-03-11 07:06:47Z,2010-04-06 10:42:44Z,2010-08-12 22:16:08Z,2010-08-13 09:10:24Z,2012-09-27 17:38:35Z",https://stackoverflow.com/questions/2228275/java-generics-and-jni,"222,827,522,635,442,000,000"
2010-03-01 15:23:05Z,"2010-03-01 15:23:05Z,2010-03-03 22:18:57Z,2010-03-01 14:00:50Z,2010-03-01 14:25:22Z",2010-03-01 13:41:41Z,https://stackoverflow.com/questions/2356098/what-is-the-best-tool-for-performance-regression-testing,"23,560,982,356,801,200,000,000,000,000,000,000"
2010-03-04 18:29:16Z,"2010-03-04 18:29:16Z,2019-03-02 14:51:44Z","2010-03-04 17:56:41Z,2015-12-21 12:58:08Z,2010-03-04 18:55:21Z,2010-03-04 20:09:49Z,2010-03-05 08:11:32Z,2010-03-05 12:35:28Z,2010-03-05 14:15:39Z,2019-03-02 16:46:58Z",https://stackoverflow.com/questions/2381241/what-is-the-subprocess-popen-max-length-of-the-args-parameter,"2,381,241,238,172,650,000,000"
2010-03-09 12:21:01Z,"2010-03-09 12:21:01Z,2010-03-09 12:01:00Z,2010-03-09 12:11:21Z,2021-04-09 12:13:07Z","2010-03-09 12:56:25Z,2010-03-09 12:59:08Z,2010-03-09 14:31:19Z,2010-03-09 12:40:38Z,2010-03-09 13:01:37Z,2010-03-09 13:03:32Z,2010-03-09 14:28:55Z,2010-03-09 12:09:00Z,2010-03-09 12:12:15Z,2010-03-09 12:19:11Z,2010-03-09 12:20:00Z,2010-03-09 12:21:20Z,2010-03-09 12:54:10Z",https://stackoverflow.com/questions/2408771/how-to-get-selected-value-from-dropdownlist-in-asp-net-using-javascript,"240,877,124,089,052,000,000,000,000,000,000,000"
2010-03-17 12:49:54Z,"2010-03-17 12:49:54Z,2010-03-17 12:47:52Z,2010-03-17 12:52:42Z,2012-08-03 21:14:06Z","2010-03-17 12:51:25Z,2010-03-17 13:20:04Z,2010-03-17 15:16:20Z,2010-03-17 17:02:38Z,2021-10-08 12:18:31Z,2021-10-08 19:29:29Z,2021-10-09 07:54:00Z,2021-10-09 07:57:08Z",https://stackoverflow.com/questions/2462230/interacting-with-java-code-from-c-sharp,"246,223,024,622,562,000,000,000,000,000,000,000"
2010-03-28 12:45:27Z,"2010-03-28 12:45:27Z,2016-01-21 16:06:44Z","2017-01-10 14:17:11Z,2016-01-21 15:43:25Z,2016-01-22 08:34:36Z,2017-02-20 07:13:57Z,2017-05-10 06:27:30Z,2019-05-09 09:12:19Z,2017-12-02 19:58:21Z,2018-09-18 06:27:47Z,2020-07-25 09:25:58Z,2020-09-16 21:09:42Z,2020-09-17 09:30:49Z",https://stackoverflow.com/questions/2532907/combining-c-and-c-sharp,"25,329,072,532,974,200,000,000,000,000"
2010-04-01 18:34:03Z,"2010-04-01 18:29:51Z,2010-04-01 18:27:48Z,2010-04-01 18:27:06Z,2010-04-01 18:34:03Z,2010-04-01 18:30:42Z","2010-04-01 18:44:23Z,2010-04-01 20:04:20Z,2010-04-01 21:05:17Z",https://stackoverflow.com/questions/2562648/json-limitation,"256,264,825,626,862,000,000,000,000,000,000,000,000,000"
2010-04-02 13:09:41Z,"2010-04-02 13:09:41Z,2010-04-02 13:18:28Z,2010-04-02 13:25:11Z,2010-04-02 13:41:05Z,2010-04-02 13:46:01Z,2015-07-16 06:26:27Z","2010-04-02 13:20:56Z,2010-04-02 13:27:46Z,2014-06-11 17:34:41Z,2019-03-28 13:44:35Z",https://stackoverflow.com/questions/2566764/encode-compress-sequence-of-repeating-integers,"25,667,642,566,779,200,000,000,000,000,000,000,000,000,000,000,000"
2010-04-18 18:41:53Z,"2010-04-18 18:41:53Z,2010-04-18 18:43:32Z","2013-04-28 21:41:49Z,2010-04-18 18:49:07Z,2010-04-18 19:43:26Z,2010-04-18 19:49:55Z,2010-04-18 20:15:38Z,2010-05-06 20:00:42Z,2013-04-28 21:38:11Z",https://stackoverflow.com/questions/2663429/what-is-the-best-way-to-identify-which-form-has-been-submitted,"266,342,926,634,382,000,000"
2010-04-22 17:18:34Z,"2010-04-22 17:18:34Z,2010-04-22 17:05:58Z","2010-10-03 20:12:29Z,2010-04-22 17:23:55Z,2013-05-23 02:50:32Z,2010-10-03 20:37:08Z,2010-10-03 21:19:27Z,2010-10-04 04:33:13Z",https://stackoverflow.com/questions/2692873/quote-posix-shell-special-characters-in-python-output,"269,287,326,929,802,000,000"
2010-05-02 10:35:17Z,"2010-05-02 10:35:17Z,2010-05-02 10:31:39Z","2010-05-02 10:12:19Z,2010-05-02 10:13:21Z",https://stackoverflow.com/questions/2753056/jquery-get-only-passing-first-two-data-parameters-in-url,"275,305,627,531,552,000,000"
2010-05-05 14:32:47Z,"2010-05-05 14:32:47Z,2010-05-05 14:33:05Z,2010-05-05 15:45:13Z,2010-05-05 14:32:48Z","2010-05-06 13:44:41Z,2011-03-25 17:03:10Z,2010-05-05 14:38:13Z,2010-05-05 14:41:24Z,2010-05-05 15:56:47Z,2010-05-06 07:24:01Z,2010-05-05 14:34:13Z,2010-05-05 16:39:16Z",https://stackoverflow.com/questions/2774074/best-practice-user-generated-html-cleaning,"27,740,742,774,131,200,000,000,000,000,000,000"
2010-05-16 08:52:22Z,"2010-05-16 08:52:22Z,2010-05-15 23:41:15Z,2010-10-20 19:09:35Z,2013-09-08 22:10:01Z","2010-05-16 09:19:53Z,2010-05-16 09:37:58Z,2010-05-16 11:52:23Z,2010-05-16 09:08:45Z,2010-05-16 09:36:30Z,2010-05-16 10:45:09Z,2010-05-16 20:39:14Z,2015-12-16 08:48:01Z,2010-05-16 10:47:05Z,2010-05-16 14:38:15Z,2010-10-21 22:04:05Z",https://stackoverflow.com/questions/2842079/how-can-i-pass-a-javascript-function-to-a-java-method-to-act-as-a-callback-rhin,"284,207,928,431,022,000,000,000,000,000,000,000"
2010-05-18 00:24:34Z,"2010-05-18 00:24:34Z,2010-05-17 23:50:08Z,2010-05-17 23:51:33Z,2010-05-18 00:06:32Z,2010-05-18 00:17:12Z","2010-05-18 00:31:13Z,2010-05-18 01:33:29Z,2010-05-17 23:55:05Z,2010-05-18 00:12:47Z,2010-05-18 00:25:05Z,2010-05-18 00:28:10Z,2010-05-17 23:53:53Z,2010-05-18 00:10:22Z",https://stackoverflow.com/questions/2853725/whats-the-best-way-to-debug-ajax-to-php-calls,"285,372,528,538,882,000,000,000,000,000,000,000,000,000"
2010-05-20 14:28:55Z,"2010-05-20 14:28:55Z,2010-05-20 14:27:59Z,2010-05-20 14:36:09Z,2010-05-20 14:29:36Z","2010-05-20 14:37:59Z,2010-05-20 14:42:01Z,2010-05-20 14:37:39Z,2010-05-20 14:40:27Z",https://stackoverflow.com/questions/2874603/is-it-possible-to-embed-c-code-in-a-c-sharp-project,"28,746,032,874,654,200,000,000,000,000,000,000"
2010-05-22 00:31:09Z,"2010-05-21 21:55:27Z,2010-05-22 00:31:09Z,2010-05-28 04:00:36Z","2010-05-21 22:28:17Z,2010-05-21 23:14:25Z,2010-05-22 01:03:43Z,2010-05-22 01:21:36Z",https://stackoverflow.com/questions/2885822/which-logging-library-to-use-for-cross-language-java-c-python-system,"2,885,822,288,585,720,000,000,000,000"
2010-05-31 07:23:29Z,"2011-02-08 17:53:25Z,2011-07-20 20:37:52Z,2010-05-31 07:23:29Z,2014-05-07 05:51:29Z,2010-11-11 09:37:36Z","2016-01-27 07:55:55Z,2012-02-01 20:50:03Z,2012-04-25 15:47:49Z,2013-11-19 10:04:01Z,2010-05-31 08:11:22Z,2017-03-12 23:42:04Z,2014-05-07 05:52:58Z",https://stackoverflow.com/questions/2941960/a-call-to-pinvoke-function-has-unbalanced-the-stack,"2,941,960,493,650,160,000,000,000,000,000,000,000,000,000"
2010-06-19 07:23:31Z,"2010-06-19 07:23:31Z,2010-06-19 07:03:21Z","2010-06-19 06:37:02Z,2010-06-19 07:02:29Z,2010-06-19 17:09:59Z,2010-06-19 17:13:05Z,2010-06-20 09:44:02Z",https://stackoverflow.com/questions/3074614/how-do-you-fight-against-all-these-ways-javascript-and-its-million-different-w,"307,461,430,747,303,000,000"
2010-06-26 20:16:15Z,"2010-06-26 20:16:15Z,2010-06-26 18:10:35Z,2010-06-26 16:43:56Z,2010-06-26 16:44:30Z","2010-06-26 21:06:06Z,2010-06-26 23:57:24Z,2010-06-26 16:47:10Z,2010-06-26 16:59:30Z",https://stackoverflow.com/questions/3124636/detect-ajax-calling-url,"31,246,363,125,365,300,000,000,000,000,000,000"
2010-06-28 21:04:34Z,"2010-06-28 21:04:34Z,2010-07-12 00:38:23Z,2011-12-29 10:37:20Z,2010-07-07 07:07:10Z,2010-07-08 14:24:22Z",2012-09-28 23:21:44Z,https://stackoverflow.com/questions/3128709/adding-facebook-connect-to-a-codeigniter-website,"312,870,931,361,193,000,000,000,000,000,000,000,000,000"
2010-06-30 02:08:31Z,"2011-05-24 07:59:37Z,2010-06-30 02:08:31Z,2017-01-25 17:19:40Z,2010-06-30 02:29:48Z,2010-06-30 02:14:27Z","2010-06-30 02:33:19Z,2017-11-15 15:37:24Z",https://stackoverflow.com/questions/3146017/how-do-i-share-a-constant-between-c-sharp-and-c-code,"3,146,017,610,737,330,000,000,000,000,000,000,000,000,000"
2010-07-02 15:20:43Z,"2010-07-02 15:20:43Z,2010-06-25 20:58:06Z,2010-06-25 20:55:49Z,2010-07-03 16:17:00Z,2010-06-30 23:01:04Z,2010-06-25 20:57:14Z,2010-07-01 04:11:47Z,2010-07-03 16:38:55Z,2010-06-25 21:01:51Z,2010-06-30 23:07:48Z","2010-06-30 23:22:11Z,2010-07-01 21:53:22Z,2010-07-01 21:56:52Z,2010-07-04 16:12:06Z,2010-07-04 04:18:54Z,2010-07-04 11:39:35Z,2010-07-04 16:17:23Z,2010-07-04 16:31:28Z,2010-07-04 18:19:06Z,2010-06-27 18:10:56Z,2010-06-27 18:34:30Z,2010-06-27 22:03:42Z,2010-07-01 18:43:15Z,2010-07-01 22:01:59Z,2010-06-27 11:30:25Z,2010-07-04 16:20:11Z,2010-07-06 07:41:40Z,2010-07-01 21:57:18Z,2010-07-02 11:32:01Z,2010-07-04 16:19:31Z,2010-06-27 11:36:42Z,2010-07-01 22:00:53Z,2010-07-02 05:22:21Z,2010-07-02 11:36:07Z,2010-08-04 04:04:04Z,2010-07-04 16:21:32Z,2010-06-27 11:37:19Z,2010-06-27 12:10:40Z,2010-07-01 21:58:18Z,2010-07-01 22:00:24Z,2010-07-03 16:42:21Z,2010-07-04 01:13:16Z",https://stackoverflow.com/questions/3121367/php-script-malicious-javascript-code-at-the-end,"31,213,673,167,018,300,000,000,000,000,000,000,000,000,000,000,000,000,000,000,000,000,000,000,000,000"
2010-07-15 20:57:54Z,"2010-07-15 21:00:47Z,2012-01-14 04:26:34Z,2010-07-15 20:57:54Z,2017-10-12 09:24:50Z","2010-07-15 20:58:45Z,2010-07-15 21:05:07Z,2015-11-12 07:41:33Z,2010-07-15 21:03:21Z,2010-07-15 21:04:57Z,2010-07-15 21:06:43Z,2010-07-15 21:11:40Z,2012-11-16 22:22:50Z",https://stackoverflow.com/questions/3259967/sending-displaying-a-base64-encoded-image,"325,996,732,600,448,000,000,000,000,000,000,000"
2010-07-15 21:37:18Z,"2010-07-15 21:37:18Z,2016-06-04 03:54:18Z","2010-07-15 22:06:45Z,2016-01-29 16:07:07Z",https://stackoverflow.com/questions/3260259/output-jstl-escaped,"3,260,259,326,028,630,000,000"
2010-07-26 08:33:46Z,2010-07-26 08:33:46Z,"2010-07-26 08:11:04Z,2010-07-26 08:14:17Z",https://stackoverflow.com/questions/3333182/speeding-up-ajax-requests-can-gzip-compression-be-applied,"33,331,823,333,309"
2010-08-03 15:05:35Z,"2010-08-03 15:05:35Z,2016-12-06 11:56:04Z,2010-08-03 14:59:41Z,2013-02-21 19:00:33Z","2016-09-04 09:53:02Z,2016-09-27 03:09:12Z,2016-12-06 11:47:23Z",https://stackoverflow.com/questions/3397513/how-do-i-access-return-value-of-a-java-method-returning-java-lang-string-from-c,"3,397,513,339,785,440,000,000,000,000,000,000,000"
2010-08-03 20:10:07Z,"2010-08-03 20:10:07Z,2010-08-03 20:10:38Z,2010-08-03 20:11:04Z,2010-08-03 21:04:42Z,2015-10-05 15:58:13Z,2014-09-28 04:25:41Z","2010-08-03 20:35:21Z,2010-08-05 13:32:26Z,2010-08-03 20:11:40Z,2010-08-03 20:39:08Z,2010-08-30 01:23:11Z,2015-09-30 02:21:00Z,2012-10-03 20:04:59Z",https://stackoverflow.com/questions/3400381/calling-a-python-script-from-command-line-without-typing-python-first,"340,038,134,003,993,000,000,000,000,000,000,000,000,000,000,000,000"
2010-08-05 06:26:52Z,"2010-08-05 06:26:52Z,2009-09-30 08:36:39Z,2009-09-30 17:24:55Z,2009-10-01 22:50:28Z,2009-10-03 08:27:59Z,2009-10-02 21:26:37Z,2014-05-05 21:14:31Z,2009-09-30 08:16:06Z,2009-10-01 20:32:23Z,2009-10-03 17:57:38Z","2009-09-30 09:09:48Z,2009-10-04 13:54:08Z,2011-08-02 12:07:50Z",https://stackoverflow.com/questions/1496731/how-do-i-remove-unnecessary-resources-from-my-project,"149,673,134,122,491,000,000,000,000,000,000,000,000,000,000,000,000,000,000,000,000,000,000,000,000,000"
2010-08-07 21:01:24Z,"2010-08-07 21:01:24Z,2011-09-09 10:15:37Z","2010-08-07 21:10:09Z,2014-12-16 08:22:16Z,2010-08-07 21:09:01Z,2010-08-07 21:13:31Z,2013-09-20 04:29:27Z,2017-11-13 16:52:34Z",https://stackoverflow.com/questions/3431950/rijndael-256-encrypt-decrypt-between-c-sharp-and-php,"343,195,034,320,247,000,000"
2010-08-11 12:36:38Z,2010-08-11 12:36:38Z,"2010-08-11 08:43:13Z,2010-08-11 09:04:53Z,2010-08-11 09:23:09Z,2010-08-11 09:37:57Z,2010-08-11 12:38:10Z",https://stackoverflow.com/questions/3456345/gwt-how-to-return-and-handle-an-error-from-multipart-form-file-upload,"34,563,453,458,251"
2010-08-14 23:40:06Z,"2010-08-14 23:40:06Z,2010-08-14 23:30:02Z,2010-08-14 17:39:55Z,2010-08-14 17:49:49Z,2010-08-14 18:17:04Z,2010-08-15 21:25:06Z,2010-08-14 22:57:51Z","2010-08-14 14:03:15Z,2010-08-14 16:09:27Z,2010-08-14 17:23:48Z,2010-08-15 09:30:52Z,2010-08-15 10:36:25Z,2010-08-14 17:50:37Z,2010-08-14 17:54:16Z,2010-08-14 23:34:59Z,2010-08-14 23:36:28Z",https://stackoverflow.com/questions/3476762/java-hangs-even-though-scripts-execution-is-completed,"34,767,623,485,580,300,000,000,000,000,000,000,000,000,000,000,000,000,000"
2010-08-23 02:47:02Z,"2010-08-23 02:47:02Z,2016-02-16 04:12:26Z",2010-08-23 02:51:33Z,https://stackoverflow.com/questions/3544240/conditional-ctypedef-with-cython,"3,544,240,354,442,030,000,000"
2010-09-02 15:28:15Z,"2010-09-02 15:28:15Z,2010-09-02 15:33:24Z,2010-09-02 15:28:53Z,2010-09-02 15:28:25Z,2010-09-02 15:33:12Z,2010-09-02 15:34:30Z,2010-09-03 02:45:50Z,2019-06-25 18:14:22Z","2010-09-02 16:17:54Z,2010-09-02 16:20:48Z,2010-09-02 15:29:33Z,2010-09-02 16:24:43Z,2010-09-03 06:00:19Z,2020-11-08 19:03:58Z,2020-11-09 00:12:35Z",https://stackoverflow.com/questions/3628601/how-fast-is-client-side-javascript-versus-server-side-java,"3,628,601,362,863,330,000,000,000,000,000,000,000,000,000,000,000,000,000,000,000,000"
2010-09-03 15:28:42Z,"2010-09-03 15:28:42Z,2010-09-03 02:07:59Z","2010-09-03 02:54:05Z,2010-09-03 02:54:42Z,2010-09-03 03:44:45Z,2010-09-03 21:35:53Z,2010-09-07 17:04:28Z,2010-09-07 19:42:06Z",https://stackoverflow.com/questions/3632283/does-accesscontroller-doprivileged-give-javascript-threads-the-permissions-of-th,"363,228,336,372,343,000,000"
2010-09-20 15:54:35Z,2010-09-20 15:54:35Z,"2010-09-20 14:20:50Z,2010-09-22 12:15:14Z,2013-07-24 13:19:54Z,2013-07-26 15:06:35Z",https://stackoverflow.com/questions/3752231/socket-no-route-to-host-error,"37,522,313,753,180"
2010-09-22 22:39:13Z,"2010-09-22 22:39:13Z,2010-09-22 22:54:05Z,2010-09-22 23:35:17Z,2010-09-22 22:38:24Z","2010-09-23 09:07:10Z,2010-09-23 15:57:47Z,2010-09-23 06:56:30Z,2010-09-23 16:18:56Z,2010-09-23 20:10:54Z,2010-09-23 09:11:18Z,2010-09-23 09:35:29Z,2010-09-23 13:17:54Z,2010-09-23 13:39:28Z,2010-09-29 19:38:58Z,2012-04-09 08:24:15Z,2012-04-09 08:33:37Z,2015-01-16 20:32:07Z",https://stackoverflow.com/questions/3774108/python-vs-lua-for-embedded-scripting-text-processing-engine,"37,741,083,774,150,300,000,000,000,000,000,000"
2010-09-23 08:41:23Z,2010-09-23 08:41:23Z,"2010-09-23 09:01:32Z,2010-09-23 23:20:08Z,2011-12-15 16:26:40Z",https://stackoverflow.com/questions/3776485/marshal-c-int-array-to-c-sharp,"37,764,853,776,624"
2010-09-24 19:38:59Z,"2010-09-24 19:38:59Z,2016-10-10 10:25:32Z,2019-06-12 13:43:26Z","2015-01-14 20:02:55Z,2018-04-03 16:25:33Z,2018-08-08 09:33:02Z,2010-09-24 20:57:13Z,2010-09-24 21:55:00Z,2010-09-24 22:33:37Z,2021-01-13 17:53:48Z",https://stackoverflow.com/questions/3789881/create-and-call-python-function-from-string-via-c-api,"378,988,137,904,013,000,000,000,000,000"
2010-09-29 06:20:55Z,"2010-09-29 06:20:55Z,2018-11-23 12:44:03Z",2012-07-25 20:22:10Z,https://stackoverflow.com/questions/3819071/asp-net-scriptservice-deserialization-problem-with-derived-types,"3,819,071,381,920,750,000,000"
2010-10-30 12:07:55Z,2010-10-30 12:07:55Z,2010-10-30 14:52:53Z,https://stackoverflow.com/questions/4058423/how-can-i-serve-a-dynamic-javascript-file-from-wicket,"40,584,234,058,614"
2010-11-03 12:02:54Z,"2010-11-03 12:02:54Z,2010-11-03 12:19:39Z,2010-11-03 15:15:43Z,2010-11-05 13:50:06Z,2010-11-03 12:04:50Z","2010-11-03 12:31:42Z,2010-11-03 15:33:16Z,2010-11-03 15:54:44Z,2010-11-04 04:57:20Z,2010-11-06 10:57:11Z,2010-11-05 13:49:06Z,2010-11-06 17:23:59Z,2010-11-06 21:16:17Z,2010-11-03 15:38:29Z,2010-11-04 05:01:47Z,2010-11-04 07:22:14Z,2010-11-06 11:17:18Z,2010-11-03 12:14:33Z",https://stackoverflow.com/questions/4086817/l-prefix-for-strings-in-c,"408,681,740,868,384,000,000,000,000,000,000,000,000,000"
2010-11-05 16:11:45Z,"2010-11-05 16:11:45Z,2010-11-05 16:25:33Z","2010-11-05 16:11:04Z,2010-11-05 16:29:02Z,2010-11-05 16:39:54Z,2010-11-05 16:41:00Z,2010-12-13 05:43:35Z",https://stackoverflow.com/questions/4107728/does-https-connection-disabled-jquery,"410,772,841,077,614,000,000"
2010-11-14 16:56:44Z,"2010-11-14 16:56:44Z,2010-11-12 19:34:20Z,2010-11-12 17:20:02Z,2010-11-12 17:23:55Z","2010-11-14 16:24:28Z,2010-11-14 16:31:59Z,2011-06-21 18:48:40Z,2010-11-14 17:03:00Z,2017-08-28 08:27:56Z,2010-11-14 16:22:32Z,2010-11-14 16:18:23Z",https://stackoverflow.com/questions/4167233/how-do-i-pass-arrays-from-java-to-c-using-swig,"41,672,334,178,543,400,000,000,000,000,000,000"
2010-11-23 19:07:07Z,"2010-11-23 19:07:07Z,2010-11-23 18:31:46Z","2012-06-14 20:07:34Z,2010-11-23 18:41:23Z,2010-11-23 18:56:46Z,2010-11-23 18:59:55Z,2010-11-23 19:43:58Z,2010-11-23 19:48:09Z",https://stackoverflow.com/questions/4259170/python-setup-script-extensions-how-do-you-include-a-h-file,"425,917,042,597,804,000,000"
2010-11-25 13:42:40Z,"2010-11-25 13:42:40Z,2010-11-25 10:58:57Z,2010-11-26 10:56:04Z,2010-11-26 02:37:09Z,2010-11-25 11:10:42Z","2010-12-05 22:15:53Z,2010-12-13 22:40:17Z,2014-08-12 16:04:32Z,2010-11-27 09:23:41Z,2010-11-27 09:26:06Z,2010-11-27 14:55:32Z,2015-05-29 15:20:51Z,2018-06-24 00:57:27Z,2010-11-27 09:29:13Z,2012-09-20 10:39:59Z,2010-11-26 10:56:35Z",https://stackoverflow.com/questions/4276205/do-i-need-node-js-in-python-like-i-would-with-php,"427,620,542,776,864,000,000,000,000,000,000,000,000,000"
2010-12-01 13:34:16Z,"2010-12-01 15:03:08Z,2010-12-01 13:34:16Z,2010-12-01 13:46:52Z,2010-12-01 15:12:12Z,2010-12-01 13:38:16Z","2010-12-01 13:53:04Z,2010-12-10 16:18:09Z,2010-12-03 00:50:32Z",https://stackoverflow.com/questions/4324819/pass-data-between-java-and-c,"432,481,943,256,784,000,000,000,000,000,000,000,000,000"
2010-12-04 16:05:04Z,"2010-12-04 16:05:04Z,2015-07-27 08:25:33Z,2018-04-13 00:56:11Z","2010-12-04 16:13:44Z,2010-12-04 16:16:04Z,2010-12-04 16:17:34Z,2018-11-07 15:33:16Z,2018-11-07 15:34:56Z",https://stackoverflow.com/questions/4354411/debugging-native-code-when-called-from-managed,"435,441,143,544,193,000,000,000,000,000"
2010-12-06 11:12:53Z,"2010-12-06 11:12:53Z,2011-12-05 10:58:58Z,2013-04-17 10:27:10Z,2011-09-20 15:11:26Z,2010-12-06 11:09:34Z,2016-09-02 11:34:05Z,2017-11-24 09:19:49Z","2010-12-06 11:14:31Z,2010-12-06 11:16:17Z,2010-12-06 11:19:15Z,2010-12-06 11:28:03Z,2011-12-30 05:04:04Z,2012-07-05 07:42:58Z",https://stackoverflow.com/questions/4365738/how-to-access-php-session-variables-from-jquery-function-in-a-js-file,"43,657,384,365,782,800,000,000,000,000,000,000,000,000,000,000,000,000,000,000"
2010-12-07 13:34:45Z,"2010-12-07 13:34:45Z,2010-12-07 13:54:30Z,2010-12-07 15:08:21Z,2018-03-08 09:42:31Z,2010-12-07 13:36:01Z,2016-09-12 06:05:43Z,2015-07-21 04:12:54Z,2017-12-29 02:04:07Z,2018-09-05 06:45:20Z","2010-12-07 13:33:51Z,2010-12-07 13:34:58Z,2010-12-07 13:36:29Z,2010-12-07 13:41:41Z,2014-08-13 15:10:43Z,2016-12-16 10:58:25Z,2019-12-17 01:10:06Z,2020-02-06 22:13:07Z,2020-04-16 18:20:40Z,2010-12-07 14:16:06Z,2014-08-12 15:05:15Z,2018-08-08 22:05:41Z,2019-05-14 16:32:15Z,2015-07-22 04:03:48Z",https://stackoverflow.com/questions/4377109/shell-script-execute-a-python-program-from-within-a-shell-script,"437,710,943,771,474,000,000,000,000,000,000,000,000,000,000,000,000,000,000,000,000,000,000,000,000"
2010-12-12 15:07:04Z,"2010-12-12 15:07:04Z,2010-12-12 13:24:31Z,2010-12-12 16:03:59Z","2020-06-14 06:03:35Z,2015-11-19 14:51:18Z,2020-06-14 06:01:28Z,2021-10-14 18:07:10Z",https://stackoverflow.com/questions/4421832/compiling-python-to-c-using-cython,"4,421,832,442,228,640,000,000,000,000"
2010-12-27 20:51:19Z,"2010-12-27 20:51:19Z,2010-12-27 20:28:18Z,2015-01-15 02:28:34Z","2010-12-28 13:19:29Z,2014-01-30 12:20:35Z,2016-08-19 12:29:12Z",https://stackoverflow.com/questions/4541565/how-can-i-assert-from-python-c-code,"45,415,654,541,740,400,000,000,000,000"
2011-01-04 07:37:46Z,"2011-01-04 07:37:46Z,2011-01-04 07:56:15Z","2011-01-04 07:57:56Z,2011-01-04 08:04:17Z,2011-01-04 07:43:00Z,2011-01-04 07:45:25Z,2011-01-04 07:52:00Z,2011-01-04 07:53:33Z,2011-01-04 08:07:21Z",https://stackoverflow.com/questions/4591461/marshalling-a-char-in-c-sharp,"459,146,145,914,754,000,000"
2011-01-06 23:48:51Z,"2011-01-06 23:48:51Z,2011-01-06 21:33:09Z,2011-01-06 21:32:53Z,2011-01-07 14:23:42Z,2016-10-05 08:20:00Z","2011-01-06 21:59:59Z,2011-01-07 02:35:52Z,2011-01-07 02:48:57Z,2011-01-07 03:34:55Z,2011-01-07 01:35:35Z,2011-01-07 03:12:52Z,2011-01-07 03:57:11Z,2011-01-07 04:02:20Z,2011-01-07 04:17:59Z,2011-01-07 02:37:02Z,2011-01-07 03:10:50Z,2011-01-07 03:17:58Z,2011-01-07 03:36:48Z,2011-01-07 03:38:53Z,2011-01-08 13:44:42Z,2011-01-14 14:28:09Z",https://stackoverflow.com/questions/4619996/how-to-run-ruby-python-scripts-from-inside-php-passing-and-receiving-parameters,"4,619,996,462,123,940,000,000,000,000,000,000,000,000,000"
2011-02-19 14:53:03Z,"2011-03-28 12:44:11Z,2011-02-19 14:53:03Z,2011-11-08 03:55:46Z,2011-02-19 13:38:57Z,2013-10-14 06:46:31Z,2015-05-02 07:46:44Z,2013-10-14 06:34:27Z,2014-08-09 17:02:43Z,2015-04-15 04:23:10Z","2011-08-04 03:34:28Z,2011-05-06 15:41:43Z,2012-01-24 12:50:33Z,2011-02-19 15:20:41Z,2012-05-27 06:37:22Z,2011-02-19 13:46:31Z,2011-02-19 13:55:20Z,2011-02-19 13:57:51Z,2011-02-19 14:01:23Z,2011-02-19 14:05:55Z",https://stackoverflow.com/questions/5051059/codeigniter-and-javascript-jquery-library,"505,105,954,591,635,000,000,000,000,000,000,000,000,000,000,000,000,000,000,000,000,000,000,000,000"
2011-02-21 00:24:04Z,2011-02-21 00:24:04Z,"2011-02-20 17:31:18Z,2011-02-20 17:32:23Z,2011-02-20 17:48:06Z,2011-02-20 18:02:45Z,2011-02-20 21:45:15Z,2011-02-21 08:54:44Z,2011-02-21 18:06:54Z,2011-02-21 20:46:14Z,2011-02-22 09:18:59Z,2011-02-24 10:52:17Z",https://stackoverflow.com/questions/5058688/cant-post-large-html5-canvas-to-server,"50,586,885,061,163"
2011-03-02 15:19:33Z,"2011-03-30 14:15:28Z,2011-03-02 15:19:33Z","2011-03-02 15:18:24Z,2011-03-02 15:26:58Z,2012-03-27 14:05:35Z,2013-05-08 10:37:05Z,2011-03-02 15:26:01Z,2011-03-02 15:35:44Z",https://stackoverflow.com/questions/5169434/content-transfer-encoding-in-file-uploading-request,"516,943,454,875,325,000,000"
2011-03-04 23:06:31Z,2011-03-04 23:06:31Z,"2011-03-03 15:39:31Z,2011-03-03 17:12:36Z,2011-03-14 12:23:42Z",https://stackoverflow.com/questions/5182857/can-i-use-fabric-to-perform-interactive-shell-commands,"51,828,575,200,258"
2011-03-08 21:21:53Z,2011-03-08 21:21:53Z,"2011-03-08 18:30:41Z,2011-03-08 18:39:09Z,2011-03-08 19:12:29Z,2011-03-08 21:39:38Z,2011-03-09 02:13:10Z,2011-03-10 20:33:25Z,2011-03-27 06:28:15Z",https://stackoverflow.com/questions/5236690/float-from-c-to-c-sharp,"52,366,905,238,483"
2011-03-15 10:16:32Z,"2011-03-15 10:16:32Z,2011-03-15 10:17:44Z,2011-03-15 10:27:21Z,2011-03-15 10:17:51Z,2011-03-15 10:14:43Z","2011-03-15 10:18:45Z,2011-03-15 10:23:30Z,2011-03-15 10:30:18Z,2011-11-26 17:42:51Z,2013-04-08 15:21:17Z",https://stackoverflow.com/questions/5310216/passing-php-variable-into-javascript,"531,021,653,102,695,000,000,000,000,000,000,000,000,000"
2011-03-20 09:04:15Z,2011-03-20 09:04:15Z,"2011-03-20 08:49:54Z,2011-03-20 08:56:49Z",https://stackoverflow.com/questions/5367515/how-to-call-a-c-dll-exported-function-from-c-sharp,"53,675,155,367,583"
2011-03-27 12:35:52Z,2011-03-27 12:35:52Z,,https://stackoverflow.com/questions/5449067/gwt-2-x-entry-function,"54,490,675,449,230"
2011-04-02 15:10:29Z,"2011-04-02 15:10:29Z,2011-04-02 12:00:16Z,2011-04-02 09:41:08Z,2011-04-02 09:53:50Z,2013-09-05 06:34:20Z","2011-04-02 08:24:55Z,2011-04-02 08:26:42Z,2011-04-02 11:21:41Z,2011-04-02 12:21:15Z,2011-04-02 12:27:43Z,2011-04-02 15:32:25Z,2011-04-02 15:41:15Z,2017-01-11 15:18:55Z,2011-04-02 12:37:28Z,2011-04-02 14:39:23Z,2011-04-02 14:49:53Z,2011-04-02 14:59:11Z,2011-04-02 15:20:07Z,2011-04-02 11:04:05Z,2011-04-02 11:07:59Z,2011-04-02 11:15:52Z,2011-04-02 11:32:55Z",https://stackoverflow.com/questions/5522063/serving-php-as-css-js-is-it-fast-enough-what-drawbacks-are-there,"5,522,063,552,396,150,000,000,000,000,000,000,000,000,000"
2011-04-05 09:08:31Z,"2011-04-05 09:08:31Z,2011-04-05 09:11:05Z,2011-04-05 09:16:05Z,2016-10-19 08:48:57Z,2011-04-05 09:09:26Z,2011-04-05 09:09:31Z,2011-04-05 09:10:32Z,2020-07-01 03:52:08Z","2014-09-07 15:56:19Z,2011-04-05 09:31:41Z,2012-10-12 02:14:54Z,2017-12-08 15:25:50Z",https://stackoverflow.com/questions/5549562/running-php-script-php-function-in-linux-bash,"55,495,625,549,588,500,000,000,000,000,000,000,000,000,000,000,000,000,000,000,000,000"
2011-04-09 19:49:20Z,"2011-04-09 19:49:20Z,2012-04-11 09:17:15Z,2011-01-20 15:02:24Z","2012-05-13 06:09:59Z,2012-09-21 11:13:02Z,2014-02-13 17:19:43Z,2014-07-12 22:56:14Z,2017-09-22 08:58:52Z,2014-07-15 11:12:08Z,2014-11-19 09:21:13Z,2016-04-28 16:26:24Z,2016-07-28 10:57:24Z,2014-07-12 22:58:06Z",https://stackoverflow.com/questions/4746249/get-user-timezone,"47,462,495,607,444,100,000,000,000,000"
2011-04-10 07:49:19Z,"2011-04-10 07:49:19Z,2011-04-10 07:41:44Z,2011-04-10 07:51:17Z,2011-04-10 07:31:14Z,2011-04-10 07:32:14Z,2011-04-10 07:45:38Z,2012-07-28 06:32:16Z,2011-04-10 07:57:04Z","2011-04-10 07:28:13Z,2011-04-10 07:33:55Z,2021-01-23 05:40:04Z,2011-04-10 17:57:04Z,2011-04-10 09:37:24Z",https://stackoverflow.com/questions/5610333/how-to-query-database-using-javascript,"5,610,333,561,043,050,000,000,000,000,000,000,000,000,000,000,000,000,000,000,000,000"
2011-04-18 09:00:23Z,"2011-04-18 09:00:23Z,2011-04-18 08:42:42Z,2011-04-18 08:25:00Z,2011-04-18 09:25:23Z,2011-04-18 13:02:14Z","2011-04-18 13:07:11Z,2011-04-19 04:02:09Z,2011-04-21 16:26:55Z,2011-04-18 12:02:10Z,2011-04-18 12:01:51Z,2011-04-18 12:03:23Z,2011-04-19 14:03:07Z,2011-04-21 16:24:25Z",https://stackoverflow.com/questions/5700186/meta-programming-into-several-output-languages,"570,018,657,006,125,000,000,000,000,000,000,000,000,000"
2011-04-18 15:00:04Z,"2011-04-18 15:00:04Z,2011-04-14 14:36:34Z,2011-04-14 14:45:23Z,2011-04-14 14:30:05Z","2011-04-14 14:37:27Z,2011-04-14 14:54:32Z,2011-04-14 14:39:26Z,2011-04-14 15:48:12Z,2011-04-14 15:01:09Z,2011-04-18 15:01:25Z",https://stackoverflow.com/questions/5664737/calling-c-dll-from-c-sharp,"56,647,375,704,843,500,000,000,000,000,000,000"
2011-04-19 16:20:44Z,"2011-04-19 16:20:44Z,2011-04-19 16:24:46Z,2011-04-19 16:19:47Z,2011-04-19 16:31:51Z","2011-04-19 16:19:36Z,2011-04-19 16:22:09Z,2011-04-19 16:22:09Z,2011-04-19 17:17:26Z,2011-04-19 17:34:32Z,2011-04-19 16:27:34Z",https://stackoverflow.com/questions/5719471/md5-hash-discrepancy-between-python-and-php,"57,194,715,719,518,500,000,000,000,000,000,000"
2011-05-11 14:50:33Z,"2011-05-11 14:50:33Z,2011-05-11 14:14:05Z,2014-06-19 04:51:49Z,2011-05-11 14:53:51Z","2011-05-11 16:30:41Z,2011-05-11 14:25:38Z,2011-05-11 14:30:25Z,2011-05-11 14:40:00Z,2011-05-11 14:42:22Z,2011-05-11 14:55:12Z,2011-05-11 15:09:42Z",https://stackoverflow.com/questions/5965655/communication-between-php-and-python,"596,565,559,662,405,000,000,000,000,000,000,000"
2011-05-22 16:59:18Z,2011-05-22 16:59:18Z,"2011-05-22 18:08:09Z,2011-05-22 17:08:02Z,2011-05-22 17:17:22Z,2011-05-22 17:23:01Z,2011-05-22 17:30:58Z,2011-05-22 17:33:09Z",https://stackoverflow.com/questions/6089214/how-do-i-marshal-wchar-t-from-c-to-c-sharp-as-an-out-parameter-or-return-valu,"60,892,146,089,416"
2011-05-24 14:20:39Z,"2011-05-24 14:20:39Z,2011-05-24 14:19:56Z","2011-05-24 14:27:00Z,2011-05-24 15:39:11Z",https://stackoverflow.com/questions/6111843/limitations-of-pytuple-setitem,"611,184,361,118,986,000,000"
2011-06-11 05:59:16Z,"2011-06-11 05:59:16Z,2011-06-11 05:55:20Z","2011-06-11 05:48:37Z,2011-06-11 07:26:50Z,2011-06-11 07:33:03Z",https://stackoverflow.com/questions/6314320/designing-javascript-frontend-c-backend-communication,"631,432,063,143,826,000,000"
2011-06-13 21:02:52Z,"2011-06-13 21:02:52Z,2011-06-13 20:50:37Z","2011-06-13 21:25:37Z,2011-06-13 20:59:23Z,2011-06-13 21:05:10Z",https://stackoverflow.com/questions/6336094/jquery-autocomplete-in-background-of-input-text-box,"633,609,463,363,246,000,000"
2011-06-15 08:03:56Z,"2011-06-15 08:03:56Z,2011-06-15 07:26:48Z,2011-06-15 07:46:17Z,2011-06-15 07:50:59Z,2011-06-15 08:44:04Z,2013-09-25 01:52:22Z,2013-09-25 02:04:28Z","2011-06-15 07:27:22Z,2011-06-15 07:30:19Z,2011-06-15 08:56:51Z,2011-06-15 07:39:55Z,2011-06-15 07:54:21Z,2011-06-15 07:56:36Z,2011-06-15 08:24:21Z,2011-06-15 08:17:58Z,2013-09-25 02:05:36Z,2016-06-01 16:29:03Z,2016-06-01 19:57:26Z",https://stackoverflow.com/questions/6354358/c-dll-returned-string-is-corrupted-in-the-c-sharp-caller-why,"6,354,358,635,476,460,000,000,000,000,000,000,000,000,000,000,000,000,000,000"
2011-06-19 16:56:43Z,2011-06-19 16:56:43Z,"2011-06-07 19:08:01Z,2011-06-07 19:22:12Z,2011-06-07 19:33:06Z,2011-06-07 19:36:04Z,2011-06-07 19:41:59Z",https://stackoverflow.com/questions/6270245/return-c-object-to-java,"62,702,456,403,781"
2011-06-20 05:52:03Z,2011-06-20 05:52:03Z,"2011-06-20 05:33:46Z,2011-06-20 05:34:03Z,2011-06-20 05:34:35Z,2011-06-20 05:37:51Z,2011-06-20 05:41:58Z,2011-06-22 04:20:21Z",https://stackoverflow.com/questions/6407034/can-java-interact-with-system-v-linux-message-queues,"64,070,346,407,293"
2011-06-22 18:17:41Z,2011-06-22 18:17:41Z,"2011-06-22 19:06:19Z,2011-06-22 19:22:39Z,2011-06-23 15:31:54Z,2011-06-24 20:48:31Z",https://stackoverflow.com/questions/6444131/using-a-python-script-in-java-eclipse,"64,441,316,444,556"
2011-06-30 15:04:01Z,"2011-06-30 15:04:01Z,2011-06-30 15:08:12Z,2012-04-30 07:13:12Z","2011-06-30 15:12:06Z,2011-06-30 22:23:55Z,2012-05-01 15:37:21Z,2012-05-01 19:59:00Z,2012-10-03 23:49:50Z",https://stackoverflow.com/questions/6536826/dealing-with-commas-in-csv,"65,368,266,536,856,600,000,000,000,000"
2011-07-01 06:41:55Z,"2011-07-01 06:45:59Z,2011-07-01 06:41:55Z,2011-07-01 06:38:54Z,2011-07-01 06:44:01Z,2011-07-01 06:35:55Z,2011-07-01 06:48:03Z,2011-07-01 06:48:14Z","2011-07-01 06:35:57Z,2011-07-01 06:41:58Z,2011-07-01 06:42:36Z,2011-07-01 06:45:37Z,2013-07-04 12:56:10Z,2012-11-06 13:17:44Z,2013-06-26 12:00:58Z,2011-07-01 06:52:35Z,2011-07-01 06:55:42Z,2011-07-01 07:18:51Z,2012-11-06 13:19:23Z,2013-06-26 12:03:31Z,2011-07-01 06:51:17Z,2013-06-26 12:04:52Z",https://stackoverflow.com/questions/6544416/php-vs-c-cgi-for-small-web-service,"654,441,665,445,346,000,000,000,000,000,000,000,000,000,000,000,000,000,000,000,000"
2011-07-08 04:33:11Z,"2011-07-08 04:33:11Z,2011-07-08 04:38:55Z,2012-06-01 10:15:02Z","2011-07-08 04:22:20Z,2011-07-08 04:25:16Z,2011-07-08 04:25:29Z,2015-05-01 19:36:43Z,2015-05-13 12:04:42Z,2011-07-08 05:10:10Z,2011-07-08 14:01:54Z,2011-07-08 18:34:29Z",https://stackoverflow.com/questions/6619931/how-should-an-array-be-passed-to-a-javascript-function-from-c,"661,993,166,200,116,000,000,000,000,000,000,000"
2011-07-11 11:11:03Z,"2011-07-11 11:11:03Z,2011-07-11 11:05:10Z","2011-07-11 11:05:30Z,2011-07-11 11:05:57Z,2011-07-11 11:34:21Z,2011-07-11 11:47:37Z,2011-07-11 11:57:18Z,2011-07-11 11:06:48Z,2011-07-11 11:07:42Z,2011-07-11 11:09:06Z,2011-07-11 11:11:01Z,2011-07-11 12:03:22Z",https://stackoverflow.com/questions/6649125/calling-java-methods-in-javascript-code,"664,912,566,492,046,000,000"
2011-07-29 05:00:53Z,"2011-07-29 05:00:53Z,2013-02-17 04:53:14Z","2011-07-29 13:14:30Z,2011-07-29 23:52:54Z",https://stackoverflow.com/questions/6866464/com-safearray-of-guids-returned-from-c-to-c-sharp,"6,866,464,686,882,810,000,000"
2011-07-29 11:44:00Z,"2011-07-29 11:44:00Z,2011-08-01 07:23:26Z","2011-07-29 11:40:29Z,2011-07-29 11:47:14Z,2011-07-29 11:48:27Z,2011-07-29 11:52:02Z,2011-07-29 12:11:19Z,2011-08-01 06:49:49Z,2011-08-01 07:18:37Z",https://stackoverflow.com/questions/6872482/how-to-write-javascript-in-the-code-behind-file,"687,248,268,726,026,000,000"
2011-08-11 23:05:17Z,"2011-08-11 23:05:17Z,2018-10-28 17:42:39Z","2011-08-11 23:04:38Z,2011-08-11 23:06:53Z,2011-08-11 23:10:01Z,2011-08-11 23:10:27Z,2011-08-12 15:52:00Z,2011-08-12 15:58:06Z",https://stackoverflow.com/questions/7033953/python-cgi-program-wants-to-know-the-ip-address-of-the-calling-web-page,"7,033,953,703,397,450,000,000"
2011-08-12 20:23:58Z,"2011-08-12 20:23:58Z,2011-08-12 20:28:58Z",2011-08-12 20:29:27Z,https://stackoverflow.com/questions/7045764/scraping-javascript-variables-to-php,"704,576,470,459,047,000,000"
2011-08-14 13:48:42Z,"2011-08-14 13:26:41Z,2011-08-14 13:48:42Z,2011-08-14 13:26:19Z,2011-08-14 13:41:49Z","2011-08-14 13:25:56Z,2011-08-14 14:29:28Z,2011-08-14 14:50:35Z,2011-08-14 14:52:55Z,2011-08-14 14:55:00Z,2011-08-14 14:57:50Z,2011-08-14 13:47:37Z,2011-08-14 13:55:02Z",https://stackoverflow.com/questions/7057022/is-it-safe-to-keep-c-pointers-in-c,"70,570,227,057,057,700,000,000,000,000,000,000"
2011-08-25 12:03:03Z,"2011-08-25 12:03:03Z,2011-08-24 01:02:37Z,2011-08-15 16:17:12Z,2011-08-17 23:13:50Z,2011-08-18 23:27:07Z,2011-08-19 16:54:49Z,2011-08-21 08:07:30Z,2011-08-22 05:51:12Z,2011-08-24 11:46:40Z,2011-08-24 12:58:44Z,2011-08-24 20:00:42Z","2011-08-15 16:14:28Z,2011-08-15 16:15:10Z,2011-08-15 16:16:01Z,2011-08-15 16:23:21Z,2011-08-15 16:24:14Z,2011-08-25 12:19:45Z,2011-08-24 11:56:45Z,2011-08-18 02:13:13Z,2011-08-19 14:41:10Z,2011-08-19 14:34:13Z,2011-08-22 14:47:06Z,2011-08-23 23:05:32Z,2011-08-24 13:01:02Z,2011-08-22 17:57:05Z,2011-08-25 17:56:52Z,2011-08-24 11:51:19Z,2011-08-24 11:58:07Z,2011-08-24 12:02:27Z,2011-08-24 12:04:29Z,2011-08-24 12:13:45Z,2011-08-24 13:31:28Z",https://stackoverflow.com/questions/7067512/jquery-cannot-change-a-value-where-js-can-because-the-library-is-out-of-date,"706,751,271,899,997,000,000,000,000,000,000,000,000,000,000,000,000,000,000,000,000,000,000,000,000,000,000,000"
2011-08-29 10:49:43Z,"2011-08-29 10:49:43Z,2017-10-12 21:51:50Z,2012-05-30 17:13:31Z,2013-07-19 09:57:00Z,2014-07-07 07:14:27Z,2016-05-12 08:10:46Z,2019-06-11 06:32:04Z","2011-08-29 10:54:42Z,2011-08-29 10:59:46Z,2019-04-13 12:58:30Z,2013-04-18 09:48:49Z",https://stackoverflow.com/questions/7229027/how-to-get-data-to-javascript-from-php-using-json-encode,"72,290,277,229,104,400,000,000,000,000,000,000,000,000,000,000,000,000,000,000,000"
2011-09-01 20:55:56Z,"2011-09-01 20:55:56Z,2011-09-01 20:58:53Z,2014-05-27 10:02:59Z","2011-09-01 21:15:44Z,2012-12-14 16:24:14Z,2011-09-01 21:09:23Z,2011-09-01 21:10:21Z,2011-09-01 21:11:04Z,2011-09-01 21:14:03Z",https://stackoverflow.com/questions/7276389/confused-over-dll-entry-points-entry-point-not-found-exception,"72,763,897,276,429,700,000,000,000,000"
2011-09-05 15:25:48Z,"2011-09-05 15:25:48Z,2011-09-05 15:12:09Z","2011-09-05 15:44:24Z,2011-09-06 08:01:58Z,2015-03-18 16:07:01Z,2015-03-18 16:27:30Z,2015-03-18 16:30:03Z,2011-09-05 15:16:15Z,2011-09-05 15:18:13Z,2011-09-05 17:28:32Z,2011-09-05 18:43:48Z,2011-09-06 08:03:24Z",https://stackoverflow.com/questions/7309838/improper-marshaling-c-sharp-array-to-a-c-unmanaged-array,"730,983,873,100,217,000,000"
2011-09-06 16:00:27Z,"2011-09-06 16:00:27Z,2015-07-14 16:29:20Z,2018-05-28 02:44:31Z","2011-09-06 15:47:12Z,2011-09-06 16:15:31Z,2011-09-06 16:39:25Z,2015-08-04 10:11:57Z",https://stackoverflow.com/questions/7322420/calling-javascript-object-method-using-webbrowser-document-invokescript,"732,242,073,227,893,000,000,000,000,000"
2011-09-27 13:12:31Z,"2011-09-27 13:12:31Z,2011-09-26 18:59:53Z","2011-09-26 18:47:18Z,2012-11-06 14:00:44Z,2011-09-26 21:27:15Z",https://stackoverflow.com/questions/7559676/how-to-correctly-deserialize-a-json-string-into-the-class-that-contains-a-nested,"755,967,675,697,177,000,000"
2011-09-29 14:37:35Z,"2012-07-08 00:39:26Z,2011-09-29 14:37:35Z,2011-09-29 14:12:14Z,2014-02-24 13:20:30Z","2012-09-09 19:16:42Z,2012-12-11 01:26:09Z,2012-12-15 18:08:15Z,2012-12-15 22:52:35Z,2012-12-16 02:25:23Z,2011-09-29 14:52:34Z,2011-09-29 15:07:22Z,2011-09-29 14:39:11Z,2011-09-29 14:48:39Z",https://stackoverflow.com/questions/7598431/adding-jquery-to-magento,"7,598,431,113,798,210,000,000,000,000,000,000,000"
2011-10-06 10:06:02Z,"2011-10-06 10:06:02Z,2011-10-06 12:22:58Z","2011-10-06 10:05:33Z,2011-10-06 10:26:33Z,2011-10-06 12:23:50Z,2011-10-06 11:43:50Z,2011-10-06 12:06:10Z,2011-10-06 12:23:03Z",https://stackoverflow.com/questions/7672792/calling-c-exe-functions-from-c-sharp,"767,279,276,728,207,000,000"
2011-10-07 18:59:04Z,"2011-10-07 18:59:04Z,2011-10-07 18:54:42Z,2011-10-07 18:56:05Z","2011-10-07 18:53:16Z,2011-10-07 19:19:18Z,2011-10-07 20:35:41Z,2011-10-07 21:41:54Z,2011-10-07 19:03:59Z,2017-10-29 22:01:02Z,2011-10-12 20:38:26Z",https://stackoverflow.com/questions/7691599/execute-python-script-with-function-from-command-line-linux,"7,691,599,769,169,070,000,000,000,000"
2011-10-08 19:37:39Z,2011-10-08 19:37:39Z,"2011-10-08 19:55:01Z,2011-10-08 19:57:50Z,2011-10-08 20:01:47Z,2011-10-08 20:16:23Z,2011-10-08 20:06:26Z,2011-10-08 20:12:08Z",https://stackoverflow.com/questions/7699172/check-uncheck-all-checkboxes-with-javascript-in-a-php-array-with-keys,"76,991,727,699,298"
2011-10-24 06:40:55Z,2011-10-24 06:40:55Z,"2011-10-24 07:15:27Z,2011-10-24 12:32:59Z,2011-10-24 15:54:58Z,2011-10-24 15:57:27Z,2011-10-24 19:47:09Z",https://stackoverflow.com/questions/7700446/java-app-calls-c-dll-via-jni-how-best-to-allocate-memory,"77,004,467,872,067"
2011-10-27 18:17:49Z,"2011-10-27 18:17:49Z,2012-07-11 18:04:19Z","2011-10-27 18:20:06Z,2011-10-27 18:21:40Z,2011-10-27 18:22:19Z,2011-10-27 21:22:46Z,2011-10-27 21:31:44Z",https://stackoverflow.com/questions/7919856/how-to-use-websockets-with-play-framework,"7,919,856,792,042,910,000,000"
2011-11-11 03:37:52Z,"2011-11-11 03:37:52Z,2011-11-11 03:37:54Z,2011-11-11 03:38:00Z,2011-11-11 03:39:13Z,2011-11-11 05:46:50Z","2011-11-11 03:33:54Z,2011-11-11 03:35:39Z,2011-11-11 04:04:14Z,2011-11-11 07:17:09Z,2020-07-18 02:20:09Z,2020-07-18 02:25:06Z,2011-11-11 04:48:18Z,2011-11-11 04:03:33Z,2011-11-11 04:05:28Z,2011-11-11 03:42:21Z,2011-11-11 04:46:41Z,2011-11-11 20:38:43Z",https://stackoverflow.com/questions/8089351/exec-any-command-in-c,"808,935,180,893,818,000,000,000,000,000,000,000,000,000"
2011-11-12 03:09:51Z,"2011-11-12 03:09:51Z,2011-11-12 13:47:54Z",,https://stackoverflow.com/questions/8102244/swig-c-to-python-warning362-operator-ignored,"810,224,481,022,718,000,000"
2011-11-23 13:17:38Z,2011-11-23 13:17:38Z,"2011-11-23 12:38:31Z,2011-11-23 12:49:03Z,2011-11-23 13:03:07Z,2011-11-23 13:05:29Z,2011-11-23 13:26:50Z",https://stackoverflow.com/questions/8241732/application-exits-no-exception-when-referencing-64bit-dll-from-c-sharp,"82,417,328,242,828"
2011-11-28 12:18:22Z,2011-11-28 12:18:22Z,"2011-11-28 19:02:56Z,2011-11-28 19:12:00Z,2011-11-29 10:31:41Z,2011-11-29 11:56:05Z",https://stackoverflow.com/questions/8295645/cython-vector-operations,"82,956,458,295,693"
2011-12-02 18:10:35Z,2011-12-02 18:10:35Z,,https://stackoverflow.com/questions/8358375/how-to-return-int-array-from-java-to-jni,"83,583,758,360,691"
2011-12-09 19:47:08Z,"2011-12-09 20:02:37Z,2011-12-09 19:47:08Z","2011-12-09 19:21:09Z,2011-12-09 19:25:11Z,2011-12-09 19:28:31Z,2011-12-09 19:32:45Z,2011-12-09 19:46:37Z,2011-12-09 19:56:51Z,2011-12-09 20:39:41Z",https://stackoverflow.com/questions/8450481/method-without-return-value-in-python-c-extension-module,"845,048,184,510,698,000,000"
2011-12-15 21:50:09Z,"2011-12-15 21:50:09Z,2012-09-21 13:48:20Z,2012-07-19 05:41:35Z,2013-01-09 22:57:10Z,2012-11-22 22:43:48Z,2012-08-23 15:48:14Z,2011-12-16 17:21:33Z,2013-03-31 16:41:31Z,2014-03-01 17:43:16Z,2012-09-29 10:54:14Z","2011-12-16 02:09:27Z,2012-07-31 09:59:55Z,2011-12-15 22:17:31Z,2017-06-08 20:42:29Z,2011-12-20 18:26:12Z,2012-09-29 16:08:23Z",https://stackoverflow.com/questions/8525193/how-to-install-jpype-on-os-x-lion-to-use-with-neo4j,"8,525,193,852,710,810,000,000,000,000,000,000,000,000,000,000,000,000,000,000,000,000,000,000,000,000,000,000,000"
2011-12-18 08:24:34Z,2011-12-18 08:24:34Z,"2011-12-17 16:42:23Z,2011-12-17 21:33:30Z,2011-12-18 16:32:51Z,2011-12-18 22:13:39Z,2011-12-19 13:55:55Z,2011-12-19 16:44:56Z,2011-12-19 18:59:59Z,2011-12-20 12:37:13Z,2013-09-25 12:02:01Z",https://stackoverflow.com/questions/8546061/best-way-to-secure-javascript-front-end-rest-back-end-architecture-web-site,"85,460,618,550,599"
2011-12-22 14:44:18Z,"2011-12-22 14:44:18Z,2014-10-04 21:46:48Z,2015-04-30 19:28:01Z,2011-12-22 05:05:45Z,2011-12-22 05:23:43Z,2011-12-22 05:03:42Z,2011-12-22 06:42:50Z,2020-06-05 12:57:44Z,2011-12-23 00:16:49Z,2018-11-13 08:53:01Z,2016-04-26 08:46:50Z","2011-12-22 04:59:46Z,2011-12-22 04:59:52Z,2011-12-22 05:00:55Z,2011-12-22 05:08:32Z,2013-03-31 00:33:31Z,2014-01-27 13:07:07Z,2014-02-06 05:36:53Z,2014-02-06 13:02:09Z,2014-02-06 20:14:08Z,2015-02-28 02:36:49Z,2017-06-13 13:08:48Z,2011-12-22 07:04:24Z,2011-12-23 05:52:17Z,2011-12-23 07:11:22Z",https://stackoverflow.com/questions/8599595/send-json-data-from-javascript-to-php,"85,995,958,605,464,200,000,000,000,000,000,000,000,000,000,000,000,000,000,000,000,000,000,000,000,000,000,000,000,000"
2011-12-26 21:18:54Z,"2011-12-26 21:18:54Z,2011-12-26 20:43:59Z,2017-01-22 05:31:32Z,2011-12-26 20:48:16Z,2011-12-26 20:50:37Z,2013-09-05 08:30:28Z,2011-12-26 20:47:24Z","2011-12-26 20:53:54Z,2011-12-26 20:57:55Z,2011-12-26 21:19:31Z,2011-12-27 00:26:05Z,2011-12-26 20:46:11Z",https://stackoverflow.com/questions/8638984/send-post-data-to-php-without-using-an-html-form,"8,638,984,863,917,380,000,000,000,000,000,000,000,000,000,000,000,000,000,000"
2011-12-28 12:07:21Z,"2011-12-28 12:07:21Z,2011-12-28 11:26:08Z","2011-12-28 10:59:46Z,2011-12-28 18:45:44Z",https://stackoverflow.com/questions/8654519/what-happens-if-i-call-a-java-function-from-multiple-threads-from-c-with-jni,"865,451,986,557,248,000,000"
2012-01-05 16:03:38Z,"2012-01-05 16:03:38Z,2018-05-21 08:04:58Z,2016-03-18 03:30:25Z","2011-12-31 13:38:19Z,2011-12-31 13:42:14Z,2011-12-31 13:44:33Z,2011-12-31 14:09:16Z,2012-01-03 17:07:49Z,2012-01-06 00:46:38Z,2012-01-06 14:21:21Z",https://stackoverflow.com/questions/8688400/using-managed-threads-and-fibers-in-clr,"868,840,087,455,895,000,000,000,000,000"
2012-01-07 06:51:05Z,"2012-01-07 06:51:05Z,2011-12-27 11:52:14Z,2012-01-03 13:53:21Z,2012-01-06 11:51:08Z,2012-01-08 21:06:03Z,2012-01-09 07:06:37Z,2012-01-09 19:42:57Z,2012-01-10 09:15:12Z","2011-12-27 13:16:09Z,2012-01-10 03:06:40Z,2012-01-09 21:57:02Z,2012-01-10 02:32:13Z,2012-01-10 21:56:17Z,2011-12-27 11:58:32Z,2011-12-27 12:01:42Z,2011-12-27 12:13:41Z,2011-12-27 12:19:32Z,2011-12-27 12:25:25Z,2012-01-06 19:51:24Z,2012-01-09 05:31:46Z,2012-01-10 10:23:57Z,2012-01-10 12:32:55Z,2012-01-10 12:37:18Z,2012-01-10 14:41:52Z,2012-01-11 05:41:14Z",https://stackoverflow.com/questions/8644289/adding-values-from-c-sharp-to-div-via-javascript,"864,428,987,679,768,000,000,000,000,000,000,000,000,000,000,000,000,000,000,000,000"
2012-01-15 01:00:07Z,"2012-01-15 01:00:07Z,2016-02-26 15:00:30Z,2013-07-19 15:15:53Z","2012-01-15 00:59:18Z,2012-01-15 01:00:40Z,2013-07-19 15:21:20Z,2012-01-15 01:03:37Z,2012-01-15 01:05:58Z,2012-01-15 01:07:56Z,2016-02-26 14:56:16Z,2020-08-05 17:51:00Z",https://stackoverflow.com/questions/8866738/speed-of-php-vs-javascript,"886,673,888,667,623,000,000,000,000,000"
2012-01-16 18:42:30Z,"2012-01-16 18:42:30Z,2012-01-16 18:47:24Z,2012-01-16 18:49:18Z,2012-01-16 18:33:16Z,2012-01-16 18:40:26Z","2012-01-16 18:59:02Z,2012-01-16 18:44:59Z,2012-01-16 18:46:57Z",https://stackoverflow.com/questions/8884480/starting-and-killing-java-app-with-shell-script-debian,"888,448,088,847,358,000,000,000,000,000,000,000,000,000"
2012-01-17 16:18:01Z,"2012-01-17 15:57:53Z,2012-01-17 16:18:01Z,2012-01-17 16:15:58Z","2012-01-17 15:56:13Z,2012-01-17 16:13:33Z,2012-01-17 16:12:46Z,2012-01-17 16:24:40Z,2012-01-17 16:30:52Z,2012-01-17 16:28:16Z,2012-01-18 22:30:11Z",https://stackoverflow.com/questions/8897642/submitting-from-jquery-to-php,"8,897,642,889,770,180,000,000,000,000"
2012-01-18 14:01:44Z,"2013-08-13 14:24:37Z,2012-01-18 14:01:44Z,2015-06-08 12:14:41Z,2012-01-18 13:46:40Z,2012-01-18 14:14:41Z,2019-03-27 22:08:38Z","2012-01-18 13:46:21Z,2020-04-08 12:23:52Z,2012-01-18 16:19:46Z,2012-01-18 16:45:31Z,2012-01-19 02:47:12Z,2016-01-20 21:16:19Z,2012-01-18 13:58:15Z,2012-01-18 14:00:22Z,2012-01-18 14:08:49Z",https://stackoverflow.com/questions/8911075/javascript-and-java-date-json-serialization,"8,911,075,182,117,560,000,000,000,000,000,000,000,000,000,000,000,000"
2012-01-25 10:59:50Z,"2012-01-25 10:59:50Z,2012-01-25 10:59:11Z,2012-01-25 11:01:06Z,2018-07-01 20:41:59Z,2012-01-25 11:02:15Z","2012-07-12 15:54:22Z,2012-07-12 16:59:05Z,2012-07-12 17:01:13Z,2013-10-21 01:55:33Z,2012-01-25 11:34:48Z,2012-07-12 15:55:37Z,2014-06-24 14:38:35Z,2012-01-25 11:04:02Z,2014-06-24 14:37:48Z",https://stackoverflow.com/questions/9001526/send-array-with-ajax-to-php-script,"9,001,526,900,157,390,000,000,000,000,000,000,000,000,000"
2012-02-07 19:30:30Z,"2012-01-19 21:47:10Z,2012-02-07 19:30:30Z,2012-01-19 21:11:52Z,2020-08-02 04:22:24Z","2012-01-22 11:04:34Z,2012-01-23 22:42:11Z,2012-01-19 22:24:08Z,2012-01-19 22:28:09Z,2012-01-19 23:05:56Z,2014-07-19 12:54:39Z,2013-05-22 12:18:45Z,2013-05-22 15:15:39Z,2014-04-07 18:55:37Z,2015-10-22 08:34:08Z,2012-01-19 21:17:28Z,2012-01-19 21:25:35Z,2012-01-19 22:21:12Z,2012-01-19 22:25:23Z,2012-01-19 22:26:56Z",https://stackoverflow.com/questions/8933263/how-do-i-wrap-a-c-class-with-cython,"893,326,389,338,199,000,000,000,000,000,000,000"
2012-02-26 16:11:00Z,"2012-02-26 16:11:00Z,2012-03-21 16:38:51Z,2017-01-27 01:37:02Z,2020-08-25 18:22:25Z,2020-09-16 07:56:46Z","2012-02-28 03:04:57Z,2012-02-28 16:42:25Z,2012-03-01 16:23:08Z,2013-08-02 20:48:26Z,2013-08-06 22:33:23Z,2017-02-09 13:13:03Z,2017-02-09 18:05:03Z,2020-08-25 13:53:17Z,2020-08-25 17:59:28Z,2020-08-25 23:43:36Z,2020-09-01 18:22:56Z",https://stackoverflow.com/questions/9444342/adding-a-javascript-script-tag-some-place-so-that-it-works-for-every-file-in-sph,"944,434,294,546,549,000,000,000,000,000,000,000,000,000,000"
2012-02-29 20:56:02Z,2012-02-29 20:56:02Z,"2012-02-29 21:00:05Z,2012-02-29 21:07:23Z,2012-02-29 21:15:55Z,2012-02-29 22:14:26Z,2017-08-02 21:56:18Z",https://stackoverflow.com/questions/9506437/python-subprocess-call-returns-command-not-found-terminal-executes-correctly,"95,064,379,506,481"
2012-03-08 19:31:45Z,"2012-03-08 19:31:45Z,2012-03-08 19:30:47Z,2012-03-08 19:35:03Z,2012-03-08 19:30:28Z,2012-03-08 19:33:00Z","2012-03-08 19:29:28Z,2012-03-08 19:39:58Z,2017-04-24 04:32:10Z,2019-04-21 13:41:53Z,2012-03-08 19:39:51Z",https://stackoverflow.com/questions/9623593/pass-javascript-variable-to-php-code,"962,359,396,236,419,000,000,000,000,000,000,000,000,000"
2012-03-14 06:36:46Z,2012-03-14 06:36:46Z,"2012-03-14 06:34:13Z,2012-03-14 06:42:17Z,2012-03-14 06:44:32Z,2012-03-14 06:43:40Z,2012-03-14 06:46:13Z,2012-03-14 06:49:35Z,2012-03-14 06:51:37Z,2012-03-14 07:22:35Z",https://stackoverflow.com/questions/9696980/php-constant-inside-js-file,"96,969,809,697,035"
2012-03-16 22:15:45Z,"2012-03-16 22:20:17Z,2012-03-16 22:15:45Z,2012-03-16 22:32:13Z","2012-03-16 22:14:09Z,2012-03-16 22:34:28Z,2012-03-16 22:42:59Z,2012-03-16 23:00:13Z,2012-03-16 23:27:26Z,2012-03-17 16:19:05Z,2012-03-17 16:23:48Z,2012-03-17 16:24:57Z,2017-12-20 08:46:18Z",https://stackoverflow.com/questions/9745139/building-relative-urls-for-an-mvc-app-with-javascript,"9,745,139,974,523,990,000,000,000,000"
2012-03-31 03:32:05Z,"2012-03-31 03:32:05Z,2014-03-18 14:48:14Z,2016-05-03 11:27:00Z","2014-09-23 07:36:54Z,2012-07-04 11:43:23Z,2012-07-04 15:06:59Z,2018-10-17 05:53:05Z",https://stackoverflow.com/questions/9940381/how-to-generate-jni-header-file-in-eclipse,"994,038,199,528,022,000,000,000,000,000"
2012-04-06 08:50:50Z,"2012-04-06 08:50:50Z,2016-06-28 15:41:14Z",2017-01-17 05:38:26Z,https://stackoverflow.com/questions/9993465/handling-session-timeout-on-client-side,"99,934,651,004,120,300,000,000"
2012-04-09 13:11:10Z,"2012-04-09 13:11:10Z,2012-04-09 13:01:29Z,2017-09-26 00:10:22Z,2019-10-05 03:11:56Z,2012-04-09 16:53:27Z,2013-03-13 10:09:53Z,2017-12-29 04:15:11Z,2018-05-11 13:24:25Z",2012-04-09 13:01:44Z,https://stackoverflow.com/questions/10073564/how-can-i-convert-python-dictionary-to-javascript-hash-table,"100,735,641,007,371,000,000,000,000,000,000,000,000,000,000,000,000,000,000,000,000,000,000,000"
2012-04-13 03:58:01Z,"2012-04-13 03:58:01Z,2016-11-09 00:21:58Z,2013-09-29 05:28:55Z,2018-07-12 06:53:30Z,2014-10-27 13:55:40Z,2015-06-22 07:08:28Z,2020-09-03 22:17:29Z,2020-10-26 03:45:17Z","2012-04-13 04:17:56Z,2014-02-04 08:47:15Z,2014-02-04 08:52:49Z,2014-02-04 09:11:34Z,2015-07-12 14:30:44Z",https://stackoverflow.com/questions/10134963/prevent-page-scrolling-after-postback-and-maintain-position,"101,349,631,013,504,000,000,000,000,000,000,000,000,000,000,000,000,000,000,000,000,000,000,000"
2012-04-17 13:09:47Z,2012-04-17 13:09:47Z,"2012-04-11 17:37:34Z,2012-04-11 17:40:52Z,2012-04-12 17:11:42Z,2012-04-12 17:33:29Z,2012-04-12 21:08:07Z",https://stackoverflow.com/questions/10109700/embedding-matplotlib-in-c,"1,010,970,010,191,920"
2012-04-21 10:04:28Z,"2012-04-21 10:04:28Z,2012-04-21 10:07:22Z,2012-04-21 05:18:46Z","2012-04-21 10:09:41Z,2012-04-21 10:15:49Z,2012-04-21 10:23:48Z,2012-04-21 10:31:00Z,2012-04-21 14:40:32Z",https://stackoverflow.com/questions/10256315/python-c-extensions-why-must-callable-c-functions-take-arguments-and-return-py,"10,256,315,102,579,700,000,000,000,000,000"
2012-04-25 11:39:39Z,2012-04-25 11:39:39Z,2012-04-26 21:41:48Z,https://stackoverflow.com/questions/10314645/jni-multi-threads,"1,031,464,510,314,820"
2012-05-01 22:59:26Z,"2012-05-01 22:59:26Z,2013-02-26 22:29:40Z,2012-05-01 22:58:37Z,2012-05-03 20:19:04Z",2012-05-01 22:58:51Z,https://stackoverflow.com/questions/10405515/piping-in-shell-via-python-subprocess-module,"1,040,551,510,405,560,000,000,000,000,000,000,000,000"
2012-05-05 02:03:57Z,"2012-05-05 02:03:57Z,2012-05-07 15:42:40Z,2014-02-21 12:17:48Z","2012-04-18 16:13:55Z,2012-04-19 11:40:52Z,2012-04-19 12:15:28Z,2012-04-22 00:49:53Z,2012-05-04 03:15:06Z,2013-09-13 19:04:10Z,2013-09-13 21:01:12Z",https://stackoverflow.com/questions/10212686/social-icons-not-working-with-infinite-scrolling-on-wordpress,"10,212,686,104,582,000,000,000,000,000,000"
2012-05-11 20:03:47Z,"2012-05-11 20:03:47Z,2013-07-29 12:47:05Z","2012-05-11 10:47:40Z,2012-05-11 10:52:44Z,2012-05-11 11:07:10Z,2012-05-11 11:15:05Z,2015-02-25 16:05:22Z,2012-05-12 09:11:26Z,2012-05-21 08:28:21Z,2013-09-12 03:05:32Z,2014-09-24 11:00:20Z",https://stackoverflow.com/questions/10549872/why-cant-python-execute-java-exe-via-subprocess,"105,498,721,055,789,000,000,000"
2012-05-13 23:11:18Z,"2012-05-13 23:11:18Z,2014-06-17 15:42:07Z","2012-05-12 05:07:35Z,2012-05-14 04:00:45Z",https://stackoverflow.com/questions/10561212/parsing-namespaces-with-clang-ast-differences-in-when-including-a-header-in-ano,"105,612,121,057,593,000,000,000"
2012-05-24 15:26:18Z,"2012-05-24 15:26:18Z,2012-05-25 15:13:23Z","2012-05-25 13:37:27Z,2012-05-25 13:38:57Z",https://stackoverflow.com/questions/10740479/two-way-c-to-c-sharp-communication-using-named-pipes,"107,404,791,074,053,000,000,000"
2012-05-29 14:50:50Z,"2012-05-29 14:50:50Z,2012-05-29 14:50:51Z",,https://stackoverflow.com/questions/10801258/read-argument-with-spaces-in-python-script-from-a-shell-script,"108,012,581,080,154,000,000,000"
2012-06-06 13:15:54Z,2012-06-06 13:15:54Z,"2012-06-05 19:39:24Z,2012-06-06 11:32:05Z,2012-06-06 16:47:51Z",https://stackoverflow.com/questions/10903750/access-javascript-array-elements-from-c-sharp-via-webbrowser,"1,090,375,010,914,970"
2012-06-06 15:15:53Z,"2012-06-06 15:15:53Z,2012-06-07 23:51:22Z,2012-06-06 15:17:31Z","2012-06-06 15:06:17Z,2012-06-06 15:15:35Z,2012-06-06 15:54:11Z,2012-06-06 15:59:31Z,2017-05-08 07:21:28Z,2012-06-06 15:17:38Z,2012-06-06 16:23:43Z,2016-05-09 14:46:30Z",https://stackoverflow.com/questions/10916952/in-visual-studio-c-is-there-a-way-to-apply-web-config-transforms-to-javascript,"10,916,952,109,171,500,000,000,000,000,000"
2012-06-07 11:41:14Z,"2012-06-07 11:41:14Z,2012-06-07 11:33:31Z","2012-06-07 11:28:45Z,2012-06-07 11:30:41Z,2012-06-07 12:39:55Z,2012-06-07 12:45:17Z,2012-06-07 12:52:47Z,2012-06-07 12:57:06Z",https://stackoverflow.com/questions/10930789/insert-backbone-js-model-into-mysql-database,"109,307,891,093,109,000,000,000"
2012-06-07 17:05:15Z,"2012-06-07 17:05:15Z,2012-06-07 17:15:45Z,2019-05-02 18:59:05Z,2012-06-07 18:12:25Z,2021-05-15 05:08:05Z,2019-05-20 12:28:43Z","2012-06-07 17:03:21Z,2012-06-07 17:07:03Z,2012-06-07 17:15:05Z,2012-06-07 17:28:33Z,2012-06-07 17:41:12Z,2012-06-07 17:25:00Z,2012-06-07 17:30:34Z,2012-06-07 18:17:00Z,2012-06-07 20:20:37Z,2012-06-08 08:43:43Z,2019-05-20 14:43:05Z",https://stackoverflow.com/questions/10936407/ajax-type-post-post-method-to-php,"10,936,407,109,364,900,000,000,000,000,000,000,000,000,000,000,000,000,000"
2012-06-21 13:13:15Z,"2012-06-21 13:13:15Z,2012-06-21 13:14:36Z,2012-06-21 13:13:36Z,2017-09-28 13:16:37Z,2012-06-21 13:23:51Z,2021-11-08 13:40:21Z","2012-06-21 13:13:22Z,2012-06-21 13:13:36Z,2012-06-21 13:15:40Z,2012-06-21 13:16:32Z,2012-06-21 13:17:47Z,2012-06-21 13:25:08Z,2012-06-21 13:32:47Z,2014-05-06 03:57:38Z",https://stackoverflow.com/questions/11138929/calling-c-functions-inside-javascript,"11,138,929,111,389,700,000,000,000,000,000,000,000,000,000,000,000,000,000"
2012-07-10 13:20:09Z,"2012-07-10 13:20:09Z,2012-06-20 16:51:58Z,2012-06-20 16:50:51Z","2012-06-20 19:33:42Z,2012-06-21 11:49:48Z,2018-07-25 10:28:55Z,2012-06-20 17:14:16Z,2012-06-21 07:10:02Z,2012-06-21 11:46:50Z,2012-06-21 12:09:09Z,2012-06-21 13:51:03Z,2012-06-20 17:34:31Z,2012-06-20 19:31:46Z,2012-06-20 19:32:36Z,2012-06-21 12:56:03Z,2012-06-21 12:57:58Z",https://stackoverflow.com/questions/11123899/passing-a-c-sharp-class-object-in-and-out-of-a-c-dll-class,"11,123,899,114,142,200,000,000,000,000,000"
2012-07-11 19:24:51Z,"2012-07-11 19:24:51Z,2015-07-08 13:04:24Z,2015-12-18 11:23:47Z,2018-09-05 14:19:40Z,2016-06-03 18:31:57Z,2020-03-10 11:58:16Z,2018-07-31 20:17:22Z,2012-07-12 14:12:47Z","2012-07-11 11:14:57Z,2012-07-17 04:46:19Z,2012-07-17 16:04:59Z,2012-07-18 04:08:56Z,2012-07-19 03:24:01Z,2013-07-06 16:12:19Z,2021-07-13 09:46:48Z,2020-03-13 01:59:59Z",https://stackoverflow.com/questions/11430773/how-to-use-javascript-with-selenium-webdriver-java,"114,307,731,143,993,000,000,000,000,000,000,000,000,000,000,000,000,000,000,000,000,000,000,000"
2012-07-19 20:04:26Z,"2012-07-19 20:04:26Z,2012-07-19 21:06:20Z,2012-07-19 19:58:25Z","2012-07-19 19:57:47Z,2012-07-19 20:00:43Z,2012-07-19 20:17:33Z,2012-07-19 20:42:01Z",https://stackoverflow.com/questions/11568232/javascript-readable-json-from-python,"11,568,232,115,684,200,000,000,000,000,000"
2012-07-19 23:35:03Z,2012-07-19 23:35:03Z,"2012-07-19 23:24:05Z,2012-07-19 23:24:56Z,2012-07-19 23:31:21Z,2012-07-19 23:37:17Z,2012-07-19 23:38:03Z,2012-07-19 23:38:05Z,2012-07-19 23:40:11Z,2012-07-19 23:47:48Z,2012-07-19 23:58:59Z,2012-07-20 00:00:39Z",https://stackoverflow.com/questions/11570713/how-to-receive-json-object-in-php,"1,157,071,311,570,830"
2012-07-26 06:07:16Z,2012-07-26 06:07:16Z,"2012-07-25 06:56:09Z,2012-07-25 07:47:05Z,2012-07-25 07:59:18Z,2012-07-25 12:38:52Z,2012-07-26 06:01:07Z",https://stackoverflow.com/questions/11643666/python-importerror-undefined-symbol-for-custom-c-module,"1,164,366,611,663,370"
2012-08-06 20:04:41Z,2012-08-06 20:04:41Z,"2012-08-06 21:15:50Z,2012-08-07 02:02:18Z",https://stackoverflow.com/questions/11834078/how-to-convert-zval-to-vector-for-php-extension,"1,183,407,811,835,120"
2012-08-08 11:20:20Z,2012-08-08 11:20:20Z,"2012-07-13 01:37:38Z,2021-03-25 09:23:32Z",https://stackoverflow.com/questions/10524365/interop-causes-unity-to-crash,"1,052,436,511,863,410"
2012-08-10 19:35:53Z,"2012-08-10 21:38:33Z,2012-08-10 19:35:53Z","2012-08-08 22:06:03Z,2012-08-08 22:18:17Z,2012-08-08 23:28:55Z,2012-08-09 19:56:52Z,2012-08-09 22:51:35Z,2015-11-21 19:33:24Z,2016-03-22 06:57:31Z,2018-07-16 17:49:23Z,2012-08-10 20:11:25Z,2012-08-10 21:00:34Z,2012-08-10 21:07:50Z",https://stackoverflow.com/questions/11873878/c-sharp-encryption-to-php-decryption,"118,738,781,190,960,000,000,000"
2012-08-14 14:32:42Z,"2012-08-14 14:32:42Z,2012-08-14 12:55:13Z","2012-08-14 12:36:30Z,2012-08-14 12:39:30Z,2012-08-14 12:45:56Z,2012-08-14 12:56:31Z,2012-08-14 13:03:40Z",https://stackoverflow.com/questions/11952365/accessing-an-array-of-pointers-within-a-structure-from-java-with-swig,"119,523,651,195,462,000,000,000"
2012-08-15 20:43:28Z,2012-08-15 20:43:28Z,"2012-08-16 03:20:39Z,2012-08-16 04:27:33Z",https://stackoverflow.com/questions/11926340/how-to-pass-a-c-object-to-another-c-object-with-boost-python,"1,192,634,011,976,960"
2012-09-23 09:18:08Z,2012-09-23 09:18:08Z,"2012-05-15 07:35:28Z,2012-05-15 07:38:01Z,2012-05-15 07:55:40Z,2012-05-15 08:50:32Z,2012-05-15 08:52:56Z,2015-04-05 23:30:29Z,2015-04-06 09:58:01Z,2015-09-02 10:47:20Z,2017-11-07 20:00:56Z,2018-11-27 05:18:10Z",https://stackoverflow.com/questions/10596052/stdvector-to-java-util-vector-code-generation-with-swig,"1,059,605,212,551,100"
2012-09-24 05:44:46Z,"2012-09-24 05:44:46Z,2014-06-20 17:36:18Z,2013-10-14 13:18:46Z","2012-09-24 04:52:26Z,2012-09-24 05:18:37Z",https://stackoverflow.com/questions/12558996/jquery-knob-display-number-change,"12,558,996,125,594,400,000,000,000,000,000"
2012-10-03 21:37:57Z,2012-10-03 21:37:57Z,"2012-10-03 21:21:48Z,2012-10-03 21:24:47Z,2012-10-03 21:39:35Z,2012-10-03 21:46:52Z,2012-10-03 21:39:57Z,2012-10-03 21:56:40Z,2012-10-04 06:05:48Z,2012-10-04 17:09:30Z",https://stackoverflow.com/questions/12717084/creating-custom-php-syntax-parser,"1,271,708,412,717,280"
2012-10-05 09:05:29Z,"2012-10-05 09:05:29Z,2016-08-10 16:31:57Z,2018-03-04 16:26:02Z,2018-02-16 13:05:25Z,2018-05-11 12:50:16Z,2019-02-21 17:57:05Z","2012-10-05 13:44:34Z,2012-10-05 14:11:57Z,2012-10-06 18:05:26Z,2012-10-07 15:40:38Z,2012-10-07 22:24:07Z,2017-09-29 19:38:41Z,2019-10-16 05:52:13Z,2020-08-06 07:32:11Z,2020-04-21 07:52:46Z",https://stackoverflow.com/questions/12738827/how-can-i-call-scikit-learn-classifiers-from-java,"12,738,827,127,430,100,000,000,000,000,000,000,000,000,000,000,000,000,000"
2012-11-05 22:36:01Z,"2012-11-05 22:36:01Z,2013-01-04 13:07:08Z,2012-11-05 12:18:10Z","2012-11-05 12:17:12Z,2012-11-05 12:49:41Z,2020-11-22 13:04:26Z",https://stackoverflow.com/questions/13231913/how-do-i-call-a-specific-method-from-a-python-script-in-c,"13,231,913,132,415,100,000,000,000,000,000"
2012-11-05 23:37:15Z,"2012-11-05 23:37:15Z,2012-11-06 02:00:09Z,2012-11-05 23:33:29Z,2012-11-05 23:51:36Z,2012-11-06 02:11:52Z,2012-11-06 02:58:52Z","2012-11-05 23:35:55Z,2012-11-05 23:36:15Z,2012-11-05 23:48:25Z,2012-11-05 23:43:02Z,2012-11-05 23:52:56Z,2012-11-06 00:12:55Z,2012-11-06 00:22:06Z,2012-11-05 23:40:14Z,2012-11-05 23:42:45Z,2012-11-05 23:44:56Z,2012-11-05 23:47:15Z,2012-11-05 23:54:11Z",https://stackoverflow.com/questions/13242098/why-should-i-embed-a-scripting-language,"13,242,098,132,421,800,000,000,000,000,000,000,000,000,000,000,000,000,000"
2012-11-08 13:45:47Z,"2012-11-08 13:45:47Z,2018-03-21 03:34:23Z,2014-11-29 04:10:27Z,2020-11-18 15:45:24Z","2012-11-08 13:45:47Z,2015-11-03 12:23:48Z,2015-11-03 12:25:05Z,2012-11-09 10:04:33Z,2019-03-20 14:23:46Z,2020-12-15 05:40:52Z",https://stackoverflow.com/questions/13289171/marshalasunmanagedtype-lpstr-how-does-this-convert-utf-8-strings-to-char,"1,328,917,113,290,180,000,000,000,000,000,000,000,000"
2012-11-10 13:09:08Z,"2012-11-10 13:09:08Z,2012-11-10 13:08:35Z","2012-11-10 12:38:23Z,2012-11-10 12:39:25Z,2012-11-10 12:40:46Z,2012-11-10 12:43:37Z,2012-11-10 12:58:53Z,2012-11-10 13:15:24Z,2012-11-10 13:16:26Z,2012-11-10 13:19:23Z,2012-11-10 13:22:15Z,2012-11-10 16:22:56Z,2012-11-10 13:10:19Z,2012-11-10 13:11:02Z",https://stackoverflow.com/questions/13322119/how-to-make-script-in-linux-use-my-interpteter-and-work,"133,221,191,332,232,000,000,000"
2012-11-16 15:37:08Z,"2012-11-16 15:37:08Z,2012-11-16 15:56:25Z",2012-11-16 15:38:35Z,https://stackoverflow.com/questions/13419676/assigning-the-model-to-a-javascript-variable-in-razor,"134,196,761,341,970,000,000,000"
2012-11-19 13:41:35Z,"2012-11-19 13:41:35Z,2015-07-16 09:50:39Z,2014-09-23 14:11:32Z,2012-11-19 13:41:27Z,2013-10-15 22:39:52Z,2013-06-13 12:12:26Z,2012-11-19 13:41:25Z,2013-06-13 13:34:54Z,2013-08-02 18:46:54Z","2015-03-02 20:17:02Z,2017-03-22 18:29:52Z,2015-07-16 10:21:21Z,2016-12-06 13:12:13Z",https://stackoverflow.com/questions/13454985/asp-net-set-hiddenfield-a-value-in-javascript,"13,454,985,134,550,300,000,000,000,000,000,000,000,000,000,000,000,000,000,000,000,000,000,000,000,000,000"
2012-12-03 18:32:54Z,"2012-12-01 00:03:29Z,2012-12-03 18:32:54Z","2012-12-01 00:06:43Z,2012-12-01 00:17:11Z,2012-12-01 00:20:02Z",https://stackoverflow.com/questions/13654561/marshalling-an-array-of-strings-from-managed-to-native-code,"136,545,611,365,494,000,000,000"
2012-12-26 09:47:09Z,2012-12-26 09:47:09Z,2018-01-29 15:47:32Z,https://stackoverflow.com/questions/14036004/how-to-convert-jobject-to-jstring,"1,403,600,414,038,720"
2013-01-03 04:57:52Z,"2013-01-03 04:57:52Z,2013-01-08 15:11:33Z","2013-01-02 15:47:19Z,2013-01-02 15:51:38Z,2013-01-02 15:52:26Z,2013-01-02 15:56:39Z,2013-01-02 19:38:29Z,2013-01-08 16:34:43Z",https://stackoverflow.com/questions/14124695/seg-fault-in-php-extension,"141,246,951,413,327,000,000,000"
2013-01-06 18:11:45Z,"2013-01-06 18:04:34Z,2013-01-06 18:12:54Z,2013-01-06 18:05:54Z,2013-01-06 18:11:45Z","2013-01-06 18:00:36Z,2013-01-06 18:05:55Z,2013-01-06 18:18:19Z,2013-01-06 18:20:50Z,2013-01-06 18:29:41Z,2013-01-06 18:08:33Z,2013-01-06 18:13:01Z,2013-01-06 18:32:45Z,2013-01-06 18:09:48Z",https://stackoverflow.com/questions/14184993/communication-between-c-and-c-sharp-application-through-network,"1,418,499,314,185,070,000,000,000,000,000,000,000,000"
2013-01-11 01:33:15Z,"2013-01-11 01:33:15Z,2013-09-05 09:29:30Z","2013-01-11 00:36:51Z,2013-01-11 00:43:51Z,2013-01-11 00:57:20Z,2013-01-11 00:58:15Z,2013-01-11 01:48:12Z,2013-01-11 02:43:33Z,2013-01-11 03:07:48Z,2013-01-11 04:06:54Z",https://stackoverflow.com/questions/14269798/java-jni-calls-are-slower-than-expected-at-least-2-ms-call,"142,697,981,427,027,000,000,000"
2013-01-16 10:23:35Z,"2013-01-16 10:23:35Z,2013-01-15 19:37:13Z","2013-01-15 16:07:41Z,2013-01-15 16:15:38Z,2013-01-15 16:50:56Z,2013-01-15 16:53:35Z,2013-01-15 17:54:02Z,2013-01-16 10:57:39Z,2013-01-16 12:37:00Z",https://stackoverflow.com/questions/14341549/passing-a-set-of-numpy-arrays-into-c-function-for-input-and-output,"143,415,491,435,614,000,000,000"
2013-01-17 03:49:39Z,2013-01-17 03:49:39Z,,https://stackoverflow.com/questions/14371758/can-a-python-function-taking-args-kwargs-be-called-from-c-or-another-language,"1,437,175,814,371,930"
2013-01-23 14:31:43Z,"2013-01-23 14:31:43Z,2013-01-23 14:33:49Z,2013-01-23 14:33:24Z","2013-01-23 14:31:17Z,2013-01-23 14:33:48Z,2013-01-23 14:36:09Z,2013-01-23 18:46:12Z,2013-01-23 19:29:02Z",https://stackoverflow.com/questions/14482064/how-to-pass-variables-back-from-php-by-ajax,"14,482,064,144,821,200,000,000,000,000,000"
2013-02-08 00:31:52Z,"2013-02-08 00:31:52Z,2013-02-07 22:42:07Z","2013-02-07 22:38:32Z,2013-02-11 22:24:54Z",https://stackoverflow.com/questions/14762048/subprocess-call-in-python-to-invoke-java-jar-files-with-java-opts,"147,620,481,476,376,000,000,000"
2013-02-14 09:04:35Z,"2013-02-14 09:04:35Z,2010-05-17 10:51:56Z,2010-05-17 17:10:07Z,2010-05-19 16:57:03Z,2010-05-17 10:52:41Z,2010-05-17 11:02:20Z,2010-05-17 12:06:42Z,2017-02-02 13:34:55Z","2010-05-17 10:59:07Z,2010-05-17 17:11:12Z,2010-05-17 19:33:30Z,2014-02-19 00:34:06Z,2010-05-19 17:03:47Z,2014-04-14 10:41:47Z",https://stackoverflow.com/questions/2848359/how-to-write-javascript-in-asp-net-in-code-behind-using-c-sharp,"28,483,591,487,113,100,000,000,000,000,000,000,000,000,000,000,000,000,000,000,000,000"
2013-03-06 07:06:16Z,"2013-10-21 11:28:29Z,2013-03-06 07:06:16Z,2013-03-06 06:34:43Z,2018-06-12 01:04:09Z,2013-03-06 06:32:57Z,2018-03-12 09:14:01Z,2018-10-14 15:41:37Z,2020-08-11 06:28:07Z","2016-03-30 02:23:36Z,2015-06-30 12:43:18Z,2013-03-06 07:03:07Z",https://stackoverflow.com/questions/15240472/confirm-box-in-codeigniter-anchor-link-to-delete-record,"152,404,721,949,331,000,000,000,000,000,000,000,000,000,000,000,000,000,000,000,000,000,000,000"
2013-03-08 18:10:45Z,"2013-03-08 18:10:45Z,2013-03-08 18:34:33Z,2013-03-08 18:08:21Z,2013-03-08 18:14:54Z,2017-08-20 11:02:00Z,2013-03-08 18:11:04Z","2013-03-08 18:41:20Z,2017-01-22 02:20:52Z,2013-03-08 19:32:43Z,2013-03-08 18:40:16Z,2013-03-08 18:40:38Z",https://stackoverflow.com/questions/15300470/jquery-ajax-form-using-mail-php-script-sends-email-but-post-data-from-html-fo,"15,300,470,153,005,200,000,000,000,000,000,000,000,000,000,000,000,000,000"
2013-03-10 12:11:24Z,"2013-03-10 12:11:24Z,2014-03-03 21:20:51Z,2018-12-27 23:54:26Z,2018-04-18 16:14:10Z,2017-01-07 11:58:13Z,2019-12-09 05:22:39Z","2014-05-15 01:26:18Z,2018-12-27 20:57:45Z,2019-02-27 02:13:19Z,2019-04-11 10:30:51Z,2018-12-27 21:00:29Z,2019-09-13 07:13:38Z,2021-09-19 22:46:22Z,2018-12-28 00:05:10Z,2018-12-28 08:45:01Z",https://stackoverflow.com/questions/15321431/how-to-pass-a-list-from-python-by-jinja2-to-javascript,"15,321,431,153,220,600,000,000,000,000,000,000,000,000,000,000,000,000,000"
2013-03-13 20:31:54Z,"2013-03-13 20:31:54Z,2015-08-06 00:07:22Z,2014-07-18 07:10:06Z","2013-03-24 14:33:29Z,2014-01-02 14:44:32Z,2015-09-19 11:52:21Z",https://stackoverflow.com/questions/15074566/open-source-alternative-to-addthis-addtoany-sharethis-etcfor-social-bookmarking,"15,074,566,153,958,700,000,000,000,000,000"
2013-03-16 12:49:25Z,"2013-03-16 12:49:25Z,2013-03-16 12:50:30Z,2013-03-16 12:49:47Z","2013-03-16 12:46:48Z,2013-03-16 12:47:24Z,2013-03-16 12:47:53Z",https://stackoverflow.com/questions/15449428/does-the-shell-in-shell-true-in-subprocess-means-bash,"15,449,428,154,494,600,000,000,000,000,000"
2013-03-18 19:54:40Z,"2013-03-18 19:54:40Z,2014-06-10 12:25:20Z,2014-05-22 14:56:15Z,2014-05-22 19:01:59Z,2014-06-27 06:46:54Z,2014-03-18 00:02:42Z,2015-03-11 14:31:05Z,2015-06-17 02:34:42Z,2016-07-14 08:04:46Z","2013-03-18 19:39:47Z,2013-03-18 19:43:30Z,2013-03-18 19:47:53Z,2013-03-18 19:55:06Z,2015-11-24 20:04:19Z,2013-03-18 19:59:01Z,2013-03-18 20:03:51Z,2015-03-18 13:55:53Z,2016-03-05 04:21:43Z,2017-01-02 15:18:51Z,2014-10-12 07:12:18Z,2015-08-08 10:40:16Z,2015-08-31 12:00:35Z,2015-10-21 20:55:58Z,2015-10-22 21:30:08Z,2016-03-05 04:25:23Z,2019-05-05 05:09:11Z,2016-12-30 11:00:20Z,2016-07-14 08:06:10Z,2019-05-05 05:14:39Z",https://stackoverflow.com/questions/15485354/angularjs-http-post-to-php-and-undefined,"15,485,354,154,856,900,000,000,000,000,000,000,000,000,000,000,000,000,000,000,000,000,000,000,000,000,000"
2013-04-03 12:55:01Z,"2013-04-03 12:55:01Z,2013-04-03 13:01:04Z,2019-05-31 11:22:25Z,2021-04-19 05:35:02Z","2013-04-03 12:49:18Z,2013-04-03 12:49:52Z",https://stackoverflow.com/questions/15787748/evaluating-javascript-using-a-java-code,"1,578,774,815,787,930,000,000,000,000,000,000,000,000"
2013-04-04 03:10:29Z,"2013-04-04 03:10:29Z,2013-04-04 15:28:40Z","2013-04-04 04:33:00Z,2013-04-04 04:39:32Z",https://stackoverflow.com/questions/15801782/how-to-correctly-pass-a-json-object-to-flask-server-using-jquery-ajax,"158,017,821,580,187,000,000,000"
2013-04-05 08:32:53Z,"2013-04-05 08:32:53Z,2013-04-05 08:27:20Z","2013-04-04 22:27:03Z,2013-04-04 22:27:21Z,2013-04-04 22:28:29Z,2013-04-04 22:41:04Z,2013-04-04 22:48:25Z,2013-04-13 20:25:17Z",https://stackoverflow.com/questions/15822788/how-to-call-a-c-api-from-c-sharp,"158,227,881,582,930,000,000,000"
2013-04-10 10:52:26Z,"2013-04-10 10:52:26Z,2017-07-05 20:46:55Z,2020-05-06 21:24:36Z","2013-04-10 10:44:03Z,2013-04-10 10:47:16Z,2013-04-10 10:51:22Z,2013-04-10 10:56:38Z,2013-04-10 10:58:48Z,2013-04-10 11:07:43Z,2013-04-10 11:11:06Z,2013-04-10 11:52:23Z,2020-07-09 07:11:22Z,2020-07-12 17:19:59Z",https://stackoverflow.com/questions/15923595/how-to-use-a-c-dll-in-unity3d,"15,923,595,159,238,100,000,000,000,000,000"
2013-04-17 14:50:31Z,2013-04-17 14:50:31Z,"2013-04-17 14:35:02Z,2013-04-17 14:35:22Z,2013-04-17 14:37:02Z,2013-04-17 14:38:21Z,2013-04-17 15:07:30Z,2013-04-17 17:03:46Z",https://stackoverflow.com/questions/16062824/convert-object-of-class-stdclass-to-json-object,"1,606,282,416,063,280"
2013-04-24 20:02:08Z,"2015-09-06 16:44:04Z,2013-04-24 20:02:08Z,2015-03-09 19:19:07Z,2013-06-13 11:46:27Z,2014-05-14 08:33:00Z,2019-07-02 06:40:33Z","2013-04-24 19:59:04Z,2013-04-24 20:02:31Z,2013-04-24 20:03:55Z,2013-04-24 20:11:09Z,2013-04-24 20:14:31Z,2016-02-20 20:24:55Z,2013-04-24 20:10:30Z,2013-04-24 20:18:13Z,2013-04-24 20:44:43Z,2013-04-24 21:29:02Z,2015-07-21 22:29:55Z",https://stackoverflow.com/questions/16200997/why-doesnt-include-python-h-work,"16,200,997,324,259,000,000,000,000,000,000,000,000,000,000,000,000,000,000"
2013-05-07 14:56:22Z,"2013-05-07 14:56:22Z,2013-12-27 09:23:49Z","2013-02-02 11:35:45Z,2013-02-02 12:52:55Z,2013-02-02 14:20:29Z,2013-02-03 13:17:44Z,2013-05-07 14:57:01Z,2013-12-27 01:09:38Z,2015-06-08 11:37:14Z,2015-06-08 11:50:25Z",https://stackoverflow.com/questions/14661249/java-jni-creating-a-swing-window-using-jni-from-c,"146,612,491,642,223,000,000,000"
2013-05-13 11:15:04Z,"2013-05-13 08:36:58Z,2013-05-13 11:15:04Z,2013-05-13 08:21:15Z","2013-05-13 08:50:13Z,2013-05-13 09:00:07Z,2013-05-13 09:15:03Z,2013-05-14 02:43:08Z,2013-05-13 08:48:30Z,2013-05-13 09:46:51Z,2013-05-13 09:51:46Z,2013-05-14 02:34:50Z,2013-05-14 10:10:19Z,2013-05-14 02:42:13Z,2013-05-14 02:51:09Z,2013-05-13 08:24:41Z,2013-05-13 08:35:05Z",https://stackoverflow.com/questions/16517355/how-to-send-by-socket-c-compatible-struct-from-java,"16,517,355,165,178,400,000,000,000,000,000"
2013-05-20 15:36:20Z,"2013-05-20 10:52:41Z,2013-05-20 15:36:20Z,2015-08-28 06:44:22Z,2013-05-20 10:44:23Z","2013-05-20 10:47:36Z,2013-05-20 10:49:18Z,2013-05-20 16:09:59Z,2013-05-20 17:05:03Z,2017-10-20 00:16:05Z,2017-10-20 09:05:29Z,2019-05-21 09:30:56Z,2013-05-21 11:22:54Z,2019-02-06 13:41:37Z,2013-05-20 11:02:07Z",https://stackoverflow.com/questions/16647186/calling-c-functions-in-python,"1,664,718,616,647,910,000,000,000,000,000,000,000,000"
2013-05-21 13:44:29Z,2013-05-21 13:44:29Z,"2013-05-21 16:43:58Z,2013-05-21 17:43:13Z,2015-02-04 15:05:50Z,2019-09-09 11:37:11Z",https://stackoverflow.com/questions/16660049/extracting-arguments-from-kwargs-in-boostpython,"1,666,004,916,671,610"
2013-05-22 12:35:08Z,"2013-05-22 12:35:08Z,2013-05-08 06:15:45Z,2013-05-08 06:22:37Z","2013-05-08 06:13:07Z,2013-05-08 06:13:29Z,2013-05-08 06:15:49Z,2013-05-22 12:41:21Z,2013-05-23 06:08:14Z,2013-05-23 07:08:03Z,2013-05-23 09:16:37Z,2013-05-23 09:17:59Z,2013-05-08 06:16:53Z,2013-05-08 06:19:57Z,2013-05-08 06:22:47Z,2013-05-08 06:35:18Z,2013-05-08 06:39:53Z",https://stackoverflow.com/questions/16433794/get-ajax-post-data-on-php-via-javascript-call,"1,643,379,416,691,940,000,000,000,000,000,000,000,000"
2013-06-03 21:20:36Z,"2013-06-03 21:20:36Z,2013-05-29 20:27:02Z,2013-05-22 13:35:23Z,2013-05-22 15:56:20Z,2013-06-04 03:11:17Z","2013-05-29 15:56:22Z,2013-05-29 20:53:57Z,2013-05-30 13:02:03Z,2013-05-30 18:22:30Z,2013-05-30 18:26:33Z,2013-06-02 15:34:47Z,2013-05-22 13:52:26Z,2013-05-22 14:17:37Z,2013-05-29 14:38:10Z,2013-05-29 14:45:52Z,2013-05-29 14:51:33Z,2013-05-29 15:59:19Z,2013-06-04 12:48:36Z,2013-06-04 13:31:43Z",https://stackoverflow.com/questions/16693178/c-vector-to-python-3-3,"166,931,781,690,603,000,000,000,000,000,000,000,000,000,000,000"
2013-06-04 02:21:11Z,2013-06-04 02:21:11Z,"2013-06-04 02:27:00Z,2013-06-04 02:55:06Z",https://stackoverflow.com/questions/16908820/what-is-the-init-function-of-a-dynamic-module-in-python,"1,690,882,016,908,840"
2013-06-05 05:30:04Z,"2013-06-05 05:28:23Z,2013-06-05 05:30:04Z,2013-06-05 05:35:29Z,2013-06-05 05:31:36Z,2013-06-05 05:49:11Z,2015-07-30 11:34:05Z","2013-06-05 05:29:03Z,2013-06-05 05:29:58Z,2013-06-05 05:30:05Z,2013-06-05 05:31:08Z,2013-06-05 05:33:50Z,2014-11-26 15:19:51Z,2014-11-28 06:21:11Z,2016-07-18 11:18:17Z,2017-03-07 20:19:20Z,2017-03-08 06:23:52Z,2013-06-05 05:35:39Z",https://stackoverflow.com/questions/16932113/passing-multiple-php-variables-to-shell-exec,"16,932,113,169,321,800,000,000,000,000,000,000,000,000,000,000,000,000,000"
2013-06-11 15:37:30Z,"2013-06-11 15:37:30Z,2013-11-26 01:31:17Z,2013-06-11 15:41:11Z,2013-06-11 15:40:35Z",2013-06-11 15:44:23Z,https://stackoverflow.com/questions/17048140/convert-multidimensional-php-array-to-javascript-array,"1,704,814,017,048,190,000,000,000,000,000,000,000,000"
2013-06-15 15:16:51Z,2013-06-15 15:16:51Z,"2013-06-15 14:34:04Z,2013-06-15 14:41:49Z,2013-06-15 19:50:25Z,2013-06-16 12:21:47Z,2014-09-08 10:03:51Z,2013-06-15 15:56:39Z",https://stackoverflow.com/questions/17124712/jni-android-converting-char-to-byte-array-and-return-it-to-java,"1,712,471,217,125,070"
2013-06-26 00:44:31Z,"2013-06-26 00:44:31Z,2020-11-20 16:25:00Z,2019-10-23 15:44:14Z","2015-05-19 22:45:28Z,2015-05-20 07:38:55Z,2020-03-02 14:00:23Z,2021-10-17 00:31:05Z",https://stackoverflow.com/questions/17309745/how-to-join-a-group-using-signalr,"17,309,745,173,098,300,000,000,000,000,000"
2013-07-24 12:46:32Z,2013-07-24 12:46:32Z,"2013-07-24 12:38:48Z,2013-07-24 12:41:57Z,2013-07-24 13:13:12Z,2013-07-24 13:18:44Z,2013-07-26 09:05:44Z",https://stackoverflow.com/questions/17834243/how-to-read-formdata-object-in-php,"1,783,424,317,834,450"
2013-08-05 05:14:56Z,"2013-08-05 05:14:56Z,2013-08-05 05:38:00Z,2013-08-05 05:16:17Z","2013-08-05 17:50:08Z,2013-08-05 17:57:42Z,2013-08-05 18:43:02Z,2013-08-06 03:33:20Z,2013-08-06 03:34:00Z",https://stackoverflow.com/questions/18050937/how-can-i-execute-shell-command-with-a-pipe-in-it,"18,050,937,180,509,500,000,000,000,000,000"
2013-08-08 23:57:35Z,2013-08-08 23:57:35Z,,https://stackoverflow.com/questions/18115260/gwt-custom-event-trigger-in-javascript,"1,811,526,018,138,180"
2013-08-27 16:28:23Z,"2013-08-27 16:28:23Z,2016-02-26 12:05:18Z,2018-01-24 15:10:35Z,2014-12-09 00:57:21Z,2013-08-27 16:38:29Z,2017-07-28 15:19:25Z,2018-04-30 16:11:24Z,2019-04-30 18:40:25Z,2013-08-27 17:45:16Z","2013-08-27 16:30:06Z,2013-08-27 16:47:05Z,2013-08-27 16:48:41Z,2013-08-27 17:41:50Z,2019-03-14 23:40:58Z,2016-05-17 13:46:19Z,2017-07-29 16:08:48Z,2017-09-29 11:39:15Z,2018-08-08 14:58:47Z,2019-01-03 11:14:58Z,2015-11-24 17:49:22Z,2013-08-27 17:08:30Z",https://stackoverflow.com/questions/18470702/how-do-i-convert-a-c-sharp-liststring-to-a-javascript-array,"18,470,702,184,709,300,000,000,000,000,000,000,000,000,000,000,000,000,000,000,000,000,000,000,000,000,000"
2013-08-31 06:16:23Z,"2013-08-31 06:16:23Z,2013-09-02 06:02:59Z","2013-08-31 06:03:03Z,2013-08-31 06:11:45Z,2013-08-31 06:45:01Z,2018-05-29 15:59:14Z,2013-08-31 06:31:10Z,2013-08-31 06:35:01Z,2013-08-31 06:40:43Z,2013-08-31 11:51:42Z,2013-08-31 14:04:36Z,2015-02-23 07:54:59Z,2018-11-29 03:38:45Z,2018-11-30 14:59:12Z",https://stackoverflow.com/questions/18545034/how-do-i-convert-my-entire-div-data-into-image-and-save-it-into-directory-withou,"185,450,341,854,515,000,000,000"
2013-09-08 01:33:00Z,2013-09-08 01:33:00Z,"2013-09-08 03:42:14Z,2013-09-08 05:11:19Z,2014-11-14 15:20:14Z",https://stackoverflow.com/questions/18679264/how-to-use-malloc-and-free-with-python-ctypes,"1,867,926,418,679,550"
2013-09-10 23:27:57Z,"2013-09-10 23:27:57Z,2013-09-04 07:35:48Z,2013-09-04 02:10:01Z","2013-09-04 02:28:26Z,2013-09-04 02:49:17Z,2013-09-04 02:51:47Z,2013-09-04 02:58:17Z,2013-09-09 19:09:43Z,2013-09-04 16:19:55Z,2013-09-04 02:18:44Z",https://stackoverflow.com/questions/18583273/issues-with-cors-flask-angularjs,"18,583,273,187,303,400,000,000,000,000,000"
2013-09-18 17:58:07Z,2013-09-18 17:58:07Z,"2013-09-18 18:16:19Z,2013-09-18 18:21:50Z,2013-09-18 18:11:41Z,2013-09-18 18:14:17Z",https://stackoverflow.com/questions/18879056/submit-button-that-calls-js-function-and-then-posts-to-mysql,"1,887,905,618,879,120"
2013-09-19 20:25:57Z,2013-09-19 20:25:57Z,2013-09-19 20:26:43Z,https://stackoverflow.com/questions/18878179/how-to-avoid-memory-leak-with-shared-ptr-and-swig,"1,887,817,918,904,280"
2013-09-30 17:22:28Z,"2013-09-30 17:22:28Z,2015-03-12 16:59:35Z,2014-05-29 09:04:45Z,2016-11-11 04:00:43Z","2013-09-30 17:53:12Z,2013-11-19 02:28:00Z,2016-11-11 03:32:17Z,2015-06-09 10:34:19Z",https://stackoverflow.com/questions/19100085/javascript-runtime-error-unable-to-get-property-msie-of-undefined-or-null-ref,"1,910,008,519,100,120,000,000,000,000,000,000,000,000"
2013-10-03 09:17:25Z,"2013-10-03 09:17:25Z,2013-10-03 09:19:52Z,2013-10-03 09:25:31Z,2013-10-03 09:16:26Z,2014-02-13 21:07:56Z","2013-10-03 09:12:18Z,2013-10-03 09:13:57Z,2013-10-03 09:15:26Z,2013-10-03 09:41:02Z,2013-10-03 09:44:38Z,2013-10-03 09:53:49Z,2013-10-03 09:57:19Z,2016-10-21 13:46:18Z,2014-05-07 19:06:47Z",https://stackoverflow.com/questions/19155192/jquery-ajax-call-to-php-script-with-json-return,"191,551,921,915,533,000,000,000,000,000,000,000,000,000,000,000"
2013-10-08 08:47:43Z,2013-10-08 08:47:43Z,"2013-10-08 08:45:28Z,2013-10-08 08:46:03Z,2013-10-08 08:48:01Z,2013-10-08 08:53:38Z,2013-10-08 08:57:40Z,2013-10-08 08:58:13Z,2013-10-08 08:59:26Z,2018-06-11 10:43:41Z",https://stackoverflow.com/questions/19243020/in-python-get-the-output-of-system-command-as-a-string,"1,924,302,019,243,080"
2013-10-11 20:09:05Z,"2013-10-11 20:09:05Z,2013-10-11 19:29:34Z,2020-07-01 18:32:57Z","2013-10-11 21:11:11Z,2013-10-14 08:16:34Z,2018-12-29 14:44:51Z,2013-10-11 19:44:18Z,2013-10-11 19:51:45Z,2013-10-11 19:52:59Z,2013-10-11 19:53:39Z,2013-10-11 20:01:53Z",https://stackoverflow.com/questions/19325761/python-executing-shell-script-with-argumentsvariable-but-argument-is-not-rea,"19,325,761,193,264,300,000,000,000,000,000"
2013-10-15 01:03:56Z,"2013-10-15 01:03:56Z,2017-09-27 09:07:12Z,2016-09-06 10:55:03Z","2013-10-14 22:33:34Z,2013-10-14 22:36:47Z,2013-10-14 22:38:17Z,2013-10-14 22:43:43Z,2013-10-14 22:47:24Z,2013-10-15 02:06:55Z,2013-10-15 02:36:09Z,2013-10-15 12:15:59Z,2017-09-27 09:15:43Z,2017-09-27 12:51:53Z",https://stackoverflow.com/questions/19370223/why-is-my-ajax-request-getting-response-0,"19,370,223,193,717,000,000,000,000,000,000"
2013-10-17 14:02:37Z,"2013-10-17 14:02:37Z,2013-10-17 14:00:19Z,2013-10-17 14:00:02Z",,https://stackoverflow.com/questions/19428747/java-equivalent-of-c-copy-assignment-operator,"19,428,747,194,288,900,000,000,000,000,000"
2013-10-24 09:37:01Z,"2013-10-24 09:37:01Z,2018-05-09 17:11:38Z,2013-10-24 10:36:31Z,2013-10-24 10:07:35Z,2019-11-01 18:11:50Z,2021-05-02 09:24:34Z","2013-10-24 09:34:56Z,2013-10-24 10:07:20Z,2013-10-24 10:37:59Z,2020-07-29 14:28:59Z,2013-10-24 10:28:47Z,2013-10-24 10:32:09Z",https://stackoverflow.com/questions/19561877/is-it-possible-to-set-localstorage-or-session-variable-in-asp-net-page-and-read,"19,561,877,195,622,700,000,000,000,000,000,000,000,000,000,000,000,000,000"
2013-10-29 15:25:46Z,"2013-10-29 15:25:46Z,2013-10-29 15:33:10Z,2016-07-08 20:14:17Z,2016-08-24 21:41:01Z,2019-07-24 18:13:20Z,2013-10-29 15:03:29Z","2013-10-29 16:06:30Z,2013-10-29 22:40:26Z,2013-10-29 22:50:17Z,2017-04-23 10:34:48Z,2017-04-23 13:03:01Z,2017-04-23 13:12:28Z,2017-04-23 13:14:52Z,2020-02-13 12:13:05Z",https://stackoverflow.com/questions/19661580/minify-css-and-js-in-codeigniter-efficiently,"19,661,580,196,624,400,000,000,000,000,000,000,000,000,000,000,000,000,000"
2013-11-10 20:17:49Z,"2013-11-10 20:17:49Z,2013-11-08 23:59:09Z","2016-04-26 09:51:50Z,2016-05-05 08:48:11Z,2016-08-31 13:50:08Z,2013-11-09 21:23:57Z,2013-11-10 23:45:36Z",https://stackoverflow.com/questions/19865757/importerror-usr-lib-libboost-python-so-1-54-0-undefined-symbol-pyclass-type,"198,657,571,989,464,000,000,000"
2013-11-18 19:45:58Z,"2013-11-18 19:45:58Z,2016-05-31 10:52:18Z","2013-11-18 18:20:12Z,2013-11-18 18:29:14Z,2013-11-18 19:28:12Z,2013-11-18 20:19:27Z,2013-11-18 20:41:23Z,2013-11-18 22:33:27Z,2016-06-25 14:39:22Z,2016-08-01 10:44:31Z",https://stackoverflow.com/questions/20054822/exposing-c-interface-in-boost-python,"200,548,222,005,640,000,000,000"
2013-11-20 01:39:12Z,"2013-11-20 01:39:12Z,2014-07-08 14:42:47Z","2013-11-19 23:48:53Z,2013-11-20 00:00:13Z,2013-11-20 00:05:14Z,2013-11-20 00:19:25Z,2019-05-05 05:41:20Z,2014-07-08 19:16:57Z",https://stackoverflow.com/questions/20084549/angularjs-form-post-data-not-posted,"200,845,492,008,576,000,000,000"
2013-11-21 05:54:09Z,"2013-11-21 05:54:09Z,2016-06-08 14:53:26Z,2016-09-13 09:53:20Z,2013-11-21 03:44:27Z","2013-11-21 03:57:51Z,2013-11-21 05:29:26Z,2017-07-26 02:03:00Z",https://stackoverflow.com/questions/20111929/asp-net-button-on-click-not-firing-using-jquery-modal-dialog,"2,011,192,920,113,530,000,000,000,000,000,000,000,000"
2013-12-04 12:18:16Z,"2016-05-07 12:37:39Z,2013-12-04 12:18:16Z","2013-08-29 13:31:18Z,2013-08-29 13:51:15Z,2013-08-29 15:34:23Z,2013-08-29 16:51:56Z,2013-08-29 16:54:07Z,2017-02-13 07:31:28Z,2017-02-13 12:23:37Z,2018-08-10 15:49:48Z",https://stackoverflow.com/questions/18512184/google-maps-finding-all-the-markers-inside-a-given-radius-javascript-php,"185,121,843,708,863,000,000,000"
2013-12-06 13:18:04Z,"2013-12-06 13:18:04Z,2016-08-05 16:31:58Z,2013-12-06 08:39:25Z","2013-12-06 08:41:28Z,2013-12-06 08:50:28Z,2013-12-06 12:00:56Z,2013-12-06 13:24:58Z,2013-12-06 13:47:22Z,2013-12-06 15:08:02Z,2013-12-07 03:18:42Z,2013-12-06 09:25:42Z",https://stackoverflow.com/questions/20419415/c-sharp-call-c-dll-passing-pointer-to-pointer-argument,"20,419,415,204,249,000,000,000,000,000,000"
2013-12-18 17:24:48Z,"2013-12-18 17:24:48Z,2010-05-19 12:44:09Z,2018-05-04 15:34:48Z,2010-05-19 12:20:43Z,2010-05-19 12:41:43Z,2010-05-19 13:10:45Z,2016-08-26 05:21:30Z,2016-10-07 17:58:10Z","2010-05-19 12:26:05Z,2013-09-18 12:50:25Z,2010-05-19 12:48:56Z,2010-05-19 13:16:58Z,2020-04-13 20:28:45Z,2021-07-08 19:11:24Z,2010-05-19 12:22:37Z,2010-05-19 12:27:44Z,2010-05-19 12:50:31Z,2010-05-19 13:04:26Z,2013-03-22 17:40:40Z,2013-12-28 08:40:30Z,2017-07-10 03:03:25Z",https://stackoverflow.com/questions/2865289/php-redirection-with-post-parameters,"2,865,289,206,645,380,000,000,000,000,000,000,000,000,000,000,000,000,000,000,000,000,000"
2013-12-22 19:22:32Z,"2013-12-22 19:22:32Z,2013-12-22 19:21:40Z",,https://stackoverflow.com/questions/20732980/how-to-use-socket-with-a-python-client-and-a-c-server,"207,329,802,073,310,000,000,000"
2013-12-27 08:03:01Z,2013-12-27 08:03:01Z,"2013-12-20 12:50:47Z,2013-12-20 17:37:56Z,2014-01-13 11:35:42Z,2014-01-14 13:15:10Z,2014-01-14 13:27:32Z,2014-01-14 14:38:03Z,2014-01-15 01:27:30Z",https://stackoverflow.com/questions/20692053/callback-as-parameter-of-c-structure-java-wrapper-generation,"2,069,205,320,797,110"
2014-01-14 16:10:15Z,"2014-01-14 16:10:15Z,2015-04-22 05:17:42Z,2013-09-06 00:16:44Z,2021-06-01 07:17:17Z","2013-09-06 00:40:03Z,2021-06-01 08:06:55Z,2021-06-03 11:11:15Z",https://stackoverflow.com/questions/18647841/retrieve-exit-status-from-php-script-inside-of-shell-script,"1,864,784,121,118,230,000,000,000,000,000,000,000,000"
2014-01-16 05:15:29Z,"2014-01-16 05:15:29Z,2017-03-15 19:52:14Z,2018-06-11 16:03:54Z,2020-04-14 16:11:19Z,2017-05-03 13:22:44Z","2020-04-18 00:19:03Z,2020-05-07 15:22:54Z,2020-04-18 00:19:07Z",https://stackoverflow.com/questions/21153805/convert-php-associative-array-into-javascript-object,"211,538,052,115,385,000,000,000,000,000,000,000,000,000,000,000"
2014-01-29 20:41:26Z,2014-01-29 20:41:26Z,"2014-01-29 20:22:41Z,2014-01-29 20:23:27Z,2014-01-29 20:25:25Z,2014-01-29 20:28:05Z,2014-01-29 20:29:17Z,2014-01-29 21:01:52Z,2014-01-29 21:09:04Z,2014-01-29 22:10:12Z,2014-01-30 19:54:34Z,2019-05-30 12:40:34Z",https://stackoverflow.com/questions/21441786/post-to-php-from-node-js,"2,144,178,621,442,160"
2014-01-31 10:46:40Z,2014-01-31 10:46:40Z,"2014-01-31 10:38:55Z,2014-01-31 10:42:16Z,2014-01-31 10:45:23Z,2014-01-31 11:02:20Z,2014-01-31 11:07:34Z",https://stackoverflow.com/questions/21477881/use-javascript-to-update-a-json-file,"2,147,788,121,478,120"
2014-02-05 15:50:31Z,"2014-02-05 15:50:31Z,2014-02-05 15:38:11Z","2014-02-05 15:37:22Z,2014-02-05 15:37:55Z,2019-10-08 03:42:52Z,2014-02-05 15:56:54Z,2014-02-05 17:37:04Z,2014-02-05 19:46:33Z,2014-02-05 15:40:08Z,2014-02-05 19:45:13Z",https://stackoverflow.com/questions/21581560/php-how-to-know-if-server-allows-shell-exec,"215,815,602,158,187,000,000,000"
2014-02-17 17:35:53Z,"2014-02-17 17:35:53Z,2014-02-17 17:35:19Z,2014-02-17 17:36:22Z","2014-02-17 18:21:33Z,2014-02-17 18:08:31Z,2016-06-29 12:33:11Z",https://stackoverflow.com/questions/21835623/jquery-img-src-replace-not-working,"21,835,623,218,356,800,000,000,000,000,000"
2014-02-18 17:54:50Z,"2014-02-18 17:54:50Z,2014-04-02 14:00:26Z,2016-03-02 10:54:29Z","2014-03-31 19:25:54Z,2014-04-10 23:54:40Z,2014-04-11 11:19:47Z,2014-12-08 04:43:55Z,2015-04-27 13:51:07Z",https://stackoverflow.com/questions/21852459/tomcat-7-0-50-java-websocket-implementation-gives-404-error,"21,852,459,218,616,600,000,000,000,000,000"
2014-02-19 11:46:21Z,"2014-02-19 11:46:21Z,2015-04-24 16:45:01Z","2014-02-19 11:25:19Z,2014-02-19 11:31:28Z,2015-02-12 19:41:15Z,2015-04-27 07:46:29Z",https://stackoverflow.com/questions/21877127/calling-system-loadlibrary-twice-for-the-same-shared-library,"218,771,272,187,953,000,000,000"
2014-02-19 19:58:23Z,"2014-02-19 20:05:08Z,2014-02-19 19:58:23Z","2014-02-19 19:49:10Z,2014-02-19 19:50:53Z,2014-02-19 19:52:13Z,2014-02-19 19:53:06Z,2014-02-19 21:30:38Z,2014-02-19 20:09:09Z,2014-02-19 20:13:11Z,2014-02-19 20:20:25Z,2014-02-19 21:42:07Z,2017-06-26 14:51:06Z,2014-02-19 20:01:11Z,2014-02-19 20:01:51Z,2014-02-19 20:13:00Z,2014-02-19 23:24:49Z",https://stackoverflow.com/questions/21890805/encrypt-aes-with-c-sharp-to-match-java-encryption,"218,908,052,189,121,000,000,000"
2014-02-28 03:56:36Z,"2014-02-28 03:56:36Z,2016-09-08 04:13:18Z,2014-02-28 05:20:05Z,2016-10-11 12:16:16Z","2014-02-28 02:14:43Z,2014-02-28 03:28:44Z,2014-02-28 04:21:51Z,2014-02-28 05:32:08Z,2014-02-28 06:06:37Z,2017-01-19 08:05:27Z,2016-09-08 04:31:54Z",https://stackoverflow.com/questions/22084698/how-to-export-source-content-within-div-to-text-html-file,"2,208,469,822,085,870,000,000,000,000,000,000,000,000"
2014-02-28 21:10:54Z,"2014-02-28 21:27:06Z,2014-02-28 21:10:54Z",,https://stackoverflow.com/questions/22105529/np-ascontiguousarray-versus-np-asarray-with-cython,"221,055,292,210,616,000,000,000"
2014-03-03 17:04:40Z,"2014-03-03 17:04:40Z,2015-05-03 06:16:24Z,2017-06-23 18:18:18Z","2014-01-22 09:45:36Z,2014-01-23 00:20:44Z,2014-03-07 16:35:10Z,2017-06-22 11:18:55Z",https://stackoverflow.com/questions/21278915/getting-to-interactive-django-shell-in-pydev,"21,278,915,221,527,700,000,000,000,000,000"
2014-03-29 16:59:03Z,"2014-03-29 16:59:03Z,2014-03-29 11:16:31Z,2014-03-30 13:53:15Z","2014-03-29 11:02:28Z,2014-03-29 11:06:27Z,2014-03-29 11:10:15Z,2014-03-29 11:12:53Z,2014-03-29 11:15:21Z,2014-03-31 09:35:24Z,2014-03-31 10:04:08Z,2014-03-31 10:14:16Z,2014-03-31 11:34:16Z,2014-04-03 11:53:06Z,2014-03-29 11:24:35Z",https://stackoverflow.com/questions/22730210/send-log-errors-to-a-file,"22,730,210,227,339,900,000,000,000,000,000"
2014-04-08 06:48:09Z,"2014-04-08 06:48:09Z,2014-04-04 06:46:49Z,2021-01-01 12:08:42Z","2015-06-19 19:13:22Z,2017-03-21 10:19:51Z,2017-03-21 10:41:44Z,2017-03-21 10:53:01Z,2020-09-20 13:11:32Z",https://stackoverflow.com/questions/22854749/flask-and-ajax-post-http-400-bad-request-error,"22,854,749,229,295,900,000,000,000,000,000"
2014-04-10 04:15:33Z,"2014-04-10 04:15:33Z,2014-04-10 03:27:43Z,2020-10-31 12:54:12Z,2016-01-27 05:32:17Z,2019-11-07 08:28:55Z","2014-04-10 06:49:19Z,2014-04-10 07:21:49Z,2014-04-10 07:39:41Z,2014-04-10 07:51:26Z,2014-04-10 08:02:34Z,2014-04-10 04:02:06Z,2014-04-10 04:06:39Z,2020-10-31 18:12:33Z,2020-11-01 01:31:07Z,2019-11-07 10:41:54Z,2019-11-07 10:47:23Z",https://stackoverflow.com/questions/22978025/jackson-json-how-to-convert-array-to-jsonnode-and-objectnode,"229,780,252,297,852,000,000,000,000,000,000,000,000,000,000,000"
2014-04-28 08:16:04Z,"2014-04-22 12:48:46Z,2014-04-28 08:16:04Z,2014-04-21 16:43:48Z,2014-04-26 18:42:26Z","2014-04-21 08:40:44Z,2014-04-21 11:20:46Z,2014-04-21 17:02:10Z,2014-04-25 20:22:43Z,2014-04-28 08:16:38Z,2014-04-29 17:56:40Z,2014-04-29 18:37:02Z,2014-04-25 20:24:21Z,2014-04-27 16:36:01Z",https://stackoverflow.com/questions/23157685/send-data-to-a-generic-handler-that-accepts-json-data-using-c-sharp,"2,315,768,523,220,090,000,000,000,000,000,000,000,000"
2014-05-08 14:12:25Z,"2014-05-01 14:14:04Z,2014-05-07 23:52:24Z,2014-05-08 12:47:22Z,2014-05-08 14:12:25Z,2014-05-07 06:08:43Z","2014-05-01 14:27:00Z,2014-05-01 14:30:23Z,2014-05-01 14:31:48Z,2014-05-01 15:03:44Z,2014-05-08 19:33:24Z",https://stackoverflow.com/questions/23366570/store-client-server-string-filtering-directives-for-realtime-use,"233,665,702,340,946,000,000,000,000,000,000,000,000,000,000,000"
2014-05-12 14:22:41Z,"2014-05-12 18:29:04Z,2014-05-12 14:22:41Z","2014-05-12 14:45:01Z,2015-04-28 22:38:24Z,2015-04-29 04:16:13Z,2017-02-01 17:59:30Z,2018-12-31 03:20:53Z,2014-05-12 14:44:59Z,2014-05-12 14:49:08Z,2014-05-12 14:52:45Z,2014-05-12 15:07:26Z,2014-05-12 15:39:03Z",https://stackoverflow.com/questions/23611396/python-execute-cat-subprocess-in-parallel,"236,113,962,361,622,000,000,000"
2014-05-13 04:55:46Z,"2014-05-13 04:55:46Z,2014-05-13 04:56:20Z,2014-05-13 04:56:04Z,2014-05-13 04:50:51Z,2014-05-13 04:55:36Z","2014-05-13 08:07:44Z,2014-05-13 08:10:02Z,2014-05-13 09:58:37Z,2014-05-13 12:58:41Z,2014-05-13 13:27:21Z,2014-05-13 13:54:50Z,2014-05-13 18:31:32Z",https://stackoverflow.com/questions/23622923/is-it-acceptable-practice-to-unit-test-a-program-in-a-different-language,"236,229,232,362,308,000,000,000,000,000,000,000,000,000,000,000"
2014-05-30 14:24:55Z,2014-05-30 14:24:55Z,"2016-12-03 18:55:51Z,2014-05-30 16:25:08Z,2014-05-31 06:57:13Z,2015-08-13 16:47:32Z,2016-08-25 12:54:12Z",https://stackoverflow.com/questions/23949395/how-to-pass-a-javascript-array-to-a-python-script-using-flask-using-flask-examp,"2,394,939,523,956,930"
2014-06-10 11:08:02Z,2014-06-10 11:08:02Z,"2014-06-10 12:51:34Z,2016-05-20 16:57:47Z,2017-02-20 08:52:24Z,2017-02-21 15:10:20Z",https://stackoverflow.com/questions/24139389/unable-to-find-out-what-return-code-of-11-means,"2,413,938,924,139,470"
2014-06-11 14:23:09Z,"2014-06-11 14:23:09Z,2014-06-11 14:48:44Z","2014-06-11 14:04:18Z,2014-06-11 14:05:04Z,2014-06-11 14:10:19Z,2014-06-11 14:13:08Z,2014-06-11 14:15:12Z,2014-06-11 14:25:14Z,2014-06-11 14:32:53Z,2014-06-11 14:57:43Z",https://stackoverflow.com/questions/24164951/2f-instead-of-slash-in-url,"241,649,512,416,541,000,000,000"
2014-06-18 05:45:22Z,"2015-04-23 21:09:36Z,2014-06-18 05:45:22Z,2015-05-24 10:56:41Z,2019-08-27 14:53:09Z,2020-06-19 07:17:51Z,2014-06-18 05:18:47Z,2014-06-18 05:39:41Z","2014-06-18 05:18:57Z,2014-06-18 05:20:27Z,2018-08-09 01:45:44Z,2018-08-13 20:30:41Z,2019-09-24 13:55:43Z,2019-10-17 15:15:03Z,2019-10-26 06:46:08Z,2020-01-11 19:58:02Z,2020-06-15 18:44:28Z,2021-05-04 19:47:27Z",https://stackoverflow.com/questions/24277488/in-python-how-to-capture-the-stdout-from-a-c-shared-library-to-a-variable,"2,427,748,829,834,350,000,000,000,000,000,000,000,000,000,000,000,000,000,000,000,000"
2014-06-20 19:40:32Z,"2014-06-20 19:40:32Z,2016-04-25 08:17:19Z,2018-03-13 15:10:51Z,2018-06-25 22:43:46Z,2013-08-26 09:50:13Z,2013-08-26 09:49:54Z,2013-08-26 09:45:53Z","2013-08-26 09:46:41Z,2013-08-26 09:53:45Z,2013-08-26 09:55:17Z,2013-08-26 10:57:46Z,2014-06-20 20:04:25Z,2019-10-31 17:57:29Z,2018-05-16 13:27:34Z,2019-10-31 18:48:32Z,2013-08-26 09:47:24Z,2013-08-26 09:54:32Z",https://stackoverflow.com/questions/18441194/how-to-call-a-c-sharp-function-from-javascript,"1,844,119,424,334,510,000,000,000,000,000,000,000,000,000,000,000,000,000,000,000,000"
2014-06-22 13:51:45Z,"2014-06-22 13:51:45Z,2014-06-17 13:04:12Z","2014-06-17 12:21:15Z,2014-06-17 12:35:44Z,2014-06-17 12:42:05Z,2014-06-17 12:48:41Z,2014-06-17 12:58:59Z,2014-06-17 13:46:25Z,2014-06-17 13:54:46Z,2014-06-17 17:46:40Z,2014-06-17 19:49:48Z,2014-06-18 12:18:30Z",https://stackoverflow.com/questions/24192138/signalr-longpolling-multiple-groups-add-for-a-single-client-exception,"241,921,382,435,191,000,000,000"
2014-06-27 11:17:35Z,2014-06-27 11:17:35Z,"2014-06-27 11:47:06Z,2015-07-02 20:38:00Z,2014-06-27 11:58:13Z,2014-12-29 15:01:59Z",https://stackoverflow.com/questions/24450304/load-data-on-scroll-up-like-facebook-chatting-system,"2,445,030,424,450,510"
2014-06-30 14:43:08Z,"2016-02-23 15:50:33Z,2014-06-30 14:43:08Z,2014-07-09 12:15:57Z,2019-09-27 06:20:42Z,2015-05-12 11:12:45Z,2020-10-04 14:56:34Z","2017-01-27 20:43:36Z,2019-12-03 08:12:46Z,2020-05-11 15:07:33Z,2014-06-30 16:03:55Z,2014-06-30 16:05:48Z,2014-06-30 17:23:12Z,2014-06-30 21:13:41Z,2014-07-01 05:15:46Z,2020-07-10 18:24:27Z,2015-05-13 07:26:40Z,2015-11-27 10:35:07Z,2018-05-17 18:10:13Z",https://stackoverflow.com/questions/24492327/python-embedding-in-c-importerror-no-module-named-pyfunction,"24,492,327,355,820,400,000,000,000,000,000,000,000,000,000,000,000,000,000"
2014-07-15 19:04:49Z,2014-07-15 19:04:49Z,"2017-02-07 05:55:12Z,2017-06-11 15:50:18Z,2018-03-28 13:50:29Z,2018-06-03 02:04:20Z",https://stackoverflow.com/questions/24745355/spa-firebase-and-net-webapi-2-authentication,"2,474,535,524,766,150"
2014-08-19 11:06:32Z,2014-08-19 11:06:32Z,"2014-08-19 15:57:52Z,2014-08-20 11:14:56Z,2014-08-20 11:16:26Z,2014-08-20 13:22:28Z,2016-07-04 04:10:39Z,2014-08-19 14:04:40Z,2014-08-19 17:26:29Z,2014-08-19 18:12:30Z,2014-08-20 10:19:29Z",https://stackoverflow.com/questions/25379340/nashorn-java-collections-how-to-implement-equals-and-hashcode-in-pure-javascri,"2,537,934,025,381,820"
2014-08-19 12:49:36Z,"2014-08-19 12:49:36Z,2016-01-18 06:59:50Z","2014-08-19 12:40:41Z,2014-08-19 12:45:10Z,2014-08-19 12:48:31Z,2014-08-19 13:08:38Z,2014-08-19 13:13:37Z,2014-08-19 14:10:12Z,2014-08-19 16:09:08Z",https://stackoverflow.com/questions/25383624/communication-between-c-and-python,"253,836,242,538,387,000,000,000"
2014-09-17 05:41:23Z,2014-09-17 05:41:23Z,"2014-09-17 09:18:43Z,2016-01-04 08:58:03Z",https://stackoverflow.com/questions/25882150/python-h-not-found-using-swig-and-anaconda-python,"2,588,215,025,883,050"
2014-10-04 16:29:09Z,"2014-10-04 16:29:09Z,2016-01-04 16:24:49Z","2014-10-05 02:32:47Z,2014-10-04 16:36:22Z",https://stackoverflow.com/questions/26194684/how-to-disable-python-shell-spawning-less-with-help,"261,946,842,619,477,000,000,000"
2014-10-23 22:13:36Z,"2014-10-23 22:13:36Z,2011-03-03 22:43:43Z,2020-09-03 10:00:27Z,2011-03-03 22:14:15Z,2011-03-03 22:13:11Z","2019-02-25 14:19:28Z,2012-02-12 07:42:47Z,2012-02-12 15:46:20Z,2012-02-12 16:30:00Z,2018-10-17 18:06:35Z",https://stackoverflow.com/questions/5187242/encode-a-string-to-be-used-as-shell-argument,"51,872,422,653,838,400,000,000,000,000,000,000,000,000,000"
2014-11-11 05:52:06Z,2014-11-11 05:52:06Z,"2014-11-11 21:53:55Z,2014-11-12 06:41:48Z",https://stackoverflow.com/questions/26855631/javascript-to-django-views-py,"2,685,563,126,858,440"
2014-11-17 22:25:38Z,"2014-11-17 22:25:38Z,2018-08-16 10:29:27Z,2021-03-11 12:41:38Z",2014-11-18 14:01:29Z,https://stackoverflow.com/questions/26983005/importing-python-flask-json-dictionary-into-javascript-error,"26,983,005,269,831,300,000,000,000,000,000"
2015-01-03 04:55:31Z,2015-01-03 04:55:31Z,2014-10-08 15:14:54Z,https://stackoverflow.com/questions/24621889/minimal-example-of-wrapping-c-code-with-cython-passing-int-and-struct,"2,462,188,927,751,860"
2015-01-21 13:32:53Z,2015-01-21 13:32:53Z,"2015-01-21 14:07:54Z,2015-01-21 14:20:38Z,2015-01-21 14:31:44Z,2015-01-21 14:33:49Z,2015-01-21 14:38:18Z",https://stackoverflow.com/questions/28068305/converting-a-symfony2-php-entity-object-for-use-within-javascript,"2,806,830,528,068,550"
2015-02-03 01:14:25Z,2015-02-03 01:14:25Z,"2021-02-12 11:36:15Z,2015-02-03 01:27:01Z,2015-02-03 01:28:42Z",https://stackoverflow.com/questions/28289699/python-web-scraping-for-javascript-generated-content,"2,828,969,928,289,760"
2015-02-03 11:02:40Z,"2015-02-03 11:02:40Z,2015-02-03 11:12:13Z","2015-02-03 10:13:00Z,2015-02-03 10:13:37Z,2015-02-03 10:13:53Z,2015-02-03 10:15:00Z,2015-02-03 10:34:38Z,2015-02-03 11:54:22Z,2019-04-18 11:58:15Z,2015-02-03 11:55:22Z,2018-02-28 17:28:40Z",https://stackoverflow.com/questions/28296252/ajax-not-post-base64-data-of-large-image,"282,962,522,829,728,000,000,000"
2015-02-07 14:54:05Z,"2015-02-07 14:54:05Z,2015-02-07 16:32:23Z,2019-12-13 20:35:21Z","2015-02-07 14:51:28Z,2015-02-07 14:53:01Z,2015-02-07 15:01:39Z,2015-02-07 15:08:25Z,2015-02-07 15:44:38Z,2015-02-07 16:34:01Z,2015-02-07 16:40:05Z,2015-02-07 16:43:08Z,2015-02-08 07:26:26Z",https://stackoverflow.com/questions/28383478/most-efficient-way-to-fix-an-invalid-json,"28,383,478,283,835,700,000,000,000,000,000"
2015-02-07 20:27:04Z,"2015-02-07 20:27:04Z,2017-06-08 04:47:54Z","2015-02-07 20:33:05Z,2015-02-08 00:38:43Z",https://stackoverflow.com/questions/28386534/post-request-with-jquery-and-laravel-framework,"283,865,342,838,698,000,000,000"
2015-02-25 19:03:53Z,"2015-02-25 19:03:53Z,2015-02-20 05:48:51Z,2015-02-19 19:53:52Z","2015-02-25 19:11:44Z,2015-11-09 15:40:14Z,2015-11-27 08:40:31Z,2021-07-02 16:18:25Z,2015-02-20 19:20:06Z,2015-02-25 08:09:16Z,2015-02-25 08:15:59Z,2015-02-25 19:05:29Z,2015-02-19 20:28:47Z,2015-02-20 19:19:27Z,2015-02-25 19:05:59Z",https://stackoverflow.com/questions/28573479/cython-python-c-inheritance-passing-derived-class-as-argument-to-function-e,"28,573,479,287,274,800,000,000,000,000,000"
2015-03-26 20:41:45Z,2015-03-26 20:41:45Z,"2015-03-26 20:53:43Z,2015-03-26 21:00:11Z,2015-03-26 21:00:35Z,2015-03-26 21:05:37Z,2015-03-26 21:07:04Z",https://stackoverflow.com/questions/29287311/how-to-append-datetime-value-to-formdata-and-receive-it-in-controller,"2,928,731,129,288,450"
2015-04-08 15:00:59Z,"2015-04-08 15:00:59Z,2017-06-27 10:02:10Z,2019-11-06 14:03:51Z","2015-04-08 13:54:51Z,2015-04-08 13:55:28Z,2015-04-08 13:59:50Z,2015-04-08 15:02:00Z,2015-04-08 15:07:11Z,2015-04-08 17:38:57Z,2018-03-08 14:52:49Z,2018-11-13 17:13:58Z",https://stackoverflow.com/questions/29516515/how-to-get-a-zip-with-ajax-from-php-server,"29,516,515,295,183,400,000,000,000,000,000"
2015-04-16 08:05:46Z,2015-04-16 08:05:46Z,,https://stackoverflow.com/questions/29006439/boost-python-multiple-modules-in-one-shared-object,"2,900,643,929,668,820"
2015-04-17 07:38:53Z,"2015-04-17 07:38:53Z,2015-05-23 16:04:19Z,2016-12-14 09:11:22Z,2018-07-18 08:24:34Z,2020-05-20 10:46:43Z","2018-05-06 16:33:01Z,2016-08-17 07:31:49Z",https://stackoverflow.com/questions/29626410/krajee-bootstrap-file-input-catching-ajax-success-response,"296,264,102,969,312,000,000,000,000,000,000,000,000,000,000,000"
2015-04-19 02:46:46Z,"2015-04-19 02:46:46Z,2015-04-12 23:01:02Z",2015-04-13 09:18:28Z,https://stackoverflow.com/questions/29595222/multithreading-with-python-and-c-api,"295,952,222,972,522,000,000,000"
2015-04-20 13:45:46Z,2015-04-20 13:45:46Z,,https://stackoverflow.com/questions/29745584/using-getdirectbufferaddress-from-jni,"2,974,558,429,749,700"
2015-04-21 07:50:02Z,2015-04-21 07:50:02Z,"2015-04-21 14:24:41Z,2015-04-21 14:54:56Z,2015-04-21 15:08:39Z,2015-04-21 15:22:26Z,2015-04-21 15:33:44Z,2015-04-21 15:57:03Z,2015-04-21 16:06:36Z,2015-04-21 16:30:22Z,2015-04-21 16:35:35Z,2015-04-21 16:55:58Z",https://stackoverflow.com/questions/29760761/aes-256-on-the-client-side-js-and-in-the-server-php,"2,976,076,129,766,050"
2015-05-01 14:02:16Z,"2015-05-01 14:02:16Z,2021-08-10 11:32:42Z","2015-05-01 13:09:10Z,2015-05-01 13:19:02Z,2015-05-01 13:48:47Z,2015-05-01 14:25:50Z,2015-05-01 14:31:47Z,2015-05-01 14:41:46Z,2015-05-01 14:47:36Z,2015-05-01 17:07:25Z",https://stackoverflow.com/questions/29987323/how-do-i-send-data-from-js-to-python-with-flask,"299,873,232,998,830,000,000,000"
2015-05-03 09:45:57Z,"2015-05-03 09:45:57Z,2015-05-03 09:37:12Z,2015-05-03 10:21:09Z,2018-08-10 10:47:20Z,2019-01-24 15:45:02Z,2021-09-15 10:40:07Z","2015-05-03 09:53:29Z,2015-05-03 09:54:26Z,2015-05-03 10:06:33Z,2015-05-03 10:07:40Z,2015-05-03 10:25:43Z,2015-05-03 09:51:19Z,2015-05-03 09:57:12Z,2015-05-03 10:09:52Z,2015-05-03 10:13:04Z,2015-05-03 10:30:07Z",https://stackoverflow.com/questions/30011998/asp-net-500-internal-server-error-while-calling-webmethod-from-javascript,"30,011,998,300,124,000,000,000,000,000,000,000,000,000,000,000,000,000,000"
2015-05-05 02:52:37Z,"2015-05-05 02:52:37Z,2015-05-05 03:02:14Z,2015-05-04 07:58:05Z","2017-12-10 16:47:03Z,2017-12-10 16:48:55Z,2016-06-06 23:03:41Z,2019-04-12 13:24:07Z,2020-07-09 11:50:36Z,2017-12-10 16:46:07Z,2015-05-04 08:02:43Z,2015-05-04 08:34:07Z",https://stackoverflow.com/questions/30024948/flask-download-a-csv-file-on-clicking-a-button,"30,024,948,300,434,700,000,000,000,000,000"
2015-05-07 19:15:27Z,"2015-05-01 18:15:35Z,2015-05-07 19:15:27Z","2015-04-29 16:25:29Z,2015-04-29 16:28:48Z,2015-04-29 18:14:34Z,2015-04-29 18:16:44Z,2015-05-02 14:29:17Z,2015-05-02 14:44:11Z,2015-05-02 18:10:35Z,2015-05-02 20:22:41Z,2015-05-08 06:59:09Z",https://stackoverflow.com/questions/29949338/encryption-between-desktop-app-and-server-c-sharp-to-php,"299,493,382,999,258,000,000,000"
2015-05-09 22:00:10Z,"2015-05-09 22:00:10Z,2015-12-22 23:43:07Z","2015-04-20 18:06:16Z,2015-04-21 05:57:33Z,2015-04-22 19:42:04Z",https://stackoverflow.com/questions/29733594/thymeleaf-print-json-string-as-json-object-into-a-javascript-variable,"297,335,943,014,547,000,000,000"
2015-05-11 08:45:03Z,"2015-05-11 08:45:03Z,2015-05-11 17:11:16Z,2015-05-08 09:01:34Z,2015-05-08 07:44:19Z,2015-05-12 03:17:17Z,2015-05-15 20:38:10Z","2015-05-07 22:54:35Z,2015-05-08 05:31:11Z,2015-05-12 15:15:11Z,2015-05-17 10:35:25Z,2015-05-17 10:42:30Z,2015-05-17 10:48:05Z,2015-12-08 08:45:09Z,2015-12-08 09:26:16Z,2015-05-17 10:43:34Z,2015-05-10 13:57:44Z,2015-05-08 08:43:37Z",https://stackoverflow.com/questions/30112285/create-dynamic-json-from-foreach,"30,112,285,301,631,500,000,000,000,000,000,000,000,000,000,000,000,000,000"
2015-05-11 10:47:45Z,"2020-01-07 19:59:24Z,2015-05-11 10:47:45Z,2020-06-11 18:39:05Z,2020-12-05 17:32:59Z","2020-07-12 18:19:45Z,2015-05-11 11:52:29Z,2015-05-11 11:58:49Z,2015-05-11 12:08:52Z,2020-12-16 10:56:18Z",https://stackoverflow.com/questions/30165475/how-to-compress-minimize-size-of-json-jsonify-with-flask-in-python,"3,016,547,559,635,290,000,000,000,000,000,000,000,000"
2015-05-15 08:48:30Z,2015-05-15 08:48:30Z,"2015-05-13 12:24:18Z,2015-05-13 12:33:03Z,2015-05-13 12:46:09Z,2015-05-13 12:49:20Z,2015-05-14 07:57:52Z,2015-05-15 10:02:50Z,2015-05-15 10:19:33Z,2015-05-15 11:34:01Z,2015-05-15 15:20:24Z,2015-05-15 15:26:36Z",https://stackoverflow.com/questions/30214271/php-js-progress-bar,"3,021,427,130,255,240"
2015-05-20 20:53:37Z,2015-05-20 20:53:37Z,"2015-05-18 17:17:33Z,2015-05-18 17:23:41Z,2015-05-18 19:39:33Z,2015-05-18 21:04:44Z,2015-05-19 10:13:51Z,2015-05-21 15:33:51Z",https://stackoverflow.com/questions/30308490/jni-wrapper-for-c-function-using-swig-what-should-be-the-typemap,"3,030,849,030,360,180"
2015-05-21 17:15:21Z,"2015-05-16 12:35:06Z,2015-05-21 17:15:21Z,2015-05-15 15:41:56Z","2016-11-11 23:50:58Z,2015-05-16 13:12:21Z,2015-05-16 13:18:47Z,2015-05-16 14:50:37Z,2015-05-16 18:19:00Z,2015-05-16 19:03:09Z,2015-05-15 15:44:41Z,2015-05-15 16:02:56Z,2015-05-16 08:07:28Z,2015-05-16 08:24:53Z",https://stackoverflow.com/questions/30263293/youtube-subscriptions-list-api-v3-nextpagetoken-isnt-available,"30,263,293,302,757,400,000,000,000,000,000"
2015-05-26 13:45:42Z,2015-05-26 13:45:42Z,"2015-05-26 13:25:15Z,2015-05-26 16:04:12Z",https://stackoverflow.com/questions/30455178/numpy-ctypes-dynamic-module-does-not-define-init-function-error-if-not-recompi,"3,045,517,830,460,400"
2015-06-02 19:39:17Z,2015-06-02 19:39:17Z,"2015-06-02 20:32:30Z,2015-06-02 20:52:13Z,2015-06-02 21:15:05Z,2015-06-03 02:48:21Z,2015-06-10 12:51:07Z",https://stackoverflow.com/questions/30603810/authenticate-firebase-firechat-with-wordpress-user-or-database,"3,060,381,030,605,120"
2015-06-06 08:42:04Z,"2015-06-06 08:42:04Z,2018-12-13 06:44:54Z,2015-06-06 08:33:07Z,2015-06-06 08:48:06Z","2015-06-06 08:17:27Z,2015-06-06 08:26:58Z,2019-04-17 04:07:50Z,2019-12-17 06:14:55Z,2019-04-14 23:23:37Z,2019-05-13 17:29:20Z,2015-06-06 08:44:27Z",https://stackoverflow.com/questions/30680562/send-form-data-with-jquery-ajax-json,"306,805,623,068,077,000,000,000,000,000,000,000,000,000,000,000"
2015-06-06 18:37:47Z,2015-06-06 18:37:47Z,"2015-06-06 19:08:35Z,2015-06-08 06:19:28Z",https://stackoverflow.com/questions/30686266/how-to-include-csrf-token-in-an-external-js-file-in-laravel,"3,068,626,630,686,310"
2015-06-12 16:17:22Z,"2015-06-04 06:27:07Z,2015-06-12 16:17:22Z","2015-04-20 08:08:03Z,2015-04-20 08:37:53Z,2015-05-23 13:56:22Z,2015-06-12 11:38:30Z,2015-06-12 16:03:13Z",https://stackoverflow.com/questions/29699543/how-to-get-swig-to-apply-templates-when-wrapping-a-template-class-containing-vec,"296,995,433,063,646,000,000,000"
2015-06-17 19:23:50Z,2015-06-17 19:23:50Z,"2015-06-17 23:22:44Z,2015-06-17 23:31:11Z,2015-06-17 23:59:33Z,2015-06-18 04:25:44Z",https://stackoverflow.com/questions/30899484/python-flask-calling-functions-using-buttons,"3,089,948,430,900,600"
2015-06-22 15:14:05Z,2015-06-22 15:14:05Z,"2015-06-22 15:55:16Z,2015-06-22 15:58:57Z,2015-06-22 16:02:06Z,2015-06-22 16:19:16Z",https://stackoverflow.com/questions/30983220/ctypes-error-attributeerror-symbol-not-found-os-x-10-7-5,"3,098,322,030,983,630"
2015-06-23 17:25:10Z,2015-06-23 17:25:10Z,,https://stackoverflow.com/questions/30984078/cython-working-with-c-streams,"3,098,407,831,009,460"
2015-07-10 07:04:29Z,"2015-07-10 07:04:29Z,2015-07-10 07:03:50Z","2015-07-10 07:00:13Z,2015-07-10 07:00:31Z,2015-07-10 07:01:25Z,2015-07-10 07:02:19Z,2015-07-10 08:22:40Z",https://stackoverflow.com/questions/31334390/c-sharp-property-value-doesnt-get-modified-within-javascript-jquery,"313,343,903,133,451,000,000,000"
2015-07-12 10:53:51Z,2015-07-12 10:53:51Z,"2015-07-12 16:30:16Z,2015-07-17 11:32:06Z",https://stackoverflow.com/questions/31366855/how-to-bind-zeromq-socket-with-ratchet-web-socket-library-to-make-real-time-appl,"3,136,685,531,366,990"
2015-07-16 14:33:24Z,2015-07-16 14:33:24Z,"2015-07-15 21:15:19Z,2015-07-15 22:12:32Z,2015-07-16 05:08:28Z,2015-07-16 09:12:29Z,2015-07-16 10:45:35Z,2015-07-16 14:48:42Z,2021-11-20 20:40:50Z,2021-11-21 13:00:31Z,2021-11-22 01:56:32Z",https://stackoverflow.com/questions/31436593/cython-templates-in-python-class-wrappers,"3,143,659,331,457,210"
2015-08-04 23:48:39Z,"2014-05-20 03:49:38Z,2015-08-04 23:48:39Z,2014-05-20 03:50:07Z","2014-05-20 03:45:21Z,2014-05-20 03:45:25Z,2014-05-20 03:45:41Z,2014-05-20 03:49:03Z,2014-05-20 03:57:11Z,2014-05-20 04:01:17Z,2015-07-15 11:58:07Z,2015-08-10 17:11:48Z,2015-08-10 20:26:04Z,2015-08-10 20:53:33Z",https://stackoverflow.com/questions/23750661/send-json-object-from-javascript-to-php,"23,750,661,237,507,000,000,000,000,000,000"
2015-08-15 02:43:20Z,"2012-07-18 22:47:55Z,2011-08-25 22:15:20Z,2015-08-15 02:43:20Z,2018-08-22 04:17:21Z","2011-08-25 19:36:28Z,2013-08-05 06:53:52Z,2011-08-26 14:38:32Z,2011-08-30 15:23:19Z,2021-03-28 16:29:48Z",https://stackoverflow.com/questions/7195959/hello-world-with-boost-python-and-python-3-2,"71,959,591,155,147,700,000,000,000,000,000,000,000"
2015-08-15 19:19:32Z,"2015-08-15 19:19:32Z,2015-08-15 19:13:00Z","2015-08-15 19:15:07Z,2015-08-15 19:17:37Z,2015-08-15 19:21:35Z,2015-08-15 19:22:07Z,2015-08-15 19:24:04Z,2015-08-15 19:25:32Z,2015-08-15 19:27:29Z,2015-08-15 19:28:10Z,2015-08-15 19:13:43Z,2015-08-15 19:14:29Z,2015-08-15 19:15:37Z,2015-08-15 19:16:07Z",https://stackoverflow.com/questions/32028339/writing-a-long-from-java-in-a-file-and-reading-it-in-c,"320,283,393,202,842,000,000,000"
2015-08-26 08:14:00Z,2015-08-26 08:14:00Z,"2015-08-26 10:01:05Z,2016-08-12 13:03:25Z",https://stackoverflow.com/questions/32221090/org-springframework-web-bind-missingservletrequestparameterexception-required,"3,222,109,032,221,290"
2015-09-07 14:09:08Z,2015-09-07 14:09:08Z,"2015-09-07 14:05:44Z,2015-09-07 14:09:02Z",https://stackoverflow.com/questions/32440486/what-does-a-blue-dot-beneath-the-visual-studio-breakpoint-mean,"3,244,048,632,440,650"
2015-09-13 22:08:42Z,"2015-09-13 22:08:42Z,2015-09-11 00:49:40Z,2015-09-14 20:52:02Z,2015-09-10 22:16:50Z","2015-09-10 22:13:46Z,2015-09-12 04:44:23Z,2015-09-12 05:45:15Z,2015-09-12 16:23:09Z,2015-09-13 00:40:47Z,2015-09-11 05:14:50Z,2015-09-11 14:18:34Z,2015-09-14 14:30:44Z,2015-09-14 14:38:29Z,2015-09-14 14:46:50Z,2015-09-14 21:53:24Z,2015-09-14 22:07:31Z,2015-09-14 22:34:32Z,2015-09-15 00:53:23Z,2015-09-15 00:55:36Z,2015-09-10 23:20:26Z,2015-09-10 23:32:41Z,2015-09-10 23:41:18Z,2015-09-13 21:52:30Z,2015-09-14 14:45:46Z",https://stackoverflow.com/questions/32512444/use-jquery-to-post-data-to-mvc-action-method,"3,251,244,432,555,020,000,000,000,000,000,000,000,000"
2015-09-27 02:57:48Z,"2015-09-27 02:57:48Z,2015-09-27 11:46:21Z","2015-09-27 03:08:11Z,2015-09-27 03:02:44Z,2015-09-27 04:06:28Z,2015-09-27 05:41:21Z,2015-09-27 14:31:43Z",https://stackoverflow.com/questions/32804020/create-a-shell-script-to-run-a-java-program-on-linux,"328,040,203,280,412,000,000,000"
2015-10-14 20:53:41Z,2015-10-14 20:53:41Z,"2015-10-14 21:26:35Z,2015-10-14 21:29:20Z,2015-10-14 21:39:42Z,2015-10-14 21:45:14Z,2015-10-14 21:45:28Z",https://stackoverflow.com/questions/33066486/jscroll-js-with-laravel-5-nextselector-not-found-destroying,"3,306,648,633,135,400"
2015-10-23 06:31:07Z,"2015-10-23 06:31:07Z,2015-10-22 22:16:31Z","2015-10-23 14:25:46Z,2015-10-22 22:32:45Z",https://stackoverflow.com/questions/33291631/is-there-a-simple-way-to-get-rid-of-junk-values-that-come-when-you-ssh-using-pyt,"332,916,313,329,612,000,000,000"
2015-10-23 20:42:09Z,2015-10-23 20:42:09Z,"2015-10-23 20:26:52Z,2015-10-23 20:30:55Z,2015-10-23 20:43:31Z,2015-10-24 01:46:43Z,2015-10-27 06:28:23Z,2015-10-24 00:04:56Z,2015-10-24 00:05:37Z,2015-10-24 00:14:24Z,2015-10-24 02:35:50Z,2015-10-26 15:28:51Z",https://stackoverflow.com/questions/33310675/pass-file-into-function-from-python-ctypes,"3,331,067,533,311,060"
2015-10-30 23:09:04Z,2015-10-30 23:09:04Z,"2015-10-29 20:36:01Z,2015-10-29 20:47:50Z,2015-10-30 20:29:47Z,2015-10-30 20:45:02Z,2015-10-30 20:56:46Z,2015-11-03 15:14:38Z,2015-11-04 21:49:35Z,2015-11-04 22:06:03Z,2015-11-04 22:08:01Z,2015-11-04 22:12:01Z",https://stackoverflow.com/questions/33377764/error-using-callback-in-python,"3,337,776,433,446,150"
2015-11-12 19:17:49Z,"2015-11-12 19:17:49Z,2015-11-12 17:29:55Z","2015-11-12 17:13:17Z,2015-11-13 09:12:16Z,2015-11-16 10:53:21Z,2015-11-16 12:33:52Z,2015-11-12 17:40:10Z",https://stackoverflow.com/questions/33677231/how-to-expose-a-function-returning-a-c-object-to-python-without-copying-the-ob,"336,772,313,367,948,000,000,000"
2015-11-24 10:01:42Z,2015-11-24 10:01:42Z,"2015-11-24 06:22:52Z,2015-11-24 09:58:45Z,2015-11-24 12:02:28Z,2015-11-24 12:08:24Z,2015-11-24 13:00:18Z,2015-11-24 13:19:32Z",https://stackoverflow.com/questions/33813735/nginx-with-expires-on-javascript-files-dynamically-generated-by-php,"3,381,373,533,890,570"
2015-12-22 19:45:14Z,"2015-12-22 19:45:14Z,2015-12-18 20:22:53Z,2015-12-18 20:28:53Z,2015-12-21 17:49:50Z,2015-12-21 17:12:53Z,2015-12-24 18:52:13Z,2015-12-22 05:24:08Z,2015-12-28 07:59:23Z,2015-12-28 11:49:26Z,2016-02-05 13:29:22Z,2015-12-28 12:13:28Z,2015-12-28 13:11:39Z,2018-12-21 03:33:40Z,2020-03-31 09:06:33Z","2015-12-21 17:03:21Z,2015-12-21 17:11:18Z,2015-12-23 18:30:59Z,2015-12-18 20:38:00Z,2015-12-21 17:13:04Z,2015-12-21 16:49:57Z,2015-12-22 08:57:37Z",https://stackoverflow.com/questions/34362470/load-modal-after-form-submit,"343,624,703,442,334,000,000,000,000,000,000,000,000,000,000,000,000,000,000,000,000,000,000,000,000,000,000,000,000,000,000,000,000,000,000,000,000,000,000,000"
2016-01-04 13:08:16Z,"2016-01-04 13:08:16Z,2016-01-04 13:06:30Z,2016-01-04 13:19:01Z,2016-01-04 13:41:10Z,2017-07-11 08:39:57Z,2020-06-12 06:52:06Z",2016-01-04 13:02:01Z,https://stackoverflow.com/questions/34591729/how-to-execute-code-in-the-django-shell-by-an-external-python-script,"34,591,729,345,919,100,000,000,000,000,000,000,000,000,000,000,000,000,000"
2016-01-30 11:04:08Z,"2012-07-31 14:54:56Z,2012-07-31 14:35:58Z,2016-01-30 11:04:08Z,2019-05-04 05:15:48Z,2020-09-04 11:16:33Z","2012-07-31 14:10:54Z,2012-07-31 14:30:32Z,2012-07-31 14:33:21Z,2014-12-06 22:34:28Z,2014-12-08 18:54:33Z,2013-08-27 06:10:25Z,2013-08-28 05:24:02Z,2014-04-29 09:59:26Z,2015-11-28 23:15:32Z,2015-11-28 23:47:44Z,2019-05-06 22:35:04Z,2019-05-06 23:53:07Z,2019-05-20 21:40:23Z",https://stackoverflow.com/questions/11741574/how-to-print-utf-8-encoded-text-to-the-console-in-python-3,"117,415,741,174,292,000,000,000,000,000,000,000,000,000,000,000"
2016-02-12 12:49:13Z,2016-02-12 12:49:13Z,,https://stackoverflow.com/questions/35321671/compiling-c-code-that-uses-both-r-and-numpy-on-linux,"3,532,167,135,363,090"
2016-02-17 16:58:24Z,"2016-02-17 16:58:24Z,2016-02-17 16:46:45Z","2016-02-24 04:55:55Z,2016-02-17 17:00:42Z,2016-02-17 17:02:21Z,2017-07-04 12:41:34Z,2017-07-04 12:53:09Z,2020-05-23 14:14:21Z",https://stackoverflow.com/questions/35462175/call-python-function-from-c-sharp-net,"354,621,753,546,300,000,000,000"
2016-02-18 18:53:41Z,2016-02-18 18:53:41Z,2016-02-22 22:46:07Z,https://stackoverflow.com/questions/33789011/bokeh-implementing-custom-javascript-in-an-image-plot,"3,378,901,135,490,040"
2016-02-21 18:26:23Z,2016-02-21 18:26:23Z,"2016-02-15 14:32:50Z,2016-02-15 18:08:43Z,2018-08-03 11:11:52Z,2019-03-21 16:51:37Z",https://stackoverflow.com/questions/33779063/nuget-package-with-a-dependency-on-visual-c-2013-runtime,"3,377,906,335,540,090"
2016-02-26 17:37:37Z,2016-02-26 17:37:37Z,,https://stackoverflow.com/questions/35444656/thrift-java-client-cannot-handle-union-properly,"3,544,465,635,658,220"
2016-03-02 16:49:46Z,"2016-03-02 16:49:46Z,2016-03-02 17:28:00Z","2016-03-02 16:50:21Z,2016-03-02 16:55:22Z,2016-03-02 16:54:09Z",https://stackoverflow.com/questions/35752909/bash-script-printf-colors-from-variable,"357,529,093,575,334,000,000,000"
2016-03-03 15:26:04Z,"2016-03-03 15:26:04Z,2016-03-01 19:28:43Z,2016-03-03 15:34:06Z","2016-03-03 15:14:43Z,2016-03-01 20:01:57Z,2016-03-03 15:08:43Z",https://stackoverflow.com/questions/35731305/do-json-libraries-agree-on-whats-the-double-precision-value-of-5000-1,"35,731,305,357,762,100,000,000,000,000,000"
2016-03-04 15:15:23Z,2016-03-04 15:15:23Z,"2016-03-01 06:51:15Z,2016-03-01 07:04:06Z,2016-07-16 10:53:20Z,2016-07-16 10:58:18Z,2016-07-16 12:13:03Z,2016-07-16 12:15:46Z,2016-07-16 12:17:28Z",https://stackoverflow.com/questions/35716417/show-previously-uploaded-images-in-fine-uploader,"3,571,641,735,799,500"
2016-03-31 18:34:23Z,2016-03-31 18:34:23Z,"2016-03-31 18:33:49Z,2016-03-31 18:36:40Z,2018-05-03 09:30:01Z,2016-03-31 18:44:13Z,2016-03-31 18:46:18Z,2016-03-31 19:47:09Z,2018-05-03 11:08:18Z,2018-05-03 11:09:49Z",https://stackoverflow.com/questions/36340948/how-can-i-get-data-from-a-websocket-url,"3,634,094,836,341,090"
2016-04-10 14:27:24Z,2016-04-10 14:27:24Z,"2016-04-10 15:33:08Z,2016-04-10 16:56:09Z,2016-04-10 16:57:30Z,2016-04-10 16:58:59Z",https://stackoverflow.com/questions/36530637/embedding-python-in-c-error-in-linking-undefined-reference-to-pystring-asstri,"3,653,063,736,530,990"
2016-04-26 06:02:52Z,"2016-04-26 06:02:52Z,2016-04-26 06:06:08Z",,https://stackoverflow.com/questions/36853411/using-javascript-to-call-c-in-internet-explorer,"368,534,113,685,643,000,000,000"
2016-05-14 16:57:32Z,"2016-05-14 16:57:32Z,2017-10-20 21:12:47Z,2016-05-15 15:45:35Z","2016-05-14 16:29:54Z,2016-05-14 16:37:06Z,2016-05-16 00:05:30Z,2016-05-16 00:14:00Z,2016-05-16 00:30:38Z,2016-05-15 04:35:21Z,2016-05-15 15:46:31Z,2016-05-15 16:02:12Z",https://stackoverflow.com/questions/37228791/custom-button-next-to-add-to-cart-button-of-woocommerce-based-on-product-type,"37,228,791,372,294,400,000,000,000,000,000"
2016-05-28 11:28:25Z,2016-05-28 11:28:25Z,"2016-05-27 05:14:10Z,2016-05-27 05:40:05Z,2016-05-27 05:57:30Z",https://stackoverflow.com/questions/37474832/how-to-train-a-model-in-c-with-tensorflow,"3,747,483,237,498,410"
2016-05-29 05:57:33Z,"2016-05-29 05:57:33Z,2016-05-29 05:59:23Z,2016-05-29 06:15:14Z","2016-05-29 05:51:15Z,2016-05-29 05:52:03Z,2016-05-29 05:53:58Z,2016-05-29 05:54:44Z,2016-05-29 05:55:46Z,2017-11-04 14:56:22Z,2016-05-29 06:22:55Z,2016-05-29 06:22:52Z",https://stackoverflow.com/questions/37506637/how-to-clear-ajax-response,"37,506,637,375,067,000,000,000,000,000,000"
2016-06-07 21:59:51Z,"2016-06-07 21:59:51Z,2016-06-07 22:49:26Z,2017-10-05 05:38:20Z","2016-06-07 22:12:33Z,2016-06-07 22:14:45Z,2016-06-07 22:22:28Z,2016-06-07 22:29:46Z,2016-06-07 22:30:36Z,2018-07-03 04:55:42Z",https://stackoverflow.com/questions/37690068/laravel-refresh-data-after-ajax,"37,690,068,376,901,300,000,000,000,000,000"
2016-06-09 03:54:55Z,"2016-06-09 03:54:55Z,2016-06-04 13:33:09Z,2016-06-04 13:26:15Z,2016-06-04 13:26:25Z,2016-06-04 13:39:22Z,2016-06-06 17:02:52Z,2016-06-10 13:44:04Z","2016-06-08 07:57:27Z,2016-06-04 14:41:01Z",https://stackoverflow.com/questions/37570418/reload-captcha-image,"3,757,041,837,716,500,000,000,000,000,000,000,000,000,000,000,000,000,000,000,000,000"
2016-07-07 11:05:13Z,"2016-07-07 11:05:13Z,2016-07-07 11:00:41Z,2016-07-07 11:22:33Z","2016-07-07 10:58:50Z,2016-07-07 10:59:47Z,2016-07-07 11:00:24Z,2016-07-07 11:00:47Z,2016-07-07 11:13:00Z,2016-07-07 11:06:20Z,2016-07-07 11:04:55Z,2016-07-07 11:05:21Z,2016-07-07 11:06:59Z,2016-07-07 11:14:41Z,2016-07-07 11:23:24Z,2020-05-12 01:47:32Z",https://stackoverflow.com/questions/38243721/return-json-object-from-php-script,"38,243,721,382,438,800,000,000,000,000,000"
2016-07-15 14:15:44Z,"2016-05-13 09:40:54Z,2016-05-13 09:42:29Z,2016-07-15 14:15:44Z","2016-05-13 09:35:50Z,2016-05-13 09:37:47Z,2016-05-13 09:38:29Z,2016-05-13 09:40:14Z,2016-05-13 10:09:37Z",https://stackoverflow.com/questions/37206310/how-to-return-the-multiple-lists-from-controller-action-to-ajax-success-call-bac,"37,206,310,372,065,500,000,000,000,000,000"
2016-07-17 17:14:53Z,2016-07-17 17:14:53Z,"2016-07-14 17:08:09Z,2016-07-14 17:34:51Z",https://stackoverflow.com/questions/38378901/jni-thread-model,"3,837,890,138,423,860"
2016-07-30 21:28:57Z,"2016-07-30 21:28:57Z,2016-08-06 01:13:16Z,2016-07-30 21:13:03Z,2016-08-09 09:16:49Z","2016-07-30 21:31:36Z,2016-07-30 21:50:19Z,2016-08-03 04:57:26Z,2016-08-06 23:58:54Z,2016-07-30 21:32:42Z,2016-07-30 21:51:54Z,2016-07-30 21:59:51Z,2016-08-10 05:16:39Z",https://stackoverflow.com/questions/38678239/execute-google-chart-api-javascript-in-php-file,"3,867,823,938,678,660,000,000,000,000,000,000,000,000"
2016-08-15 04:05:16Z,"2016-08-15 04:05:16Z,2016-08-14 21:29:42Z,2016-08-13 11:57:17Z","2016-08-12 11:37:02Z,2016-08-12 11:40:25Z,2016-08-21 01:35:24Z",https://stackoverflow.com/questions/38916788/accessing-laravel-relations-in-javascript-code,"38,916,788,389,491,700,000,000,000,000,000"
2016-08-16 09:37:42Z,2016-08-16 09:37:42Z,"2016-08-16 16:21:54Z,2016-08-17 08:35:39Z,2016-08-17 09:13:23Z",https://stackoverflow.com/questions/38898776/add-access-control-allow-origin-on-http-listener-in-c-rest-sdk,"3,889,877,638,971,420"
2016-08-24 17:19:22Z,2016-08-24 17:19:22Z,2016-09-09 16:02:22Z,https://stackoverflow.com/questions/39127512/java-uncaughtexceptionhandler-havent-got-any-exception-using-jni,"3,912,751,239,129,430"
2016-08-31 11:37:52Z,"2016-08-31 11:37:52Z,2019-10-02 09:03:39Z","2016-08-31 08:38:40Z,2016-08-31 15:42:11Z,2017-01-10 14:57:49Z,2019-12-12 15:20:55Z",https://stackoverflow.com/questions/39244589/serializing-image-stream-using-protobuf,"392,445,893,924,861,000,000,000"
2016-09-14 20:10:48Z,"2016-09-14 20:10:48Z,2016-09-14 20:12:57Z",,https://stackoverflow.com/questions/39498702/passing-arguments-to-python-from-shell-script,"394,987,023,949,887,000,000,000"
2016-09-22 22:24:44Z,2016-09-22 22:24:44Z,"2018-11-19 18:01:28Z,2021-04-06 10:45:50Z",https://stackoverflow.com/questions/39649807/how-to-setup-qwebchannel-js-api-for-use-in-a-qwebengineview,"3,964,980,739,649,800"
2016-10-04 19:38:08Z,2016-10-04 19:38:08Z,"2016-10-03 15:18:05Z,2016-10-03 18:09:56Z,2016-10-03 18:40:21Z,2016-10-03 19:30:07Z,2016-10-03 20:04:56Z",https://stackoverflow.com/questions/39774300/jquery-datatables-asp-net-issue,"3,977,430,039,860,430"
2016-10-04 20:09:48Z,"2016-10-04 20:09:48Z,2016-09-28 07:59:57Z,2016-09-28 07:17:13Z","2016-09-28 07:24:28Z,2016-09-28 08:04:35Z",https://stackoverflow.com/questions/39686611/column-sum-of-multiple-columns-of-dynamic-gridview-using-javascript,"39,686,611,398,609,300,000,000,000,000,000"
2016-10-25 21:28:16Z,"2016-10-25 21:28:16Z,2016-10-09 22:40:08Z","2016-10-09 22:47:07Z,2018-06-12 18:12:04Z,2018-06-12 18:24:16Z,2018-06-12 18:17:32Z",https://stackoverflow.com/questions/39948485/how-can-i-convert-python-boolean-object-to-c-int-or-c-boolean-python-c-api,"399,484,854,025,003,000,000,000"
2016-12-25 19:03:23Z,"2016-12-25 19:03:23Z,2016-12-25 19:03:03Z","2016-12-25 19:39:16Z,2016-12-25 19:41:14Z",https://stackoverflow.com/questions/41323746/use-python-regex-to-parse-string-of-floats-output-by-java-arrays-deeptostring,"413,237,464,132,377,000,000,000"
2017-01-04 14:40:40Z,2017-01-04 14:40:40Z,"2016-11-19 09:19:54Z,2016-11-20 19:49:01Z",https://stackoverflow.com/questions/40674654/can-not-add-data-attributes-in-script-tag-in-prestashop-1-6,"4,067,465,441,466,490"
2017-02-11 03:25:07Z,"2017-02-16 04:06:53Z,2017-02-11 03:25:07Z,2020-05-13 14:06:59Z","2017-02-10 19:32:54Z,2017-02-10 19:42:15Z,2017-02-13 14:17:29Z,2020-05-13 14:12:10Z",https://stackoverflow.com/questions/42101786/dropzone-js-prevents-flask-from-rendering-template,"42,101,786,422,647,300,000,000,000,000,000"
2017-02-28 11:27:17Z,"2011-02-24 16:49:11Z,2017-02-28 11:27:17Z,2012-09-25 18:14:21Z,2011-02-24 16:49:59Z","2011-02-25 16:59:18Z,2011-02-28 11:54:30Z,2011-05-17 11:32:53Z,2011-05-17 12:35:29Z,2012-06-27 09:00:49Z,2012-09-06 19:32:22Z,2013-08-06 12:33:56Z,2018-02-08 17:14:14Z,2018-02-08 19:57:57Z,2020-01-30 14:23:55Z,2020-01-30 14:56:25Z,2012-10-02 14:57:30Z,2012-10-02 18:24:51Z,2016-01-07 14:20:05Z,2016-01-09 17:33:07Z,2016-06-17 11:03:36Z,2011-02-28 10:21:21Z,2011-02-28 10:36:31Z",https://stackoverflow.com/questions/5107694/how-do-i-add-a-reference-to-an-unmanaged-c-project-called-by-a-c-sharp-project,"5,107,694,510,775,940,000,000,000,000,000,000,000"
2017-03-01 11:18:22Z,"2017-03-01 11:18:22Z,2017-08-11 14:07:57Z","2017-02-28 09:01:23Z,2017-02-28 15:14:22Z,2017-02-28 15:35:02Z,2017-03-01 06:56:52Z,2017-03-01 11:20:02Z,2017-03-01 17:57:55Z,2017-03-01 18:03:26Z,2017-03-01 18:05:38Z,2017-03-01 18:07:46Z,2017-03-01 19:08:25Z",https://stackoverflow.com/questions/42475492/how-to-read-and-echo-file-size-of-uploaded-file-being-written-at-server-in-real,"424,754,924,253,030,000,000,000"
2017-03-13 18:57:04Z,2017-03-13 18:57:04Z,,https://stackoverflow.com/questions/42763186/how-to-release-the-gil-in-cython-for-a-multithreaded-c-class,"4,276,318,642,771,360"
2017-04-04 02:47:22Z,2017-04-04 02:47:22Z,2017-04-04 03:31:57Z,https://stackoverflow.com/questions/43196260/cakephp-how-to-call-javascript-function-in-link,"4,319,626,043,197,410"
2017-04-17 23:08:18Z,2017-04-17 23:08:18Z,"2017-04-16 04:58:14Z,2017-04-17 06:44:58Z,2017-04-18 09:47:27Z,2017-04-18 11:16:57Z,2017-04-18 18:02:14Z,2017-04-18 18:07:15Z,2017-04-18 18:26:45Z",https://stackoverflow.com/questions/43161227/no-response-when-validationexception-is-thrown-using-plupload-and-symfony3,"4,316,122,743,461,020"
2017-04-25 23:13:37Z,2017-04-25 23:13:37Z,"2018-02-26 16:52:42Z,2019-06-13 23:59:05Z,2019-06-14 05:18:51Z",https://stackoverflow.com/questions/43621948/c-python-module-import-error-undefined-symbol-py-initmodule3-py-initmodu,"4,362,194,843,622,450"
2017-04-28 12:31:49Z,"2017-04-28 12:31:49Z,2017-04-28 17:03:53Z","2017-04-26 11:35:40Z,2017-04-26 11:37:30Z,2017-04-26 11:38:41Z,2017-04-26 11:40:17Z,2017-04-26 11:46:58Z,2017-04-28 12:39:43Z,2017-05-04 02:47:36Z",https://stackoverflow.com/questions/43633044/generate-android-apk-using-shell-script-from-php,"436,330,444,368,034,000,000,000"
2017-05-12 22:50:42Z,2017-05-12 22:50:42Z,"2017-05-12 16:29:59Z,2017-05-15 15:32:38Z,2017-05-15 15:52:23Z,2017-05-15 20:46:08Z,2017-05-16 14:05:34Z,2019-02-17 00:24:46Z",https://stackoverflow.com/questions/43942476/load-custom-ner-model-stanford-corenlp,"4,394,247,643,947,470"
2017-05-17 10:06:04Z,"2017-05-17 10:06:04Z,2017-05-13 08:17:56Z,2017-05-19 17:53:44Z,2017-05-14 08:42:05Z,2017-05-18 13:46:44Z,2017-05-17 06:04:05Z","2017-05-14 09:04:44Z,2017-05-14 09:35:24Z,2017-05-14 11:43:51Z,2017-05-21 09:36:53Z,2017-05-25 06:15:16Z,2017-05-25 08:01:29Z,2017-05-25 08:05:58Z,2017-05-25 08:51:33Z,2017-05-14 10:28:22Z,2017-05-21 10:00:58Z,2017-05-25 08:14:16Z",https://stackoverflow.com/questions/43827637/how-to-use-ajax-and-json-for-making-dropdown-menu,"43,827,637,440,217,500,000,000,000,000,000,000,000,000,000,000,000,000,000"
2017-05-22 23:03:08Z,2017-05-22 23:03:08Z,"2017-06-21 14:25:17Z,2017-05-22 23:08:11Z,2017-05-22 23:11:38Z,2017-05-22 23:14:06Z,2017-05-22 23:24:26Z,2017-05-22 23:30:07Z",https://stackoverflow.com/questions/44123252/detecting-c-types-limits-limits-h-in-python,"4,412,325,244,123,350"
2017-07-18 21:14:06Z,2017-07-18 21:14:06Z,"2017-07-17 15:50:29Z,2017-07-17 16:49:54Z,2017-07-18 07:49:35Z,2017-07-18 12:40:00Z",https://stackoverflow.com/questions/45108666/sessions-in-angularjs-and-php-application,"4,510,866,645,177,200"
2017-07-31 21:28:11Z,"2017-07-31 21:28:11Z,2018-04-15 04:40:11Z","2017-08-01 04:00:45Z,2017-08-03 05:38:05Z,2017-08-04 06:21:18Z",https://stackoverflow.com/questions/45387728/calling-a-c-style-function-pointer-in-a-webassembly-from-javascript,"453,877,284,542,557,000,000,000"
2017-08-13 16:56:36Z,2017-08-13 16:56:36Z,"2017-08-13 07:11:32Z,2017-08-13 07:14:35Z,2017-08-13 14:50:47Z,2017-08-14 03:11:44Z",https://stackoverflow.com/questions/45658004/how-to-send-audio-blob-from-javascript-to-java-spring-server,"4,565,800,445,662,740"
2017-09-04 10:32:12Z,2017-09-04 10:32:12Z,"2017-09-01 08:15:08Z,2017-09-04 04:42:26Z,2017-09-04 04:50:45Z,2017-09-04 04:59:28Z,2017-09-04 12:35:14Z,2017-09-04 13:34:02Z,2017-09-04 13:47:53Z,2017-09-13 06:43:14Z,2017-09-13 09:54:35Z",https://stackoverflow.com/questions/45992396/jsonobj-data-not-being-passed-via-ajax-and-post-on-ie11-only,"4,599,239,646,035,160"
2017-09-08 12:39:44Z,"2017-09-08 12:39:44Z,2020-05-27 11:05:56Z","2017-09-07 09:52:04Z,2017-09-07 09:59:43Z,2017-09-07 10:09:25Z,2017-09-07 10:20:19Z,2017-09-07 10:33:43Z,2020-04-26 12:15:04Z",https://stackoverflow.com/questions/46093210/c-sharp-version-of-the-javascript-function-btoa,"460,932,104,611,681,000,000,000"
2017-10-18 10:16:42Z,"2017-10-18 10:16:42Z,2017-10-18 09:52:39Z","2017-10-18 08:55:27Z,2017-10-18 08:55:44Z,2017-10-18 10:23:16Z,2017-10-18 10:19:26Z,2017-10-18 10:25:48Z,2017-10-18 10:33:34Z,2017-10-18 10:47:15Z,2017-10-18 10:54:00Z,2017-10-18 10:04:34Z,2017-10-18 12:27:01Z",https://stackoverflow.com/questions/46805745/laravel-how-to-hide-the-interpolation-code-before-vue-js-loads,"468,057,454,680,783,000,000,000"
2017-10-19 21:02:22Z,2017-10-19 21:02:22Z,"2017-10-19 22:20:10Z,2017-10-19 22:24:05Z,2017-10-19 22:26:53Z,2017-10-20 07:31:16Z,2017-10-20 14:34:38Z,2017-10-22 15:06:46Z",https://stackoverflow.com/questions/46746561/adding-the-load-more-button-from-my-front-page-to-my-search-page,"4,674,656,146,838,850"
2017-10-23 10:20:37Z,2017-10-23 10:20:37Z,2017-11-03 00:37:20Z,https://stackoverflow.com/questions/46750959/how-to-write-event-handlers-and-detect-certain-javascript-calls-using-htmlunit,"4,675,095,946,887,010"
2017-10-23 12:09:14Z,2017-10-23 12:09:14Z,"2017-10-23 12:03:13Z,2017-10-23 12:04:59Z,2017-10-23 12:05:21Z,2017-10-23 12:07:35Z,2017-10-23 12:08:59Z",https://stackoverflow.com/questions/46888778/autocomplete-textbox-using-php,"4,688,877,846,889,010"
2017-12-08 07:28:12Z,"2017-12-08 07:28:12Z,2015-02-27 17:06:53Z,2015-02-26 22:25:54Z","2015-02-26 18:00:40Z,2015-02-26 18:10:24Z,2015-02-26 18:40:15Z,2015-02-27 17:22:09Z,2017-01-29 21:35:49Z,2018-01-31 09:01:00Z",https://stackoverflow.com/questions/28749209/do-cython-extension-types-support-class-attributes,"28,749,209,477,096,400,000,000,000,000,000"
2017-12-08 19:41:24Z,"2018-04-22 13:47:42Z,2017-12-08 19:41:24Z","2017-12-04 14:39:03Z,2017-12-04 14:47:56Z,2017-12-04 17:25:37Z,2017-12-04 17:33:52Z,2017-12-04 18:33:28Z,2018-10-14 22:27:50Z",https://stackoverflow.com/questions/47635408/cythonizing-fails-because-of-unknown-type-name-uint64-t,"476,354,084,996,662,000,000,000"
2018-02-06 17:15:48Z,"2018-02-06 17:15:48Z,2015-10-25 05:59:33Z,2019-03-15 18:40:06Z,2019-06-28 06:38:05Z,2015-10-25 05:59:20Z,2019-06-05 06:35:47Z,2018-08-28 07:41:40Z,2020-03-31 12:57:35Z,2021-08-13 08:51:07Z","2018-02-06 17:52:58Z,2018-04-27 12:38:27Z,2018-07-29 12:49:35Z,2018-09-13 15:13:17Z,2019-09-29 18:37:16Z,2017-09-25 03:58:07Z,2018-07-29 12:47:12Z,2020-01-09 14:24:36Z,2015-10-25 06:00:33Z",https://stackoverflow.com/questions/33326699/passing-laravel-array-in-javascript,"33,326,699,486,484,800,000,000,000,000,000,000,000,000,000,000,000,000,000,000,000,000,000,000,000,000,000"
2018-02-14 09:27:03Z,2018-02-14 09:27:03Z,"2018-02-14 00:23:12Z,2018-02-14 00:25:14Z,2018-02-14 00:35:56Z,2018-02-14 04:32:15Z",https://stackoverflow.com/questions/48777708/react-frontend-connecting-to-flask-backend-howto,"4,877,770,848,783,630"
2018-02-27 14:06:24Z,2018-02-27 14:06:24Z,"2018-07-23 21:55:34Z,2018-02-27 14:11:51Z,2018-02-27 14:15:04Z,2018-02-27 14:17:34Z,2018-02-27 14:40:53Z,2020-11-09 13:14:00Z",https://stackoverflow.com/questions/49010415/flask-request-get-json-returning-none-when-valid-json-data-sent-via-post-reque,"4,901,041,549,010,610"
2018-03-02 14:10:11Z,2018-03-02 14:10:11Z,"2018-03-02 13:48:06Z,2018-03-02 13:49:06Z,2018-03-02 14:04:37Z,2018-03-02 14:16:16Z,2018-03-02 14:25:28Z,2018-05-21 12:58:42Z",https://stackoverflow.com/questions/49070403/how-to-retrieve-variables-in-php-sent-by-axios-post-request,"4,907,040,349,070,840"
2018-04-12 11:43:29Z,2018-04-12 11:43:29Z,"2018-04-12 09:59:21Z,2018-04-12 10:14:18Z,2018-04-12 10:21:50Z,2018-04-12 10:24:26Z,2018-04-12 11:50:30Z,2018-04-16 13:01:17Z,2018-04-16 18:50:51Z,2021-04-25 23:32:26Z,2021-04-25 23:36:07Z",https://stackoverflow.com/questions/49793560/build-c-plugin-for-unity,"4,979,356,049,795,660"
2018-05-18 11:08:46Z,"2018-05-18 11:08:46Z,2017-10-30 08:30:22Z","2015-12-29 19:41:13Z,2015-12-29 21:24:54Z,2015-12-29 21:42:11Z,2015-12-30 03:01:59Z,2015-12-30 10:34:09Z,2018-05-18 13:22:30Z",https://stackoverflow.com/questions/34517668/zend-how-to-correctly-destruct-a-custom-object-in-php-7,"345,176,685,041,001,000,000,000"
2018-05-29 08:30:41Z,"2018-05-29 08:35:56Z,2018-05-29 08:30:41Z","2018-05-29 08:23:46Z,2018-05-29 08:24:16Z,2018-05-29 08:25:53Z,2018-05-29 08:48:28Z,2018-05-29 08:51:14Z,2018-05-29 09:34:56Z,2018-05-29 10:19:19Z,2018-05-30 05:26:06Z,2018-05-29 08:47:23Z,2018-05-29 13:00:18Z",https://stackoverflow.com/questions/50579572/export-a-variable-from-bash-and-use-it-in-python,"505,795,725,057,982,000,000,000"
2018-06-04 09:11:16Z,2018-06-04 09:11:16Z,"2018-06-04 07:27:37Z,2018-06-04 07:32:55Z,2018-06-04 07:34:48Z,2018-06-04 07:36:54Z,2018-06-04 11:47:44Z",https://stackoverflow.com/questions/50674904/firing-events-in-c-and-handling-them-in-c-sharp,"5,067,490,450,677,060"
2018-06-07 06:47:23Z,"2018-06-07 06:47:23Z,2018-06-07 06:40:17Z","2018-06-07 01:29:31Z,2018-06-07 10:21:32Z,2018-06-07 10:24:29Z",https://stackoverflow.com/questions/50731650/is-it-possible-to-run-webassembly-code-async,"507,316,505,073,461,000,000,000"
2018-09-18 02:23:04Z,"2018-09-18 02:23:04Z,2019-11-08 10:25:57Z","2019-05-17 12:36:11Z,2018-09-18 15:13:32Z,2021-01-26 15:55:24Z,2021-06-14 22:39:51Z",https://stackoverflow.com/questions/52367826/custom-plus-and-minus-quantity-buttons-in-woocommerce-3,"523,678,265,237,802,000,000,000"
2018-11-16 15:27:50Z,2018-11-16 15:27:50Z,"2018-11-16 15:21:03Z,2018-11-16 19:01:33Z,2019-11-28 16:35:21Z",https://stackoverflow.com/questions/53340627/typeerror-expected-bytes-like-object-not-str,"5,334,062,753,340,820"
2018-12-14 22:36:04Z,2018-12-14 22:36:04Z,2020-12-04 19:16:24Z,https://stackoverflow.com/questions/53762552/with-pybind11-how-to-split-my-code-into-multiple-modules-files,"5,376,255,253,787,760"
2019-01-06 03:55:54Z,"2019-01-06 03:55:54Z,2019-01-12 21:38:14Z,2019-01-03 08:29:34Z","2019-01-13 19:45:21Z,2019-01-03 08:45:35Z",https://stackoverflow.com/questions/54018008/how-to-pass-content-in-tinymces-textarea-to-a-php-file-directly-instead-of-send,"54,018,008,540,585,000,000,000,000,000,000"
2019-02-06 05:15:22Z,2019-02-06 05:15:22Z,"2019-02-06 02:52:12Z,2019-02-06 04:05:12Z",https://stackoverflow.com/questions/54545813/using-kill-to-trigger-a-parents-waitpid,"5,454,581,354,547,020"
2019-03-02 04:12:41Z,2019-03-02 04:12:41Z,"2019-03-01 21:39:39Z,2019-03-03 14:50:28Z,2019-03-06 09:11:47Z,2019-03-06 09:22:15Z,2019-03-07 11:27:47Z",https://stackoverflow.com/questions/54899367/send-numpy-array-as-bytes-from-python-to-js-through-flask,"5,489,936,754,955,160"
2019-03-29 15:03:11Z,"2019-03-29 15:03:11Z,2015-09-01 03:51:18Z,2018-12-27 12:50:16Z","2015-03-20 11:34:29Z,2015-03-20 11:35:41Z,2017-03-22 17:56:23Z,2019-03-29 15:05:57Z,2019-03-29 15:13:23Z,2019-03-29 15:17:14Z,2020-05-07 15:27:16Z,2020-05-07 17:16:11Z,2018-09-19 19:59:04Z,2019-03-29 11:45:45Z,2019-03-29 14:02:23Z,2019-03-29 14:55:04Z",https://stackoverflow.com/questions/29165155/calling-javascript-from-c-with-node-js,"29,165,155,554,202,700,000,000,000,000,000"
2019-05-07 08:43:45Z,2019-05-07 08:43:45Z,"2019-05-08 16:06:29Z,2021-07-12 06:46:54Z,2021-07-13 10:22:56Z",https://stackoverflow.com/questions/49866263/how-are-symbols-contained-in-the-libpythonx-x-linked-to-numpy-extension-dynamic,"4,986,626,356,018,710"
2019-05-16 14:43:09Z,"2019-05-16 14:43:09Z,2019-05-16 09:22:26Z","2019-05-15 14:12:15Z,2019-05-16 06:49:27Z,2019-05-16 08:20:46Z,2019-05-16 08:39:11Z,2019-05-16 08:49:11Z,2019-05-17 07:19:40Z,2019-05-22 14:03:47Z,2019-05-16 11:57:03Z,2019-05-16 12:38:35Z,2019-05-17 08:42:14Z,2019-05-17 08:48:52Z",https://stackoverflow.com/questions/55964908/passing-jwt-token-to-sockjs,"559,649,085,617,117,000,000,000"
2019-06-05 20:16:57Z,2019-06-05 20:16:57Z,"2019-06-05 19:31:08Z,2019-06-05 19:44:53Z,2019-06-06 07:04:16Z,2019-06-06 07:03:06Z",https://stackoverflow.com/questions/56466822/can-c-be-called-from-c-sharp-compiled-to-wasm,"5,646,682,256,467,400"
2019-06-08 06:33:18Z,"2019-06-08 06:33:18Z,2019-06-05 14:58:07Z,2019-06-07 06:26:02Z,2019-06-10 07:24:07Z","2019-05-30 20:52:06Z,2019-05-30 20:54:52Z,2019-05-30 21:06:56Z,2019-05-31 19:30:27Z,2019-06-04 17:40:36Z,2019-06-11 03:00:28Z,2019-06-13 15:47:38Z,2019-06-14 22:08:32Z,2019-06-14 22:13:53Z,2019-06-14 22:14:00Z,2019-06-05 21:06:37Z,2019-06-06 08:45:29Z,2019-06-06 20:31:02Z,2019-06-07 10:57:02Z",https://stackoverflow.com/questions/56385013/how-to-show-entire-text-in-a-modal-on-click-of-ellipsis-in-js,"5,638,501,356,504,090,000,000,000,000,000,000,000,000"
2019-09-18 11:57:52Z,2019-09-18 11:57:52Z,,https://stackoverflow.com/questions/57990269/passing-pointer-to-c-from-python-using-pybind11,"5,799,026,957,992,240"
2019-10-05 17:01:24Z,"2019-10-05 17:01:24Z,2019-10-05 22:51:31Z","2019-10-05 16:43:46Z,2019-10-05 16:52:56Z,2019-10-05 16:57:07Z,2019-10-05 17:00:33Z,2019-10-05 17:05:59Z,2019-10-05 17:10:48Z,2019-10-05 17:11:40Z,2019-10-05 17:26:34Z,2019-10-05 17:28:42Z,2019-10-05 17:50:23Z,2019-10-06 01:07:06Z,2019-10-06 01:07:37Z,2019-10-06 01:09:35Z,2019-10-06 01:17:12Z",https://stackoverflow.com/questions/58250341/what-happens-if-undefined-c-behaviour-meets-c-defined-behaviour,"582,503,415,825,051,000,000,000"
2019-11-21 23:49:08Z,"2019-11-21 23:49:08Z,2019-11-19 05:55:07Z,2019-11-21 07:58:26Z,2019-11-22 20:11:36Z,2019-11-23 23:52:38Z","2019-11-19 05:40:50Z,2019-11-19 05:57:05Z,2019-11-21 15:54:58Z,2019-11-21 15:56:34Z,2019-11-23 11:40:36Z,2019-11-22 14:29:58Z,2019-11-22 15:47:11Z,2019-11-22 17:24:01Z,2019-11-23 23:31:47Z,2019-11-24 01:00:36Z,2019-11-20 20:34:51Z,2019-11-22 22:17:04Z,2019-11-24 01:01:41Z,2019-11-23 11:42:38Z,2019-11-23 11:42:56Z,2019-11-23 11:43:04Z,2019-11-23 12:34:37Z,2019-11-23 12:35:35Z,2019-11-24 01:14:46Z",https://stackoverflow.com/questions/58927296/adding-utf-8-support-to-js-php-script,"589,272,965,898,546,000,000,000,000,000,000,000,000,000,000,000"
2020-02-21 21:49:30Z,2020-02-21 21:49:30Z,2021-05-06 03:56:58Z,https://stackoverflow.com/questions/60333494/this-paymentmethod-was-previously-used-without-being-attached-to-a-customer-or-w,"6,033,349,460,346,660"
2020-03-25 14:12:36Z,"2020-03-25 14:12:36Z,2020-06-13 09:06:40Z",,https://stackoverflow.com/questions/60032983/record-voice-with-recorder-js-and-upload-it-to-python-flask-server-but-wav-file,"600,329,836,085,061,000,000,000"
2020-03-29 22:38:21Z,"2020-03-27 18:59:55Z,2020-03-29 22:38:21Z","2020-03-27 22:11:55Z,2020-03-27 22:12:15Z,2020-03-27 23:07:39Z,2020-03-31 13:55:41Z,2020-04-02 02:06:09Z,2020-03-30 21:20:05Z,2020-03-31 00:03:49Z,2020-03-31 01:39:44Z,2020-04-01 02:28:24Z,2020-04-01 03:47:06Z",https://stackoverflow.com/questions/60892286/javascript-to-c-sharp-numeric-precision-loss,"608,922,866,089,252,000,000,000"
2020-12-13 18:05:55Z,"2020-12-13 18:05:55Z,2020-12-10 15:43:21Z,2020-12-10 18:15:24Z,2020-12-13 18:44:25Z,2020-12-16 23:36:11Z","2020-12-10 00:24:24Z,2020-12-10 06:51:28Z,2020-12-10 07:09:37Z,2020-12-10 10:43:00Z,2020-12-11 00:31:03Z",https://stackoverflow.com/questions/65189028/how-to-change-server-side-language-cookies-like-client-side-using-ajax,"651,890,286,527,896,000,000,000,000,000,000,000,000,000,000,000"
2021-03-07 13:57:57Z,2021-03-07 13:57:57Z,"2021-03-08 08:44:52Z,2021-03-08 09:00:42Z,2021-03-08 11:27:37Z,2021-03-08 18:54:32Z,2021-03-13 15:44:03Z",https://stackoverflow.com/questions/66498069/what-is-the-most-conventional-way-to-integrate-c-code-into-a-python-library-usin,"6,649,806,966,517,290"
