accepted,active,ans_num,answer,author,combination,link,question,reputation,time,title,viewed,vote
Accepted,2015-05-20 20:53:37Z,1,,jojek,"java,c,java-native-interface,swig",https://stackoverflow.com/questions/30308490/jni-wrapper-for-c-function-using-swig-what-should-be-the-typemap,"I am trying to create the JNI wrapper for the following functions in C:, - input, , - output, - input, , - output,where , is defined as: ,I am all lost in the SWIG manual for Java, since it doesn't simply support input parameters as the output type. I had no problems whatsoever with the Python wrapper (shown below).",855,2015-05-18 16:32:24Z,JNI wrapper for C function using SWIG - what should be the typemap?,"
                        2k times
                    ","
            11
        "
Undetermined,2019-07-09 01:12:00Z,1,,Jenix,"java,c#,c++,c,locking",https://stackoverflow.com/questions/56787106/does-managed-languages-lock-flush-and-reload-variables-of-native-libraries,"When we use locks in managed languages like , and ,, we can always be sure we are dealing with the latest data.,Specifically in Java memory model, they have a guarantee called ,.
But I'm not sure what will happen with native libraries.,Say, I have , functions like this :,I also have , code like this :,As you see, if , from , side is not declared as ,, then is there still a guarantee that , can always get the latest value set by ,?,Does the same apply to , using , too?","2,811",2019-06-27 08:36:33Z,Does managed languages lock flush and reload variables of native libraries?,"
                        119 times
                    ","
            7
        "
Accepted,2021-06-02 09:15:55Z,7,,UserCool,"python,c++",https://stackoverflow.com/questions/24277488/in-python-how-to-capture-the-stdout-from-a-c-shared-library-to-a-variable,"For some other reasons, the c++ shared library I used outputs some texts to standard output. In python, I want to capture the output and ,. There are many similar questions about redirect the stdout, but not work in my code. ,Example: ,In line 5, , will call the shared library, the texts generated by shared library still output to console! If change ,, it works!,My problem is:",303,2014-06-18 05:12:49Z,"In python, how to capture the stdout from a c++ shared library to a variable","
                        13k times
                    ","
            30
        "
Accepted,2011-12-04 03:13:21Z,3,,tomzx,"java,c++,class,struct,java-native-interface",https://stackoverflow.com/questions/1711490/returning-a-c-class-to-java-via-jni,"I'm currently using both C++ and Java in a project and I'd like to be able to send an object which is contained in C++ to my Java interface in order to modify it via a GUI and then send the modification back in C++.,So far I've been returning either nothing, an int or a boolean to Java via the JNI interface. This time I have to send an object through the interface. I have made similar class definition available both in C++ and in Java. ,In C++ I have:,This function would get called by Java in order to get the object from the C++ side (the object is contained in a singleton, easily accessible).,On the Java end, I do a simple call to this method,,which should return me the newly created object.,Java currently returns me a UnsatisfiedLinkError when I do the actual call. What is wrong?","1,924",2009-11-10 21:51:32Z,Returning a C++ class to Java via JNI,"
                        22k times
                    ","
            17
        "
Accepted,2020-10-04 14:56:34Z,6,,user3000805,"python,c++",https://stackoverflow.com/questions/24492327/python-embedding-in-c-importerror-no-module-named-pyfunction,"Hi I'm trying to embed python (2.7) into C++ (g++ 4.8.2) and hence call a python function from C++. This is the basic code provided in python documentation for embedding: ,This is my file call_function.cpp,Now my python script is saved as pyfunction.py placed in the same folder as call_function.cpp.,This is pyfunction.py :,Now using the Terminal I'm calling :,(Compiles successfully without any errors)
(Running the program),(I get this ERROR):,I don't understand how this is possible. I've followed the documentation and still I'm getting the error. ,How can it not find pyfunction.py when it is placed in the same directory.",267,2014-06-30 14:21:59Z,Python Embedding in C++ : ImportError: No module named pyfunction,"
                        14k times
                    ","
            16
        "
Undetermined,2021-07-23 07:53:29Z,3,,Carriane Lastimoso,"php,python,exec,shell-exec,orb",https://stackoverflow.com/questions/41020068/running-python-script-in-laravel,"So, I am trying to run a python script in my Laravel 5.3.,This function is inside my Controller.  This simply passes data to my python script,My python script is an ORB algorithm where it returns the smallest distance and its id after comparing the train images to the query image.  So, this is my python script:,I already tried running both file without using Laravel and it is working well. But when I tried to integrate the php code to my Laravel, it displays nothing.  The Status code is 200 OK.,: ,to ,then, you can also do like this",203,2016-12-07 14:31:01Z,Running python script in Laravel,"
                        31k times
                    ","
            19
        "
Accepted,2012-07-10 13:20:09Z,3,,notsodev,"c#,c++,pinvoke,marshalling,dllimport",https://stackoverflow.com/questions/11123899/passing-a-c-sharp-class-object-in-and-out-of-a-c-dll-class,"I've been working on a prototype code application that runs in C# and uses classes and functions from older C++ code (in the form of an imported DLL). The code requirement is to pass in a class object to the unmanaged C++ DLL (from C#) and have it be stored/modified for retrieval later by the C# application. Here's the code I have so far...,Simple C++ DLL Class:,C++ DLL Functions:,C# Class and Wrapper:,C# Function Call to DLL:,Nothing but junk values appear to be available within the DLL (coming from the passed in C# object). I believe I am missing something with the class marshalling or a memory/pointer issue. What am I missing?,Edit:
I changed the above code to reflect changes to the method/function definitions, in C#/C++, suggested by Bond. The value (1234) being passed in is retrieved by the C# code correctly now. This has exposed another issue in the C++ DLL. The 1234 value is not available to the C++ code. Instead the object has a value of 0 inside the DLL. I would like to use predefined C++ functions to edit the object from within the DLL. Any more help is greatly appreciated. Thanks!","1,373",2012-06-20 16:23:40Z,Passing a C# class object in and out of a C++ DLL class,"
                        19k times
                    ","
            14
        "
Undetermined,2020-09-10 19:35:15Z,1,,Arnox,"python,c++,numpy,segmentation-fault",https://stackoverflow.com/questions/25530727/c-python-api-second-call-of-pyimport-import-results-in-sigsegv,"I am trying to call python from c++ via c Api to get the values of two numpy Arrays in c++.
The first time I invoke my program callPython() everything seems to run fine but the second call results in a SIGSEGV when,is executed.,In the answer from ,, there is a much simpler minimal example code than mine, with the same error.,I compile my program on Ubuntu 12.04 with the python and numpy packages, as well as with anaconda, with the follwing command:,The shortened gdb backtrace is,What could be wrong with my call to python?",131,2014-08-27 15:07:23Z,c++ python API : second call of PyImport_Import results in SIGSEGV,"
                        1k times
                    ","
            6
        "
Accepted,2019-07-02 06:40:33Z,6,,IssamLaradji,"c++,python,visual-studio-2010,wrapper",https://stackoverflow.com/questions/16200997/why-doesnt-include-python-h-work,"I'm trying to run Python modules in C++ using ,, however, after setting the ""Additional Include Dependencies"" of the project to ""\include"" I get the following error when debuging,,I read that I should download the development version of Python, but I didn't find a link for that, plus, don't I just need the file 'python27_d.lib' to be copied to the ""libs"" folder?,Please note that I'm using the Anaconda distribution of Python.,Thanks in advance!","5,829",2013-04-24 19:56:01Z,Why doesn't #include <Python.h> work?,"
                        23k times
                    ","
            15
        "
Accepted,2019-09-19 07:20:54Z,1,,Frank,"python,c++,pybind11",https://stackoverflow.com/questions/57990269/passing-pointer-to-c-from-python-using-pybind11,"I have created the following class using pybind11:,However I have no idea how I would call this constructor in Python.. I see that Python expects a float in the place of the double*, but I cannot seem to call it.,I have tried, , but this does not work...,Edit:,I have distilled the answer from @Sergei answer. ","2,129",2019-09-18 10:09:18Z,passing pointer to C++ from python using pybind11,"
                        3k times
                    ","
            9
        "
Accepted,2015-12-09 23:08:32Z,2,,Matteo Monti,"python,c++,multithreading,python-c-api",https://stackoverflow.com/questions/29595222/multithreading-with-python-and-c-api,"I have a C++ program that uses the C api to use a Python library of mine.
, ,In particular, one thread of the C++ program instantiates a Python object that inherits from ,. I need all my C++ threads to be able to call methods on that object. ,From my very first tries (I naively just instantiate the object from the main thread, then wait some time, then call the method) I noticed that the execution of the Python thread associated with the object just created stops as soon as the execution comes back to the C++ program. ,If the execution stays with Python (for example, if I call ,) the execution of the Python thread continues in background and everything works fine until the wait ends and the execution goes back to C++.,I am evidently doing something wrong. What should I do to make , my C++ and Python multithreaded and capable of working with each other nicely? I have no previous experience in the field so please don't assume anything!","7,394",2015-04-12 22:10:08Z,Multithreading with Python and C api,"
                        10k times
                    ","
            10
        "
Accepted,2013-02-08 00:31:52Z,2,,user1164061,"java,python",https://stackoverflow.com/questions/14762048/subprocess-call-in-python-to-invoke-java-jar-files-with-java-opts,"Example code:,How to specify the JAVA_OPTS in the above command? I am getting a 'java.lang.OutOfMemoryError: unable to create new native thread' when I use the above command and I think specifying JAVA_OPTS in the command would solve the problem.,I did specify the JAVA_OPTS in .bashrc file and it had no effect.","3,862",2013-02-07 22:14:39Z,subprocess call in python to invoke java jar files with JAVA_OPTS,"
                        18k times
                    ","
            12
        "
Accepted,2009-06-19 13:15:00Z,5,,Marc Bernier,"java,c++,java-native-interface",https://stackoverflow.com/questions/1014584/force-java-to-call-my-c-destructor-jni,"I thought this question would have been asked before, but I couldn't find it here...,I've used SWIG to create a JNI wrapper around a C++ class. All works great except that Java never seems to call the class's finalize(), so, in turn, my class's destructor never gets called. The class's destructor does some final file I/O, so unfortunately, this isn't just a minor memory leak.,Searching through Google, there doesn't seem to be a way to force Java to GC and destroy an object. True?,I know I could manipulate my SWIG file and create a java function that would call the C++ destructor, but this class is used by end users in several different platforms/languages, so the addition of a Java-only will create an inconsistency that our tech writers aren't going to like.","2,864",2009-06-18 19:02:14Z,Force Java to call my C++ destructor (JNI),"
                        8k times
                    ","
            11
        "
Accepted,2015-07-16 14:33:24Z,1,,piotrMocz,"python,c++,templates,cython",https://stackoverflow.com/questions/31436593/cython-templates-in-python-class-wrappers,"Is there a way to create a Python wrapper for Cython-wrapped C++ class with templates? (i.e. do exactly what is show here but with templates: ,).,I know about the fused types workaround (,) but that doesn't allow you to instatiate classes like ,: the fused types have, quite unsurprisingly, no notion of recursion.,What I would like to achieve is for a wrapped class like:,create a simple Python wrapper:,I'm quite certain that Cython doesn't support that per se, but maybe someone can think of a workaround. I'm not looking for idiomatic or nice examples, I'm just wondering if that's possible in any way.",429,2015-07-15 16:59:51Z,Cython: templates in python class wrappers,"
                        3k times
                    ","
            12
        "
Accepted,2013-01-23 15:18:46Z,3,,Jakub Zak,"php,javascript,jquery,ajax,json",https://stackoverflow.com/questions/14482064/how-to-pass-variables-back-from-php-by-ajax,"I have script from login page which through ajax sends data into php, and php returns if successful or not, I just wonder how can I change my scripts so it would send back also 2 variables and receive it in my login js script so I can create cookies? here are my js and php scripts:,:,:","1,432",2013-01-23 14:28:31Z,How to pass variables back from php by ajax,"
                        5k times
                    ","
            6
        "
Accepted,2013-04-04 15:28:40Z,2,,SeanPlusPlus,"javascript,python,ajax,json,flask",https://stackoverflow.com/questions/15801782/how-to-correctly-pass-a-json-object-to-flask-server-using-jquery-ajax,"i want to pass a json object which contains nested objects from my client to my server.,on the client side, my data structure looks like this:,and my ajax call looks like this:,after posting this data to my server, which is run using python flask, i use the request.form object to inspect what was posted from the client. i'd like the data to be structured the same way, however, this is the output on the server:,as you can see, the response['guests'] object got flattened, and all of its children, such as:,'guests[2][first]',... are just a strings, not elements of their parent response['guests'].,is there a better way to send this block of data from my client to my server, and maintain its structure properly?,thanks!","7,362",2013-04-04 02:58:03Z,how to correctly pass a json object to flask server using jquery ajax,"
                        8k times
                    ","
            7
        "
Accepted,2013-08-08 23:57:35Z,1,,elemjay19,"java,javascript,events,gwt,backbone.js",https://stackoverflow.com/questions/18115260/gwt-custom-event-trigger-in-javascript,"I have an application that is half GWT and half Backbone.js. We're transitioning the app from GWT to Backbone so as we add new components, they're in Backbone. We're also replacing some existing components with Backbone as well. ,There's a component that I'm attempting to replace that still needs to be able to let its GWT container know when certain events occur so that the container can impact other GWT components. I have a native function in GWT that references a Global namespace on which a function is defined in Javascript. That function renders the Backbone component, so GWT doesn't have a reference to the component itself.,I tried defining a custom DOM Event in GWT and then triggering that event from the Backbone code, but either I did it wrong, or that's not the way to do it.,I referenced these questions in creating my custom event: , & ,I made two attempts at triggering the custom event from Backbone and having GWT listen for it, neither worked.,  ,Code common between two attempts is how the Backbone component is rendered and how the event is triggered:,From class ,:,From class ,:,From class ,:,From class ,:,  ,  ,Made another attempt, this has a few more differences than between the first two. When we create our namespace, we do , so that we can trigger events from GWT that the Backbone code will listen for. I decided to try getting it to work in the other direction. It didn't.,From ,:,From ,:  ","1,106",2013-08-07 23:06:11Z,GWT Custom event trigger in Javascript,"
                        2k times
                    ","
            8
        "
Accepted,2016-05-28 11:28:25Z,1,,darren1231,"python,c++,tensorflow",https://stackoverflow.com/questions/37474832/how-to-train-a-model-in-c-with-tensorflow,"I tried to trained a experiment with deep learning model.
I found that tensorflow is the best way to do this.
But there is problem that tensorflow need to be writen in python.
And my program contain many loops.Like this..,I know this is a big drawback for python.
It's very slow than c.
I know tensorfow has a C++ API, but it's not clear.
,
(This is the worst Specification I have ever looked)
Can someone give me an easy example in that?
All I need is two simple code.
One is how to create a graph.
The other is how to load this graph and run it.
I really eager need this.Hope someone can help me out.",73,2016-05-27 04:25:05Z,How to train a model in C++ with tensorflow?,"
                        3k times
                    ","
            6
        "
Accepted,2014-05-27 10:02:59Z,3,,GregD,"c#,c++,visual-studio-2010,dll",https://stackoverflow.com/questions/7276389/confused-over-dll-entry-points-entry-point-not-found-exception,"I'm trying to learn how to use DLL's in C#.  I have a very simple DLL just to test the basics.,And the DLL code:,dumpbin returns the following:,This (and other attempts listed below) have all returned the same exception:,So I am at a loss for how to solve this.  Perhaps I do not understand how DllMain functions as the C# entry point for a DLL.  TestDLL.dll works when I test it in a C++ application.,After searching for help, I've attempted the following changes:,Which results in this from dumpbin,Thus, I changed my C# code:,I've also tried ,:,.,Perhaps I'm misunderstanding the calling conventions.  Any help would be very appreciated.  Thank you.",185,2011-09-01 20:52:30Z,Confused over DLL entry points (entry point not found exception),"
                        34k times
                    ","
            9
        "
Accepted,2017-05-09 08:42:02Z,2,,Keerthivasan,"php,android,linux,bash,shell",https://stackoverflow.com/questions/43633044/generate-android-apk-using-shell-script-from-php,"I'm trying to generate Android , files from shell script, I want to execute a shell script file from PHP. When I run the shell script in the terminal, it works perfectly. If I try to run the script using PHP, the shell script doesn't execute all the commands. The , command in shell script works perfectly, but when executing using PHP, other commands doesn't work. I'm using xampp server in a Linux environment. ,My shell script,Shell script , output,My PHP script,PHP script , output,Note: , outputs file names in the folder,I set all the file permissions for shell script in the xampp server. Can anyone describe where I'm mistaken? Awaiting responses...","1,606",2017-04-26 11:34:46Z,Generate android apk using shell script from php?,"
                        2k times
                    ","
            17
        "
Undetermined,2016-03-14 18:04:14Z,6,,sohaib,"c#,javascript,jquery,asp.net",https://stackoverflow.com/questions/21227506/how-to-call-a-javascript-function-before-and-after-button-click-event-call-in-as,"i have created ""ButtonClick"" function in ASP.NET as following:,i want to know, is it possible to call a javascript function before and after calling asp.net button click function...???,Thanks.",797,2014-01-20 06:25:48Z,How to call a javascript function before and after button click event call in asp.net,"
                        86k times
                    ","
            8
        "
Accepted,2013-06-04 02:32:54Z,1,,Lucas Radaelli,"python,c,dll,ctype",https://stackoverflow.com/questions/16908820/what-is-the-init-function-of-a-dynamic-module-in-python,"I am getting the same error of these other two questions:
,
 and 
,But their solutions are not equal, and didn't work for me as well.,I am trying  to call functions of a shared library that I have wrote in c,  inside my python program.,I compiled my  shared lib like this:,I created a module, and inside this module I  load this lib with:,But when I run the code, I get the following error:,Which is very strange, because if I run  the python interpreteer, and call directly:,I can access the functions of my shared lib.,Any ideas how to solve this?
Thank you.",143,2013-06-04 02:18:05Z,What is the init function of a dynamic module in python?,"
                        3k times
                    ","
            6
        "
Undetermined,2020-04-09 13:41:18Z,2,,foxcub,"c++,python,boost,pickle,boost-serialization",https://stackoverflow.com/questions/7289897/boost-serialization-and-boost-python-two-way-pickle,"I have a C++ library that uses Boost.Serialization. I'm creating Python bindings for this library using Boost.Python. It's fairly clear how to make a pickle suite for Boost.Python that uses Boost.Serialization (save to a string using Boost.Serialization, and return that string to Python).,What I want is the reverse: given a ,, I want to have a , function that would call Python's , function and serialize the resulting string. (Imagine an ,. As I serialize this vector, Boost.Serialization would call the auxiliary , function.)  Is this possible? Better yet, is it possible to use , and bypass giving the control to the Python interpreter?","2,347",2011-09-02 22:43:46Z,Boost.Serialization and Boost.Python two-way pickle,"
                        3k times
                    ","
            6
        "
Accepted,2013-10-08 08:58:14Z,1,,S4M,"python,shell,command-line",https://stackoverflow.com/questions/19243020/in-python-get-the-output-of-system-command-as-a-string,"In python I can run some system command using os or subprocess. The problem is that I can't get the output as a string. For example:,I have an older version of subprocess that doesn't have the function check_out, and I would prefer a solution that doesn't require to update that module since my code will run on a server I don't have full admin rights. ,This problem seems trivial, yet I couldn't find a trivial solution","4,361",2013-10-08 08:44:23Z,"in python, get the output of system command as a string [duplicate]","
                        97k times
                    ","
            26
        "
Accepted,2015-04-24 16:45:01Z,2,,Tomasz Gawel,"java,android,c++,java-native-interface",https://stackoverflow.com/questions/21877127/calling-system-loadlibrary-twice-for-the-same-shared-library,"I have the situation when two jar libraries use the same shared library.
In each library ""the main interface"" class loads the .so file with ,.
My question is: if the user decides to use these two jar libraries in one project, would the second call to , for the same .so file cause any exception? Or is it ""somehowe handled"" by the system to prevent shared libraries from being loaded twice? Or maybe there is a ""commonly known pattern"" to handle such situations?,The jni wrappers are targeted to be used on android. I am the author of both wrapper libs so answering you can assume full control on java sources.","8,067",2014-02-19 10:05:24Z,Calling System.loadLibrary twice for the same shared library,"
                        7k times
                    ","
            15
        "
Accepted,2010-08-16 01:05:44Z,7,,pavanlimo,"java,shell,process,pid",https://stackoverflow.com/questions/3476762/java-hangs-even-though-scripts-execution-is-completed,"I'm trying to execute a script from within my java code which looks like:,The execution of the script is over(it's pid is no more), but java is stuck on , method of the process!.
And yes, I'm reading output and error streams in 2 separate threads. Yes, they are being joined at the end(after ,).,The script basically installs a few RPMs(like 10 or so) and configures them. So the script runs for a little over 60 seconds.,It looks similar to the following:,Shockingly enough, if I put the following line in the script(at the top), Java understands the script is over and it terminates the process perfectly.,For the record, the script doesn't generate any output. Zero chars!. So putting exec statement there makes no sense!,But still, magically enough, putting exec statement in the script makes java work!.
Why??,How can I avoid that illogical exec statement in the script?. ,If you are interested in what installer-script.sh looks like then:,Now, why exec command in the first script is required for Java to know that the process is over?
How can I avoid that exec?, esp. since the first script doesn't produce any output.,Waiting for answers with bated breath!","3,894",2010-08-13 12:28:34Z,Java hangs even though script's execution is completed,"
                        4k times
                    ","
            7
        "
Undetermined,2013-07-03 18:30:09Z,3,,Wiglof,"c++,python,boost-python",https://stackoverflow.com/questions/3712125/how-does-boost-python-work,How is Python able to call C++ objects when the interpreter is C and has been built w/ a C compiler?,89,2010-09-14 19:16:18Z,How does Boost.Python work?,"
                        1k times
                    ","
            8
        "
Accepted,2011-12-02 18:10:35Z,1,,Marcin Bak,"java,android,c,java-native-interface",https://stackoverflow.com/questions/8358375/how-to-return-int-array-from-java-to-jni,"I have to call a Java method from JNI. This Java method returns int array (int[] simpleMethod()). How to call this from JNI to get the array as a return value? 
I know how to do this when method returns void/String/int/etc but couldn't find anything with arrays.
I have some ideas how to work around this but maybe there is simple answer.","1,380",2011-12-02 15:10:53Z,How to return int array from Java to JNI,"
                        6k times
                    ","
            10
        "
Undetermined,2016-11-15 13:42:51Z,2,,Sajan Silwal,"javascript,php,ajax,model-view-controller,laravel-5",https://stackoverflow.com/questions/33276487/passing-javascript-array-from-view-to-laravel-controller,"I am trying to pass objs array to a function in Laravel controller using ajax. I am not recieving any data after the post.,In my controller function is like this,I guess that I am having a problem with the url in ajax and I am not sure how a controller's url is obtained.,Thank you",163,2015-10-22 08:26:39Z,Passing JavaScript array from view to Laravel controller,"
                        4k times
                    ","
            7
        "
Accepted,2011-06-23 15:35:04Z,1,,This 0ne Pr0grammer,"java,python,eclipse,jython,interpreter",https://stackoverflow.com/questions/6444131/using-a-python-script-in-java-eclipse,"I've been looking to incorporate a Python Script a friend made for me into a Java application that I am trying to develop. After some trial and error I finally found out about 'Jython' and used the PythonInterpreter to try and run the script. ,However, upon trying to run it, I am getting an error within the Python Script. This is odd because when I try run the script outside of Java (Eclipse IDE in this case), the script works fine and does exactly what I need it to (extract all the images from the .docx files stored in its same directory). ,Can someone help me out here? ","2,616",2011-06-22 17:37:46Z,Using a Python Script in Java (Eclipse),"
                        3k times
                    ","
            6
        "
Accepted,2011-11-12 09:12:55Z,5,,JJ Liu,"c,linux,shell,execvp",https://stackoverflow.com/questions/8089351/exec-any-command-in-c,"Say in C, I want to call , on any string command.  Command can just be:,I want to put this command variable inside ,.  So the , flavored function can just run with any kind of arbitrary command.,How can I do that?  Thanks.,NOTE: , is not allowed.","1,261",2011-11-11 03:32:09Z,exec() any command in C,"
                        26k times
                    ","
            8
        "
Undetermined,2018-12-17 14:24:34Z,2,,confused,"python,bash,shell,shebang,env",https://stackoverflow.com/questions/20318158/run-python-script-directly-from-command-line,"I put that at the top of a script.  I've seen that should make the script runnable from the command line without the need for ,.  Unless I'm misunderstanding I should be able to use , as long as I have the above line at the top of the script.  Is this correct?  ,It isn't working for me I just get an error indicating that I would have to use , at the beginning of the 'call'.","1,175",2013-12-01 22:36:59Z,run python script directly from command line,"
                        71k times
                    ","
            10
        "
Accepted,2016-07-17 17:14:53Z,1,,Hossein,"java,c++,multithreading,java-native-interface,jnienv",https://stackoverflow.com/questions/38378901/jni-thread-model,"When I call a C/C++ from Java, is a new thread created by JavaVM or JNI to run the C/C++ code while my Java thread is waiting?
I ask this because my C/C++ code runs something on the GPU and I need to check a specific buffer to get the result back. Once I have the result, I need to call my Java function again.,So I was thinking of creating a thread on the C++ side that continuously checks the buffer and once there is some data available, makes a call back to the Java side. ","1,006",2016-07-14 15:57:02Z,JNI thread model?,"
                        4k times
                    ","
            13
        "
Accepted,2015-05-21 17:15:21Z,3,,Fleckchen,"java,javascript,api,youtube,subscriptions",https://stackoverflow.com/questions/30263293/youtube-subscriptions-list-api-v3-nextpagetoken-isnt-available,"I'm trying to get all channels from my subscriptions. But the ""nextPageToken"" isn't available.,The response should containing ""nextPageToken"":,(from developers.google.com - YouTube (v3) - Subscriptions: list),Can you tell me why the nextPageToken is missing, please?",143,2015-05-15 15:27:08Z,youtube.subscriptions.list (api v3) - nextPageToken isn't available,"
                        2k times
                    ","
            7
        "
Accepted,2020-08-11 06:28:07Z,8,,Kango,"php,javascript,codeigniter",https://stackoverflow.com/questions/15240472/confirm-box-in-codeigniter-anchor-link-to-delete-record,"I am using the following code to delete a record from a database. But I am facing a problem: when I click on ""cancel"" in the confirm box then it deletes the record. If I click , it returns false but how does it delete the record?,What am doing wrong?,Javascript code:,PHP code in view:",727,2013-03-06 06:27:59Z,Confirm box in CodeIgniter anchor link to delete record,"
                        40k times
                    ","
            7
        "
Accepted,2013-09-10 12:54:31Z,4,,sproketboy,"java,javascript,rhino",https://stackoverflow.com/questions/2842079/how-can-i-pass-a-javascript-function-to-a-java-method-to-act-as-a-callback-rhin,"Basically I'm trying to pass a javaScript function to a Java method to act as a callback to the script.,I can do it - sort of - but the object I receive is a sun.org.mozilla.javascript.internal.InterpretedFunction and I don't see a way to invoke it.,Any ideas? ,Here's what I have so far:","8,076",2010-05-15 23:24:43Z,How can I pass a javaScript function to a Java Method to act as a callback (Rhino),"
                        9k times
                    ","
            10
        "
Accepted,2017-05-10 06:15:06Z,1,,piotrMocz,"python,c++,io,stream,cython",https://stackoverflow.com/questions/30984078/cython-working-with-c-streams,"How does one use c++ streams (like , or ,) from Cython? In c++, you could do the following:,How would you achieve the same in Cython?,I have wrapped the structures from fstream in Cython so that I can use their names in function declarations, but the tricky part is to use (wrap in Cython, perhaps) the write method and to create the streams. I haven't found any code examples on the internet.,P.S.
I know one possible answer would be to just use Python's IO but I need to pass/return the streams to and from C++ code that I'm interfacing with.,This is the code that wraps the stream declarations:",429,2015-06-22 15:34:08Z,Cython: working with C++ streams,"
                        2k times
                    ","
            13
        "
Accepted,2015-03-29 15:09:23Z,1,,Dave,"c++,python,file-io,memory-leaks,swig",https://stackoverflow.com/questions/18878179/how-to-avoid-memory-leak-with-shared-ptr-and-swig,"I'm trying to use ,'s to allow for me to use c++ file I/O stream objects in my python script.  However, the generated wrapper warns me that it is leaking memory.,Here's a minimal , file exhibiting the problem:,Here's the warning:,Is there a way to modify the , file to tell the interface how to dispose of the shared_ptr properly?","6,435",2013-09-18 17:03:28Z,How to avoid memory leak with shared_ptr and SWIG,"
                        3k times
                    ","
            8
        "
Accepted,2016-02-10 21:48:15Z,2,,SWilliams,"c#,c++,templates,vector,swig",https://stackoverflow.com/questions/29699543/how-to-get-swig-to-apply-templates-when-wrapping-a-template-class-containing-vec,"I am trying to use SWIG to wrap (in C#) some c++ code that contains a template class that itself wraps a ,. I have seen various references on the internet on how to declare the templates for the vector types, but can't get this to work with the extra layer of abstraction. This is what I am doing in the interface.i file for example:,While this seems to create the corresponding C# types correctly by themselves, the std::vector templates that I have tried to define are not applied to other classes which use them internally, included by way of header files. To show you what I mean, there's a c++ class like:,Even though I get a , class created by SWIG, when it wraps my template class it is not using it and instead giving lots of examples like this:,Please can someone advise what I am missing for SWIG to generate the wrapper using , and , instead of , and , ? ,Is this anything to do with the template getVect() function returning ,, i.e. would I need to do anything differently for the , case, where , is not a pointer?",681,2015-04-17 12:41:46Z,How to get SWIG to apply templates when wrapping a template class containing vectors?,"
                        2k times
                    ","
            15
        "
Accepted,2012-01-18 12:45:00Z,5,,rMaero,"java,linux,shell,debian",https://stackoverflow.com/questions/8884480/starting-and-killing-java-app-with-shell-script-debian,"I'm new to UNIX. I want to start my java app with a script like so:,This is supposedly working. It does run the app and it does write the pid file. But when I try to stop the process with a different script which contains this:,the console gives me this error:,My best guess is that I'm not writing the right code in the stop script, maybe not giving the right command to open the .pid file.
Any help will be very appreciated.",195,2012-01-16 18:21:08Z,Starting and killing java app with shell script (Debian),"
                        7k times
                    ","
            6
        "
Accepted,2017-10-17 18:27:26Z,2,,James,"java,c++,accessibility,java-access-bridge",https://stackoverflow.com/questions/1161142/not-receiving-callbacks-from-the-java-access-bridge,"I'm trying to use the Java Access Bridge to get information about Swing components from inside a C++ app.  However, none of the callbacks I register ever get called.  I tried enuming the windows an then calling IsJavaWindow() on each handle, but it always returns false.  Any ideas on why it apparently is not working?,I presume it's a problem with my app rather than the bridge installation because the demo Monkey and Ferret programs work, initializeAccessBridge() returns true, and the debugger reveals that the WindowsAccessBridge dll is loaded.,I'm using Java 6, update 13 on Windows Vista and I think version 2.0.1 of the access bridge.,All of the callbacks are static functions.","2,020",2009-07-21 19:11:41Z,Not receiving callbacks from the Java Access Bridge,"
                        6k times
                    ","
            7
        "
Accepted,2021-02-18 20:14:08Z,2,,Ray Goudie,"php,python,header,cgi",https://stackoverflow.com/questions/7033953/python-cgi-program-wants-to-know-the-ip-address-of-the-calling-web-page,"I am new to Python programming.,I am stuck on what should be a simple procedure.  I have a small and basic Python program that is called as CGI program by a web page.,All that I want to do is extract the IP address from the HTTP header fields.
For example, in PHP, this would be the value of ,.,I paid my dues by doing a search, and I came up with the fact that I need to use web.ctx.ip, but when I use that bit in code, there is an exception.  I probably need to import something.  I've tried the following individual imports without success:,I'd appreciate a , snippet of code that demonstrates what I need to import.  My Python CGI program is running on a Linux box that has a basic Python version 2.4.3 installed.  Do I need to install something else?",177,2011-08-11 23:01:28Z,Python: CGI program wants to know the IP address of the calling web page,"
                        6k times
                    ","
            6
        "
Undetermined,2020-07-31 14:14:18Z,2,,user3249517,"javascript,python,selenium,asynchronous,webdriver",https://stackoverflow.com/questions/29517675/how-to-get-asynchronous-javascript-responses-from-selenium-webdriver,"We have added an , call to our website.  I'm trying to get Selenium , to wait for a response from the call.,The listener looks like this:,My , code (python):,Next I execute the page should make ""foo"" return,however this is my response...",121,2015-04-08 14:33:29Z,How to get Asynchronous Javascript responses from Selenium Webdriver,"
                        9k times
                    ","
            9
        "
Accepted,2012-11-10 13:26:37Z,2,,Patryk,"c,linux,shell",https://stackoverflow.com/questions/13322119/how-to-make-script-in-linux-use-my-interpteter-and-work,"I've made a simple shell for linux. It's reading line by line with getline() until ctrl+d (eof/-1) is entered into standard input.,While entering into stdin line by line code like that:,My shell works pretty well.,I've tried to run script through my shell, but it's not working. When I execute script, my shell is automatically executed (1st line) but the shell do not interprete other lines.,What could cause it? I have to say that I'm very beginner in linuxes and teacher didnt say anything about all that stuff. Just a homework. I've done some researches but that's all I've found.,Here's code of my Shell. I've added shell path into etc/shells but its still not working ","2,824",2012-11-10 12:36:40Z,How to make script in linux use my interpteter and work? (#!),"
                        246 times
                    ","
            8
        "
Accepted,2020-03-15 04:09:39Z,4,,Juan Macek,"java,c++,java-native-interface",https://stackoverflow.com/questions/3397513/how-do-i-access-return-value-of-a-java-method-returning-java-lang-string-from-c,"I am trying to pass back a string from a Java method called from C++. I am not able to find out what JNI function should I call to access the method and be returned a jstring value. ,My code follows:, (from ""javap -s Class"")",260,2010-08-03 14:30:16Z,How do I access return value of a Java method returning java.lang.String from C++ in JNI?,"
                        16k times
                    ","
            6
        "
Undiscussed,2017-10-15 01:08:10Z,0, ,Brannon,"javascript,c,emscripten,webassembly",https://stackoverflow.com/questions/46750777/passing-a-javascript-array-of-strings-to-a-c-function-with-emscripten,"I'm new to WebAssembly and Emscripten and am trying to pass an array of strings in JavaScript to a C function for further processing with ,. Ideally I'd also like to return an array of strings back to JavaScript from C.,Below is some pseudocode of what I'm looking for:,JS,C,My guess is I won't be able to pass multi-dimensional arrays by themselves from JS to C functions, but will have to use WebAssembly heap memory instead. 
I know that the , has support for this kind of thing, but I haven't written C in ages and the specifics of this type of pointer manipulation is beyond me at the moment. ","1,134",2017-10-15 01:08:10Z,Passing a JavaScript array of strings to a C function with Emscripten,"
                        958 times
                    ","
            9
        "
Undiscussed,2017-10-15 01:08:10Z,0,,Brannon,"javascript,c,emscripten,webassembly",https://stackoverflow.com/questions/46750777/passing-a-javascript-array-of-strings-to-a-c-function-with-emscripten,"I'm new to WebAssembly and Emscripten and am trying to pass an array of strings in JavaScript to a C function for further processing with ,. Ideally I'd also like to return an array of strings back to JavaScript from C.,Below is some pseudocode of what I'm looking for:,JS,C,My guess is I won't be able to pass multi-dimensional arrays by themselves from JS to C functions, but will have to use WebAssembly heap memory instead. 
I know that the , has support for this kind of thing, but I haven't written C in ages and the specifics of this type of pointer manipulation is beyond me at the moment. ","1,134",2017-10-15 01:08:10Z,Passing a JavaScript array of strings to a C function with Emscripten,"
                        958 times
                    ","
            9
        "
Accepted,2016-07-15 14:15:44Z,3,,rakshithrai,"javascript,c#,ajax,asp.net-mvc-4",https://stackoverflow.com/questions/37206310/how-to-return-the-multiple-lists-from-controller-action-to-ajax-success-call-bac,"I am creating a mvc .net project in which i have the jquery ajax request is as follows,which call the following controller action,the code is working fine. the controller action send the data in allUser to callback function.,but what i need is that i want to send both data in alluser and allUser1 to the success function of ajax call",650,2016-05-13 09:30:22Z,how to return the multiple lists from controller action to ajax success call back function,"
                        3k times
                    ","
            7
        "
Accepted,2018-05-09 02:59:07Z,2,,Casper Beyer,"javascript,c,webassembly",https://stackoverflow.com/questions/45387728/calling-a-c-style-function-pointer-in-a-webassembly-from-javascript,"Is there any way to get access to function pointers living inside a WebAssembly module?,For example, given the following ""module"" compiled to WebAssembly: ,Can an implementation of , in JavaScript invoke the callback without having to rely on an intermediary C function export to do the actual function call?,By intermediary function export, I mean that I could add an internal function with public visibility.,Then the JavaScript , function can call the function pointer via the delegate , function.,But, it's preferable to do this without having to go through that explicit indirection, is it possible, with function tables maybe?","2,027",2017-07-29 09:37:49Z,Calling a C style function pointer in a WebAssembly from JavaScript,"
                        3k times
                    ","
            6
        "
Undetermined,2017-07-23 15:16:42Z,9,,A. Sam John Christopher,"c#,javascript,.net,asp.net",https://stackoverflow.com/questions/5828803/how-to-call-code-behind-server-method-from-a-client-side-javascript-function,"I am having an JavaScript function for a HTML button click event in ASPX page. And a server Method in its code behind page. Now i want to call the server method from the JavaScript function with some parameters only when the HTML button is clicked by the user. ,Please don't change this scenario and also don't use any asp.net contols in the aspx page while replying. Because only HTML controls are allowed. Can anyone help me on this ?. Thanks in advance. Eagerly waiting for answers.,Here is the code,,Code in markup:,Code-behind:",371,2011-04-29 06:42:09Z,How to call code behind server method from a client side JavaScript function?,"
                        270k times
                    ","
            37
        "
Undetermined,2014-02-27 09:10:25Z,1,,hammer,"java,c++,javacpp",https://stackoverflow.com/questions/22062824/how-do-i-map-a-function-call-from-c-to-java-using-javacpp,"I have a , header file which contains some functions that the , code calls. These function should be mapped to corresponding , functions.
So it is a bit like callbacks, but I cannot figure out how to map them in ,.,So for instance we have a header file:,When these functions are called from some , code, it should in turn call some , code.
How do I map this in ,?",113,2014-02-27 08:23:02Z,How do I map a function call from c++ to Java using JavaCpp?,"
                        424 times
                    ","
            8
        "
Accepted,2019-06-06 15:28:08Z,2,,Ashika Umanga Umagiliya,"java,shell,remote-debugging,jvm-arguments",https://stackoverflow.com/questions/2011311/running-java-with-java-opts-env-variable-has-no-effect,"In a shell script, I have set the JAVA_OPTS environment variable (to enable remote debugging and increase memory), and then I execute the jar file as follows:,But it seems there is no effect of the JAVA_OPTS env variable as I cannot connect to remote-debugging and I see no change in memory for the JVM.,What could be the problem?,PS: I cannot use those settings in the , command because I process command line arguments in the application. ","8,209",2010-01-06 06:34:12Z,Running java with JAVA_OPTS env variable has no effect,"
                        104k times
                    ","
            57
        "
Accepted,2014-10-19 01:51:56Z,1,,orentago,"c++,python,boost-python,keyword-argument",https://stackoverflow.com/questions/16660049/extracting-arguments-from-kwargs-in-boostpython,"I have a C++ class that I'm building into a python module using boost::python. I have a few functions that I want to take keyword arguments. I've set up wrapper functions to pass to raw_arguments and that works fine, but I want to build in some error checking for the function arguments. Is there a standard way to do this?,My function prototype, in C++, looks a bit like this:,The third argument is optional, with a default value of 0 (I've implemented this in boost::python using macros up till now). In python, I want to be able to achieve the following behaviour:,Is there something in boost::python or the raw_function wrapper that can facilitate this, or do I need to write the code to check all this myself? If I do need to, how can I raise the exceptions? Is there a standard way of doing this?",558,2013-05-20 23:52:55Z,Extracting arguments from kwargs in boost::python,"
                        3k times
                    ","
            8
        "
Undiscussed,2017-01-28 15:12:14Z,0, ,naybot,"python,c++,python-c-api,python-embedding",https://stackoverflow.com/questions/41875585/extending-and-embedding-python-in-c-is-pyimport-addmodule-required-to-import,"I am embedding Python in a C++ application and I also need to call back in to the C++ code from Python. I have been able to do this with the following simple example but I'm having a weird problem in my C++ application.,Module definitions...,In main()...,Python file demo.py...,When I add this code to my C++ application I get a read access violation at PyImport_ImportModule(). To prevent this I included the following line of code before the import.   ,This allows me to import a python script which includes ""import hello"" but I am not able to execute any of the functions in the hello module. ,Why is PyImport_AddModule preventing the read access violation? ,I'm not an experienced developer so I may be making some very basic mistakes. Any help would be much appreciated.,I have overcome the problem by adding the functions also with...,So although I have already initialised the module, before importing a script which is using this module I need to add it and the functions. I'm not sure I understand why so if someone could rationalise this for me it would be useful. ",61,2017-01-26 14:21:46Z,Extending and Embedding Python in C++: Is PyImport_AddModule required to import extension module before importing python script?,"
                        1k times
                    ","
            6
        "
Undiscussed,2017-01-28 15:12:14Z,0,,naybot,"python,c++,python-c-api,python-embedding",https://stackoverflow.com/questions/41875585/extending-and-embedding-python-in-c-is-pyimport-addmodule-required-to-import,"I am embedding Python in a C++ application and I also need to call back in to the C++ code from Python. I have been able to do this with the following simple example but I'm having a weird problem in my C++ application.,Module definitions...,In main()...,Python file demo.py...,When I add this code to my C++ application I get a read access violation at PyImport_ImportModule(). To prevent this I included the following line of code before the import.   ,This allows me to import a python script which includes ""import hello"" but I am not able to execute any of the functions in the hello module. ,Why is PyImport_AddModule preventing the read access violation? ,I'm not an experienced developer so I may be making some very basic mistakes. Any help would be much appreciated.,I have overcome the problem by adding the functions also with...,So although I have already initialised the module, before importing a script which is using this module I need to add it and the functions. I'm not sure I understand why so if someone could rationalise this for me it would be useful. ",61,2017-01-26 14:21:46Z,Extending and Embedding Python in C++: Is PyImport_AddModule required to import extension module before importing python script?,"
                        1k times
                    ","
            6
        "
Accepted,2017-08-20 11:02:00Z,6,,Jason Sears,"php,javascript,jquery,ajax,html",https://stackoverflow.com/questions/15300470/jquery-ajax-form-using-mail-php-script-sends-email-but-post-data-from-html-fo,"Thanks for taking the time to look, guys. I'm creating a pretty basic AJAX contact form using jQuery. The email sends, but upon opening the email there is no POST data, so I just get the strings I defined in the PHP script. On my phone's email client, the content of the email literally says 'undefined'. I've tried adding different types of header data to no avail, and a number of variations on the PHP mail() function. ,I am more than willing to adopt an easier solution for a simple AJAX form, so thanks in advance for any new approaches. ,Here is the form:
    ,The jQuery AJAX:,The PHP script (external file 'email.php'):",429,2013-03-08 18:07:13Z,"jQuery AJAX form using mail() PHP script sends email, but POST data from HTML form is undefined","
                        112k times
                    ","
            14
        "
Accepted,2020-05-06 21:24:36Z,3,,Lee White,"c#,c++,dll,unity3d",https://stackoverflow.com/questions/15923595/how-to-use-a-c-dll-in-unity3d,"I am aware of ,, but it does not respond to my problem.,I have written two ,s using Visual Studio 2010. One is in C++, and communicates with an SDK that was written in C++. The other is a C# wrapper for that C++ library, so that it can be used in C# contexts.,My plan was that this would let me use my code in ,, but apparently that is not the case. It seems like , does not allow me to import ,s as Assets if they are not a , assembly. So I can add my C# wrapper, but not the C++ dll.,This results in a , whenever I try to access the C++ library. I have tried simply copying the C++ library into the , folder, but that gives the same results.,Is there a way to do this properly? This is a very vital part of my project setup.","3,427",2013-04-10 10:42:31Z,How to use a C++ dll in Unity3D?,"
                        30k times
                    ","
            7
        "
Accepted,2014-02-05 15:50:31Z,2,,arxoft,"php,shell,shell-exec",https://stackoverflow.com/questions/21581560/php-how-to-know-if-server-allows-shell-exec,"On some servers, PHP is not allowed to run shell commands via shell_exec. How can I detect if current server allows running shell commands via PHP or not? How can I enable shell commands execution via PHP?","1,120",2014-02-05 15:36:00Z,PHP - How to know if server allows shell_exec,"
                        18k times
                    ","
            11
        "
Undetermined,2016-10-30 21:57:48Z,1,,tesslins,"javascript,python,json,python-2.7,jinja2",https://stackoverflow.com/questions/24719592/sending-data-as-json-object-from-python-to-javascript-with-jinja,"I'm trying to send a lat/long point as a JSON object from Python to a javascript. I'm using Flask so the following is Jinja templating..,Python:,html with js:,I'm using the eval because the standard Jinja notation of variable = {{ data }} isn't working and I found some advice that eval was necessary. Any advice?",261,2014-07-13 04:40:01Z,sending data as JSON object from Python to Javascript with Jinja [duplicate],"
                        38k times
                    ","
            24
        "
Accepted,2012-04-21 11:07:08Z,3,,user1245262,"python,c,python-c-extension",https://stackoverflow.com/questions/10256315/python-c-extensions-why-must-callable-c-functions-take-arguments-and-return-py,"I'm just starting to play with Python C extensions and am curious as to why a C function, which is callable from Python must take 2 PyObject* arguments and return a PyObject*. I wrote the following ""Hello World"" extension:,Why can't I (especially with METH_NOARGS) use the following hello_world method:,?","5,930",2012-04-21 04:50:14Z,Python C Extensions - Why must callable C functions take arguments and return PyObject *,"
                        3k times
                    ","
            7
        "
Undetermined,2010-06-20 10:01:19Z,2,,g__k,"python,c,perl",https://stackoverflow.com/questions/3078680/adding-printf-to-the-starting-of-all-functions-in-a-file,"I have some very large C files, having lots of functions. I need to trace the execution path at run time. There is no way I can trace it through debugging as its a hypervisor code currently running over qemu and doing a lot of binary translations.,Can anyone point me to some script in Perl or Python which can add a , at the starting of all functions and the text could be something like ""I am in < function name >""?",81,2010-06-20 08:47:06Z,Adding printf to the starting of all functions in a file,"
                        877 times
                    ","
            8
        "
Accepted,2018-05-28 02:44:31Z,3,,Brazol,"c#,javascript,.net,winforms,browser",https://stackoverflow.com/questions/7322420/calling-javascript-object-method-using-webbrowser-document-invokescript,"In my WinForms application I need to call javascript function from my WebBrowser control. I used Document.InvokeScript and it works perfect with functions alone e.g ,But when i want to call javascript object method e.g.,it doesn't work. Is there a way to make it work? Or different solution to this problem? , changing anything in the javascript code!,Thanks in advance :)",305,2011-09-06 15:33:46Z,Calling javascript object method using WebBrowser.Document.InvokeScript,"
                        30k times
                    ","
            9
        "
Accepted,2014-01-18 05:01:02Z,1,,triclosan,"java,c,java-native-interface,swig",https://stackoverflow.com/questions/20692053/callback-as-parameter-of-c-structure-java-wrapper-generation,"I have no problem with simple callbacks when free function passed as parameter to another,  thanks to ,.,But assume bit more difficult C interface:,I intent to generate some nice Java wrapper for code like this. 
I assume to have as result ,I realize that SWIG have some problem with generation of pure Java interfaces, but I believe it's not major problem. The problem is I have no idea how to reinterpret such nested structure to acceptable Java code. ","5,216",2013-12-19 21:29:33Z,Callback as parameter of C structure - Java wrapper generation,"
                        878 times
                    ","
            7
        "
Accepted,2019-02-06 13:42:44Z,1,,payne,"c,shell,posix",https://stackoverflow.com/questions/54545813/using-kill-to-trigger-a-parents-waitpid,"I'm using , to ensure I can catch ,., is set through forking:,It seems like it successfully stops the child process, but then it doesn't trigger the parent's ,. I would've thought there would be a signal sent to the parent when I'd use this , function, but it seems like it isn't since my ""shell"" gets stuck on that , line.,How do I make it so that, once , is pressed, the process running an , command (which is a child, at that point) should be put in the background (stopped), and then the parent process should gain back its control over the flow of the program ?","2,911",2019-02-06 02:26:57Z,Using `kill` to trigger a parent's `waitpid`,"
                        207 times
                    ","
            6
        "
Undetermined,2016-09-12 09:14:53Z,1,,btmcnellis,"javascript,java,android,react-native",https://stackoverflow.com/questions/35545598/custom-events-in-react-native-android-native-ui-component,"I'd like to use OpenStreetMap tiles in my React Native app on Android, so I'm trying to wrap the OSMDroid native UI component as described , For the most part it's working fine, but I'm having trouble figuring out how to correctly handle events, specifically , and ,. ,With OSMDroid, you set a DelayedMapListener to handle the events, which is pretty straightforward. I've confirmed that events are being handle correctly Java-side up until the point where the JS code should be triggered. However, they're not triggering my JavaScript code.,Based on ,, I've implemented the event handlers in Java in the , method of my view manager:,The relevant part of my JS code is basically identical to the code in the documentation linked above: ,There are no errors or any signs that anything is wrong. The Java event handler code is called correctly. There's just no sign of anything happening in the JS code when an event occurs. Does anyone know how to do this correctly? I feel like I must be missing some basic concept here.",621,2016-02-22 03:59:26Z,Custom events in React Native Android native UI component,"
                        4k times
                    ","
            16
        "
Accepted,2018-10-19 00:03:04Z,2,,kskp,"python,shell,arguments",https://stackoverflow.com/questions/39498702/passing-arguments-to-python-from-shell-script,"I wrote a small shell script that looks like this:,My , looks like this:,Now, the output of echo $var1 in my shell script is exactly what I wanted to see:,But the output of , in the python code is just ,. i.e. the first letter of the argument.,Why is this happening? I want to pass the entire string to the python code.",622,2016-09-14 19:58:40Z,Passing arguments to Python from Shell Script,"
                        37k times
                    ","
            10
        "
Accepted,2011-03-20 09:04:15Z,1,,ghet,"c#,.net,c++,windows,pinvoke",https://stackoverflow.com/questions/5367515/how-to-call-a-c-dll-exported-function-from-c-sharp,"This is the first time I'm trying to mix c# an unmanaged C++ so this might be a very simple question , but I don't get it.,I need to call some functions from a C++ dll into C# code. Here is the code for the dll project:,the .h file :,the .cpp file,I compiled this for both the debug and releas and copied it in the , folder of my C# project. Neither version worked.,Here is the c# code:,And when I try to run this I get ,But as I see the signatures are the same. What am I missing??,Thanks!",145,2011-03-20 08:42:42Z,how to call a C++ dll exported function from c#,"
                        8k times
                    ","
            6
        "
Undetermined,2019-03-03 14:27:01Z,3,,Mino_e,"java,python,sockets,networking,linux-kernel",https://stackoverflow.com/questions/54636989/java-socket-fails-to-connect-to-0-0-0-0-with-noroutetohostexception-instead-of,"When opening a socket to , and , (just a random closed port) with java's socket class , the socket connect fails with a , on ,I'm using this testcode: ,What , I'm actually expecting is a , , which is also what I'm getting with another Cent OS machine, let's call it ,:,So it seems like the only difference is the kernel version.,In the example above i used a port which is closed , just for demonstration purposes. The same applies if there is an actual listening port on the machine then it will be , vs ",373,2019-02-11 18:35:32Z,"Java Socket fails to connect to ""0.0.0.0"" with NoRouteToHostException instead of ConnectionRefused","
                        1k times
                    ","
            9
        "
Undetermined,2013-03-14 17:37:53Z,2,,Brent Campbell,"java,c++,java-native-interface,shared-memory",https://stackoverflow.com/questions/15414753/shared-memory-between-c-and-java-processes,"My aim is to pass data from a C++ process to a Java process and then to receive a result back.,I have achieved this via a named pipe but I would prefer to share the data rather than passing or copying it, assuming the access would be faster.,Initially, I thought of creating a shared segment in C++ that I could write to and read with Java, but I'm not sure if this is possible via JNI, let alone safe.,I believe it's possible in Java to allocate the memory using ByteBuffer.allocateDirect and then use GetDirectBufferAddress to access the address in C++, but if I'm correct this is for native calls within JNI and I can't get this address in my C++ process?,Lost.,Many thanks in advance.",345,2013-03-14 16:23:46Z,Shared memory between C++ and Java processes,"
                        16k times
                    ","
            23
        "
Accepted,2019-05-21 09:32:00Z,2,,Manolis Pap,"javascript,java,spring-boot,websocket,sockjs",https://stackoverflow.com/questions/55964908/passing-jwt-token-to-sockjs,"I need to send the token when the handshake happens with SockJS. I've tried many suggested implementations but the same exception is called ,In the back-end ,The function that tries to make the connection with the socket. Plain javascript.,The issue is on the handshake, those headers doesn't seem to pass the token correctly. I've tried many variations on the handshake but I can't find the correct on in my case.,I got the implementation idea from here, before I tried to use the headers after the handshake but I figure out that it needs the token immediately. ,Edit: Adding WebSecurityConfig ,createAuthenticationToken,Stack trace (the same exception has been caught four times when the handshake and connection happens from the websocket with the back-end). I added it on pastebin because it would ruin the post. ,  ",961,2019-05-03 07:14:04Z,Passing JWT token to SockJS,"
                        5k times
                    ","
            10
        "
Accepted,2017-10-31 13:07:03Z,3,,Shailesh Vaishampayan,"java,javascript,tomcat,websocket",https://stackoverflow.com/questions/21852459/tomcat-7-0-50-java-websocket-implementation-gives-404-error,"I am trying to implement a websocket on tomcat 7.0.50 using annotated endpoints as specified in Java Websocket API (1.0)- JSR 356. Following are the brief steps how I have coded it
1) Write a websocket endpoint using @ServerEndpoint annotation
2) implement @onOpen and @onMessage methods
3) open a websocket using javascript on google chrome.,Please find code corresponding to above steps in order,1) STEP 1 & 2 - writing websocket server endpoint:,},2) STEP 3 - opening websocket using javascript api in chrome:,I am using following versions of softwares :
     1) Tomcat - 7.0.50
     2) Java - 1.7.45
     3) Servlet - 3.0
     4) Have included following Maven dependency
     5) Chrome - 32.0.1700.107m,However I am getting following error and connection is closed with 1066 error code in chrome's console:,Is there any configuration I am missing out on. I tried to search a lot but couldn't find anything. Please I need this to be solved ASAP.","1,627",2014-02-18 11:32:11Z,tomcat 7.0.50 java websocket implementation gives 404 error,"
                        11k times
                    ","
            10
        "
Undetermined,2012-09-18 01:40:01Z,1,,BlueScreenOfTOM,"java,php,android",https://stackoverflow.com/questions/12249885/java-android-httpurlconnection-setchunkedstreamingmode-not-working-with-all-php,"I've spent the last day or so trying to debug this issue and I'm out of ideas.  Basically I have an Android app that is POSTing some data to a PHP/Apache web server.  This code seems to work fine when I point it at my local test server.  It also seems to work fine when I point it at my production server, but ONLY when I comment out the line ,.  Once that line is enabled, the post only works on my local test server, but when posting to the production server, the PHP $_FILES array is empty.  I've tried passing numerous values to , (including 0 and 1024) but none of these seem to fix the problem.,At this point I'm assuming the issue has to do with the way the production server's PHP is configured, but as far as I can tell, all the important parameters on the server are the same as on my test instance.  Additionally, they're both running the same version of Apache and PHP.  My production server is run by Bluehost.,Here's the Java code I'm using to upload:,And here's the PHP code I'm using on the other end to recieve:,I stuck a , at the very beginning of the script to determine that $_FILES is empty on the production instance, but not on the test instance.  Any ideas would be greatly appreciated.",151,2012-09-03 14:35:36Z,Java/Android HttpURLConnection setChunkedStreamingMode not working with all PHP servers,"
                        5k times
                    ","
            8
        "
Undetermined,2017-05-13 08:18:54Z,3,,user3144600,"java,javascript,angularjs,mongodb",https://stackoverflow.com/questions/23273628/angularjs-calling-java-functions,"I have one simple web application in JAVA and angularjs. Where users can add persons to app and remove them from mongo database. ,My problem is, I don't know exactly how angular communicates with java and calls Java functions. For example if i want to delete a person from my database after a button click. ,here's some code,});,also i have a java class where i want to delete this person from database,the getTemplate() returns MongoTemplate.,Can anyone tell me what i am doing wrong to get my entry deleted from database ?",71,2014-04-24 15:41:12Z,Angularjs calling java functions,"
                        24k times
                    ","
            6
        "
Undetermined,2013-03-01 08:12:47Z,1,,spamguy,"java,javascript,applet,jnlp",https://stackoverflow.com/questions/14571582/cant-call-jnlp-deployed-applet-code-from-javascript,"This is literally my first question about Java, so bear with me.,I built a stupid simple applet class called HelloWorldApp.class from this code:,I then built a jar file from said class file. Afterwards, I made a stupid simple JNLP file:,I tossed all three items in the directory /Content/applets. Finally, to tie it all together, I dropped this in the body of an HTML document:,...and created a button with an onclick action of calling:,The problem? No function call; the JS console responds saying ""Uncaught TypeError: Object # has no method 'test'"". So somewhere along the line, deployment didn't work out. But where? Based on examples the JNLP stuff looks right.","1,522",2013-01-28 21:29:06Z,Can't call JNLP-deployed applet code from JavaScript,"
                        2k times
                    ","
            6
        "
Accepted,2020-11-05 20:17:42Z,2,,Dougui,"python,c++,sockets",https://stackoverflow.com/questions/20732980/how-to-use-socket-with-a-python-client-and-a-c-server,"I have a simple client/server program.,The client is written in python as this :,And I wrote a server in python like this :,I want to create a C++ version of the server. I did this :,It works one time but it block at the line , of the client.,This is the output from the client :,And this is the output from the server :,As you can see, the communication is like this :,What is my error?","6,852",2013-12-22 19:06:47Z,How to use socket with a Python client and a C++ server,"
                        15k times
                    ","
            6
        "
Accepted,2021-01-01 16:28:16Z,3,,wirrbel,"javascript,jquery,python,ajax,flask",https://stackoverflow.com/questions/22854749/flask-and-ajax-post-http-400-bad-request-error,"I am writing a small flask based site and I would like to send data from the client to the server using Ajax. Until now I have only used Ajax requests to retrieve data from the server. This time I would like to submit data via POST request.,This is the receiver on the flask side, I reduced it to barely log a message to avoid any unnecessary errors within the implementation of this route:,When submitting the ajax request, flask gives me a 400 error,I can also see this in the web developer console in the browser,Why is flask not calling , with the supplied data in the request?","2,921",2014-04-04 06:03:28Z,Flask and Ajax Post HTTP 400 Bad Request Error,"
                        10k times
                    ","
            21
        "
Accepted,2017-08-11 16:10:38Z,2,,guest271314,"javascript,php,multithreading,file-upload,language-agnostic",https://stackoverflow.com/questions/42475492/how-to-read-and-echo-file-size-of-uploaded-file-being-written-at-server-in-real,"Question:,How to read and echo file size of uploaded file being written at server in real time without blocking at both server and client?,Context:,Progress of file upload being written to server from , request made by ,, where , is set to ,, ,, ,, or , object. ,The current implementation sets , object at , object passed to second parameter of ,.,Requirement:,Read and , to client the file size of file being written to filesystem at server as ,. Stop when all of the bytes, provided as a variable to the script as a query string parameter at , request have been written. The read of the file currently takes place at a separate script environment, where , call to script which should read file is made following , to script which writes file to server. ,Have not reached error handling of potential issue with write of file to server or read of file to get current file size, though that would be next step once , of file size portion is completed.,Presently attempting to meet requirement using ,. Though also interested in ,, ,, ,, ,; or other languages or approaches which can be used to perform same task. ,The client side , portion is not an issue. Simply not that versed in ,, one of the most common server-side languages used at world wide web, to implement the pattern without including parts which are not necessary.,Motivation:,Related:,Issues:,Getting ,at ,.,Also, if substitute,for ,produces error at ,.,Without , call, correct file size was dispatched to , event for a , file, ,, was printed at , ,, ,, and , times, respectively, when uploaded same file three times. The expected result is file size of file as the file is being written at ,instead of file size of uploaded file object. Are , or , blocking as to other a different , process at ,? ,Tried so far:, is attributed to  ",1,2017-02-26 23:22:19Z,How to read and echo file size of uploaded file being written at server in real time without blocking at both server and client?,"
                        2k times
                    ","
            10
        "
Accepted,2013-09-10 23:27:57Z,3,,Kylee,"javascript,python,mongodb,angularjs,flask",https://stackoverflow.com/questions/18583273/issues-with-cors-flask-angularjs,"Starting a new project with a angularjs client app and a flask app providing the api. I'm using mongodb as the database. I had to immediately rule out jsonp since I would need the ability to POST across different ports. So we have localhost:9000 for the angular app and localhost:9001 for the flask app.,I went through and made the changed needed for CORS in my API as well as my angular files. See source below. First issue I ran in to was that there is a bug that CORS allow header does not recognize localhost in Chrome. I updated my hosts file so I could use moneybooks.dev and this worked for my GET requests without using JSONP.,Now, to the issues I'm facing. When submitting a POST request, its stating , What? GET can go through but POST is declined. I see the request come through to flask but it returns HTTP 400. I need help making POST requests work.,Another issue, which may be related, is that on my GET requests, sometimes the GET request doesn't fire at all. Like in , the loadBudget function. On #/budgets/budgetID the name of the budget will sometimes not load at all. I check the flask log and don't see a request coming through. Then I click refresh, I see the request, the budget name appears on the page however in the flask log I see an error. , Its a connection error that only appears in the flask log when the GET request succeeds.,Are these issues related? Can anyone see what I'm doing wrong?,Output from chrome dev console.,Console:,Network","1,537",2013-09-03 02:38:06Z,Issues with CORS. Flask <-> AngularJS,"
                        4k times
                    ","
            7
        "
Accepted,2020-09-01 05:31:26Z,1,,lordlabakdas,"javascript,python,reactjs,flask,flask-restful",https://stackoverflow.com/questions/48777708/react-frontend-connecting-to-flask-backend-howto,"I have a ReactJS front end and a flask backend and I am having difficulties making both talk to each other, particular sending form variables from the frontend to Flask. ,Given below is my front end code which runs on 127.0.0.1:3000,My backend flask code is as given below and runs on 127.0.0.1:5000","1,011",2018-02-14 00:09:04Z,react frontend connecting to flask backend Howto,"
                        12k times
                    ","
            7
        "
Accepted,2021-05-10 07:55:24Z,1,,Anurag Singh,"php,javascript,jquery",https://stackoverflow.com/questions/17834243/how-to-read-formdata-object-in-php,"Hello everyone I am posting a sample code in which I am uploading a file using Ajax JQuery. All thing works fine but I want to read the file content in my php code. So what is the syntax to read it?,Now I do not know how to read the file data sent via Ajax. So please let me know the code",707,2013-07-24 12:36:21Z,how to read FormData object in php,"
                        69k times
                    ","
            20
        "
Accepted,2018-02-27 14:06:24Z,1,,Philip Butler,"javascript,python,json,flask",https://stackoverflow.com/questions/49010415/flask-request-get-json-returning-none-when-valid-json-data-sent-via-post-reque,"Building an app using flask. The app uses a table structure to display data. Part of its functionality is collecting the data from user specified table rows. To do this I have placed a button on each row that executes some js. The js collects the information from the row, uses JSON.stringify() to convert to json object and the issues the post request to the relevant flask url. ,Logging the value of the jsonified object to the browser console from js file shows it is correctly formed. The post request contacts the correct route however the request.get_json() function returns a value of None in the method of that route.,I have set up a seperate route in flask for testing. Here is the relevant code,from javascript ,get_table_row_data() simply returns an object with key:value pairs. The log shows the data is correctly formatted json.,And here is the python code,Here data is coming up as None,any help much appreciated ",459,2018-02-27 13:56:14Z,Flask request.get_json() returning None when valid json data sent via post request [duplicate],"
                        30k times
                    ","
            12
        "
Accepted,2017-09-27 12:52:45Z,3,,UzumakiDev,"javascript,php,jquery,ajax,wordpress",https://stackoverflow.com/questions/19370223/why-is-my-ajax-request-getting-response-0,"I've setup the basic wordpress ajax example in my wp theme. The trigger is made by modernizr.js checking the media queries on the page.,I have localized and enqueue'd my scripts.,and finally the function that handles the request is:,This constantly gives me a response of 0 (no properties) and I do not know why.
P.S This is all local.","1,246",2013-10-14 22:20:11Z,Why is my ajax request getting response 0?,"
                        30k times
                    ","
            12
        "
Undetermined,2017-03-27 08:21:48Z,6,,Human Being,"javascript,java,html,jsp,angular",https://stackoverflow.com/questions/42663777/html-vs-jsp-get-request-header-token-value,"I am working on , application . Front end would be , . ,If I try to open my application home page(  , is configured in , as , ) . Access URL should be  , .,Then I have taken into an , for authentication. If authentication succes , HTTP Authorization token will be set in the , and finally control comes to display my application home page.,If I use ,, I can get , as,,But we are using , as front end, because of , .,So for my scenario, how I can I get the , and ,. ,Please don't hesitate to edit my question, if it is not clear.","7,829",2017-03-08 05:39:39Z,Html vs JSP - get request header token value,"
                        3k times
                    ","
            6
        "
Accepted,2015-07-13 06:59:25Z,1,,Nirmalz Thapaz,"javascript,php,ajax,sockets,ratchet",https://stackoverflow.com/questions/31366855/how-to-bind-zeromq-socket-with-ratchet-web-socket-library-to-make-real-time-appl,"I am just a beginner in this whole area involving websocket, Ratchet and ZeroMQ. ,To my basic understanding:, is something that helps to create open connection between server and client.  , is a PHP based library which uses PHP's core Socket functions to create a PHP socket framework allowing us to ease in PHP socket programming. , is a socket library that helps non-ratchet application to (other PHP script) send the data over Ratchet Socket and web-socket.,I am following the tutorial found in ratchet about 'hello world' and 'pusher' but both of them seems to be incomplete and only teaches how to work with console only. I have also found ratchet-example in github but it is not properly documented. I was looking for a complete example (with a dedicated html page and javascript) ,Below is the code I am working on: This is one of the method of the controller which I am making a Ajax request for. This method will create a new post (lets say). I want to update the list of post dynamically in multiple client's browser by broadcasting/pushing with the help of ZeroMq.,A method in a controller:,Pusher File:,Shell Script to run server:,Shell script only tells that it will serve in port 8080, however how would I mention my routes. Lets say I want the open connection in only the page 'mysite/allposts'. Also, what would be the script that I have to write in client side (a javascript file) and how to receive these new data by client side updating a particular DOM object. ",895,2015-07-12 10:37:47Z,How to bind ZeroMQ socket with Ratchet web-socket library to make real time application for php application?,"
                        3k times
                    ","
            8
        "
Accepted,2020-05-20 10:46:43Z,5,,oussama kamal,"javascript,php,jquery,ajax,twitter-bootstrap",https://stackoverflow.com/questions/29626410/krajee-bootstrap-file-input-catching-ajax-success-response,"I'm using Krajee the Bootstrap File Input plugin to perform an upload via AJAX call.,Here is the link to the Krajee plugin AJAX section: ,The JS and PHP (codeigniter) codes I'm using are as following:,JS:,PHP:,Right now I get a response from PHP whatever it is an error or a success as JSON, I have went through the plugin documentation and I still can't find how to catch the AJAX response and act according to that response as we do in jQuery with the ajax success function : ,How can I do this?",967,2015-04-14 11:43:05Z,"Krajee Bootstrap File Input, catching AJAX success response","
                        41k times
                    ","
            11
        "
Undetermined,2015-06-22 07:41:35Z,1,,Mahfud Muhammad,"javascript,php,jquery,ajax,json",https://stackoverflow.com/questions/30971295/how-to-do-login-with-ajax-and-json-for-hibrid-mobile-app,"I am a novice coder. For my project I am trying to make a login form for mobile web using , and ,. I have tried to test the code from tutorial , by my self.,and this is my code:,with javascript:,It's directing the data with ajax to check.php in the same server in localhost.,In the link that provided by tutorial ',' the code is working fine. But for me I am getting below error when I tried to implement the same.,Can anyone tell me what is wrong with my code? and how to make it success if the username and password authenticated with , database?",169,2015-06-22 02:16:36Z,How to do login with ajax and json for hibrid mobile app,"
                        1k times
                    ","
            8
        "
Accepted,2017-06-08 04:47:54Z,2,,Vladimir,"javascript,php,jquery,ajax,laravel-5",https://stackoverflow.com/questions/28386534/post-request-with-jquery-and-laravel-framework,"I need to receive data from jQuery post request, think there is some error with routs or controller, here is my post request javascript code:,Also here is my routes for Laravel framework:,Controller:,my ajax.php script is into /resource/views/ajax/ajax.php
Also if I put script into /public/ajax/ajax.php all works fine....I use Laravel 5... Please help,I found what is problem but don't know how to solve.,When I disable csrf protection from: kernel.php code work anyone know how to make code work with csrf protection enabled?","1,601",2015-02-07 19:42:37Z,Post request with jQuery and Laravel framework,"
                        22k times
                    ","
            8
        "
Accepted,2011-06-11 05:59:16Z,2,,Igor,"javascript,c++,node.js,frontend,backend",https://stackoverflow.com/questions/6314320/designing-javascript-frontend-c-backend-communication,"In my nearest future I will have to make a system with C++ backend and web frontend (requirements). At the moment, I don't know much more about it. I think that Frontend will be triggering data delivery, not backend - so no need for Comet-like things.,Because of possibly little experience in this field, I'd really appreciate your comments about design decisions I made.,First of all, I don't like the option of generating HTML from C++. 
So, C++ backend will have to communicate with Javascript frontend. Simplest option I see here is Ajax. I think it should be ok, so far.,Commucating through Ajax with C++ backend means that backend should be capable of handling HTTP. It'd be nice to separate backend which provides actual data from HTTP handling functionality.,Here I see the place for Node.js. I got an overview of it and this's the place where all my doubts lie.,To have a HTTP handling server on Node.js, which will have the 'data backend' as a Node.js module? I think, it should be ok - but I'm not sure that I really need all this asynchronization, so there may be some simpler options I'm not aware of? How would you make such a system?,Thanks in advance.",98,2011-06-11 05:38:21Z,Designing Javascript frontend <-> C++ backend communication,"
                        6k times
                    ","
            6
        "
Undetermined,2018-10-19 17:41:18Z,5,,mafortis,"javascript,php,html,laravel,eloquent",https://stackoverflow.com/questions/51585831/get-info-by-javascript-in-laravel,"I'm trying to get specific column from second table by javascript and return data of it to my view but i'm not sure how it can be done.,so far this is my codes (I am aware that specially my controller method has identifying issue to find te right data),I'm trying some changes in my code but I can't get right ,that's how my database look like and as results for quantity between , to , i get , while i have to get , from , to ,.,From number , to , i get no results at all.,From number , to up all i get is ,Any idea?","5,262",2018-07-30 01:03:24Z,Get info by javascript in laravel,"
                        9k times
                    ","
            10
        "
Undetermined,2021-02-12 00:27:34Z,5,,AtnNn,"php,javascript,jquery,ajax",https://stackoverflow.com/questions/8854816/keeping-the-cookie-after-a-cross-domain-ajax-request,"A javascript application running on , tries to authenticate it's users with cross-domain ajax calls.,The request looks like:,The first response from the server tries to set a cookie:,But the second request does not include this cookie, nor do any other ajax requests to that domain.,I am not trying to read the cookie for another domain, I just want the application on the other domain to be able to set and read its own cookie.,Is this possible?,I have tested in Chrome and Firefox 9.","5,956",2012-01-13 17:39:36Z,Keeping the cookie after a cross-domain ajax request,"
                        20k times
                    ","
            17
        "
Accepted,2013-02-26 22:29:40Z,4,,adelbertc,"python,shell,subprocess,pipe",https://stackoverflow.com/questions/10405515/piping-in-shell-via-python-subprocess-module,"So I'm trying to query for the top 3 CPU ""intensive"" processes on a given machine, and I found this shell command to do it: ,I want to use this data inside a Python script, so I need to be able to capture the output of the above command via the , module. The following works, but just returns a huge string since I'm not restricting it to the top 3:,I'm not quite sure how this , works.. in a meager attempt I tried:,Which gives me an error: ,How do I use the pipe , symbol inside Python, or use some other way to do the sorting without having to do incredible amounts of parsing on the huge string returned by ,?,Thanks!
Regards,
-kstruct","7,060",2012-05-01 22:53:29Z,piping in shell via Python subprocess module,"
                        7k times
                    ","
            7
        "
Accepted,2010-09-20 17:34:25Z,1,,Vishesh Handa,"python,c,sockets,routing",https://stackoverflow.com/questions/3752231/socket-no-route-to-host-error,"I have a connection which is behind a restrictive firewall which only allows HTTP(S) access through a proxy (10.10.1.100:9401). The IP address I get is dynamic and the subnet mask is 255.255.255.255 (I know, weird!).,I tried to write a simple Python socket program to connect to the proxy in order to send some HTTP requests:,I get an exception (113, ""No route to host"") during the connect. Now here is the weird part—I can browse the web using these same proxy settings, and if check the currently connected sockets via , I see an ACTIVE connection to 10.10.1.100:9401. ,I tried a simple command like , and even that works! If I enable the debug option (,) in wget, I can even get the socket's file descriptor. ,I went through the wget source code, and from what I can see it too uses a normal connect statement and does not set any special socket options (I'll go through it more throughly later). I've tried the same code in C, and it too fails. ,The routing table provided via , is,Does anyone have any idea what might be wrong?,EDIT: Currently my IP is 10.16.82.250. And that is all that is there in the , output. If you're interested my external IP is 203.8.8.2. , -,EDIT 2 :
I landed up installing tcpdump and going through it's manual, and finally installing wireshark ( I'm on my N900 ) only to realize, from the packet dump, that I've been using the port 4901 instead of 9401 in both in C program and the python script! Doh! I blame the small screen and, well, myself. ,Is there any way to close this question with a ""I'm an idiot"" or something? :P
Sorry for taking up your time! ( I've spent over a week on this. I can't believe I went through most of ,'s source code! )","1,669",2010-09-20 14:07:37Z,Socket 'No route to host' error,"
                        16k times
                    ","
            6
        "
Undetermined,2015-05-12 15:44:01Z,2,,Jorgen,"java,javascript,ajax,jetty",https://stackoverflow.com/questions/4024275/jetty-preflight-and-ajax,"Having a Jetty server set up programmatically which I try to access via ajax and xmlHttpRequest. Without authorization, the call works fine but with, I get 401 Unauthorized.
Any suggestions.,Javascript call looks like this (shortened):,Server code looks like this (even shorter)",151,2010-10-26 13:45:59Z,"Jetty, preflight and ajax","
                        2k times
                    ","
            15
        "
Undetermined,2017-03-17 21:36:04Z,2,,Jonatha Suh,"javascript,php,ajax,curl",https://stackoverflow.com/questions/31391483/long-polling-with-php-curl,"I am following , for Spring MVC chat client which used HTTP long polling.,My web server is located at port 7555, and I need to be able to make an HTTP long polling request to port 7555 from port 80 (browser) so I created a PHP script that calls my webservice.,I call this PHP file from my JavaScript with parameters like this:,The PHP file is located is located in my localhost. This does not seem to work because the JavaScript seems to calling the PHP (which calls the URL) endlessly. Am I doing long polling correctly with PHP curl? Do I need to make the Ajax call in JavaScript since I am the HTTP call in curl?",195,2015-07-13 19:08:43Z,Long polling with php curl,"
                        1k times
                    ","
            11
        "
Accepted,2019-05-26 15:37:14Z,2,,Scalar,"php,javascript,http-headers,xmlhttprequest",https://stackoverflow.com/questions/5169434/content-transfer-encoding-in-file-uploading-request,"I'm trying to upload file, using XMLHTTPRequest, and sending this headers:,But on server side PHP ignore header ""Content-Transfer-Encoding: base64""
and write  base64 undecoded data directly into the file!,Is there any way to fix it?,p.s. it is very important to send data using base64",232,2011-03-02 15:10:02Z,Content-Transfer-Encoding in file uploading request,"
                        12k times
                    ","
            8
        "
Accepted,2019-11-06 14:03:51Z,3,,Teo M,"javascript,php,jquery,ajax",https://stackoverflow.com/questions/29516515/how-to-get-a-zip-with-ajax-from-php-server,"I'm trying to send a zip generated by a php server when requested by jquery's $.ajax.,This is my code:,php:,javascript:,What happens:,The problem is I have no idea if the problem comes from php or from javascript. I don't know if php is sending a corrupted zip or if javascript isn't reading it right.,I have tried all the php headers combinations and methods i've found on the internet. I have also tried to do things differently in javascript: using an ArrayBuffer instead of Uint8Array, passing bytes instead of data to zip.load(), using {type: ""application/octet-stream""} in Blob().",240,2015-04-08 13:46:56Z,how to get a zip with $.ajax from php server,"
                        8k times
                    ","
            7
        "
Accepted,2021-05-15 14:09:12Z,6,,user1201915,"php,javascript,jquery,ajax,post",https://stackoverflow.com/questions/10936407/ajax-type-post-post-method-to-php,"I'm trying to use the POST method in jQuery to make a data request. So this is the code in the html page:,And this is the php code on the server :,The POST request is not made at all and I have no idea why. The files are in the same folder in the wamp www folder so at least the url isn't wrong.",133,2012-06-07 16:59:36Z,"$.ajax( type: ""POST"" POST method to php","
                        115k times
                    ","
            12
        "
Accepted,2014-06-22 13:51:45Z,2,,Adam,"c#,javascript,signalr",https://stackoverflow.com/questions/24192138/signalr-longpolling-multiple-groups-add-for-a-single-client-exception,"I've been struggling with this one for a while. We're using the latest SignalR 2.0.3. The problem happens when we add to multiple SignalR groups. The exception is only thrown when multiple adds happen from the same connectionId with different group names. The exception is only thrown if the LongPolling transport is selected. The exception is only thrown if you add to 6+ unique group names, 5 or less and it works fine.,Here's a simplified example:,Index.cshtml:,SignalRTestController.cs:,TestHub.cs:,Startup.cs:,The controller takes an integer as input which is the number of Add's to do. For example, if you call:, one Groups.Add ,
, two Groups.Add ,
, three Groups.Add ,
, four Groups.Add ,
, five Groups.Add ,
, six Groups.Add ,
, seven Groups.Add ,
, eight Groups.Add ,
, nine Groups.Add ,
, ten Groups.Add ,...,When I say broken, I get back a ""System.Threading.Tasks.TaskCanceledException"" in TestHub.cs on the line waiting for the task to complete. Everything works fine with ServerSentEvents but for LongPolling the problem exists. What am I doing wrong? Can I not have more than 5 SignalR groups with LongPolling? Help me! :),Update: Putting a 1 millisecond sleep using setTimeout between clientside calls fixed the problem. This seems to alleviate the number of pending connections in the network tab. Maybe something happens to the ability to add to a group when you reach the single browser connection limit. It would be nice to know exactly why this doesn't work though.",255,2014-06-12 19:10:37Z,SignalR LongPolling multiple Groups.Add for a single client Exception,"
                        2k times
                    ","
            9
        "
Accepted,2014-08-03 18:08:06Z,2,,GRowing,"javascript,php,angularjs",https://stackoverflow.com/questions/20084549/angularjs-form-post-data-not-posted,"I must admit I am a little bit confused... I have never done this before and I am apparently missing something,When I pass data via http.post to my php file I am can't seem to collect data...,Can someone tell me why this does not work?,FormData gets displayed in console log,, and the file is being written for sure.. however it looks like no data is passed..,This is in my php file.. trying to write data from submitted form to a file... (just testing)..","4,209",2013-11-19 23:40:09Z,Angularjs - Form Post Data Not Posted?,"
                        39k times
                    ","
            8
        "
Accepted,2014-11-10 09:45:31Z,1,,niczak,"javascript,php,node.js,post,express",https://stackoverflow.com/questions/21441786/post-to-php-from-node-js,"I am trying to POST some data from a Node.js application to a PHP script.  For the time being I am just building a proof of concept but I am unable to get the actual data over to the PHP side.  The request goes through and I get 200 back but PHP thinks the $_POST array is empty.,Here is my node code:,Again, the request makes it to localhost:8050/machines/test/index.php but when I do a var_dump of $_POST it is an empty array.,I suspect I am doing something wrong with the .write() method but I can't quite figure out what.  Any input on what I am missing or doing incorrectly would be greatly appreciated. , Update:,As some of the comments indicate using file_get_contents('php://input'); does work to get the data on the PHP side but I would still prefer to be able to access the $_POST array directly.  ","3,807",2014-01-29 20:19:49Z,POST to PHP from Node.js,"
                        16k times
                    ","
            14
        "
Undetermined,2015-07-13 02:32:22Z,1,,KevinHJ,"javascript,php",https://stackoverflow.com/questions/22329047/server-side-event-how-to-pass-parameters-to-server-side-script-append-query-s,"I am trying to pass parameters to a PHP script that is used to stream server-side events.  I am using Javascript to listen to the events.  I have tried to pass parameters by appending a query string to the server-side script url:,Javascript:,demo_sse.php:,I would expect to see ""query"" displayed, but instead I get no output.,I also tried:,But still no output.  I have verified that the script works otherwise (can print explicit strings).,I haven't found much on the subject, but I did find a couple of examples of appending the query string to the url in the EventSource argument: ,.",769,2014-03-11 14:41:46Z,Server-side event - how to pass parameters to server-side script? Append query string?,"
                        7k times
                    ","
            10
        "
Undetermined,2018-04-04 20:56:07Z,1,,Misiu,"javascript,c#,security,postman",https://stackoverflow.com/questions/49509612/postman-access-full-request-body-to-calculate-hash-in-pre-request-script,"I'm trying to recreate C# DelegatingHandler inside PostMan.,
I've created pre-request script that calculates auth header value.,Currently my script looks like this:,This works perfect for GET requests that don't have any body. However when I send , request I get unauthorized response (401), because of body hash differences inside C# and Postman.,Inside Postman , is a JSON object, but when I investigate request in Fiddler I see it is send as string (see below screenshot)
,Same thing happens when I send ,. Inside Postman I've added 3 fields, one with string value, two with files. In Fiddler I can see full request, but inside Postman I can't access those files (see below screenshot) 
,I'm trying to access full request body, because I need to calculate hash out of it.,I have working code in C#, not I want to recreate same requests with Postman.,My question is:,I use this code in C# and it works fine:","4,456",2018-03-27 09:47:44Z,Postman - access full request body (to calculate hash) in pre-request script,"
                        9k times
                    ","
            8
        "
Accepted,2010-05-18 01:32:55Z,5,,Howard Zoopaloopa,"php,javascript,ajax",https://stackoverflow.com/questions/2853725/whats-the-best-way-to-debug-ajax-to-php-calls,"I'm having a miserable time debugging one small function on my new project.  ,Essentially I'm having a user log out via an AJAX call to my log out script on my server called ""userfFunctions.php"" I'm using AJAX so that I don't have the headache of writing more regex to match my mod_rewrites.  Anyway, every so often, it seems as though my Post data just flat out dies and since the PHP is running behind the scenes,  I feel like I have no way of finding out where the data flow is being disrupted.  BTW This function works 19 hrs of the day.,Here is the javascript function:,the php side:,here is my awesome response:
","3,634",2010-05-17 23:46:04Z,What's the best way to debug AJAX to PHP calls?,"
                        11k times
                    ","
            12
        "
Undetermined,2017-06-15 07:32:47Z,2,,Maroxtn,"javascript,php,ajax,html,xmlhttprequest",https://stackoverflow.com/questions/27635738/warning-missing-boundary-in-multipart-form-data-post-data-in-unknown-on-line-0,"I am working on file uploader which upload the image when the input is changed my code for the form in html is ,My JavaScript and Ajax : ,And my php code is simple is just to test if everything is ok,The request that i get from server is Warning: Missing boundary in multipart/form-data POST data in Unknown on line 0 but i sent the formdata and the request header and i opened the file .",621,2014-12-24 10:55:04Z,Warning: Missing boundary in multipart/form-data POST data in Unknown on line 0,"
                        25k times
                    ","
            13
        "
Accepted,2015-12-22 11:14:10Z,3,,user1154295,"javascript,php,jquery,ajax",https://stackoverflow.com/questions/8897642/submitting-from-jquery-to-php,"I have sent data to my jquery file and I tested the data string and everything is stored where it should be but when I post it to my php file all the variables are null.  Can someone help me? ,and then my php file",85,2012-01-17 15:53:35Z,Submitting From jQuery to PHP,"
                        567 times
                    ","
            6
        "
Accepted,2012-09-27 05:05:26Z,2,,Bob Moore,"c#,c++,visual-c++,named-pipes",https://stackoverflow.com/questions/10740479/two-way-c-to-c-sharp-communication-using-named-pipes,"I am trying to have a 2-way communication between a VC++ 6 app and a C# app. I am using named pipes. In my C++ code I can read the message from the C# client but then the server ""dies"" and I have to restart it again.  ,What I want to do is have the C# app connect to the C++ app, request a status, and the C++ app goes off and checks the status, and then returns either ""busy"" or ""idle"".,I can't write anything back to the C# client as it says the connection has been closed. Some things I have commented out are things I have tried already.,C++ code (started as a thread),},C# Code:",163,2012-05-24 15:22:24Z,Two way C++ to C# communication using named pipes,"
                        16k times
                    ","
            9
        "
Accepted,2021-10-23 10:08:37Z,5,,user1888798,"javascript,php,jquery,ajax,json",https://stackoverflow.com/questions/30680562/send-form-data-with-jquery-ajax-json,"I'm new in PHP/jquery
I would like to ask how to send json data from a form field like (name, age, etc) with ajax in a json format. Sadly I can't found any relevant information about this it's even possible to do it dynamically? Google searches only gives back answers like build up the data manually. like: ,, ,, and so on.,Is there anyway to do that?,Thanks for the help!,Edit:",209,2015-06-06 08:16:11Z,Send form data with jquery ajax json,"
                        126k times
                    ","
            18
        "
Undetermined,2021-04-07 04:24:50Z,4,,user254153,"javascript,php,node.js,codeigniter,socket.io",https://stackoverflow.com/questions/29533254/integrate-node-js-and-socket-io-with-codeigniter,"How can I integrate node.js and socket IO in code igniter. ,As mentioned in this SO question ,. My view file with codeigniter is in , but nodejs listen to port using ,. So how can I connect ,. Like,How is this possible?","1,824",2015-04-09 08:14:49Z,Integrate node js and socket IO with codeigniter,"
                        8k times
                    ","
            17
        "
Accepted,2010-07-16 16:53:51Z,4,,Origamiguy,"php,javascript,html,ajax",https://stackoverflow.com/questions/3124636/detect-ajax-calling-url,"I have an HTML document, which loads content from a PHP file using an AJAX call. The important bit of my code is below:,Is it possible for the file at 'content.php' to detect that it has been called from 'default.html', or a different calling document as necessary?","1,254",2010-06-26 16:39:06Z,Detect Ajax calling URL,"
                        5k times
                    ","
            9
        "
Undetermined,2015-05-07 10:33:39Z,4,,user254153,"javascript,php,codeigniter,session",https://stackoverflow.com/questions/29727436/upload-progress-bar-using-session-in-php-5-4-with-codeigniter,"With reference to this tutorial. , . I want to make it work in Codeigniter. I am not getting point to start to make it work in CI. I want to upload files and also track progress. ,
  
  
  ,According to above tutorials, its in core php. When submitting form CI request to controller , and my page gets refresh anyhow. But in tutorials, Form redirects to , (same php file). I am not getting any idea on it. Please help me.","1,824",2015-04-19 08:11:27Z,Upload progress bar using session in PHP 5.4 with codeigniter,"
                        2k times
                    ","
            16
        "
Undetermined,2016-05-20 01:39:26Z,1,,james,"java,javascript,jsf-2,dojo",https://stackoverflow.com/questions/11350769/ajax-call-in-jsf-2-0-myfaces-the-onevent-javascript-function-in-the-ajax-tag,"This is my first time asking a question on a forum, since usually my questions have already been asked and answered. I haven't found an answer to this problem that works for me, so here goes:,I'm making an Ajax call in JSF 2.0 like this:,Everything in the listener works perfectly, and the data is then rendered as expected in the data table that I have in my .xhtml page. The problem is that the Javascript that I call in the , seems to be getting called before the rendering is complete, and therefore the process of resetting the focus to a column in my , doesn't work, since the , is removed and then re-added to the DOM when the Ajax is finished re-rendering. ,I'm looking in my Javascript for the status of ""success"", in hopes that at this point, the rendering would have completed. Alas, this is not the case, and my , (actually ,) is not finding the element in the datatable. I know my Javascript function works under normal circumstances, since I'm calling this same function in a situation where there is not an Ajax call, and everything works perfectly there.,If I could just avoid rendering the cell in the table that I'm trying to set focus to, that would be great, but my listener is making changes to this cell in the ajax call. I'm at my wits end, so any ideas on this would be very appreciated.,-- in response to Balusc (heard good things about you, btw),Hmm, I was actually on the right track I think, but still seem to be having troubles. I am checking for ""success"" and still even in success, am not able to set the focus here. 
Here's my Javascript function that is checking for ""success"": This function works in another situation, where it's not attached to an Ajax event.",111,2012-07-05 18:57:26Z,"ajax call in jsf 2.0 (myfaces), the onevent Javascript function in the ajax tag gets called before the rendering is complete","
                        16k times
                    ","
            11
        "
Accepted,2017-10-05 22:59:39Z,3,,bradley546994,"javascript,php,jquery,ajax,laravel",https://stackoverflow.com/questions/37690068/laravel-refresh-data-after-ajax,"He is currently working on code that has to filter the data in the table. Ajax will call the link and gets the response (json) results with answer. However, I came across a problem. I have to somehow render tables and I do not want to do this by append etc.,Can I somehow again generate views or blade file? ,The default view is DefController@index but ajax use url which controller is DefController@gettabledata.",601,2016-06-07 21:54:50Z,Laravel refresh data after ajax,"
                        25k times
                    ","
            6
        "
Accepted,2021-09-15 10:40:07Z,6,,M A.,"javascript,c#,asp.net,ajax",https://stackoverflow.com/questions/30011998/asp-net-500-internal-server-error-while-calling-webmethod-from-javascript,"I'm trying to call the , fucntionality using AJAX but unable to get the appropriate results. I have googled my problem and found many solution but those didn't worked for me. Please guide me what I'm doing wrong. Help will be appreciated.,Cheers",875,2015-05-03 08:59:56Z,ASP.NET 500 Internal Server Error while calling webmethod from javascript,"
                        31k times
                    ","
            8
        "
Undetermined,2010-09-02 17:23:51Z,8,,Morgan,"c#,javascript",https://stackoverflow.com/questions/3558662/custom-javascript-ajax-for-asp-net,"I've written some basic Javascript functions and would like to learn how to enable asynchronous postbacks within a C# 4.0/ASP.net project using this JS code.  ,For example, I have a script that increments a number when clicked.  When clicked again, the number is decremented.  I basically load the number from a database, then hide one , and show another with the corresponding decremented number on click.  This is not complicated javascript; its a simple example.  Now when I click the button I want to send this increment/decrement call back to the server to update the database's number.,I realize that I can accomplish something akin to this example using the AJAX Control Toolkit's toggle button.  I, however, want to know how to use my OWN javascript to create AJAX functionality.,How do I accomplish this using C# and my custom Javascript code?,I'm not opposed to using the ASP.net AJAX library, I just don't want to use a ready built control.  I want to learn the process of creating my own AJAX functionality.  I would presume that I will have to use an ,, but I don't know how to call C# functions from the client side.,My javascript is not jQuery, in fact I want nothing to do with jQuery until I learn more about javascript and this process.",113,2010-08-24 16:27:25Z,Custom Javascript Ajax for ASP.NET,"
                        2k times
                    ","
            7
        "
Accepted,2016-08-17 08:42:12Z,1,,rnd_nr_gen,"javascript,c++,cors,cross-domain,casablanca",https://stackoverflow.com/questions/38898776/add-access-control-allow-origin-on-http-listener-in-c-rest-sdk,"I am running an HTTP server with web::http::experimental::listener::http_listener from Microsoft C++ REST SDK 1.3.1 and try to write HTML&Javascript as a client to interact with the server.,almost without surprise I got ...
Cross-Origin Request Blocked: The Same Origin Policy disallows reading the remote resource at ...... (Reason: CORS header 'Access-Control-Allow-Origin' missing).,How can I put ,  on the http listener side (in c++ code)??,Is it possible in C++ REST 1.3.1??
is there workaround except JSONP?,Server,Client
Client with jQuery v1.12.4 (bounded to jQuery UI v1.12.0),----------------- UPDATE -----------------------,Solution from the answer,SERVER,CLIENT","2,119",2016-08-11 14:11:25Z,add Access-Control-Allow-Origin on http_listener in C++ REST SDK,"
                        5k times
                    ","
            10
        "
Undetermined,2017-09-23 06:52:32Z,1,,MrFoh,"php,javascript,jquery,json",https://stackoverflow.com/questions/7294830/sending-encoding-response-in-json,"I am using a lot of jQuery in a project am working on.,I have a javascript function that makes an ajax request to a controller which returns data in JSON.,I would like to display a user friendly message informing the user that he/she has no information stored yet. But I'm confused as to how to send a response in JSON so my javascript function can determine whether the user has information to be displayed.,Here is my javascript function:,And heres the controller function the ajax request is made to,It generates the JSON output,but the syntax is broken so i cant read it with javascript,
but once i get rid of the following code from the above method it works normally","2,555",2011-09-03 17:52:50Z,Sending encoding response in json,"
                        20k times
                    ","
            7
        "
Undetermined,2019-03-05 12:13:15Z,4,,athira,"javascript,php,jquery,ajax,datatables",https://stackoverflow.com/questions/33240409/how-to-submit-checkboxes-from-all-pages-with-jquery-datatables,"I'm trying to get first cell (,) for each row and getting it but only for current page. If I navigate to next page then the checkbox checked on the previous page is not being sent.",233,2015-10-20 15:15:21Z,How to submit checkboxes from all pages with jQuery DataTables,"
                        21k times
                    ","
            14
        "
Accepted,2015-09-09 21:44:24Z,5,,Steven Marks,"javascript,php,jquery,ajax,json",https://stackoverflow.com/questions/19155192/jquery-ajax-call-to-php-script-with-json-return,"I've been smashing my head against a brick wall with this one, i've tried loads of the solutions on stackoverflow but can't find one that works! ,Basically when I POST my AJAX the PHP returns JSON but the AJAX shows Undefined instead of the value: ,:,:,:,AJAX Displays the JSON result as Undefined and I dont have a clue why. I have tried displaying adding , and ,. I have also tried changing it to , and ,: still no joy though. ,Any help would be really appreciated.",680,2013-10-03 09:10:22Z,jQuery AJAX Call to PHP Script with JSON Return,"
                        184k times
                    ","
            40
        "
Accepted,2012-07-19 23:35:03Z,1,,Ozzy,"php,javascript,jquery,ajax,json",https://stackoverflow.com/questions/11570713/how-to-receive-json-object-in-php,"I'm trying to send a JSON object from an AJAX request to my server.,I'm doing this with JQuery like this:,The url is pointed to this file on the server:,But the POST var seems to be empty, even though in Firebug I can see that the correct data was sent to the server:,After each request is sent, the ajax error function is called, with an undefined error (I guess because there was no reply from the server? Or I don't know?)","7,947",2012-07-19 23:19:36Z,How to receive JSON object in PHP?,"
                        5k times
                    ","
            6
        "
Accepted,2018-07-05 22:15:31Z,6,,Viktor Elofsson,"c#,c++,unions",https://stackoverflow.com/questions/126781/c-union-in-c-sharp,"I'm translating a library written in C++ to C#, and the keyword 'union' exists once. In a struct.,What's the correct way of translating it into C#? And what does it do? It looks something like this;","1,499",2008-09-24 12:20:32Z,C++ union in C#,"
                        54k times
                    ","
            80
        "
Accepted,2021-06-06 23:33:32Z,6,,user1843766,"javascript,python,variables,jinja2",https://stackoverflow.com/questions/15321431/how-to-pass-a-list-from-python-by-jinja2-to-javascript,"Let's say I have a Python variable:,and I pass it to Jinja by rendering HTML, and I also have a function in JavaScript called ,. I am trying to pass each item of ,. I tried something like this:,Is it possible to pass a list from Python to JavaScript or should I pass each item from list one by one in a loop? How can I do this?",893,2013-03-10 10:54:07Z,"How to pass a list from Python, by Jinja2 to JavaScript","
                        128k times
                    ","
            86
        "
Accepted,2013-01-16 12:08:23Z,2,,apl,"python,c,numpy,ctypes,ffi",https://stackoverflow.com/questions/14341549/passing-a-set-of-numpy-arrays-into-c-function-for-input-and-output,"Let's assume we have a C function that takes a set of one or more input arrays, processes them, and writes its output into a set of output arrays. The signature looks as follows (with , representing the number of array elements to be processed):,I want to call this function from Python via ctypes and use it to apply a transformation to a set of NumPy arrays. For a one-input/one-output function defined as,the following works:,However, I have no clue how to create the corresponding pointer array for , inputs (and/or outputs). Any ideas?,: So people have been wondering how , knows how many array pointers to expect (as , refers to the number of elements per array). This is, in fact, hard-coded; a given , knows precisely how many inputs and outputs to expect. It's the caller's job to verify that , and , point to the right number of inputs and outputs. Here's an example , taking 2 inputs and writing to 1 output array:,I have no way of influencing the signature and implementation of ,. I can verify (from Python!) how many inputs and outputs are required. Key problem is how to give the correct , for the function, and how to produce appropriate data structures in NumPy (an array of pointers to NumPy arrays).",133,2013-01-15 15:54:39Z,Passing a set of NumPy arrays into C function for input and output,"
                        6k times
                    ","
            13
        "
Accepted,2019-08-21 14:10:14Z,4,,Mr Moose,"c#,c,dll,pinvoke,dllimport",https://stackoverflow.com/questions/5664737/calling-c-dll-from-c-sharp,"I am trying to call a C DLL from C#, but I'm not having any joy. The documentation for the DLL provides an example function delaration for VB that looks like;,I have therefore done the following;,I'm still not having much luck and have tried various other settings in the DLLImport statment such as;
SetLastError = true, CharSet = CharSet.Auto, CallingConvention = CallingConvention.Cdecl),The output I get from the code is;,If I'm right in looking at the info for Win32 errors, I think that refers to;
ERROR_INVALID_HANDLE              The handle is invalid.,
6 (0x6),My guess is there is either a problem with passing in the filename as a string or the way I am passing doubles by ref? However, I really don't know, and I am at a loss as to how to investigate the issue further. ,Any ideas are much appreciated.,Thanks. ","5,443",2011-04-14 14:26:42Z,Calling C DLL from C#,"
                        29k times
                    ","
            9
        "
Accepted,2021-10-13 17:26:32Z,9,,bynary,"c#,javascript,razor",https://stackoverflow.com/questions/18470702/how-do-i-convert-a-c-sharp-liststring-to-a-javascript-array,"I have a datatable that I'm converting into a List, serializing it and passing it to my view using a viewmodel.,My viewmodel looks like this:,My controller action looks like the following:,Then in my view I get the following string of addresses:,How am I supposed to get this serialized string residing in a razor model into a javascript array?",759,2013-08-27 16:16:47Z,How do I convert a C# List<string[]> to a Javascript array?,"
                        110k times
                    ","
            43
        "
Accepted,2019-03-02 04:23:07Z,1,,Suba Selvandran,"javascript,python,numpy,flask,data-conversion",https://stackoverflow.com/questions/54899367/send-numpy-array-as-bytes-from-python-to-js-through-flask,"A numpy array should be sent from python to JS through flask. I don't want to jsonify it and send as it would increase the size of the response and eventually the response time. So I thought I could convert numpy into bytes using tobytes(), send the bytes to JS through flask and convert the bytes back to float in JS and found , answer helpful.,The list of operations are,In JS,,But when converting to float in JS, I am not getting the correct values. When debugging I found that in JS some values in Uint8 array are not matching with the byte values that are sent from python. ,Just to verify, I created another client in python, made the same request and converted the response bytes to float. I encountered the same issue here also. So I narrowed down that the problem is on the server side not on the client side. One more interesting thing I found when playing with multiple values are, only the numbers which are greater than 127 (I guess so) are getting converted to 255.,While trying some random hacks, I tried to convert the byte integer to character using chr() method of python before sending the response and the conversion on the client side worked.,But the question I have is, Is this an ideal solution or am I doing some hack here to make it work? Can anyone help me to understand why sending plain bytes without chr() doesn't work?",284,2019-02-27 06:31:12Z,Send numpy array as bytes from python to JS through Flask,"
                        3k times
                    ","
            7
        "
Undetermined,2020-10-09 05:48:35Z,1,,Ben,"c#,c,windows-kernel,deviceiocontrol",https://stackoverflow.com/questions/62208433/trouble-passing-a-c-sharp-string-from-userland-to-kernelmode-c-and-using-it-to-f,"I am having difficulty comparing a string passed from usermode type LPWSTR to a LDR table entry type UNICODE_STRING,Kernel C:,This struct is passed to the kernel via deviceiocontrol. The counterpart userland struct is as follows:,Where the String , is Marshaled as LPWStr., is the desired search term for the loaded module in a process. Now, here's where things get tricky. The string I have access to via the , is a ,. I want to compare this UNICODE_STRING with my LPWSTR.,I have tried the following and it did not work:,I've also tried wcscmp, and a few other things. I'm not sure how I can compare these two properly. I've added some minor pseudocode to the function to provide additional context on what I'm looking to do.",709,2020-06-05 04:58:44Z,Trouble passing a C# string from userland to kernelmode C and using it to find specific LDR_DATA_TABLE_ENTRY,"
                        131 times
                    ","
            10
        "
Accepted,2016-10-05 10:37:44Z,5,,Roger,"php,python,html,ruby,markdown",https://stackoverflow.com/questions/4619996/how-to-run-ruby-python-scripts-from-inside-php-passing-and-receiving-parameters,"I need to turn HTML into equivalent Markdown-structured text. ,OBS.: ,.,As I am programming in PHP, some people indicates , to do the job, but unfortunately, the code is not being updated and in fact ,. At sourceforge.net/projects/markdownify there is a ""NOTE: unsupported - do you want to maintain this project? contact me! Markdownify is a HTML to Markdown converter written in PHP. See it as the successor to html2text.php since it has better design, better performance and less corner cases."",From what I could discover, I have only two good choices:,So, from PHP, I need to pass the HTML code, call the Ruby/Python Script and receive the output back.,(By the way, a folk made a similar question here (""how to call ruby script from php?"") but with no practical information to my case).,Following the Tin Man`s tip (bellow), I got to this:,PHP code:,Python code:,With the above I am geting this:,command returned 1
Array
(
    [0] => Resource id #17
    , => Resource id #18
),And the ""error-output.txt"" file says:,Traceback (most recent call last):
  File ""html2md.py"", line 5, in 
    print html2text.html2text(sys.argv,)
IndexError: list index out of range,Any ideas???,Ruby code (,),Just for the records, I tryed before to use PHP's most simple ""exec()"" but I got some problemas with some special characters very common to HTML language.,PHP code:,Ruby code:,Python code:,Both working fine. But when the string is a bit more complicated:,It did not work at all.,That's because the html string needed to have its special characters scaped. I got it using this:,Now it works like I said ,.,I am runnig:
Fedora 14
ruby 1.8.7
Python 2.7
perl 5.12.2
PHP 5.3.4
nginx 0.8.53","7,238",2011-01-06 21:20:57Z,How to run Ruby/Python scripts from inside PHP passing and receiving parameters?,"
                        12k times
                    ","
            8
        "
Accepted,2019-01-03 13:36:20Z,10,,Your Friend Ken,"c#,asp.net,javascript,datetime,serialization",https://stackoverflow.com/questions/1224793/javascript-serialization-of-datetime-in-asp-net-is-not-giving-a-javascript-date,"When I parse a DateTime to json in .Net it returns a string (i.e. ,). How do I make it return a js Date object constructor not wrap in a string?","7,984",2009-08-03 21:46:58Z,Javascript serialization of DateTime in asp.net is not giving a javascript date object?,"
                        44k times
                    ","
            48
        "
Accepted,2015-03-05 22:59:34Z,1,,Matt Cavanagh,"javascript,php,symfony,object,twig",https://stackoverflow.com/questions/28068305/converting-a-symfony2-php-entity-object-for-use-within-javascript,"I'm attempting to open up data from a PHP Object (as shown below) but I'd like to be able to access this data within JavaScript to use in a graphing library.,Object in question:,What I need to be able to do is convert that into a JSON encoded object for use within Javascript.,I tried using twig within Symfony to do this via:,The console shows this:,Which is where I'm banging my head against the wall. Where can I access the values of these properties?,As an , way, I've managed to get it into a JavaScript object by doing:,I feel kinda dirty for doing that. There must be a better way to do this surely?,Thanks in advance!",499,2015-01-21 13:21:02Z,Converting a Symfony2 PHP entity object for use within Javascript,"
                        7k times
                    ","
            6
        "
Accepted,2011-06-19 16:56:43Z,1,,Afiefh,"java,c++,java-native-interface",https://stackoverflow.com/questions/6270245/return-c-object-to-java,"I got a couple of JNI functions that have to work on the same c++ object. I would like to save that object in the java object through which the JNI functions are invoked, but it seems that Java has no way to store pointers for functions to access later.,Okay I realize that I'm doing a terrible job explaining myself so here is an example:,My problem is creating a jobject.myCppVector so that I'll be able to use it from different function calls.,I hope someone understands my ramblings",888,2011-06-07 18:59:54Z,Return C++ object to Java,"
                        4k times
                    ","
            11
        "
Undetermined,2017-04-12 08:42:00Z,2,,Deepak Vasudevan,"javascript,c#,json,json.net",https://stackoverflow.com/questions/43363710/json-net-is-throwing-additional-text-found-in-json-string-after-finishing-deser,"I have a Javascript control that returns JSON string as an AJAX to the server. But when I try to save, Newtonsoft is throwing the exception,I tried building a very simple JSON as below which threw this exception,And the API I am invoking is ,where strTopicSet contains the above string. And when I paste the above string in , it says Valid JSON. ,Can some one guide me where I am going wrong. I did go through StackExchange forums on Newtonsoft and the typical error but could not zero in on the exact cause of this.,I am using 9.0.1.19813 version of Newtonsoft.",310,2017-04-12 08:02:58Z,"JSON.NET is throwing 'additional text found in JSON string after finishing deserializing object.""","
                        14k times
                    ","
            7
        "
Accepted,2020-12-05 17:32:59Z,4,,lakerz,"javascript,python,json,flask",https://stackoverflow.com/questions/30165475/how-to-compress-minimize-size-of-json-jsonify-with-flask-in-python,"I'm sending a huge JSON string (with jsonify in Flask) to my webpage pretty often, so I would like to reduce the data. The easiest option is probably to remove all line breaks and space characters, but just to give you an example of this:  ,Normal jsonify: 361KB,
Removing all line breaks and space characters: 118KB (wow).,
Zip the original file: 35KB (double wow).  ,So I basically wonder if there is an easy way to come close to the 35KB. I couldn't find  a solution so far which I could easily implement in python and javascript (to decompress).  ,Right now, I send around 4-5MB of data every second, which is - you guessed right - a ""little bit"" too much.",911,2015-05-11 10:35:18Z,How to compress/minimize size of JSON/Jsonify with Flask in Python?,"
                        19k times
                    ","
            17
        "
Accepted,2021-03-30 08:15:04Z,2,,Rakesh Nittur,"python,shell,ssh,paramiko,ansi-escape",https://stackoverflow.com/questions/33291631/is-there-a-simple-way-to-get-rid-of-junk-values-that-come-when-you-ssh-using-pyt,"I am using Python's Paramiko library to SSH a remote machine and fetch some output from command-line. I see a lot of junk printing along with the actual output. How to get rid of this?,I want to eliminate, , and  , from the output. They are junk.",335,2015-10-22 22:09:58Z,Is there a simple way to get rid of junk values that come when you SSH using Python's Paramiko library and fetch output from CLI of a remote machine?,"
                        3k times
                    ","
            6
        "
Undetermined,2012-01-16 07:56:43Z,2,,Peter Li,"python,c,string,ctypes",https://stackoverflow.com/questions/8875185/casting-into-a-python-string-from-a-char-returned-by-a-dll,"I am attempting to cast a C style const char[] string pointer (returned from a DLL) into a Python compatible string type. but when Python27 executes: ,we get: ,perhaps something is not to be evaluating properly.
My questions are:",285,2012-01-16 02:26:06Z,casting into a Python string from a char[] returned by a DLL,"
                        25k times
                    ","
            11
        "
Accepted,2016-12-25 19:06:38Z,2,,NickleDave,"java,python,arrays,regex,string",https://stackoverflow.com/questions/41323746/use-python-regex-to-parse-string-of-floats-output-by-java-arrays-deeptostring,"I'm working with someone's Java code where a key data structure is a , array, ,. I need to get it into Python; currently my approach is to save the array to a text file using Arrays.deepToString and then parse that text file from Python.,I am stuck on how to write a regular expression that will parse the txt.
What I , do is find all the floats with their associated exponents in scientific notation.
I use the following pattern to do so:,This works fine to capture floats in scientific notation as they are output by deepToString. Note the values are all positive because they are probabilities. I.e., I don't have any issues with how I'm capturing the numbers themselves.,What I , do but what I would like to do is have regex search for any number of floats enclosed in left and right brackets. I tried this:,where I'm trying to find one or more case of the float format followed by a comma and a space enclosed by square brackets. But that returns ,. Not sure what I'm not understanding.,Here's an example 2x1x1 array:,What I would want is for the regex to return two matches:,and,that I can then just parse as strings with strip and split.,I've figured out a workaround where I just find all the bracket indexes. But I'd like to know what I'm not understanding about regexs. ",171,2016-12-25 18:57:35Z,Use Python regex to parse string of floats output by Java Arrays.deepToString,"
                        113 times
                    ","
            7
        "
Accepted,2015-11-10 01:40:10Z,2,,Christopher Johnson,"c#,java,encryption,aes,rijndaelmanaged",https://stackoverflow.com/questions/21890805/encrypt-aes-with-c-sharp-to-match-java-encryption,"I have been given a Java implementation for encryption but unfortunately we are a .net shop and I have no way of incorporating the Java into our solution.  Sadly, I'm also not a Java guy so I've been fighting with this for a few days and thought I'd finally turn here for help.,I've searched high and low for a way to match the way the Java encryption is working and I've come to the resolution that I need to use RijndaelManaged in c#.  I'm actually really close.  The strings that I'm returning in c# are matching the first half, but the second half are different.,Here is a snippet of the java implementation:,I'm not entirely sure why they're only passing in 16 chars at a time, but w/e.  I tried the same with my c# implementation using a string builder and only sending in 16 chars at a time and got the same result as I got when I pass the entire string in at once.,Here's a snippet of my c# implementation which is mostly a copy and paste from MS' site for RijndaelManaged:,As I said above, the first half of the encrypted string is the same (see an example below), but the second half is off.  I've added spaces in the outputs below to better illustrate where the difference is.  I don't know enough about encryption nor Java to know where to turn next.  Any guidance would be greatly appreciated,Java output:,C# output:,Update per the suggestion of Chris below:","2,571",2014-02-19 19:47:09Z,Encrypt AES with C# to match Java encryption,"
                        19k times
                    ","
            9
        "
Undetermined,2014-10-28 15:43:17Z,1,,user3118357,"java,javascript,json",https://stackoverflow.com/questions/20676831/how-to-compress-json-in-java-and-decompression-in-javascript,"I have a large amount of data being sent from server to Javascript, which is taking quite a long time to load.,I was wondering how I can implement compression at server and decompression in Javascript. I would appreciate any help.",131,2013-12-19 08:37:26Z,How to Compress JSON in java and decompression in Javascript [closed],"
                        31k times
                    ","
            13
        "
Undetermined,2016-12-07 00:30:03Z,1,,kdougan,"php,python,bcrypt,password-encryption",https://stackoverflow.com/questions/40643196/php-password-verify-vs-python-bcrypt-hashpw,"So, right to it.,I have setup a [simple] PHP REST API where I am receiving a hashed password via the X-API-KEY header key. This works great when interfacing with another PHP script and the phrase is hashed via PHP's password_hash() method. However, when i try to interface with the API via Python and the Requests library, the key is rejected. Here are some samples:,PHP:,Python:,The output of each of these is as follows:,Now, obviously they are different, that is the point, but when you pass the Python output to the PHP password_verify() function, it returns False. The PHP output verifies just fine.,There has to be something I'm missing here but, for the life of me, I cant find it. I have tried using different salt options with no success. What am I missing? Are the two just not compatible? That seems silly, if it's true.,Thank you in advanced,  you intelligent internet peoples.,[I have updated the scripts with the following 2 lines for the tests],And I have used this [PHP] to verify the above:,With the following output:,So, now I'm really confused as the server still doesn't recognize my python hashed key, if I don't replace the ""$2b"" with ""$2y"" as suggested by richardhsu in the comments, that is.",303,2016-11-16 22:03:59Z,PHP password_verify() vs Python bcrypt.hashpw(),"
                        4k times
                    ","
            8
        "
Undetermined,2020-08-25 19:05:28Z,2,,zapredelom,"java,android,c++,android-ndk",https://stackoverflow.com/questions/30005700/convert-stdstring-to-ndk-jstring,"I'm trying to create a Java interface to existing C++ code.
One of my functions is similar to this one:,The problem is that in some cases the first element of  is '\0' and because of this, the return value is an empty string. So is there some function to convert char* to jstring which also takes the length of the string as a parameter?",939,2015-05-02 18:04:23Z,Convert std::string to ndk jstring,"
                        4k times
                    ","
            7
        "
Accepted,2015-03-20 12:14:41Z,3,,Guj Mil,"php,javascript,jquery,jquery-plugins",https://stackoverflow.com/questions/12558996/jquery-knob-display-number-change,"I'm using , to make some cool graphs and it's working perfectly. But I have one problem: I want to make the display number between the graph have a '%' symbol concatenated. but I just cant seem to make it work. Modifying the input through jquery wont do it, and I've tried reading into the code of the library but with no luck. Has any one else had this problem before?",323,2012-09-24 04:51:24Z,JQuery Knob display number change,"
                        8k times
                    ","
            6
        "
Undetermined,2018-06-11 16:23:03Z,3,,Jason,"javascript,java,encryption,cryptography,aes",https://stackoverflow.com/questions/50439315/encryption-and-decryption-between-java-and-javascript-wont-work,"In the decryptFile method, the decrypt part will not output anything..,
The , that has been given in the comments section partially solves the problem. It does encrypt and decrypt cross platform, but it is rather slow due to PBKDF2 with SHA256 hashing. I cannot find a way to only use the AES part and not the PKBDF2 part.,I am using the same key and IV for both the Java and Javascript version. I cannot decrypt a file in Javascript that has been encrypted in Java, nor can I decrypt a file in Java that has been encrypted in Javascript. I need those two to be compatible with eachother, but I cannot figure out how
I am trying to decrypt a file in Javascript that was previously encrypted in Java. I have succesfully implemented decrypting and encrypting text between the two, but when I would like to for example decrypt a file that is encrypted in Java, it just won't work.,Encrypt / decrypt a file in Java:,Encrypt / decrypt in Javascript,I also made a , in case you'd like that more :), and the Java source can be ,.,In the Java source I used a cactus.jpg as file, but any file could be used :). The cactus can be found ,.,How can I decrypt the file that has been encrypted in Java? I have tried converting the blob contents to String, retrieving the data as ArrayBuffer and convert it to String, receive it as text and pass it to the decryption method, but nothing seems to work.,The library I am using in Javascript is ,, and in Java the standard Crypto libraries.,I found other similar (,,,) questions. However, I think they differ too much, as the answer of those questions does not concern this issue, but rather a small mistake.,If I've forgotten any data, please tell me.","1,405",2018-05-20 21:00:03Z,Encryption and Decryption between Java and Javascript won't work,"
                        2k times
                    ","
            15
        "
Accepted,2019-12-13 20:35:21Z,3,,AaA,"javascript,c#,json,.net-4.0,fastjson",https://stackoverflow.com/questions/28383478/most-efficient-way-to-fix-an-invalid-json,"I am stuck in an impossible situation. I have a JSON from outer space (there is no way they are going to change it). Here is the JSON,,I said. And their response was ,:,I am supposed to read and parse this string via .NET(4) and it broke 3 out of 14 library mentioned in C# section of , (didn't try rest of them). To make the problem go away, I wrote following function to fix the issue with single and double quotes.,Now JSONlint only complains about attribute names and I can use both JSON.NET and SimpleJSON libraries to parse above JSON.,I am sure my code is not the best way of fixing mentioned JSON.
Is there any scenario that my code might break? Is there a better way of doing this?","3,228",2015-02-07 14:44:23Z,Most efficient way to fix an invalid JSON,"
                        14k times
                    ","
            9
        "
Accepted,2012-07-19 21:06:20Z,3,,leonsas,"javascript,python,django,json",https://stackoverflow.com/questions/11568232/javascript-readable-json-from-python,"My view computes a json and outputs a ,, and I'm passing this as the dictionary key ,. I'm trying to pass this to a script element in my template, but when rendering, the browser gets it as a python-escaped string, which isn't readable to the javascript. What I need is python to send it as a JS-escaped string, something like this ,.
I tried , and , without success. Basically I need python to send the string just as if it were printing it to the console. Thanks","4,366",2012-07-19 19:50:28Z,javascript-readable json from python,"
                        3k times
                    ","
            9
        "
Accepted,2019-12-08 11:42:19Z,1,,Shubham Batra,"javascript,python,base64,angular6",https://stackoverflow.com/questions/53340627/typeerror-expected-bytes-like-object-not-str,"I know this question has been asked much times, but please look once in my problem.,I am sending , image data from angular to , but when I am processing that , data on flask server(python3) then it is giving me the error,My Javascript code is: ,Output of the above line is:,I am receiving same data on flask server as string.,Code on python server that is using above base 64 data is: ,then it is giving the following error trace:,above python function working fine if I am converting the image using this function,please help me to solve this question? I am new to python.","2,237",2018-11-16 15:17:20Z,"TypeError: expected bytes-like object, not str","
                        19k times
                    ","
            9
        "
Accepted,2017-11-13 12:40:26Z,1,,JPB,"javascript,php,ajax",https://stackoverflow.com/questions/45992396/jsonobj-data-not-being-passed-via-ajax-and-post-on-ie11-only,"I'm trying to pass data via post with ajax to my sendjs.php. ,    is not being passed in IE11 only (havent tested lower versions of IE but it works in Edge and all other browsers). , and , are being passed though.,In 'Network' in IE 11 inspector the post data is:, and there are no errors displayed in console.,All other browsers it contains the data:,eg. ,Live site here: , (you can add an item and checkout to test).,Have spent ages trying to find the cause and now I'm not even sure where to go from here to be honest, so any information would be appreciated and I will update the post with any info as requested. ,app.js,sendjs.php,Hope someone can give me some tips.,Edit: Added cart modal html,Simple Cart config,Codepen link to simplecart.js",583,2017-09-01 02:02:29Z,$jsonObj data not being passed via ajax and POST on IE(11) only,"
                        800 times
                    ","
            9
        "
Accepted,2014-06-11 14:48:44Z,2,,ad2003,"javascript,php,woocommerce",https://stackoverflow.com/questions/24164951/2f-instead-of-slash-in-url,"I have a problem with jquery syntax in an url link:,this is the link i am getting (englisch):,this is the german link:,the problem now is, that the link looks ok in my browser ,but actually there's always a ""%2F"" instead of a ""/"" inside the link when I copy it which leads to the problem of getting an 404.,When I manually replace ""%2F"" the link works.,Where is the problem? Any idea to fix this? ,The code below comes from woocommerce/templates/myaccount/my-orders.php,It generates the ""Print"" button on the ""my orders"" page. I am using mqtranslate german/englisch. In  the german version everything works- the links are correct, ony when i switch the language there are ""%2f"" instead of ""/"". But also only after the first part (until myaccount/) - because some ""/"" are correctly encoded.,Also in the english version it's a ""&"" before ""print-order-type=receipt"" instead of a ""?"". ",203,2014-06-11 14:02:12Z,%2F instead of slash in url?,"
                        12k times
                    ","
            6
        "
Accepted,2013-10-24 13:27:23Z,4,,user201117,"java,php,rsa",https://stackoverflow.com/questions/1662769/rsa-encryption-java-to-php,"I'm trying to implement RSA Encryption in both Java and PHP, but I can't seem to get PHP to recognize my Java public/private keys. Here is the java code to Encode/Decode the Public and Private Keys:,I first tried using the PEAR Crypt_RSA functions, but it doesn't support X.509 or PKCS8 (it just simply base64 encodes the serialized modulus, exponent and key type). I then tried the OpenSSL ""openssl_get_publickey"" function but it doesn't appear to recognize the format either.,Any help would be greatly appreciated o.O",115,2009-11-02 18:07:20Z,RSA Encryption: Java to PHP,"
                        7k times
                    ","
            7
        "
Accepted,2010-11-06 10:55:47Z,5,,Manjoor,"c#,.net,c++,interop,marshalling",https://stackoverflow.com/questions/4086817/l-prefix-for-strings-in-c,"I have a static library. This library have the following function defined,The sample to call the function is ,WriteData return 0 on success and -1 on failure.,I am writing a dynamic DLL to export this function.,A C++ test application result,I have to call it from a c# application. I assume my DLL-Import signature would be:,My question is very simple How can i call it from .Net? 
As you can see i have control over ,but no control over ,Thanks everybody for their input. So far i am stuck on casting. I think my problem would be solved when i woul be able take input from user and write 2 line for casting in place of following line.","3,851",2010-11-03 12:00:23Z,L prefix for strings in C++,"
                        6k times
                    ","
            7
        "
Undetermined,2017-03-02 16:53:11Z,2,,program-o-steve,"java,c,java-native-interface",https://stackoverflow.com/questions/10515886/converting-jdouble-to-double-of-type-c,"How can i convert , of java type variable to , variable of type c ?","2,490",2012-05-09 12:16:08Z,converting jdouble to double of type c,"
                        6k times
                    ","
            7
        "
Accepted,2014-12-18 23:30:59Z,2,,tr3online,"php,javascript,parsing,xpath",https://stackoverflow.com/questions/7045764/scraping-javascript-variables-to-php,"I'm trying to parse some HTML with Xpath but am finding out the the links I want to get are generated by some javascript and not using just a normal a anchor. The javascript is as follows:,Now, I've used XPath to grab the script code via:,Which returns:,My question is. How do I get this data into an array much like parse_url or the like? Should I just preg_match_all the variable storing the string? If so, what regex would I use? Or is there a better way to parse and grab the data I want?,Thanks in advance!","1,379",2011-08-12 20:10:50Z,Scraping Javascript variables to PHP,"
                        2k times
                    ","
            6
        "
Accepted,2020-12-23 05:58:45Z,6,,ike3,"java,javascript,spring,date,spring-mvc",https://stackoverflow.com/questions/8911075/javascript-and-java-date-json-serialization,"I have an javascript object with , property which is being converted to JSON using ,I am on GMT+4 time zone (Russia/Moscow),For example,
, converts to , converts to ,But in 1975 it was GMT+3 time zone, as daylight saving was canceled in Russia in 2011. So when it cames to server (java) it deserializes as:, becames , - OK, becames , 23:00 - WRONG!","1,680",2012-01-18 13:40:07Z,Javascript and Java Date JSON serialization,"
                        36k times
                    ","
            16
        "
Accepted,2015-03-06 19:36:14Z,2,,solidau,"c#,php,cookies,encryption,encryption-symmetric",https://stackoverflow.com/questions/11873878/c-sharp-encryption-to-php-decryption,"I'm trying to encrypt some (cookie) data in C# and then decrypt it in PHP. I have chosen to use Rijndael encryption. I've almost got it working, except only part of the text is decrypted! I started working from this example: ,Here's the text (JSON) that I am encrypting (sensitive information removed):,So I login to the C# app which creates/encodes the cookie from stored Key and IV and then redirects to the PHP app which is supposed to decrypt/read the cookie. When I decrypt the cookie, it comes out like this:
,: i've gotten a little bit further and this is now the result,As you can see, it starts decrypting it, but then gets messed up...
,When Decrypt the string it comes out correct (with padding, which I have a function to remove padding), but if I change the test string by one character I get garbage again:,: I'm just using static key/IV for now, here they are:,
I then save the key and IV to a database to be retrieved later for encoding/decoding.,This is the full encryption class:,Here's the PHP code I am using to decrypt the data:, ,: I'm using ASCII keys in the format needed by PHP. If I generate keys from the RijndaelManaged class they dont work on the PHP side, but I can use keys that are known to work on PHP side and use them in the RijndaelManaged C# side.,Please let me know if I left out any pertinent information. TIA!","3,886",2012-08-08 22:03:59Z,C# Encryption to PHP Decryption,"
                        17k times
                    ","
            18
        "
Accepted,2016-04-20 12:13:00Z,3,,FrancisV,"php,javascript,json,post",https://stackoverflow.com/questions/1377278/passing-json-encoded-variable-from-php-to-javascript-via-post,"I have an multi-dimensional array that I want to send to a PHP script with a Javascript that parses the JSON data and plot it on Google Maps. I'm trying to simulate it using forms:,json-target.php looks like this:,And the output of , is ,. I wanted to pass the contents of the , variable to a Javascript function (please see update below)., I also have a simple Javascript that's supposed to parse the value received from , and post the value via ,:,But the output is mangled with backslash characters.,What's a better way of doing this?","1,173",2009-09-04 04:50:31Z,Passing JSON-encoded variable from PHP to Javascript via POST,"
                        31k times
                    ","
            8
        "
Accepted,2013-09-04 15:37:33Z,5,,thedp,"php,javascript,ajax,json",https://stackoverflow.com/questions/2562648/json-limitation,"I would like to know if JSON with AJAX has a limitation to the amount of data an outgoing and returning parameter can carry?,I would like to be able to send and return from the server a file with 10,000 lines, as a string. How should I achieve this task? Will a single parameter will be able to hand this?,EDIT:
My client is JavaScript and my server PHP.,Thank you.","8,241",2010-04-01 18:23:38Z,JSON limitation?,"
                        3k times
                    ","
            7
        "
Accepted,2019-10-02 09:03:39Z,2,,Dong Li,"python,c++,protocol-buffers",https://stackoverflow.com/questions/39244589/serializing-image-stream-using-protobuf,"I have two programs in Ubuntu: a C++ program (TORCS game) and a python program. The C++ program always generates images. I want to transfer these real-time images into python(maybe the numpy.ndarray format). So I think that maybe using Google protobuf to serialize the image to string and send string to python client by ZMQ is a feasible method.,: which value type is suitable for the image(a pointer) in , file?  In another words, which value type I should use to replace , type in the below example?,This is the way I write image to memory (uint8_t* image_data):,At last, maybe there is a better way to transfer image (in the memory) to a python client?,Any suggestions are appreciated.",450,2016-08-31 08:34:10Z,Serializing image stream using protobuf,"
                        10k times
                    ","
            11
        "
Accepted,2012-12-26 09:47:09Z,1,,glo,"java,c++,java-native-interface,cocos2d-x",https://stackoverflow.com/questions/14036004/how-to-convert-jobject-to-jstring,"I am trying to get a string in return to a function call from cpp to java. ,This is my JNI call,On compiling i get the error ,Can anyone please tell me how to solve this problem.","1,358",2012-12-26 04:28:17Z,how to convert jobject to jstring,"
                        13k times
                    ","
            6
        "
Accepted,2014-06-11 13:50:26Z,1,,Vektor88,"java,android,c,android-ndk",https://stackoverflow.com/questions/17124712/jni-android-converting-char-to-byte-array-and-return-it-to-java,"I initially used a function to return a char* to java as UTF-8 string, but since I kept getting errors, I wrote the following function to return a , as a Java ,, so that I could try to convert the array into a String in java side: ,But when I call it my application crashes. Am I missing something? , The condition was missing a ++ and this caused an infinite loop. But now with the following code:,I get this weird JNI warning:,How can it be since I am only increasing the value of ,?, the following code works:","4,558",2013-06-15 14:32:15Z,JNI Android - Converting char* to byte array and return it to java,"
                        13k times
                    ","
            13
        "
Accepted,2012-11-07 13:34:02Z,2,,EbbnFlow,"c#,javascript,.net,asp.net,json",https://stackoverflow.com/questions/7559676/how-to-correctly-deserialize-a-json-string-into-the-class-that-contains-a-nested,"I have the following object graph and I'm using Jquery's $.Ajax() to send this identical ""View"" object in JSON (stringified) from the browser to a Page Method on ASP.Net. The JAvascript deserialization works for all of the strings and int's in the View class but My , is empty. ,What I tried: Using chrome dev tools, I took the stringified JSON, created a unit test and used both the , and the ,. The , object deserialized my object graph correctly but the , dumped my List. How can I get the correct deserialization on my page method ?,Instead of this (the view obj as a param).,how can I get this? (the string param),My JSON looks like this.",613,2011-09-26 18:40:02Z,How to correctly deserialize a JSON string into the class that contains a nested List of another class,"
                        23k times
                    ","
            6
        "
Undetermined,2011-06-23 14:04:02Z,3,,Fazoulette,"php,javascript,jquery,autocomplete",https://stackoverflow.com/questions/6236786/customize-jquery-autocomplete-result,"I'm using the jQuery autocomplete with a remote data source,It works really well. When i type ""a"" there is a list of activity (fetched from a database) starting with that are listed. What i would like to do it's add a custom parametre (the ID of the activity) in the result. ,Because when a user select an activity later I will have to ""re-do"" a sql search to get the ID of the activity...,So is there a way to include the activity id in the returned JSON from the autocomplete ?,THanks",119,2011-06-04 12:40:16Z,Customize jquery autocomplete result,"
                        887 times
                    ","
            6
        "
Accepted,2012-10-03 23:52:04Z,3,,Lord Loh.,"php,javascript,regex,soap,csv",https://stackoverflow.com/questions/6536826/dealing-with-commas-in-csv,"I get a CSV data from a SOAP call in php. Unfortunately, the data may have commas in it. It is formatted correctly as in,1,name,2,lariat,3,""first, last"",5,NMEA,...,I need to parse it to individual values in either php or javascript. I have browsed through threads on stack overflow and elsewhere but have not found a specific solution in php / javascript.,The approach I am currently using is ,Where * is the deliminator, but the , generates an extra *. I have tried a couple of other approaches involving , and other , functions but did not succeed in having any kind of a clean split.,Any suggestion on how to split up CSV data that contains commas in it?","2,317",2011-06-30 15:02:20Z,Dealing with commas in CSV,"
                        17k times
                    ","
            18
        "
Accepted,2017-09-13 07:16:59Z,1,,Dennis,"javascript,php,html,cakephp",https://stackoverflow.com/questions/43196260/cakephp-how-to-call-javascript-function-in-link,"In Html,,In Cakephp,,But i am having trouble in converting the following html to Cakephp:,The following is a popup javascript method:,How do i convert the html to Cakephp?,Thanks in advance. :)",137,2017-04-04 00:08:32Z,Cakephp: how to call javascript function in link?,"
                        3k times
                    ","
            8
        "
Accepted,2017-11-08 15:40:21Z,2,,Svetoslav Marinov,"java,c,swig",https://stackoverflow.com/questions/11952365/accessing-an-array-of-pointers-within-a-structure-from-java-with-swig,"I've something like this: ,I want to convert , to an array with , elements (,) in Java with SWIG. And then to read the array (I don't want to edit,delete and create a new array from Java code). In the SWIG documentation is described how to do this with , and ,, but the struct's member , must be of type ,. Is there a solution of my problem?,EDIT: 
I've hurried and I've forgotten to write that I want to generate Java classes with SWIG to cooperate with C structures.",492,2012-08-14 12:33:41Z,Accessing an array of pointers within a structure from Java with SWIG,"
                        1k times
                    ","
            6
        "
Accepted,2015-09-12 20:13:10Z,1,,nielsv,"php,javascript,json,object,converter",https://stackoverflow.com/questions/16062824/convert-object-of-class-stdclass-to-json-object,"this is what i have in my php file: ,$session is now:,I want to send all the information to a function named save in my javascript file. Like this:,When I try this I always get an error that only a string can be send. How can I convert this object to something I can send to my javascript function?,I've tried this with no result: ,When I do ,I get this:","6,068",2013-04-17 14:30:41Z,Convert Object of class stdClass to JSON Object,"
                        39k times
                    ","
            17
        "
Undetermined,2018-07-05 13:12:34Z,4,,abb,"java,javascript,arrays,byte",https://stackoverflow.com/questions/3838921/how-to-pass-byte-arrays-between-java-and-javascript,"I need to access SecureRandom Java Object from Javascript. My ultimate goal is to grab 4  bytes from PRNG and convert it to Javascript integer variable. According to ,, the following two lines of Java code are supposed to do grab 4 random bytes:,My problems is that I don't know how to
 1) allocate byte array suitable for passing to Java method
 2) parse that array into integer afterwards,So far I have managed to getSeed() method which returns an array of random bytes. When I render HTML code provided below in Firefox it shows ""[B@16f70a4"", which appears to be a pointer or something.,This makes me think that I succeed to instantiate and access Java class, but have a problem with type conversion.,Can anyone please help me to write , and , to let the following code work:,Thank you in advance.",614,2010-10-01 12:01:10Z,How to pass byte arrays between Java and JavaScript,"
                        8k times
                    ","
            7
        "
Accepted,2016-06-04 03:54:18Z,2,,UpHelix,"java,javascript,jstl,escaping",https://stackoverflow.com/questions/3260259/output-jstl-escaped,"I am retrieving a value from our DB using JSTL. I am inserting it right into some javascript to use it as a variable. I need the output of the value the JSTL is holding to be escaped because if there are single or double quotes it breaks my script. The value is user specified.,Example:,Doing the following:,Would actually end up looking like:,So I need to convert the JSTL var to be escaped like ""Dale%27s Truck"" before is gets to the JS because its already too late when it gets to my JS to be able to do it in JS.","4,746",2010-07-15 21:33:35Z,Output JSTL escaped? [duplicate],"
                        16k times
                    ","
            10
        "
Accepted,2021-07-03 16:41:52Z,3,,tuetates,"javascript,python,json,flask",https://stackoverflow.com/questions/26983005/importing-python-flask-json-dictionary-into-javascript-error,"I have a Python Flask web app that I want to pass a dictionary data set from to javascript, I am trying to JSON I can pass numbers fine but it seems to throw an error when using strings.,Here is the code snippet of the python generating the JSON string:
view.py,Here is the receiving HTML file
dumpdata.html,Here is the error message and the console output:
consolelog,SyntaxError: invalid property id dumpdata:4,I dont think it's relevant but I get the same error on both ubuntu chrome and win IE. ,Any ideas? I think I am missing something obvious but I have banged my head against this for days and I still haven't been able to find a solution...,Thanks",75,2014-11-17 22:15:30Z,Importing Python Flask JSON dictionary into javascript error,"
                        7k times
                    ","
            6
        "
Accepted,2011-09-09 10:15:37Z,2,,arbme,"c#,php,encryption,mcrypt,rijndael",https://stackoverflow.com/questions/3431950/rijndael-256-encrypt-decrypt-between-c-sharp-and-php,"I have made the changes to the C# code so it uses a block size of 256. but now the hello world looks like this , and I cant figure out what I should use with rtrim() to get ride of the mess at the end.,Also when you say the IV should be random, by this do you mean don't use the same IV more then once or is the way I have coded it wrong?,Thanks again!,Hi,,I'm trying to decrypt a string with PHP that was encrypted in C#. I can't seem to get PHP to decrypt it using mcrypt and could do with some help please. I get the following error with php so I am guessing I'm not setting the IV correctly.,Both functions use the same cipher, key, IV and set to CBC mode:,encrypted text from c# = UmzUCnAzThH0nMkIuMisqg==,
key 32 long = qwertyuiopasdfghjklzxcvbnmqwerty ,
iv 16 long = 1234567890123456,C#,PHP,Thanks","4,551",2010-08-07 20:34:55Z,Rijndael 256 Encrypt/decrypt between c# and php?,"
                        32k times
                    ","
            9
        "
Accepted,2020-05-27 11:05:56Z,2,,James Morgan,"javascript,c#,.net,node.js",https://stackoverflow.com/questions/46093210/c-sharp-version-of-the-javascript-function-btoa,"I need to recode something from js to c# that utilises the btoa method in js on a string of unicode chars to convert them to base64. However, as far as I know the encoding used by javascrpt is different to all those available in c#. I need the encoding to be exactly the same and not return different values across these languages. I have tried setting up a nodejs server and making get requests to it, in order to run the encoding that way, but this is far too slow and unstable. I am under the impression I would need to make my own encoding table but I have no idea where to start or how to implement this. If anyone could help that would be greatly appreciated.,tl;dr: javascript's btoa returns different value than base 64 encoding in c# does. I need it to be the same values.,code and outputs:,I am aware the former example uses utf8 encoding which js does not, the problem is there is no encoding in .net that matches the javascript encoding. ,Edit: Tried to compare the byte arrays of both c# and javascript but the problem is the btoa function uses an unnamed encoding, so I can't actually get the bytes to print the byte array for it without assuming it is something like utf8 which it is not.",451,2017-09-07 09:49:23Z,C# version of the javascript function btoa,"
                        9k times
                    ","
            7
        "
Accepted,2020-10-31 12:54:12Z,5,,Stupidfrog,"java,javascript,json,jackson",https://stackoverflow.com/questions/22978025/jackson-json-how-to-convert-array-to-jsonnode-and-objectnode,"Given Employee and company class,and my code like the following,i wish i can get result like this,It is a simple question, however i quite confusing somethings....
Especially Gson And Json....,Please do not propose other library, which i , this library to work.
And due to some circumstance,this class , i wanted.,Therefore i need , put it,and serialize to json string.,
@Sotirios Delimanolis classes declared is the right way to design the relationship between 
classes. However, that's not i wanted.,The Answer from @hsluo is Correct! and same as what @Sotirios Delimanolis mention. Totally fulfill this question.,And i did found another way to do it which using Hashmap,and then return to @Responbody, result totally same as @hsluo answered.","1,909",2014-04-10 03:19:08Z,Jackson Json: how to convert array to JsonNode and ObjectNode?,"
                        79k times
                    ","
            31
        "
Accepted,2017-02-27 20:18:07Z,1,,thebestclass,"javascript,php,encryption,cryptography,cryptojs",https://stackoverflow.com/questions/29760761/aes-256-on-the-client-side-js-and-in-the-server-php,"I'm trying to encrypt and decrypt data on the server side and the client using the same type of operation, which is AES-256.,On the server I use PHP and client I use CryptoJS so far I could only encrypt and decrypt the client on the server, see the code:,How can I encrypt and decrypt data on both sides (client and server) so that communicate in the same language using PHP and CryptoJS?",159,2015-04-21 00:25:11Z,AES 256 on the client side (JS) and in the server (PHP),"
                        10k times
                    ","
            7
        "
Undetermined,2019-10-16 10:08:27Z,2,,KitKat,"c#,php,.net,compression",https://stackoverflow.com/questions/4080344/decompress-string-in-c-sharp-which-were-compressed-by-phps-gzcompress,"i'm querying a webservice in c# 4.0, which provides me with a string compressed by php's ,. Now i need to decompress this string in c#. I tried several ways including,but everytime i get an ""Missing Magic Number"" exception.,Can someone provide me with some hints?,Thank you,My latest try:",101,2010-11-02 17:23:59Z,Decompress string in c# which were compressed by php's gzcompress(),"
                        5k times
                    ","
            10
        "
Accepted,2017-02-11 23:06:45Z,3,,micky,"javascript,php,laravel",https://stackoverflow.com/questions/38916788/accessing-laravel-relations-in-javascript-code,"Product has a one-to-many relation, 'productbrand', with table productbrand and productbrand has a one-to-one relation, 'brand', with table brand. Table brand has a column, 'brand'. And I am able to access the brand of the product. All other categories, username, etc. are accessed properly.,Ajax and jQuery:,This way I could get only one brand. I have also tried the following way, but failed.,In the controller:,In Ajax:",418,2016-08-12 11:22:32Z,Accessing Laravel relations in JavaScript code,"
                        3k times
                    ","
            14
        "
Accepted,2016-01-04 10:56:11Z,3,,jeet.m,"python,c++,inheritance,cython",https://stackoverflow.com/questions/28573479/cython-python-c-inheritance-passing-derived-class-as-argument-to-function-e,"I am using Cython to wrap a set of C++ classes, allowing a Python interface to them. Example Code is provided below:,BaseClass.h:,DerivedClass.h:,NextDerivedClass.h:,inheritTest.pyx:,I want to be able to call SetObject in Python similar to as shown below:,main.py:,I thought it would work since the classes inherit from each other, but its giving me the following error:,Not specifying type in the function definition makes it think that the inputObject is a pure Python object (has no C-based attributes, which it does), in which case the error is:,A sort-of hacky workaround to this just to have Python functions with different names that expect different types of arguments (ex: SetObjectWithBase, SetObjectWithDerived), and then within their implementation, just call the same C-based function having type-casted the input. I know for a fact this works, but I would like to avoid having to do this as much as possible. Even if there is a way I can catch the Type Error within the function, and deal with it inside, I think that might work, but I wasn't sure exactly how to implement that.,Hope this question makes sense, let me know if you require additional information.,: Code has been edited such that basic inheritance works. After playing around with it a bit more, I realize that the problem is occurring for multiple levels of inheritance, for example, see edited code above. Basically, keeping the declaration for SetObject for the NextDerivedClass causes a ""Ambiguous Overloaded Method"" error, not keeping it allows me to call the function on the object, but it calls the inherited implementation (from DerivedClass). **",513,2015-02-17 23:51:54Z,Cython/Python/C++ - Inheritance: Passing Derived Class as Argument to Function expecting base class,"
                        5k times
                    ","
            11
        "
Accepted,2017-08-13 18:33:48Z,1,,Peter Lustig,"javascript,java,spring,spring-boot,webrtc",https://stackoverflow.com/questions/45658004/how-to-send-audio-blob-from-javascript-to-java-spring-server,"I'm recording some audio data in my javascript client using ,. I want to send this audio data to my Spring , via ,.,After recording I have a blob object in my javascript client: ,I tried to convert this blob to an ArrayBuffer object using , which looks like this ,My javascript code where I send the ArrayBuffer looks like this:,My WebSocket endpoint in my Spring Boot application looks like this:,And this is the console output:,The bytearray in my server contains only 20 bytes, which looks like only metadata are transfered?,How can I transfer the recorded Blob to my Spring server and create a (webm) file of it? Do I have to change the parameter of my endpoint?","1,365",2017-08-13 07:06:59Z,How to send audio blob from javascript to java spring server?,"
                        7k times
                    ","
            7
        "
Accepted,2011-02-21 20:43:34Z,1,,Spectraljump,"php,javascript,html,canvas,http-post",https://stackoverflow.com/questions/5058688/cant-post-large-html5-canvas-to-server,"I have a canvas that you can paint on. I need to save it's contents to the server so it can be resumed later. ,To do this, I , the , via a ,In my php script, I take the $_POST and , and I save it to a .png file on the server.,NOW, this works fine and dandy if the canvas has a small doodle on it. BUT if the 1600x1200px canvas has a lot of stuff drawn on it, and it's like 600kB in size, my script fails, and I get a 0kB png on my server.,How do I fix this? How can I send a large canvas to the server? ,Is the problem a limitation to _POST size? Because, no matter how large the canvas is, I can always download it via a ,.,This is quite the dilemma for me. Any help will be much appreciated!,[EDIT] The PHP simply receives empty , for anything over ~50-something kB...
So the problem has to occur between , and the POST-ing...,[EDIT2] Browser says ""Uploading...(xx%)"" until it's ""done"". SO WHERE DOES THE DATA GO? :C,[EDIT3] Here's the app, try it for yourself (use google chrome): ,[EDIT4] Mike's answer seems to be right about suhosin ","3,657",2011-02-20 17:29:24Z,Can't POST large html5 canvas to server?,"
                        3k times
                    ","
            9
        "
Accepted,2016-03-02 17:37:07Z,2,,Alex Mikhaelson,"c,bash,shell",https://stackoverflow.com/questions/35752909/bash-script-printf-colors-from-variable,"I was hoping to see if someone can point out what I am doing wrong because I am stumped. I am trying to learn bash scripting to deploy a dev test server. One of the things I am trying to achieve is outputting status outputs when a part of the script completes or an action completes. As an example: ,The problem I am having is formatting the value of the first string, ,, which is ,. In the beginning of the script I have defined , as ,However, when I go to execute the script, the output looks like the following:,Instead of the correct output which looks like:,Where ""PASSED"" is written in green coloring. ,However, I did notice that if I do the following:,The above behaves correctly, but I believe isn't the correct way of doing it. Any ideas?",75,2016-03-02 16:29:07Z,Bash Script printf colors from variable?,"
                        2k times
                    ","
            6
        "
Undetermined,2013-05-31 10:01:08Z,4,,Inuniku,"java,javascript,unicode,utf-8,applet",https://stackoverflow.com/questions/16359953/why-does-my-unicode-string-get-corrupted-when-passed-from-java-applet-to-java-s,"I'm pretty new, so don't be too harsh :),I'm facing a problem passing an unicode , from an embedded , in a web page to the Java Script part. I'm not sure this is whether a bug or a misunderstanding of the involved technologies:,I want to pass a unicode string from a Java Applet to Java Script, but the String gets messed up. Strangely, the problem doesn't occur not in , but in , and ,. I haven't tested other browsers though.,The returned String seems to be okay, except for the last unicode character. The result in the Java Script Debugger and Web Page would be:,The string seems to get corrupted at the last bytes. If it ends with an ASCII character the string is okay. Additionally the problem doesn't occur within every combination and also not every time (not sure on this). Therefore I suspect a bug and I'm afraid I might be posting an invalid question.,A minimalistic set up includes an applet that returns some unicode (UTF-8) strings:,The corresponding web page with java script could look like this:,I'm working on Windows 7 32-Bit with the current Java Version 1.7.0_21 using the ""Next Generation Java Plug-in 10.21.2 for Mozilla browsers"". I had some problems with my operating system locale, but I tried several (English, Japanese, Chinese) regional settings.,In case of an corrupt String chrome shows invalid characters (e.g. ��). Firefox, on the other hand, drops the string completly, if it would be ending with ��.,Internet explorer manages to display the strings correctly.,I can imagine several workarounds, including escaping/unescaping and adding a ""final char"" which then is removed via java script. Actually I'm planning to write against Android's Webkit, and I haven't tested it there.,Since I would like to continue testing in Chrome, (because of Webkit technology and comfort) I hope there is a trivial solution to the problem, which I might have overlooked.",136,2013-05-03 13:22:03Z,"Why does my Unicode String get corrupted, when passed from Java Applet to Java Script?","
                        3k times
                    ","
            8
        "
Undetermined,2016-01-21 12:14:00Z,1,,Anirudh M,"javascript,php,android,json,utf-8",https://stackoverflow.com/questions/34921078/how-to-convert-indic-characters-to-unicode-escaped-characters,"I am currently designing a mobile application for Android. The text and content are in the Local Indic Language, Tamil. For Welcome, the equivalent of Tamil translation is: ,. Since Android cannot display Indic Text, I am converting it using a service called ,.,So this works in this way:,How can I make this using JavaScript or PHP as I have huge loads of text to be converted and made it into JSON. Sample JSON:,I also would like to know how to decode the above JSON and show it as ,. Thanks in advance.",587,2016-01-21 10:24:51Z,How to convert Indic Characters to Unicode Escaped characters,"
                        492 times
                    ","
            7
        "
Accepted,2020-03-25 20:56:27Z,1,,Seth,"c#,c++",https://stackoverflow.com/questions/3776485/marshal-c-int-array-to-c-sharp,"I would like to marshal an array of ints from C++ to C#. I have an unmanaged C++ dll which contains:,with declaration in header ,I am then using pinvoke to marshal it into C#:,And I use the function like so:,However, during program execution I get the following error: ","7,863",2010-09-23 08:16:53Z,Marshal C++ int array to C#,"
                        15k times
                    ","
            12
        "
Accepted,2015-01-26 08:59:18Z,8,,YGA,"python,shell,quoting",https://stackoverflow.com/questions/967443/python-module-to-shellquote-unshellquote,"Is there anything in the Python standard library that will properly parse/unparse strings for using in shell commands? I'm looking for the python analog to perl's ,:,And, even more importantly, something which will work in the reverse direction (take a string and decompose it into a list).","8,252",2009-06-08 22:56:09Z,Python module to shellquote/unshellquote? [duplicate],"
                        17k times
                    ","
            36
        "
Accepted,2011-04-19 17:52:39Z,4,,thedestry,"php,python,md5",https://stackoverflow.com/questions/5719471/md5-hash-discrepancy-between-python-and-php,"I'm trying to create a checksum of a binary file (flv/f4v, etc) to verify the contents of the file between the server and client computers. The application that's running on the client computer is python-based, while the server is using PHP. ,PHP code is as follows:,Python code is as follows:,on the particular file I'm testing, the PHP and Python md5 hash strings are as follows, respectively:,Server is running CentOS, while the client is a MacOSX environment. I would greatly appreciate any help in understanding why the two are generating different hash results, or if it something I overlooked (I am relatively new to Python...). Thank you!",243,2011-04-19 16:16:52Z,MD5 hash discrepancy between Python and PHP?,"
                        4k times
                    ","
            23
        "
Accepted,2018-07-01 20:41:59Z,5,,Paul Attuck,"php,javascript,jquery,ajax",https://stackoverflow.com/questions/9001526/send-array-with-ajax-to-php-script,"I have array made by function ,. In array is very large data. How is the best way send this to PHP script?,script.php:,How is the best way for this?","2,089",2012-01-25 10:56:18Z,Send array with Ajax to PHP script,"
                        244k times
                    ","
            52
        "
Accepted,2017-12-08 07:28:12Z,3,,Pwnosaurus,"python,c,class,types,cython",https://stackoverflow.com/questions/28749209/do-cython-extension-types-support-class-attributes,"Python classes can have class attributes:,Is there an analogous construct for defining class attributes in Cython extension types? For example, when I try to compile the following cython code,I get this error:","1,902",2015-02-26 17:43:19Z,Do Cython extension types support class attributes?,"
                        9k times
                    ","
            17
        "
Accepted,2016-03-03 15:44:54Z,3,,Aaron Mansheim,"java,c#,json",https://stackoverflow.com/questions/35731305/do-json-libraries-agree-on-whats-the-double-precision-value-of-5000-1,"If I need to transmit floating-point numbers exactly from C# to JSON to Java, can I use JSON numbers?,If not, why not? What information could be lost and how can I guarantee to retain that?,To be specific, I'm using Json.NET in C# and Jackson (through its class ObjectMapper) in Java.,It looks like double.TryParse is what is ultimately used when Json.NET parses a number to double and Double.parseDouble is what is ultimately used when Jackson ObjectMapper parses a number to double.,Can I expect Microsoft's , and Java's , to agree exactly on the value of every JSON number?,I am concerned because the number of digits in a JSON number is not bounded in ECMA-404, IETF RFC 7159, or json.org. This other question (,) makes me wonder how much I can trust a common belief that the first block of 17 decimal digits (having discarded leading zeroes), or in fact any bounded number of decimal digits, is sufficient to determine a double-precision floating-point value.",415,2016-03-01 19:06:46Z,Do JSON libraries agree on what's the double-precision value of .5000...1?,"
                        3k times
                    ","
            7
        "
Accepted,2015-10-07 10:25:45Z,6,,alex,"javascript,php,mysql,json,flot",https://stackoverflow.com/questions/30112285/create-dynamic-json-from-foreach,"I'm using , to represent my data. Here's the example , I made that shows how the JSONS's required for the chart should look.,The data source is from a MySql stored procedure that has the below output example:,I need to represent in the chart, the , values stacked for different ,'s on y-axis, the , values on x-axis, and in another chart, the values for ,. (in stacked bars).,-The data series should match, so the specific labels should appear against customers. ,Here's the PHP I have so far:,The output of , is:,The output of , is:,But this is not very helpful. ,
, How can I create the dynamic JSON's shown in the above jsfiddle, from the query data ?","1,226",2015-05-07 21:50:04Z,Create dynamic JSON from foreach,"
                        3k times
                    ","
            15
        "
Accepted,2019-06-12 13:52:33Z,3,,alanc10n,"python,c,embed",https://stackoverflow.com/questions/3789881/create-and-call-python-function-from-string-via-c-api,"Is it possible to load a python function from a string and then call that function with arguments and get the return value?,I'm using the python C API to run python code from inside my C++ application. I'm able to load a module from a file using ,, get a function object from that using ,, and call the function with ,. What I'd like to do is to load the module/function from a string instead of a file. Is there some equivalent to , which would allow me to pass it a string instead of a file? I need to pass arguments to the function I'm calling and I need access to the return value, so I can't just use ,.,I found this solution after getting turned on to ,. I'm creating a new module, getting its dictionary object, passing that along in a call to , to define a function in my new module, then getting a function object for that newly created function and calling it via ,, passing my args. This is what I've found to solve my problem:
,Here's what I was doing originally:
,:,And ,:","4,554",2010-09-24 18:28:05Z,Create and call python function from string via C API,"
                        10k times
                    ","
            14
        "
Accepted,2021-11-08 13:40:21Z,6,,ahmet,"javascript,html,c,translation",https://stackoverflow.com/questions/11138929/calling-c-functions-inside-javascript,"The , is printing out the , onto the page example below, is it possible to call a , function on it for example in , to convert something to another language there is a function  , which converts the text into the specified language. Would it be possible to use this function on the below text inside Javascript?. ,I'm basically wanting to do a human language translation. The site already supports multi-language, the problem is on the custom screen like the one shown above which gets generated in Javascript, cannot use the function used to translate text the way its done normally in C.","4,659",2012-06-21 13:10:59Z,Calling C functions inside javascript,"
                        19k times
                    ","
            8
        "
Accepted,2017-02-28 11:27:17Z,4,,WaffleSouffle,"c#,c++,visual-studio,unmanaged",https://stackoverflow.com/questions/5107694/how-do-i-add-a-reference-to-an-unmanaged-c-project-called-by-a-c-sharp-project,"One solution (the.sln),One C++ project (mycppproject.vcxproj in 2010or mycppproject.vcproj in 2008) which compiles a native DLL exporting some function(s). In debug this builds c:\output\Debug\mycppproject_d.dll and in release this builds c:\output\Release\mycppproject.dll.,One C# console application (mycsharpconsole.csproj) containing PInvoke calls into the DLL.,All compiles fine.,When I build, I would like to be able to add a reference from the csharp project to the cpp DLL project so that it can copy the appropriate file from the appropriate directory into the \bin\Debug directory the csharp project is built into.,This should be possible, since the IDE knows everything there is to know about where the DLL gets built, and where the C# application gets built.,In Visual Studio 2010:,I've tried ""Dependencies..."" on the csharp project and adding a dependency on mycppproject, but that has no effect.,I've tried ""Add Reference..."" on the csharp project and adding a reference to the cpp project, but I get a warning message 'The Target Framework version for the project ""mycppproject"" is higher than the current project Target Framework version. Would you like to add this reference to your project anyway?' (Yes/No/Cancel).,Clicking ""Yes"" produces the error message ""A reference to mycppproject"" could not be added.""","3,103",2011-02-24 16:45:16Z,How do I add a reference to an unmanaged C++ project called by a C# project?,"
                        35k times
                    ","
            40
        "
Accepted,2015-08-28 06:44:22Z,4,,Kitchi,"python,c,ctypes,cython",https://stackoverflow.com/questions/16647186/calling-c-functions-in-python,"I have a bunch of functions that I've written in C and I'd like some code I've written in Python to be able to access those functions. ,I've read several questions on here that deal with a similar problem (, and , for example) but I'm confused about which approach I need to take. ,One question recommends ctypes and another recommends cython. I've read a bit of the documentation for both, and I'm completely unclear about which one will work better for me. ,Basically I've written some python code to do some two dimensional FFTs and I'd like the C code to be able to see that result and then process it through the various C functions I've written. I don't know if it will be easier for me to call the Python from C or vice versa.","1,764",2013-05-20 10:11:38Z,Calling C functions in Python,"
                        49k times
                    ","
            33
        "
Accepted,2019-07-15 14:30:46Z,1,,Stan Wijckmans,"c#,c++,webassembly,uno-platform",https://stackoverflow.com/questions/56466822/can-c-be-called-from-c-sharp-compiled-to-wasm,"Does anyone know if it's currently possible to call C++ from C# compiled to wasm (or an Uno Platform app to be more precise)?,I'm fairly new to WebAssembly but I managed to compile a C++ function to wasm and call it from JavaScript.
I also got the quick start project from Uno (which allows you to compile UWP apps written in C#/XAML to wasm and run them in the browser) running.,I write both C# and C++ on a daily basis, but what I can't figure out is the ""interopping between 2 languages"" + WebAssembly combo.
I assume I need to compile the code in both languages to 2 separate wasm files and then somehow link them together or load the C++ one at runtime.
Is what I want to do even possible at all today?,EDIT: To be clear: the idea is that all code is eventually compiled to wasm.",186,2019-06-05 19:27:12Z,Can C++ be called from C# compiled to wasm?,"
                        879 times
                    ","
            9
        "
Accepted,2020-10-20 16:06:52Z,3,,cam,"c#,c++",https://stackoverflow.com/questions/2532907/combining-c-and-c-sharp,"Is it a good idea to combine C++ and C# or does it pose any immediate issues?,I have an application that needs some parts to be C++, and some parts to be C# (for increased efficiency).  What would be the best way to achieve using a native C++ dll in C#?","8,255",2010-03-28 12:42:47Z,Combining C++ and C#,"
                        41k times
                    ","
            37
        "
Accepted,2013-04-06 16:39:55Z,2,,AK_,"c#,c++,dll,interop,pinvoke",https://stackoverflow.com/questions/15822788/how-to-call-a-c-api-from-c-sharp,"I have a pretty big system implemented in C++ I need to interact with. The system has a pretty big API, a number of C++ DLLs. These DLLs export C++ classes, as opposed to a nice C style API. and I need to use them from a new C# project.,From what I know .NET has three ways of interacting with native software:,So the way I understand it, I have three approaches accordingly:,My question:,For a really good answer, especially on the first part, or a good automatic tool, I'll reward a bounty...,Thank you","7,620",2013-04-04 22:23:57Z,How to call a C++ API from C#,"
                        8k times
                    ","
            15
        "
Accepted,2021-02-19 20:45:55Z,4,,master chief,"c#,c++,c++-cli,pinvoke,managed-c++",https://stackoverflow.com/questions/2211867/how-do-i-call-c-cli-from-c,"I have a class implemented in C++ that's responsible for the arithmetic computation of the program, and an interface using WPF. I process the input with C# but then how can I use my C++ class?,I've seen some comments about making a managed C++ wrapper class to interact with it, but I don't know where to start. Nor do I know how I'd go to compile it along with all the other code. I can't really find a tutorial on this, and the stuff google shows on managed C++ doesn't really seem helpful.,Anything out there to help me out? This doesn't seem unreasonable to me., Tried m3rLinEz solution but it's giving me a BadImageFormatException, I think it's because the DLL isn't generated. I did everything as told, I don't know what happened. Any ideas?",761,2010-02-06 03:15:05Z,How do I call C++/CLI from C#?,"
                        84k times
                    ","
            65
        "
Accepted,2019-02-21 17:57:05Z,6,,Thomas Johnson,"java,python,jython,scikit-learn",https://stackoverflow.com/questions/12738827/how-can-i-call-scikit-learn-classifiers-from-java,I have a classifier that I trained using Python's scikit-learn. How can I use the classifier from a Java program? Can I use Jython? Is there some way to save the classifier in Python and load it in Java? Is there some other way to use it?,"8,980",2012-10-05 02:50:26Z,How can I call scikit-learn classifiers from Java?,"
                        40k times
                    ","
            34
        "
Accepted,2021-08-23 13:24:01Z,3,,plasmacel,"javascript,c++,node.js",https://stackoverflow.com/questions/29165155/calling-javascript-from-c-with-node-js,"Is there a way to call JS functions from C++ through node.js (as callbacks or something like that)?
If yes, how?
I'm searching for it on the web, but haven't found any helpful resource.,Thanks in advance","7,608",2015-03-20 11:11:14Z,Calling JavaScript from C++ with node.js,"
                        9k times
                    ","
            23
        "
Undetermined,2021-10-20 07:53:45Z,5,,Hacker_PK,"c++,python,amqp",https://stackoverflow.com/questions/2261347/amqp-c-implementation,"We are writing C++ code which needs messaging. Is there a free/open-source and stable AMQP server available that has equally stable C++ client library with it. We also need to provide Python interface of our code to users (idea is to do maximum stuff in C++ and expose the API in Python).,What can be best way to achieve this.",237,2010-02-14 14:13:37Z,AMQP C++ implementation [closed],"
                        7k times
                    ","
            9
        "
Undetermined,2015-06-16 00:55:58Z,3,,kiwibonga,"c#,c++,.net,android-ndk",https://stackoverflow.com/questions/30686330/running-c-sharp-code-from-c-application-android-ndk-for-free,"I have a C++ game engine that currently supports Windows, Linux and Android (NDK). It's built on top of SDL and uses OpenGL for rendering.,One of the design constraints of this game engine is that the cost of development must be $0.00 -- building the engine should come at no cost to me (other than man hours), I must be allowed to freely redistribute the engine's code and binaries, and users should be able to sell games created using the engine with no restrictions.,Right now, I'm using a very slow interpreted scripting language for game logic -- it actually works well for writing glue code and simple responses to UI events, but not much else.,I'd like to replace this system with a C# solution -- have the user compile a C# class library (DLL) containing their game logic, and have the C++ side 'consume' this DLL and call the appropriate hooks.,It's been rather difficult to find information on how to achieve this in a cross-platform way. Each platform has a different way of hosting the needed runtimes. Also, most articles I've found suggest the use of full-fledged frameworks that provide platform abstractions that are already implemented in my engine.,Is there currently a way to run code from a C# DLL from an Android NDK-based C++ application without using an entirely different SDK, and without having to shell out hundreds of dollars for a license?,In particular, I'm eyeing some of Microsoft's recent open source .net initiatives -- anything there I could use?,EDIT: To clarify, Windows and Linux have well-documented ways of running .net code 'for free' -- this question pertains specifically to calling managed code from an Android NDK application WITHOUT paying licensing fees to Xamarin or another vendor.",577,2015-06-06 18:38:53Z,Running C# code from C++ application (Android NDK) for free,"
                        2k times
                    ","
            15
        "
Accepted,2020-12-22 08:07:01Z,11,,kermit,"php,javascript,ajax,json",https://stackoverflow.com/questions/8599595/send-json-data-from-javascript-to-php,"How can I send JSON data from Javascript in the browser, to a server and have PHP parse it there?","1,552",2011-12-22 04:56:22Z,Send JSON data from Javascript to PHP?,"
                        122k times
                    ","
            51
        "
Accepted,2017-01-25 17:19:40Z,5,,dlanod,"c#,c++,idl,maintainability",https://stackoverflow.com/questions/3146017/how-do-i-share-a-constant-between-c-sharp-and-c-code,"I'm writing two processes using C# and WCF for one and C++ and WWSAPI for the second.  I want to be able to define the address being used for communication between the two in a single place and have both C# and C++ use it.  Is this possible?,The closest I've come is defining the constant in an IDL, then using MIDL and TLBIMP to get it into a DLL that can be consumed by C#.  However this doesn't seem to expose the constant, or at least I can't figure out how to make it do so.  Maybe it is limited to type definitions only.,Any other suggestions?","7,825",2010-06-30 02:02:28Z,How do I share a constant between C# and C++ code?,"
                        7k times
                    ","
            10
        "
Accepted,2014-06-19 04:51:49Z,4,,H. Stefan,"php,python,ajax,ipc",https://stackoverflow.com/questions/5965655/communication-between-php-and-python,"I'm trying to build a web interface for some python scripts. The thing is I have to use PHP (and not CGI) and some of the scripts I execute take quite some time to finish: 5-10 minutes. Is it possible for PHP to communicate with the scripts and display some sort of progress status? This should allow the user to use the webpage as the task runs and display some status in the meantime or just a message when it's done.,Currently using exec() and on completion I process the output. The server is running on a Windows machine, so pcntl_fork will not work.,:
Using another php script to feed the main page information using ajax doesn't seem to work because the server kills it (it reaches max execution time, and I don't really want to increase this unless necessary),I was thinking about socket based communication but I don't see how is this useful in my case (some hints, maybe?,Thank you",250,2011-05-11 14:12:09Z,Communication between PHP and Python,"
                        15k times
                    ","
            10
        "
Accepted,2017-07-13 13:31:24Z,2,,Morganis,"c#,python,.net",https://stackoverflow.com/questions/35462175/call-python-function-from-c-sharp-net,"I have Visual Studio 2015 with my main form written in C# and from there I have different classes written in Python (normal Python not Iron Python). How do I call the Python functions from my C# Code?,I know there are multiple topics about this but most of them are too old and some solutions are too difficult or involve to use a middle language like C++. ,Here are some links I found useful but didn’t provided with the answer I was exactly searching for:,Is there an easy way or do I still need a workaround? And if I need a workaround then what is the easiest one?",602,2016-02-17 16:20:06Z,Call Python function from c# (.NET),"
                        30k times
                    ","
            11
        "
Accepted,2021-08-01 19:45:13Z,8,,chrithccmc,"php,linux,bash,shell",https://stackoverflow.com/questions/5549562/running-php-script-php-function-in-linux-bash,"How we run php script using Linux bash?,php file , contains:","1,027",2011-04-05 09:06:06Z,Running php script (php function) in linux bash,"
                        181k times
                    ","
            36
        "
Undetermined,2018-01-02 16:00:23Z,1,,Andrew K,"c#,c++,ubuntu,.net-core,cross-platform",https://stackoverflow.com/questions/46812185/call-c-net-core-method-from-c,"I have 2 components:,
 - .Net Core Application running on Ubuntu OS.,
 - C++ shared library (.so)  ,Now I want C++ component to be able to call .Net Core method, either passing interface to C++ component which will use this interface to callback method implementation or passing method as a parameter to C++ component.,High-level example what I am trying to achieve:,
C# component :,C++ component:",299,2017-10-18 14:08:36Z,Call (C#) .NET Core method from C++,"
                        3k times
                    ","
            9
        "
Undetermined,2019-05-17 23:06:24Z,1,,mmarquez,"javascript,php,wordpress,vue.js",https://stackoverflow.com/questions/44954565/wordpress-vue-js-contact-forms,"I'm working on a WP theme using Vue.js, all data is being fetched through REST API. so far everything works perfectly in terms of displaying the data. ,I'm trying to implement a contact form plugin (Contact Form 7 -- but open to suggestions). This plugin works by adding a shortcode to the PHP, but since I'm not using PHP, rather rendering all the front end in the client side -- I'm confused on how to achieve an integration between these two., ,I could include the shortcode in my index.php file, with it's visiblity hidden and interact with it through javascript once the user gets to the Contact Page. I'm not very certain about this way as the form really doesn't need to load on entry, just on the Contact Page.,Build a form in the front end, gather the user data and send it to a function in the server side (functions.php). This data then is used by the server to perform the desired submission. Does this makes sense / is it even possible?,I'm just looking for some direction. I'm pretty comfortable working with Wordpress and Vue separately, but I still got my question when it comes to interaction between client side and server side, in this context.,Any suggestions that can help me move forward? I prefer to use Contact Form 7 Plugin as many of my sites use that, but I'm also open to other solutions, ideally managed within Wordpress and not a third party service. Any comments or suggestions are appreciated! ,Thanks!",147,2017-07-06 16:35:33Z,Wordpress + Vue.js : Contact Forms,"
                        2k times
                    ","
            6
        "
Undetermined,2014-10-23 09:05:51Z,2,,kappolo,"java,php,testing,integration-testing,bdd",https://stackoverflow.com/questions/15499746/multi-language-integration-testing-framework,"Imagine that you have a fairly complex service-oriented architecture made by different components. Components are written in different languages (Java, PHP, Ruby) and communicate with each other in different ways (i.e. UI, REST API, in some cases sharing some DB tables, etc).,I am trying to design an integration testing framework for some end-to-end testing.
We already have unit/integration tests for the single components, but we would like to build something that fully tests our deployed system (in a real environment) end-to-end to make sure the functionalities (in terms of expected behaviours of the individual components) are provided correctly and that the architecture is configured correctly as well.,The first problems that I'm facing is that most of our UI is written in PHP and UI integration tests are already written for it with Cucumber and a couple of plugins on top.
The testing framework I'm writing (in Java) should trigger these features tests and afterwards check that the behaviour of related components is as expected.,Obviously, I could rewrite the UI tests using a Java-friendly component like Selenium, but it doesn't make sense to duplicate the effort.,Another solution is to run the existing tests with an exec() call within Java, wait that they return, possibly parse the output and proceed with the other actions/checks that need to be done.,Embedding the existing PHP code within Java doesn't seem a viable solution given the way the projects have been written.,None of the solutions described sound convincing to me. Ideally, it would be nice to have some kind of multi-language (and multi-technology) integration framework that can plug-in within the same test suite tests written in different languages and for different environments/components.,Does anybody knows some tool or framework that goes in this direction? If not, what can be a good approach to this kind of problems?",301,2013-03-19 12:38:25Z,Multi-language integration testing framework,"
                        2k times
                    ","
            6
        "
Accepted,2017-01-22 05:31:32Z,7,,bag-man,"php,javascript,html",https://stackoverflow.com/questions/8638984/send-post-data-to-php-without-using-an-html-form,"Is there anyway to send post data to a php script other than having a form? (Not using GET of course).,I want javascript to reload the page after X seconds and post some data to the page at the same time. I could do it with GET but I would rather use POST, as it looks cleaner. ,Thanks a lot. ,EDIT: Would it be possible to do with PHP header? I'm sure it is better to use JQuery but for my current situation I could implement that a lot easier/faster : ),Cheers,I ended up doing it like so:,Seems to work fine for me, but please say if there is anything wrong with it!,Thanks everyone.","1,363",2011-12-26 20:42:31Z,Send POST data to PHP without using an HTML form?,"
                        87k times
                    ","
            16
        "
Undetermined,2021-04-10 22:27:53Z,5,,Timo,"php,bash,shell,ubuntu,exec",https://stackoverflow.com/questions/1792643/how-do-i-change-the-shell-for-phps-exec,"I want to use php's exec() function on an ubuntu server.
The problem is, I alway get an error, that the command is not found. For example using ,prints,To me, it looks like php is using the sh shell, when I want to be using bash.
I tried changing the shell for www-data in /etc/passwd, that didn't help either.,Does anybody have an idea where else the problem might be coming from or how I can change the shell for php's ubuntu user.,Thanks, Timo,[EDIT],Maybe this helps:,I call a bash script from ssh as timo, this script calls a php script, which uses exec. I know, it sounds weird, but it's part of a bigger development environment...,The point is, I'm not ever certain, as which user the script inside exec is executed.,[EDIT],By now I figured out that there must be another rights problem involved.
Even if I try calling a bash script test.sh (by it's full path!) from within exec, php test.php will just say.",633,2009-11-24 20:16:03Z,How do I change the shell for php's exec(),"
                        10k times
                    ","
            11
        "
Undiscussed,2019-05-21 20:50:33Z,0, ,JJin,"javascript,c++,arrays,google-nativeclient",https://stackoverflow.com/questions/12292425/google-native-client-sending-binary-data-from-nacl-to-the-frontend,"How do I send binary data, e.g. , data back to the frontend ?  ,I know there are two ways of doing it: utilizing the sandbox filesystem provided by NACL and get the url at the frontend; passing the data through the , using ,. It would be great if someone could give me a simple example of how to pass the binary data through ,. There is a Pong example for NACl FileSystem API but I 'm kind of confused on how to retrieve the file location as url so that the frontend JS could get it through the message.  ,Here is what I have done so far, using the second method of passing data through , and ,:,So, how should the JS side catch the array buffer? Is it through , or something else?",297,2012-09-06 03:05:37Z,"Google Native Client, sending binary data from NACL to the frontend","
                        1k times
                    ","
            11
        "
Undiscussed,2019-05-21 20:50:33Z,0,,JJin,"javascript,c++,arrays,google-nativeclient",https://stackoverflow.com/questions/12292425/google-native-client-sending-binary-data-from-nacl-to-the-frontend,"How do I send binary data, e.g. , data back to the frontend ?  ,I know there are two ways of doing it: utilizing the sandbox filesystem provided by NACL and get the url at the frontend; passing the data through the , using ,. It would be great if someone could give me a simple example of how to pass the binary data through ,. There is a Pong example for NACl FileSystem API but I 'm kind of confused on how to retrieve the file location as url so that the frontend JS could get it through the message.  ,Here is what I have done so far, using the second method of passing data through , and ,:,So, how should the JS side catch the array buffer? Is it through , or something else?",297,2012-09-06 03:05:37Z,"Google Native Client, sending binary data from NACL to the frontend","
                        1k times
                    ","
            11
        "
Undetermined,2019-08-14 20:15:06Z,3,,John Franky,"javascript,php,html,websocket,push-notification",https://stackoverflow.com/questions/31035467/for-a-push-notification-is-a-websocket-mandatory,"I have PHP on the server side, and HTML and javascript on the client side.,I am making an app where a stakeholder types a message that is broadcasted to multiple recievers of a group in real time.,I did some research on google and I understand I need to use WebSockets or Comet for real time push notifications.  Is WebSocket or Comet mandatory for sending mass notifications to users?,Is my understanding correct? Any references to start with? ",892,2015-06-24 19:34:50Z,"For a push notification, is a websocket mandatory?","
                        38k times
                    ","
            39
        "
Accepted,2015-03-04 22:58:39Z,3,,VanDeath,"c#,python,methods,arguments,ironpython",https://stackoverflow.com/questions/13231913/how-do-i-call-a-specific-method-from-a-python-script-in-c,"I'm wondering if there is a possibility to call a specific Method from a Python script over a C# project.,I have no code... but my idea is:,Python Code:,C# Code:,How can I call one of the Methods, from this Python script, over C#?",519,2012-11-05 12:14:38Z,How do I call a specific Method from a Python Script in C#?,"
                        29k times
                    ","
            17
        "
Undetermined,2020-10-07 07:38:30Z,4,,Amaan,"javascript,python,html,flask,raspberry-pi",https://stackoverflow.com/questions/42601478/flask-calling-python-function-on-button-onclick-event,"I am new to python and Flask.
I have a Flask Web App with a button. When I click on the button I would like to execute a python method not a Javascript method. How can I do this?,I have seen examples with python where it redirects me to a new page using a form tag like this,but I don't want it to redirect me to a new page. I just want it to execute the python method. 
,. When I press the forward button, I want it to run the method to Turn wheels forward. ,Button HTML Code (,),simple app.py Code - move_forward() method located here,I have seen similar questions to mine on Stackoverflow, but they don't seem to answer my question or I am unable to understand the answer. If someone could please provide me a simple way to call a Python method on button click event, it would be greatly appreciated.,Other Questions that I have looked at: ,--,--,--","1,184",2017-03-04 21:12:56Z,Flask - Calling python function on button OnClick event,"
                        209k times
                    ","
            80
        "
Accepted,2015-09-27 11:46:21Z,2,,M0rty,"java,linux,shell",https://stackoverflow.com/questions/32804020/create-a-shell-script-to-run-a-java-program-on-linux,"I have created a java program which syncs the contents of two directories. The program takes the location of the two directories as arguments the proceeds to sync them, the sync information is them stored in a JSON formatted file inside each directory. 
I have one referenced library ,I'm running this from eclipse on windows and everything is working correctly.
I want to create a shell script so that I can run this on a Linux terminal by typing , where , is my java program and , and , are the paths to the directories to synchronize from the current directory.,I'm very new to shell scripts and Linux and unsure whether this is easy to do or will take me all day. ",965,2015-09-27 02:38:19Z,Create a shell script to run a Java program on Linux,"
                        49k times
                    ","
            7
        "
Accepted,2014-05-30 14:24:55Z,1,,Nebelhom,"javascript,python,ajax,arrays,flask",https://stackoverflow.com/questions/23949395/how-to-pass-a-javascript-array-to-a-python-script-using-flask-using-flask-examp,"I am trying to get the , working for my specific case, but I am coming up short every time. I am aware this sort of question has been asked several times, but the answers do not help me (Yes, I am new to this).,The example passes a string from javascript to python. I would like to pass an array over. The web suggests that this is possible. Here is what I have:,Now, when passing into the , variable a string (e.g. , ), this code works just fine. However, when trying it with an array, it only ever passes the backup value (i.e. ,).,Thanks everyone for your help!,P.S. Maybe it is important to mention. I am using google app engine to host this code.,=================================================================================,FYI, these are the SO sites that I tried to follow and they did not help me:,  (Excellent and very detailed answer, but can't get it to work)","3,473",2014-05-30 07:35:56Z,How to pass a javascript array to a python script using flask [using flask example],"
                        11k times
                    ","
            9
        "
Undetermined,2013-08-29 12:18:11Z,2,,Ivan Oseledets,"python,c,function,callback,cython",https://stackoverflow.com/questions/11700501/python-cython-c-and-callbacks-calling-a-python-function-from-c-using-cython,"I have the following question.
We have to pass callback functions to the C code. If the function is a Cython function in the same module, the situation is quite simple,In Cython:,In C:,The question is as follows: we want to generalize this code in the most Pythonic way so that it can accept also python functions as callback arguments (of course, some additional layer is needed), and also C/Cython functions from another module. I suppose, for C/Cython functions from a separate module one has to get the address of these functions (convert to long int?) and for Python function a certain wrapper is needed","2,020",2012-07-28 11:12:50Z,"Python/Cython/C and callbacks, calling a Python function from C using Cython","
                        5k times
                    ","
            7
        "
Accepted,2013-01-07 06:49:12Z,4,,DaveDum,"c#,c++,sockets,tcp,ip",https://stackoverflow.com/questions/14184993/communication-between-c-and-c-sharp-application-through-network,"I have a simple server written in c# listening on some port. I have an application in c++ and I need the application to send some information to the server. This information is a struct containing 5 integers. I was thinking that I can send it also as a string: something like: ""ID=3, anotherInt=5..."". Is it a good idea? If not, how should I do that?,How to make it work? What is your advice?,Thank you.",63,2013-01-06 17:57:13Z,Communication between c++ and c# application through network,"
                        1k times
                    ","
            6
        "
Accepted,2017-02-15 17:08:44Z,4,,anthonyvd,"c#,javascript,webbrowser-control",https://stackoverflow.com/questions/6619931/how-should-an-array-be-passed-to-a-javascript-function-from-c,"I use a WebBrowser object from WPF and I'm calling some Javascript code in the page loaded in the browser like this:,Now, the js function is supposed to iterate over the elements of the second parameter (an array of strings) and do stuff accordingly.  The only issue is that the parameter seems not to be passed as a js array.,For example,,alerts ""Unknown"".,What is the proper way to pass an array as a parameter when invoking a js function from CSharp? ","6,829",2011-07-08 04:18:29Z,How should an array be passed to a Javascript function from C#?,"
                        10k times
                    ","
            12
        "
Accepted,2020-09-04 11:16:33Z,5,,Brutus,"python,shell,encoding,utf-8,ascii",https://stackoverflow.com/questions/11741574/how-to-print-utf-8-encoded-text-to-the-console-in-python-3,"I'm running a recent Linux system where all my locales are UTF-8:,Right now Python uses UTF-8 for the FS encoding but sticks to ASCII for the default encoding :-(,I thought the best (clean) way to do this was setting the , environment variable. But it seems that Python ignores it. At least on my system I keep getting , as default encoding, even after setting the ,.,If I do the following at the start of a script, it works though:,But that approach ,. So, what's a good way to accomplish this?,Instead of changing the default encoding - which is , (see mesilliac's answer) - I just wrap , with a , like this:,See , for a small utility function, that handles it.","6,908",2012-07-31 13:45:08Z,How to print UTF-8 encoded text to the console in Python < 3?,"
                        105k times
                    ","
            52
        "
Accepted,2014-05-19 15:39:30Z,5,,ewein,"php,javascript",https://stackoverflow.com/questions/9623593/pass-javascript-variable-to-php-code,"I have a file of php and javascript code. I want to set a php variable to be the result of a javascript function which takes a php variable as a parameter. For example: ,I know you cannot do a ""= echo"", is there another way I can do this?,Thanks","2,553",2012-03-08 19:28:05Z,Pass javascript variable to php code? [duplicate],"
                        53k times
                    ","
            6
        "
Accepted,2016-08-09 19:21:15Z,4,,Carol.Kar,"javascript,php,wordpress,google-visualization",https://stackoverflow.com/questions/38678239/execute-google-chart-api-javascript-in-php-file,"I am creating a mail in php, in a wordpress plugin, and would like to include an image created by the google chart api. I tried the following:,My problem is that Javascript cannot be executed in a delivered mail. Hence, I am looking for a way to execute Javascript inside the script.    ,Any suggestions how to execute javascript in a php file to get the resulting google-api link?,I appreciate a working example!,PS.: My php version is:","5,082",2016-07-30 20:33:41Z,Execute Google Chart API (Javascript) in php file,"
                        2k times
                    ","
            12
        "
Accepted,2014-11-11 05:52:06Z,1,,Anne McLaughlin,"javascript,python,django",https://stackoverflow.com/questions/26855631/javascript-to-django-views-py,"This may sound simple, but how do I send the data from a Javascript array in my index.html template to my views.py? ,When the user clicks a ""Recommend"" button, my code calls a function that accesses my database and prints a name on the template. ,I have an array of checkbox values in Javascript that are calculated after the user presses ""Recommend"". I want to send it to my index view and use it as the parameter for another function.,So:,How can I do this? I've been searching similar questions, but I'm new to Django and web development in general, so I either did not understand the answers or they didn't help me.",85,2014-11-11 00:41:38Z,Javascript to Django views.py?,"
                        8k times
                    ","
            7
        "
Undetermined,2015-11-28 04:10:29Z,2,,Sander Van Den Hout,"javascript,php",https://stackoverflow.com/questions/33959189/how-to-locally-call-a-javascript-function-from-php-on-raspberry-pi,"I'm in a slight predicament where I can't really understand how to proceed.
I've got a set-up where I'm hosting a website locally, on a Raspberry Pi which is used to send commands to a LED-donut + speaker. The website also contains a scheduler, which allows people to drag/drop music playlists and licht-scenes to a date and time. The concept is that these will be fired off automatically.,The interface on this website has several functions we can call. The point is, I'm using , to fire off PHP scripts that will for instance grab information out of my MySQL database and use that information (date+time+string of licht-scene / audio file) to send to the LED-donut and speakers.,My issue here is that , I've searched, people tell me that PHP can't access JS functions, simply because they are server-side vs client-side or that it has to be within one file. ,However, all of these scripts etc. are run locally on a Raspberry Pi and I'm working on pre-existing code.,I'll show you some snippets:,I'm really hoping you guys and gals could at least give me some pointers on how to proceed. It would be highly appreciated!,p.s. I wanted to post more links to show that I have been doing research, but I'm only allowed 2 at the moment. My apologies!",71,2015-11-27 14:10:10Z,How to (locally) call a JavaScript function from PHP (on Raspberry Pi),"
                        213 times
                    ","
            7
        "
Accepted,2016-04-26 06:06:08Z,2,,tt9,"javascript,c++,windows,com",https://stackoverflow.com/questions/36853411/using-javascript-to-call-c-in-internet-explorer,"I have seen this for BHO extensions, where the JavaScript can call functions in the C++ BHO. But lets say I am not using a BHO, instead I have a C++ console application that creates an IE COM object like so:,I also have a class which ""owns"" the IWebBrowser2 object that comes back from this function.,Is there a way to call a function like ""SomeFunction"" in the wrapper class from the JavaScript in the spawned IWebBrowser2 object?","4,834",2016-04-26 00:32:52Z,Using Javascript to Call C++ in Internet Explorer,"
                        2k times
                    ","
            7
        "
Accepted,2017-10-23 10:20:37Z,1,,ilikeyoyo,"javascript,java,htmlunit",https://stackoverflow.com/questions/46750959/how-to-write-event-handlers-and-detect-certain-javascript-calls-using-htmlunit,"I want to use the Java API, ,, to detect the number of eval() calls being called on the webpage by the JavaScript program. However, HTMLUnit doesn't have a built in handler for this type of JavaScript function. How can this be done?,Thanks.",138,2017-10-15 01:49:04Z,How to write Event Handlers and detect certain JavaScript calls using HTMLUnit?,"
                        193 times
                    ","
            7
        "
Accepted,2015-12-01 19:04:33Z,2,,liarspocker,"python,shell,subprocess,python-multithreading",https://stackoverflow.com/questions/23611396/python-execute-cat-subprocess-in-parallel,"I am running several , commands on a remote server and gathering their output individually for further processing:,This, however, results in sequential execution of the subprocess('ssh ... cat ...') commands. Second peak waits for first to finish and so on. ,How can I modify this code so that the subprocess calls run in parallel, while still being able to collect the output for each individually?","2,352",2014-05-12 14:13:14Z,Python: execute cat subprocess in parallel,"
                        15k times
                    ","
            19
        "
Accepted,2015-08-04 23:48:39Z,3,,Vish,"javascript,php,jquery,ajax,json",https://stackoverflow.com/questions/23750661/send-json-object-from-javascript-to-php,I am trying to send JSON object from Javascript/Jquery to PHP and I am getting and error msg in my console. What am I doing wrong. I am new to JS and PHP.,355,2014-05-20 03:41:38Z,send json object from javascript to php,"
                        20k times
                    ","
            7
        "
Accepted,2018-03-02 14:27:35Z,1,,Rakesh Kohali,"javascript,php,ajax,vue.js,axios",https://stackoverflow.com/questions/49070403/how-to-retrieve-variables-in-php-sent-by-axios-post-request,"I want to send a POST request to a PHP script. I am using Axios:,In the PHP file I am trying something like this to retrieve that id variable from axios:,But seems it is not doing anything. ,What is the correct way to retrieve variables from the request?",265,2018-03-02 13:47:06Z,How to retrieve variables in php sent by axios post request [duplicate],"
                        9k times
                    ","
            7
        "
Accepted,2020-06-12 06:52:06Z,6,,scre_www,"python,linux,django,shell,manage.py",https://stackoverflow.com/questions/34591729/how-to-execute-code-in-the-django-shell-by-an-external-python-script,"I would like to create a python script to deactivate Django users in the database from the CLI. I came up with this:,The above code WORKS when I manually enter it manualy command after command. However, I would like to put execute the commands in one .py script like,This does not work! , this problem is here because Python waits until the opened Django shell (first command) finishes which is never. It doesn't execute the rest of the commands in the script as the first command puts it in Hold., can execute commands in a shell but only in the Python shell, I would like to use the Django shell.,Anyone ideas how to access the Django shell with a .py script for custom code execution?","2,144",2016-01-04 12:58:13Z,How to execute code in the Django shell by an external python script?,"
                        14k times
                    ","
            9
        "
Accepted,2016-01-18 06:59:50Z,2,,erling,"python,c++,cross-platform,buffer,communication",https://stackoverflow.com/questions/25383624/communication-between-c-and-python,"I am looking for an efficient and smart way to send data between a C++-program and a Python-script. I have a C++ program which calculates some coordinates in-real-time 30Hz. And I wanna access these coordinates with a Python-script. My first idea was to simply create a .txt-file and write the coordinates to it, and then have Python open the file and read. But I figured that it must be a smarter and more efficient way using the RAM and not the harddrive. ,Does anyone have any good solutions for this? The C++ program should write 3coordinates (x,y,z) to some sort of buffer or file, and the Python program can open it and read them. Ideally the C++-program overwrites the coordinates every time and there's no problem with reading and writing to the file/buffer at the same time.,Thank you for your help",361,2014-08-19 12:37:19Z,Communication between C++ and Python,"
                        19k times
                    ","
            11
        "
Undetermined,2021-01-06 22:23:09Z,1,,Skanda Avadhani,"c#,python,.net,python.net,pythonnet",https://stackoverflow.com/questions/48082043/calling-c-sharp-code-within-python3-6,"with absolutely no knowledge of coding in C#, I wish to call a C# function within my python code. I know there's quite a lot of Q&As around the same problem, but for some strange reason, i'm unable to import a simple c# class library from a sample python module. ,Here's below as to what i've done - ,I'm using the VS 2017 CE. ,I create a new project , under the type of , ,The classes inside the project are as follows - ,This was built successfully, generating the , file under the , dir as ,Now, I switch over to python3.6 (running on a virtualenv, backed with pythonnet 2.3.0) ,When i Run ,, the code fails with the error - ,Should the code be - ,I get - ,But when i ran the code below, the code runs as expected - ,I've no idea of what i might be missing :( ",143,2018-01-03 17:12:53Z,Calling C# code within Python3.6,"
                        4k times
                    ","
            7
        "
Accepted,2015-02-03 01:19:29Z,1,,Nick,"javascript,python,web-scraping,scrape",https://stackoverflow.com/questions/28289699/python-web-scraping-for-javascript-generated-content,"I am trying to use python3 to return the bibtex citation generated by ,. The url's are predictable so the script can work out the url without having to interact with the web page. I have tried using selenium, bs4, etc but cant get the text inside the box.   ,Can anyone suggest a way of returning the bibtex citation as a string (or whatever) in python?",115,2015-02-03 01:07:56Z,Python web scraping for javascript generated content,"
                        9k times
                    ","
            8
        "
Undiscussed,2015-03-06 19:10:00Z,0, ,WhatAWorld,"java,javascript,jython,rhino,nashorn",https://stackoverflow.com/questions/28905849/limiting-memory-usage-of-a-java-rhino-nashorn-object,"I'm extending a server application written in Java to allow user-defined callbacks (written in Javascript) to be run in response to requests. I've done some reading, and while it seems possible to disable Java classes in Nashorn, there is nothing stopping a user from creating Javascript code that allocates an enormous array without using any Java APIs. I'm wondering if there is any way to restrict this, either proactively or reactively.,The solution I came up with is to have a process pool of JVMs with small max heap sizes, which are responsible for running the user-defined code. There will be a worker pool manager to spawn new processes when needed. This way, the main process, as well as other user-defined code, will not be affected by a single malicious user. While this solution will likely work, it seems heavy-handed. Is there no better solution for preventing malicious users from using too much memory?,I'm not particularly set on Javascript, so if there exists any other scripting language that can be run within a JVM and also has support for memory usage limits, I would be open to using it instead of Nashorn. Unfortunately, it seems like Jython, JRuby, and LuaJava all don't have what I'm looking for. Thanks in advance.",374,2015-03-06 19:04:28Z,Limiting memory usage of a Java/Rhino/Nashorn object,"
                        1k times
                    ","
            8
        "
Undiscussed,2015-03-06 19:10:00Z,0,,WhatAWorld,"java,javascript,jython,rhino,nashorn",https://stackoverflow.com/questions/28905849/limiting-memory-usage-of-a-java-rhino-nashorn-object,"I'm extending a server application written in Java to allow user-defined callbacks (written in Javascript) to be run in response to requests. I've done some reading, and while it seems possible to disable Java classes in Nashorn, there is nothing stopping a user from creating Javascript code that allocates an enormous array without using any Java APIs. I'm wondering if there is any way to restrict this, either proactively or reactively.,The solution I came up with is to have a process pool of JVMs with small max heap sizes, which are responsible for running the user-defined code. There will be a worker pool manager to spawn new processes when needed. This way, the main process, as well as other user-defined code, will not be affected by a single malicious user. While this solution will likely work, it seems heavy-handed. Is there no better solution for preventing malicious users from using too much memory?,I'm not particularly set on Javascript, so if there exists any other scripting language that can be run within a JVM and also has support for memory usage limits, I would be open to using it instead of Nashorn. Unfortunately, it seems like Jython, JRuby, and LuaJava all don't have what I'm looking for. Thanks in advance.",374,2015-03-06 19:04:28Z,Limiting memory usage of a Java/Rhino/Nashorn object,"
                        1k times
                    ","
            8
        "
Accepted,2012-01-10 09:15:12Z,8,,Mad coder.,"c#,javascript",https://stackoverflow.com/questions/8644289/adding-values-from-c-sharp-to-div-via-javascript,"The last module of my chat script is passing values from C# code to JavaScript and JavaScript will post values to the DIV. Before I used DataBinder but when using it directly C# code is taken by AJAX's update panel. Now, I need a set of Array values to be passed via Timer Tick function to JavaScript. How can I pass Arrays from C# to JavaScript using ,. A part of my code follows.,I don't want values to directly to be sent to the DIV. First it must be sent to JavaScript and then it must go to DIV.,I need C# to retrieve data from backend and to pass that data to client side (i.e. JavaScript) from JavaScript it has to be forwarded to DIV layer.","2,125",2011-12-27 11:50:10Z,Adding values from C# to DIV via JavaScript,"
                        2k times
                    ","
            6
        "
Accepted,2016-03-31 18:34:23Z,1,,Rynelf,"javascript,c#,html,node.js,websocket",https://stackoverflow.com/questions/36340948/how-can-i-get-data-from-a-websocket-url,"When I connect to a website who uses websockets, I can get the frames with the Google Developer Tools.,So I would like to get the same data but in a program ( JS, C# ) but I actually have no idea how I should do.,I thought about make a http.request with NodeJS but it's not a http url :/
I thought about make a sample JS client but I couldn't get the data because I wasn't able to send the headers with the 'key'.,So, I really hope you have a way to help me and sorry for my basic English :(",71,2016-03-31 18:25:33Z,How can I get data from a websocket url?,"
                        10k times
                    ","
            6
        "
Accepted,2014-04-28 08:16:04Z,4,,Aishwarya Shiva,"c#,javascript,jquery,asp.net,json",https://stackoverflow.com/questions/23157685/send-data-to-a-generic-handler-that-accepts-json-data-using-c-sharp,"I have a situation where I am accessing an ASP.NET Generic Handler to load data using JQuery. But since data loaded from JavaScript is not visible to the search engine crawlers, I decided to load data from C# and then cache it for JQuery. My handler contains a lot of logic that I don't want to apply again on code behind. Here is my Handler code:,I can call the function , from C# but I will have to apply some URL based conditions while calling it. The , is actually based on URL parameters.,If possible to send JSON data to this handler then please tell me how to do that. I am trying to access the handler like this:,But its giving , in Handler code at line:
","3,466",2014-04-18 15:57:24Z,Send data to a generic handler that accepts JSON data using C#,"
                        5k times
                    ","
            8
        "
Undetermined,2019-05-25 13:19:59Z,6,,theprole,"python,bash,shell",https://stackoverflow.com/questions/4407843/sending-password-to-command-line-tools,i'm writing a python application that uses a command line utility (propietary so it can't be modified) to do part of its work. The problem is that I have to pass the password as a command line argument to the tool which would easily be seen by any user doing 'ps ax'. How can I send the password to the command line tool safely from within python (or a shell script)?,"2,084",2010-12-10 10:25:23Z,sending password to command line tools,"
                        4k times
                    ","
            12
        "
Undetermined,2011-01-16 18:22:01Z,3,,sura,"c#,java,interop,comet",https://stackoverflow.com/questions/1733082/implement-a-comet-server-in-c-sharp,"I would like to know whether there is a way to write a comet server in C#. i have a C# code that generates data periodically, and I want to push these data to a java app. So would like to convert my C# code to a comet server. 
Also would like to know whether there is any comet server implemented that lets us connect the C# application and java application to it, so that the C# application can pass information to the java app, through the comet server. data push frequency would be high, but the size of an individual message is very small: a string value.","1,323",2009-11-14 02:56:34Z,Implement a Comet server in C#,"
                        3k times
                    ","
            6
        "
Accepted,2018-06-07 07:57:24Z,2,,andreas,"javascript,c,angular,typescript,webassembly",https://stackoverflow.com/questions/50731650/is-it-possible-to-run-webassembly-code-async,"I have written a C function that I am able to execute from Angular/TypeScript/JavaScript using WebAssembly:,This function does some heavy mathematical calculations and needs a few seconds to finish. It is fired when a user clicks a button:,Is it possible to execute the function so that it does not block the UI of the web application?,I tried ,/,/,, but I don't seem to be able to make it work. ,Thank you!","7,422",2018-06-07 01:11:58Z,Is it possible to run WebAssembly code async?,"
                        5k times
                    ","
            13
        "
Accepted,2012-08-06 20:18:09Z,1,,Prod Tester,"php,c++,php-extension,php-internals",https://stackoverflow.com/questions/11834078/how-to-convert-zval-to-vector-for-php-extension,"i'm writing a php extension for my c++ library which is defined something like this:,now, i'm writing a php wrapper for above function like this.,now i want to call getPids(), but i don't know the proper way to pass idsArray as vector into the c++ function.,after some search on web, i found an example where zval array is iterated to read each values, and i thought maybe i can use this to create a vector.,but is this the best approach? or is there a better way to do this?,thanks!",223,2012-08-06 18:49:36Z,how to convert zval to vector for php extension?,"
                        1k times
                    ","
            6
        "
Undetermined,2021-08-08 02:43:06Z,6,,Vincent L,"c#,python,.net,rpc,python.net",https://stackoverflow.com/questions/42939357/communication-between-python-and-c-sharp,"I have a Python backend running machine learning algorithms. I want to use the same backend for both an Excel plugin (C#) and a website. I want both interfaces to send my training data (thousands of lines of numbers in arrays) to the same Python application and retrieve the results in the form of another array up to a few thousand lines.,The website would fetch data from a SQL database and send that data to Python, while the Excel plugin would take the data that is in the current worksheet and send that data to Python. I need to be able to create numpy arrays in Python before continuing to process the data. Note that the website would be running on the same machine where the Python application resides. I still haven't decided what I will use to code the website, but I was leaning towards Node.js.,I have done some research and found a few options:,Note: I would need the Python ""server"" to be stateful and keep the session running between calls. So I would need to have a kind of daemon running, waiting for calls.,Which one would you experts recommend and why? I need flexibility to handle several parameters and also large arrays of numbers. Using IronPython is not an option because I am running Keras on Python, which apparently does not support IronPython.",611,2017-03-21 22:27:48Z,Communication between Python and C#,"
                        18k times
                    ","
            8
        "
Undetermined,2021-04-29 03:57:32Z,1,,amcdnl,"c#,python,.net,interop,protocol-buffers",https://stackoverflow.com/questions/34662448/net-c-interop-to-python,"My backend is written in .NET/C#, I have a requirement that I need to execute python scripts passing context from the .net side of the house. These are queued up in a background task engine called , running as a windows service.,I did a little digging and found ,, however, after implementing it failed to support many of the pypi python packages that I need to execute inside my script.,Secondly, I looked at , which is a embedded interpreter that embeds or extends CPython. CPython can run all the scripts/etc that I needed, however, I found that opening/closing the python interpreter all the time can create quite a few memory leaks and there is always threading constraints there too. See , for some of the details.,I'm wondering if this interopt and embedding python in .net is even a good idea. I'm wondering if making python its own execution engine using something like , and marshalling data between the two using something like , would be a better solution? This adds much more complexity and an additional task engine to my stack too.,I was wondering if anyone else had any ideas/feedback/experiences trying to accomplishing something similar? Thanks!","7,910",2016-01-07 18:24:30Z,.NET/C# Interop to Python,"
                        6k times
                    ","
            10
        "
Undetermined,2019-11-26 02:35:59Z,3,,PL13,"java,android,python,scripting",https://stackoverflow.com/questions/34235763/execute-python-script-from-android-app-in-java,"I am trying to find a way to execute a Python script from my Java code in Android. I did a research on this matter but the only thing I found is, how I can convert python scripts in APK for android (Kivy e.t.c.).,More specifically I have a script which contains a lot of functions.What i want to do is to create an object based on this python script inside my java code and via this object to call my functions.,I can't convert my Python code into Java, because I use various libraries that exists only in python.,Any advice would be helpful and deeply appreciated.,The following a snippet of my Python script. I use the library charm for cryptography.",353,2015-12-12 03:00:31Z,Execute Python script from Android app in Java?,"
                        18k times
                    ","
            11
        "
Undetermined,2012-08-01 23:08:16Z,2,,Alexandros,"python,c,64-bit",https://stackoverflow.com/questions/4624507/building-64-bit-c-python-extensions-on-windows,"I am asking this question because I need to build a specific module (aspell_python, ,) to work with my 64-bit Python 2.6 which runs on a Windows 7 (64-bit of course) machine. I also always wanted to know how to speed up certain functions with C code so I'd like to make my own external C modules for Python in the future.,Can anyone please tell me the steps required to successfully build a 64-bit Python extension in C? I know Python, I know C but I don't know about Visual Studio or Windows specific  developer matters. I tried to follow the official guide on the Python web site (http://docs.python.org/extending/windows.html#building-on-windows) using Visual Studio 2008 (which is the only commercial product available here) but even the most basic example would fail to build.","3,719",2011-01-07 10:20:42Z,Building 64-bit C Python extensions on Windows,"
                        7k times
                    ","
            23
        "
Accepted,2016-04-26 22:45:14Z,1,,Brian McFarland,"python,c,ctypes",https://stackoverflow.com/questions/33310675/pass-file-into-function-from-python-ctypes,"I have a library function (written in C) that generates text by writing the output to ,.  I want to wrap this in Python (2.7.x) with code that creates a temp file or pipe, passes it into the function, reads the result from the file, and returns it as a Python string.,Here's a simplified example to illustrate what I'm after:,Python wrapper:,I'm wondering what my best bet is for ,. ,I'm tempted to just use , and create a , wrapper that returns a Python c_void_t, then pass that into the library function.  I'm seems like that should be safe in theory--just wondering if there are issues with that approach or an existing Python-ism to solve this problem.,Also, this will go in a long-running process (lets just assume ""forever""), so any leaked file descriptors are going to be problematic.","8,177",2015-10-23 20:13:40Z,Pass FILE * into function from Python / ctypes,"
                        2k times
                    ","
            10
        "
Accepted,2014-08-14 16:46:04Z,3,,user3395024,"javascript,php,jquery,syntax-error",https://stackoverflow.com/questions/22730210/send-log-errors-to-a-file,"I developed a website for my graduation however it still only one thing I have do. What I want is when the script is installed on a website I want to send the name of the website who has installed my script, also whenever there is an error I want to send it to my website so for example:,This website installed my script,I want to see the path + website in an other file in other website. For example:,The purpose of this is keep my customers update and give them support and see the errors that happen so I can fix them in next updates.",153,2014-03-29 11:01:52Z,Send log errors to a file,"
                        172 times
                    ","
            8
        "
Accepted,2021-04-09 12:13:07Z,4,,kumar,"javascript,c#,asp.net,dhtml",https://stackoverflow.com/questions/2408771/how-to-get-selected-value-from-dropdownlist-in-asp-net-using-javascript,"I am populating country dropdownlist from a database. I need to select a value from dropdown list and assign it to textbox by using Javascript.,Code:  ,by doing this I am getting error. Any solutions?","1,089",2010-03-09 11:59:51Z,How to get selected value from dropdownlist in asp.net using Javascript?,"
                        57k times
                    ","
            7
        "
Undetermined,2017-03-02 01:10:01Z,1,,silent_coder,"java,android,c++,android-ndk,java-native-interface",https://stackoverflow.com/questions/42527598/call-c-class-methods-or-function-from-java-on-android-without-recreating-class,"I have a pretty complex NLP code written on C++ and now I want to use it from my android app. My idea is to build app using client-server architecture, where client is an android java app, and server is a C++ Object Oriented code. But main problem for me, is that C++ components are pretty heavy (tokenizers, vectorizers, corpus data, etc) and I can't recreate them on every call, what I need is to create them once (on first request), and then have them in memory, handlind requests from java side when app is active. ,Could you please give me some guidance how to achive this, since I never use C++ from Android before? Thanks in advance. ,Java and C++ code isn't remote, there is no http or other remote requests involved, it's the same app. But to reduce ammount of overhead for inter Java/C++ communication I wan't to have a single point of contact in java code, something like , and then C++ code based on , identify, what it should do with text.","5,550",2017-03-01 09:12:45Z,Call C++ class methods or function from Java on android without recreating class/variable on every call,"
                        3k times
                    ","
            7
        "
Accepted,2011-10-07 19:11:10Z,3,,knittledan,"python,linux,shell,command-line",https://stackoverflow.com/questions/7691599/execute-python-script-with-function-from-command-line-linux,"I have my python file called convertImage.py and inside the file I have a script that converts an image to my liking, the entire converting script is set inside a function called convertFile(fileName),Now my problem is I need to execute this python script from the linux command line while passing the convertFile(fileName) function along with it.,example:,This should execute the python script passing the appropriate function.,example:,What is the right way to execute this python script and properly pass the file name to the function from the liunx command line?,Thank in advanced",724,2011-10-07 18:48:36Z,"execute python script with function from command line, Linux","
                        48k times
                    ","
            11
        "
Accepted,2019-10-06 02:27:19Z,2,,Daniel Stephens,"c++,c,undefined-behavior",https://stackoverflow.com/questions/58250341/what-happens-if-undefined-c-behaviour-meets-c-defined-behaviour,"I have a , file that I compile with C++ (not a C compiler). The containing function relies on a cast (see last line) which seems to be defined in C (please correct if I am wrong!), but not in C++ for this special type.,Since I compile this in a C++ file, is this now defined or undefined behaviour? Or would I need to move this into a , file, to make it defined behaviour?","1,026",2019-10-05 16:41:01Z,What happens if undefined C++ behaviour meets C defined behaviour?,"
                        870 times
                    ","
            11
        "
Accepted,2020-02-21 21:58:12Z,1,,Josheee,"javascript,python,stripe-payments",https://stackoverflow.com/questions/60333494/this-paymentmethod-was-previously-used-without-being-attached-to-a-customer-or-w,"Having a weird issue here.  Following the docs, I am attaching the PaymentMethod to an existing customer, but it's not working.  Roughly, I:,The code:",73,2020-02-21 06:52:57Z,"This PaymentMethod was previously used without being attached to a Customer or was detached from a Customer, and may not be used again","
                        6k times
                    ","
            7
        "
Accepted,2019-02-26 17:40:06Z,1,,Chris Swierczewski,"python,c++,numpy,c++11,pybind11",https://stackoverflow.com/questions/54876346/pybind11-and-stdvector-how-to-free-data-using-capsules,"I have a C++ function that returns a , and, using Pybind11, I would like to return the contents of that vector as a Numpy array without having to copy the underlying data of the vector into a raw data array.,In , the author demonstrates how to ensure that a raw data array created in C++ is appropriately freed when the Numpy array has zero reference count. I tried to write a version of this using , instead:,However, if I call this from Python I observe two things: (1) the data in the output array is garbage and (2) when I manually delete the Numpy array I receive the following error (SIGABRT):,My guess is that this issue has to do with the line "","", which presumably is being called with , set to ,. This is not the way to deallocate a ,.,One possible solution is to create a , and copy the contents of , to this raw data array. However, I have cases where the results might be large and I want to avoid taking all of that time to allocate and copy. (But perhaps it's not as long as I think it would be.),Also, I don't know much about , but perhaps there is a way to allocate the raw data array needed by the output vector , the , function call and then discard the , afterwards, retaining the underlying raw data array?,The final option is to rewrite ,.",619,2019-02-25 23:34:07Z,Pybind11 and std::vector -- How to free data using capsules?,"
                        3k times
                    ","
            7
        "
Accepted,2020-06-13 09:06:40Z,2,,Kazuaki Suzuki,"javascript,python,flask,audio,windows-subsystem-for-linux",https://stackoverflow.com/questions/60032983/record-voice-with-recorder-js-and-upload-it-to-python-flask-server-but-wav-file,"I would like to realize this.,I realized this with the help of addpipe's simple recorder.js sample.
,This sample uses php server, so I changed the original app.js.,original app.js,my app.js,I checked my web app locally, then everything looked perfect. I use Windows 10, WSL, Debian 10/buster, python3.7.6, Google Chrome. Here is Terminal's record.,However, when I checked uploaded ""file.wav"" with ffprobe command, it was broken.,This is screenshot of my app. When I push ""save to disk"" button, I can download WAV file locally.
If I check downloaded WAV file, it is not broken.,My directory structure is here.,This is main.py.,This is index.html.,This is app.js.,
Could you give me any information or suggestion?,Thank you in advance.,Sincerely, Kazu",783,2020-02-03 04:09:32Z,"Record voice with recorder.js and upload it to python-flask server, but WAV file is broken","
                        8k times
                    ","
            7
        "
Undetermined,2014-10-09 20:27:52Z,2,,Daniel Matz,"python,c++,swig",https://stackoverflow.com/questions/22491921/how-to-use-a-python-list-to-assign-a-stdvector-in-c-using-swig,"I have a simple C++ class that contains a std::vector member and a member function that takes a std::vector as an argument that I am wrapping with SWIG and calling from Python.  The example code is below.,After compiling it, I go into Python and do:,The error message I get is:,I know that I can just do:,But I would like to know how to just use a Python list directly in the assignment, or at least understand why it doesn't work.,Here's the example code.,test.i:,test.hh:,test.cc:,makefile:",193,2014-03-18 21:59:59Z,How to use a Python list to assign a std::vector in C++ using SWIG?,"
                        7k times
                    ","
            10
        "
Undiscussed,2019-07-03 13:43:00Z,0, ,xileb0,"javascript,c#,.net,scriptengine,jint",https://stackoverflow.com/questions/56756867/iactivescriptparse32parsescripttext-memory-leak,"Has anybody ever faced a memory leak problem with IActiveScriptParse32::ParseScriptText when using it in C#?
I need a ScriptEngine that is able to parse JavaScript-Code. (Everything works fine, except the used memory),The problem is, that the longer my passed JavaScript-Code is, the more unmanaged memory is allocated by the function ""ParseScriptText"". ,I have no idea how to free the allocated space. I actually already run Marshal.ReleaseComObject(parse32) after parsing my script but somehow the used memory does not go down anymore.",401,2019-06-25 14:56:22Z,IActiveScriptParse32::ParseScriptText Memory Leak,"
                        208 times
                    ","
            6
        "
Undiscussed,2019-07-03 13:43:00Z,0,,xileb0,"javascript,c#,.net,scriptengine,jint",https://stackoverflow.com/questions/56756867/iactivescriptparse32parsescripttext-memory-leak,"Has anybody ever faced a memory leak problem with IActiveScriptParse32::ParseScriptText when using it in C#?
I need a ScriptEngine that is able to parse JavaScript-Code. (Everything works fine, except the used memory),The problem is, that the longer my passed JavaScript-Code is, the more unmanaged memory is allocated by the function ""ParseScriptText"". ,I have no idea how to free the allocated space. I actually already run Marshal.ReleaseComObject(parse32) after parsing my script but somehow the used memory does not go down anymore.",401,2019-06-25 14:56:22Z,IActiveScriptParse32::ParseScriptText Memory Leak,"
                        208 times
                    ","
            6
        "
Accepted,2020-07-01 21:24:00Z,3,,creativeDrive,"python,shell,subprocess,popen",https://stackoverflow.com/questions/19325761/python-executing-shell-script-with-argumentsvariable-but-argument-is-not-rea,"I am trying to execute a shell script(not command) from python:,var1 and var2 are some string that I am using as an input to shell script. Am I missing something or is there another way to do it?,Referred: ",235,2013-10-11 19:26:22Z,"Python: executing shell script with arguments(variable), but argument is not read in shell script","
                        45k times
                    ","
            18
        "
Accepted,2012-06-06 13:15:54Z,1,,Jamie Mueller,"c#,javascript,com,browser",https://stackoverflow.com/questions/10903750/access-javascript-array-elements-from-c-sharp-via-webbrowser,"Using WebBrowser on a Form and calling into C# from Javascript with window.external. Passing in a Javascript array of classes in the function:,I can successfully get x.length in C# with:,My question is how do I get x[0] and x[1]?
I've tried,and,both of which fire off errors within the WebBrowser control.,Thanks",93,2012-06-05 19:35:50Z,Access JavaScript array elements from C# (via WebBrowser)?,"
                        5k times
                    ","
            9
        "
Accepted,2019-03-01 12:55:57Z,2,,Georgi Stoyanov,"python,linux,bash,shell",https://stackoverflow.com/questions/50579572/export-a-variable-from-bash-and-use-it-in-python,"I am trying to write a script which is executing couple of things on a Linux server and I would like to use bash for most of the Linux specific commands and only use Python for the most complex stuff, but in order to do that I will need to export some variables from the bash script and use them in the python script and I didn't find a way how I can do that. So I have tried to create two very little scripts to test this functionality: 
1.sh is a bash script,2.sh is a Python script: ,As you can guess when I execute the first script the second fails with the error about unknown variable: ,The reason why I am trying to do that is because I am more comfortable with bash and I want to use $1, $2 variables in bash. Is this also possible in Python? ,[EDIT] - I have just found out how I can use $1 and $2 it in Python. You need to use , and , and import the sys module ",514,2018-05-29 08:21:43Z,Export a variable from bash and use it in Python,"
                        8k times
                    ","
            7
        "
Accepted,2012-06-29 16:26:18Z,2,,Adam Morris,"python,shell",https://stackoverflow.com/questions/10801258/read-argument-with-spaces-in-python-script-from-a-shell-script,"How do I read an argument with spaces when running a python script?,:,Looks like my problem is that I'm calling the python script through a shell script:,This works:,But, not when I run it through a script:,myscript.sh:,Prints: ,But what I want is:
","7,644",2012-05-29 14:33:27Z,Read argument with spaces in python script from a shell script,"
                        12k times
                    ","
            8
        "
Accepted,2012-02-29 22:32:15Z,1,,Aduen,"python,shell,terminal,subprocess",https://stackoverflow.com/questions/9506437/python-subprocess-call-returns-command-not-found-terminal-executes-correctly,"I am trying to run gphoto2 from python but, with no succes. It just returns command not found.
gphoto is installed correctly, as in, the commands work fine in Terminal.,I know that there is something funny about the osx Terminal (app) but, my knowledge on osx is meager.,Any thoughts on this one?,EDIT,changed some of my code, other errors appear,EDIT,using full path '/opt/local/bin/gphoto2',but if someone care to explain which shell to use or how to log in and be able to have the same functionality..?",411,2012-02-29 20:53:06Z,"Python subprocess call returns ""command not found"", Terminal executes correctly","
                        25k times
                    ","
            15
        "
Accepted,2016-06-01 19:55:36Z,7,,McArthor Lee,"c#,c++,string,dll,return",https://stackoverflow.com/questions/6354358/c-dll-returned-string-is-corrupted-in-the-c-sharp-caller-why,"I have a C# app that calls a C++ DLL.,In C#, I have code as follows:,In CPP, I have the function defined as follows:,If I return ret1 in C++'s Func1(), all works fine. And in VS2008's memory window, I can see correct Unicode binaries. In C++ the binaries of ret1 is,""31 00 3f 00 32 00 3f 00 33 00 3f 00 34 00 3f 00 35 00"",, and in C# the binaries of retstring is ,""28 67 a3 f7 fe 07 00 00 0a 00 00 00 09 00 00 00 31 00 3f 00 32 00 3f 00 33 00 3f 00 34 00 3f 00 35 00"",. I think the C# binaries ,""28 67 a3 f7 fe 07 00 00 0a 00 00 00 09 00 00 00"",are the header of System.String type.,What's more, if I add the following line just before return in CPP code, I can get correct retstring in C# code too:,But when I return ret2 in the C++ DLL, the returned string ret in C# seems to be corrupted. The binaries in the C++ DLL are correct Unicode on my inspection. But the binaries of retstring in the C# code are ,""28 67 a3 f7 fe 07 00 00 0a 00 00 00 09 00 00 00 dd dd dd dd dd dd dd dd dd dd dd dd ...."".,I can only notice ret2 is longer than ret1 - ret2 has some hundreds of WCHARs.,Any ideas? Thx in advance.",307,2011-06-15 07:21:45Z,"C++ dll returned string is corrupted in the C# caller, why?","
                        3k times
                    ","
            6
        "
Undetermined,2014-08-21 15:49:25Z,3,,Chris,"c#,c++,visual-c++,safearray",https://stackoverflow.com/questions/3730840/how-to-create-and-initialize-safearray-of-doubles-in-c-to-pass-to-c-sharp,"My C# method needs to be invoked from C++,Originally my C# method takes a parameter of type double[], but when calling from C++ it becomes a SAFEARRAY,In C++ I need to take data from an array of doubles, and populate a SAFEARRAY.  I have not found any sample code to do this.,Any help is appreciated",121,2010-09-16 21:08:30Z,How to create and initialize SAFEARRAY of doubles in C++ to pass to C#,"
                        32k times
                    ","
            12
        "
Undetermined,2012-01-28 21:05:08Z,2,,HashimR,"java,c++,memory-leaks,java-native-interface",https://stackoverflow.com/questions/8238328/how-to-know-whether-it-is-a-memory-leak-or-not-when-calling-native-code-in-java,"I am calling a native function in my main and it is inside a while loop.,the output of the following program is: (running for about 1 min),I guess it is not a memory leak. But when i open task manager of windows, size of the process javaw.exe keeps on increasing (100 KB on each while iteration). Want to know whether it is a memory leak or should i just ignore it? OR Does that mean there is a memory leak in the native function?,FYI i have double checked my native function of any memory leaks!,Thanks!,Native function:","3,473",2011-11-23 06:56:04Z,How to know whether it is a memory leak or not when calling native code in Java?,"
                        550 times
                    ","
            9
        "
Accepted,2012-03-16 22:58:20Z,3,,one.beat.consumer,"c#,javascript,asp.net-mvc,knockout.js,relative-path",https://stackoverflow.com/questions/9745139/building-relative-urls-for-an-mvc-app-with-javascript,"I'm having trouble getting C# and JavaScript/jQuery to play nice here.,I have a knockout view model, plain old javascript object... one of its property/methods fires off an , call, and the url parameter is built using some of its other property values (javascript variables).,This works fine when completely contained in JavaScript, but when deployed as an app to IIS, the relative pathing is hosed.,In MVC3 normally I would use something like , and let the server side build the address... but again, the trick is C# is unaware of the changing javascript values.,My question then is, how can I build the url for the ajax call using the javascript variable values (ex. count, filterText) and still map from the relative root of the application?","9,236",2012-03-16 22:09:46Z,building relative URLs for an MVC app with JavaScript,"
                        20k times
                    ","
            10
        "
Accepted,2015-11-18 02:28:15Z,1,,Alexander Leon VI,"python,c++,error-handling,callback,char",https://stackoverflow.com/questions/33377764/error-using-callback-in-python,"I am developing a dll that should be used in Python. I have a callback function to send my parameters (defined in a separate header):,So, I'm using this callback in this way:,And I'm exporting it in this way:,I tested my callback first in another C++ application in this way:,In , I give the callback in this way:,and it works pretty well. But I don't have any idea how to adapt this to Python. I have tried this: , I have changed the last way, because I resolved some mistakes, but I'm still getting an error. This is the current way of how I am loading ,And now I have this error:,First I changed the callback Python function for this one:,All works with no error and I can see this in the Console (in this case , was ,):,Second, I changed the function as this one:,and, oh surprise this prints only the first word of the list (nB times)",469,2015-10-27 20:22:51Z,Error using callback in Python,"
                        2k times
                    ","
            10
        "
Undetermined,2015-11-25 16:49:56Z,1,,rperez,"java,c,string,memory-leaks,java-native-interface",https://stackoverflow.com/questions/915790/memory-leak-using-jni-to-retrieve-strings-value-from-java-code,"I'm using GetStringUTFChars to retrieve a string's value from the java code using JNI and releasing the string using ReleaseStringUTFChars. When the code is running on JRE 1.4 there is no memory leak but if the same code is running with a JRE 1.5 or higher version the memory increases. This is a part of the code ,I'm unable to understand the reason for leak.Can someone help?,This one is because if I comment the rest of the code but leave this part the memory leak takes place. This is a part of the code that I'm using,In the one above is if I comment the sections between ///// I don't see any memory leak.","8,220",2009-05-27 13:44:44Z,Memory leak using JNI to retrieve String's value from Java code,"
                        4k times
                    ","
            20
        "
Undetermined,2013-09-06 00:15:12Z,1,,Dennis Jones,"c#,c++,com-interop",https://stackoverflow.com/questions/18421111/how-to-expose-nullable-types-via-com,"I have been struggling with this problem for a day and a half, hopefully someone can help me.  Let's say I have structures like this in C#:,(these structures represent database tables, converted from Linq to SQL code created by SQLMetal),I need to be able to expose these structures, containing nullable types, to COM so that they can be used in another application (C++).  But I cannot figure out, for the life of me, how to do this.  I thought I could create classes to encapsulate the nullable types:,That sort of works, but on the C++ side, I end up with a pointer to a class but no class definition (just an interface):,Thus, I cannot dereference that pointer without a class definition from which to access the data members/methods on the C++ side.  This still seems like a good option, if I can just figure out how to get the class definition in C++ (I'm new to COM).,I thought maybe I could use unsafe code, but I can't figure out how to convert from double? to double* (I'm new to C# too!):,I thought maybe I could use System.Variant, but C# doesn't like that either (inconsistent accessibility, whatever that means).,I've been using C++ for 20 years, but I am fairly new to COM and C#, so this is a bit of a struggle for me.,Worst-case scenario...I'll just create a boolean member in the struct for each of the nullable types and use that to indicate whether the value is to be treated as if it is null.  But that just seems stupid.  Surely there must be some way to expose nullable types via COM.  Why would Microsoft create .NET types that can't be used in COM?  Those guys in Redmond aren't idiots (although sometimes it sure seems like it).,So, what are my options?  What is the best way to do this?,Thanks in advance.",171,2013-08-24 17:14:38Z,How to expose nullable types via COM,"
                        1k times
                    ","
            10
        "
Accepted,2019-10-14 04:50:24Z,1,,Casey P,"javascript,python,bokeh",https://stackoverflow.com/questions/33789011/bokeh-implementing-custom-javascript-in-an-image-plot,"I am trying to combine these two examples in Bokeh:,
,The idea seems simple.  I want to plot the image shown in the first link and then vary the frequency of the sine function using an interactive slider:,The chart plots right, but the image never updates.  The problem almost certainly exists how I am plotting the image:,I don't think that's how you properly attach a plot to a source object. I am just passing in an array, which explains why the plot isn't updating when source changes, but I am not sure what the correct method is for the image function. If I change the statement to:,It won't plot correctly. I am not sure if this is just a syntax problem or a deeper issue. Any pointers would be appreciated. Thanks in advance. ",140,2015-11-18 19:46:39Z,Bokeh: implementing custom javascript in an image plot,"
                        4k times
                    ","
            8
        "
Accepted,2018-02-09 20:08:30Z,1,,Kumar Narendra,"javascript,java,spring,spring-mvc,post",https://stackoverflow.com/questions/32221090/org-springframework-web-bind-missingservletrequestparameterexception-required,"I am getting an exception while posting a call to Spring controller,Exception is:,My Javascript file is:,The Spring controller code is:,When I put ,, then the , value became ,. 
The JavaScript controller is clearly sending the , in JSON format, but from the controller side there is some issue.,I checked almost all questions in stackoverflow, but the given solutions didn't help.",75,2015-08-26 08:04:09Z,"org.springframework.web.bind.MissingServletRequestParameterException : Required Long parameter 'userId' is not present""","
                        32k times
                    ","
            7
        "
Accepted,2014-06-10 11:08:02Z,1,,PatB,"python,c,linux",https://stackoverflow.com/questions/24139389/unable-to-find-out-what-return-code-of-11-means,"I am writing a tool which is written in python and C. The python script reads a configuration file, performs some validation makes several calls to the C program.,system: RHE 5.7,
python: 2.7.6,
gcc: 4.5.2,Some of the parameters to the called C program are the paths of input files. There is one case where the input file path is the same for several C program invocations. In this case only the first call succeeds, and the returncode from the python subprocess module is '-11'.,I am not sure how to progress this. For a start, I cannot find documentation indicating what '-11' might mean as an exit status. It does not appear to be in the 'standard' codes in /usr/include/sysexits.h. I am guessing that the code could also be interpreted as 0xf5 or 245, since exit codes are I believe really signed 8-bit values.,I have added debug to the start of the C program to print out the arguments it was called with, but nothing appears for the failed invocations. I can understand how the C might fail re-opening a file which was read on the previous invocation (perhaps), but the code doesn't even get that far!,So, where is the exit code coming from? Is it from the (bash) environment which the python subprocess module presumably uses to invoke the C program? Is it from the C runtime for the C program before it even reaches main?,I suppose I could progress this by moving the 'loop' down into the C, so that it only gets called once for each input file path, but that still does not explain this behaviour. Could someone please explain how I can determine the cause of this error? Thanks.,(FWIW) calling from python:,Entry to the C:,Error output:",365,2014-06-10 11:03:45Z,Unable to find out what return code of -11 means,"
                        7k times
                    ","
            9
        "
Accepted,2018-05-18 11:08:46Z,2,,Frederick Zhang,"php,c,php-extension,php-internals,php-7",https://stackoverflow.com/questions/34517668/zend-how-to-correctly-destruct-a-custom-object-in-php-7,"I'm learning PHP extension writing in order to make some old extensions work with PHP 7.,I tried to modify the sample extension from , but it kept causing segfaults when destructing the custom object. All other functions worked normally. (Car is replaced by BDict in my code.),Here's my code:,By changing the sequence of the two lines and executing ,, I managed to get the error information for both of them.,I'm new to PHP extensions and I'm really confused now. Any help would be greatly appreciated, thanks.,I noticed that the object actually changed after the conversion in , which was obviously wrong but I had no idea about how to fix it.,Here's the debug log. You can see that the data of , and , in , are totally different and the address of BDict is wrong.,I've found some others using,instead of,I tried it but it gave me a compile-time error.","3,323",2015-12-29 19:24:36Z,Zend: How to correctly destruct a custom object in PHP 7?,"
                        872 times
                    ","
            6
        "
Undetermined,2010-03-16 14:21:11Z,1,,Knio,"c++,python,swig,ctypes",https://stackoverflow.com/questions/2032470/python-ctypes-callback-function-to-swig,"I have a SWIG C++ function that expects a function pointer (WNDPROC), and want to give it a Python function that has been wrapped by ctypes.WINFUNCTYPE.,It seems to me that this should be compatible, but SWIG's type checking throws an exception because it doesn't know that the ctypes.WINFUNCTYPE type is acctually a WNDPROC.,What can I do to pass my callback to SWIG so that it understands it?","5,625",2010-01-09 05:35:31Z,Python ctypes callback function to SWIG,"
                        1k times
                    ","
            6
        "
Accepted,2013-05-14 09:36:04Z,3,,Piotr Müller,"java,c++,sockets,struct,double",https://stackoverflow.com/questions/16517355/how-to-send-by-socket-c-compatible-struct-from-java,"Suppose there is already written, unchangeable host program, that receives such C++ struct by socket:, C++ / 32-bit Windows Application compiled in Visual Studio 2008,How to send such data from Java Socket? I have attemted to fill ByteBuffer with putDouble(), and putLong(), also putInt() assuming long as 32-bit, but i cannot produce valid values.,I have also generated and sended data randomly, and structure-level bytes assignment looks fine(I can randomize only one value, for example X), but I cannot produce exact value (propably different double representation?), but only random stuff by sending Math.random() * Double.MAX_VALUE;,Can I use Google Protocol Buffers on only one side (client producing data) to solve this problem?,I know that I can move sending data to C++ and use JNI, but I'm searching for simpler solution.,I see at least 2 possible problems here:,What those things look in Java in C++?,In several hours I will provide exact sample data for ""byte-hacking"" (exact Java value before send and value of received double in C++),I know that such implemented and unchangeable server is bad software, but the environment in this problem is to inject some data to small old application at ""hobbistic-level"",Maybe this would help some bits-level C++ expert:","4,955",2013-05-13 08:04:25Z,How to send by socket C++ compatible struct from Java?,"
                        2k times
                    ","
            6
        "
Accepted,2016-02-24 09:30:21Z,6,,Chris McElligott Park,"c#,c++,pinvoke,dllimport,extern",https://stackoverflow.com/questions/1533916/how-to-set-up-a-c-function-so-that-it-can-be-used-by-p-invoke,"Hopefully this is a brainlessly easy question, but it shows my lack of expertise with C++.  I'm a C# programmer, and I've done extensive work with P/Invoke in the past with other people's C++/C dlls.  However, this time I've decided to write a wrapper C++ dll (unmanaged) myself, and am then calling my wrapper dll from C#.,The problem I am immediately running into is that I am unable to define a C++ function that can be found by p/invoke.  I don't know what the syntax for this is, but here's what I'm trying so far:,Originally I simply had this, but it did not work either:,And then on the C# side, I have:,Everything compiles, but when I execute this C# p/invoke call, I get a System.EntryPointNotFoundException: Unable to find an entry point named 'TestFunc' in DLL 'Plugins\TestDLL.dll'.,Surely this must be something incredibly simple on the C++ end that I just don't know the syntax for.","2,777",2009-10-07 20:15:14Z,How to set up a C++ function so that it can be used by p/invoke?,"
                        4k times
                    ","
            8
        "
Undetermined,2019-07-25 06:05:54Z,1,,EYakoumi,"python,c++,opencv",https://stackoverflow.com/questions/52090826/passing-opencv-mat-from-c-to-python,"I need to send an OpenCv image from C++ to Python to do some processing on it.
The Mat will be received through the code but for simplicity I am using imread here for the question.,What I did in the C++ part of the code was:,This code compiles and runs.,For the Python part:,The Python code receives the numpy array from C++ (I think) and when I print the contents of ,, I have an output (so I think I am receiving the image from C++).,Now I need to convert the data in , to a cv2 Mat in Python so that I can work on it.,Once I reach the , line or , the code crashes with the following output:,How do I correctly send / receive the Mat object?",377,2018-08-30 06:51:08Z,Passing OpenCv Mat from C++ to Python,"
                        5k times
                    ","
            7
        "
Accepted,2014-07-01 02:42:36Z,1,,bbc,"c++,python,matplotlib",https://stackoverflow.com/questions/10109700/embedding-matplotlib-in-c,"I am reading a message from a socket with C++ code and am trying to plot it interactively with ,, but it seems Python code will block the main thread, no matter I use , or , and ,. , and , won't block in Python.,Any idea how to plot interactively with , in C++ code?,An example would be really good.,Thanks a lot.",981,2012-04-11 16:05:37Z,Embedding matplotlib in C++,"
                        4k times
                    ","
            11
        "
Accepted,2013-06-05 14:02:12Z,2,,rpabon,"php,javascript,mysql,backbone.js",https://stackoverflow.com/questions/10930789/insert-backbone-js-model-into-mysql-database,"I have a backbone.js model with some defaults and an url:,Then I have an instance of this model and I proceed to save it:,Now I want to save this model into a MySQL database using a PHP script ""save.php"", it goes like this:,I have tried reading many tutorials but I cannot get this simple model save to work. Why is my code not working? Any ideas on how can this be solved?,Thanks,In the php script, the correct way to obtain the information from the sent JSON object is as follows:,And to store in in the database: ,In this way one row will be inserted in the table ""boxes"" with the information of each one of the attributes of the backbone model Box.
The server request method in this case is POST and the id in the table ""boxes"" is set to auto-increment.","1,171",2012-06-07 11:20:18Z,Insert Backbone.js model into MySQL database,"
                        9k times
                    ","
            7
        "
Accepted,2019-01-28 23:17:50Z,6,,user2314387,"php,shell,shell-exec",https://stackoverflow.com/questions/16932113/passing-multiple-php-variables-to-shell-exec,"I am calling test.sh from PHP using shell_exec method.,However, the command line script says it only received 1 argument: the /tmp/my_script.php,When i change the call to:,Code:,It says it received 3 arguments but the argv[1] and argv[2] are empty.,When i change the call to:,Code:,The script finally receives all 3 arguments as intended.,Do you always have to send just quoted text with the script and are not allowed to send a variable like $var? Or is there some special way you have to send a $var?",245,2013-06-05 05:22:34Z,Passing multiple PHP variables to shell_exec()? [duplicate],"
                        71k times
                    ","
            21
        "
Undetermined,2011-07-22 07:56:11Z,1,,Assaf,"c#,c++,exception,dll,interop",https://stackoverflow.com/questions/6780077/system-outofmemoryexception-when-getting-string-array-from-c-on-c-sharp,"My C++ function,My C# signature is,And the C# code itself:,The data is populated with no problems in c++ loop, but when  exiting FillArray I got ""An unhandled exception of type 'System.OutOfMemoryException' occurred"",Any ideas why?",139,2011-07-21 17:20:16Z,System.OutOfMemoryException when getting string array from c++ on c#,"
                        1k times
                    ","
            12
        "
Undetermined,2016-08-25 22:32:41Z,2,,user3736336,"c#,c++,visual-studio",https://stackoverflow.com/questions/39154055/how-to-pass-char-in-struct-from-c-sharp-to-c,"It feels like my problem is similar to ,.,So far, I have a struct defined in C++ like this:,and a function defined as:,and presumably the function like this:,Note that I can't actually change the C++ code (for various reasons) nor the header file.,My C# code looks like this:,However, calling refreshStatus is giving me System.AccessViolationException.,Can someone help me figure out how I can call this function in C++ from C#?",137,2016-08-25 20:16:43Z,How to pass char* in struct from c# to c++,"
                        1k times
                    ","
            6
        "
Accepted,2016-08-24 19:19:05Z,1,,wilbeibi,"java,c++,thrift,unions",https://stackoverflow.com/questions/35444656/thrift-java-client-cannot-handle-union-properly,"Dead simple thrift union example.
Env: latest thrift, cpp as server, java as client
,:,:,Somehow, java client cannot print out string properly. (I also wrote a python client, but that seems work),Full code on gist here: ","3,292",2016-02-16 22:57:45Z,Thrift java client cannot handle union properly,"
                        1k times
                    ","
            10
        "
Accepted,2021-06-01 07:17:17Z,4,,Buttle Butkus,"php,bash,shell,exit-code",https://stackoverflow.com/questions/18647841/retrieve-exit-status-from-php-script-inside-of-shell-script,"I have a bash shell script that calls a few PHP scripts like this.,I want to compose an error log and/or an activity report based on the results of those scripts.,Is there any way I can get the exit status of the php script in the shell script?,I could either use integer exit statuses or string messages.","8,709",2013-09-06 00:04:26Z,Retrieve exit status from php script inside of shell script,"
                        11k times
                    ","
            9
        "
Undetermined,2021-11-15 13:56:56Z,4,,John,"javascript,php,jquery,sql",https://stackoverflow.com/questions/37453671/can-i-run-a-sql-query-in-frontend-javascript,"I want to run a SQL query in a .JS file. I tried to add some PHP codes to it but it didn't work of course. ,I want to run the SQL query: ,. I want to show the price in the chart. Does anyone know how I can run this SQL query in the .JS file so I can get the item price from the database?,I am using the following JavaScript code: ",844,2016-05-26 06:58:20Z,Can I run a SQL query in frontend Javascript?,"
                        93k times
                    ","
            11
        "
Undetermined,2020-03-27 02:56:51Z,6,,garak,"c++,python,image-processing,opencv",https://stackoverflow.com/questions/11141336/filestorage-for-opencv-python-api,"I'm currently using , class for storing matrices , using OpenCV , API.,However, I have to write a Python Script that reads those , files.,I'm looking for existing OpenCV , that can read the , files generated by ","4,365",2012-06-21 15:18:00Z,FileStorage for OpenCV Python API,"
                        16k times
                    ","
            20
        "
Undetermined,2021-06-14 15:41:08Z,2,,Rak,"python,c,dictionary,ctypes",https://stackoverflow.com/questions/42506296/converting-python-dictionary-to-ctypes-structure,"I have a Python dictionary with the following entries:,I want to pass this to a C-function where the function is defined as:,On the Python side, I created an equivalent ctypes structure as:,and created an array of CA using:,Now I want to assign Tmp to CAarray in a loop such that,I have been struggling to get the syntax correct, and have failed so far. Help.,On the side, is there any routine/lib which can handle inter-conversion between Python variables and ctypes variables?",79,2017-02-28 10:31:00Z,Converting Python dictionary to ctypes structure,"
                        3k times
                    ","
            7
        "
Undetermined,2020-02-04 21:50:14Z,3,,user092,"python,linux,shell",https://stackoverflow.com/questions/43933897/set-environment-variables-by-file-using-python,"I have a file contains set of environment variables .,env_script.env:,I want set these environment variables by reading from file .
how can i do this in python,Tried sample code:,Please give some suggestion",389,2017-05-12 09:16:38Z,set environment variables by file using python,"
                        14k times
                    ","
            9
        "
Accepted,2016-04-02 12:12:06Z,4,,user1186173,"php,javascript",https://stackoverflow.com/questions/17048140/convert-multidimensional-php-array-to-javascript-array,"I'm trying to convert a PHP multidimensional array to a javascript array using the JSON encoder. When I do a var_dump, my php array looks like this:,This is the code I'm currently using in my view to try to convert it to a JavaScript array:,Whenever I run this code in the browser, the output of the conversion in the console is this:,Is this the correct structure for a javascript multidimensional array? I'm asking because it keeps giving me this error on the line above: ",535,2013-06-11 15:34:46Z,Convert Multidimensional PHP array to javascript array,"
                        16k times
                    ","
            7
        "
Accepted,2011-05-22 17:10:35Z,1,,bikmak,"c#,.net,c++,interop,marshalling",https://stackoverflow.com/questions/6089214/how-do-i-marshal-wchar-t-from-c-to-c-sharp-as-an-out-parameter-or-return-valu,"I have tried to do this in many ways, but none is working. Does anyone have a correct example for this? I just want to move the , value from a function to the C# level.",147,2011-05-22 16:26:22Z,How do I marshal wchar_t* from C++ to C# as an out parameter or return value?,"
                        19k times
                    ","
            7
        "
Undetermined,2021-02-26 09:04:56Z,5,,SchwabTheDeck,"python,c",https://stackoverflow.com/questions/17244488/reading-struct-in-python-from-created-struct-in-c,"I am very new at using Python and very rusty with C, so I apologize in advance for how dumb and/or lost I sound.,I have function in C that creates a .dat file containing data. I am opening the file using Python to read the file. One of the things I need to read are a struct that was created in the C function and printed in binary. In my Python code I am at the appropriate line of the file to read in the struct. I have tried both unpacking the stuct item by item and as a whole without success. Most of the items in the struct were declared 'real' in the C code. I am working on this code with someone else and the main source code is his and has declared the variables as 'real'. I need to put this in a loop because I want to read all of the files in the directory that end in '.dat'. To start the loop I have:,Which then I read all of the lines previous to the one containing the struct. Then I get to that line and have:,I'm trying to just read the first thing stored in the struct. I saw an example of this somewhere on here. And when I try this I'm getting an error that reads:,I will take any and all tips someone can give me. I have been stuck on this for a few days and have tried many different things. To be honest, I think I don't understand the struct module but I've read as much as I could on it.,Thanks!",191,2013-06-21 21:21:16Z,reading struct in python from created struct in c,"
                        24k times
                    ","
            16
        "
Accepted,2010-02-15 01:05:59Z,2,,Aaron S,"java,c++,generics,java-native-interface",https://stackoverflow.com/questions/2228275/java-generics-and-jni,"Is it possible to call a native CPP function using JNI which takes generic arguments? Something like the following:,And then call it like:,Can anyone please provide me with a sample which is actually doing this or some tutorial on the net which does this? I am asking because in my CPP JNI function (called by JVM), I get unsatisfied link error.,CPP Code follows:,I have tried by modifying the code but now I am getting NoSuchMethodError:,Java code:,CPP code:,Does this mean that JNI has no support for generics or am I missing something?","4,222",2010-02-09 10:22:30Z,Java generics and JNI,"
                        8k times
                    ","
            8
        "
Accepted,2014-08-23 21:26:26Z,1,,Arseny Kovalchuk,"java,javascript,equals,hashcode,nashorn",https://stackoverflow.com/questions/25379340/nashorn-java-collections-how-to-implement-equals-and-hashcode-in-pure-javascri,"I’ve faced with the following problem. I’d like to use , and , in , script, where I need to use particular custom object as a ,, and also use , to check if there is a key in the Map (another option is to check if the object in a Collection.contains(Object o)).,So, obviously, I need to implement equals and hashCode in my object basing on some field values.,For example:, ,@Tomasz, thanks. Have seen all the mentioned links. But though that somewhat undocumented exists. Almost gave up with Nashorn. Came to the following partial solution, methods are being invoked, constructor is being used, but , (this code produces different classes for each instance of a Vertex):,Thanks for Tomasz, as he pointed out, Every invocation of the Java.extend() function with a class-specific implementation object produces a new Java adapter class. Thus we need to have one Object Extender and instantiate objects with that one type, as he showed in his sample. I modified it a little bit, so it produces instances with the same class with either factory or direct constructor, since we are using the same Object Extender,However, there is a still an issue, the type of the parameter of the , is ,, in other words the , and , inside , are different types. ,?,.,Great work Tomasz! Thanks.,PS : It's very sad that there is no neat and straightforward way to implement , and , in Nashorn. It would be useful for prototyping. Just compare that with this :)",723,2014-08-19 08:56:30Z,"Nashorn, Java collections, How to implement equals and hashCode in pure javascript","
                        2k times
                    ","
            8
        "
Accepted,2014-01-31 13:48:01Z,1,,DrBoon,"javascript,php,jquery,json,asp-classic",https://stackoverflow.com/questions/21477881/use-javascript-to-update-a-json-file,"I'd like to preface this by saying I know what I'm doing isn't ideal.
With that covered:,I need to update data in a JSON file via javascript.
Here is the JSON file as it currently stands:,Now let's say I want to edit the carrot object. I've built an updated carrot object on my html page and have it sitting as an object in the javascript. 
What am I going to need to do to update the source json with my edits?,Like I said before, I know this isn't ideal. I should have used a database for storing and manipulating data, but I've made my bed now and I have to get this working, regardless of how much it might make you all cringe.,Research tells me I'm going to need to use PHP or ASP on the server side to collect the parameters the javascript passes to it, but I have no idea where to begin with that.,I'm working in visual studio 2012 and the parameters of the project prohibit me from using addons. NuGet code libraries yes, but no addons. On that basis, I think it means I can't use PHP. Am I correct in my thinking there? ,Note: Yes it's for an assignment, but altering the json file is beyond the scope of the requirements. Being able to process json data dynamically is enough for the project, I'd just REALLY like to be able to put some back.,Thanks in advance, Probably should have shared this too. This is the javascript that opens the json file. The result of the opening is stored in a script wide variable called ingJson.",89,2014-01-31 10:35:44Z,Use javascript to update a json file,"
                        10k times
                    ","
            6
        "
Accepted,2018-05-21 10:41:15Z,3,,Wayne,"c#,c++,exception-handling,fibers",https://stackoverflow.com/questions/8688400/using-managed-threads-and-fibers-in-clr,"Okay, the following link has a warning that the discussion uses unsupported and undocumented apis.  Well I'm trying to use the code sample any way.  It mostly works. Any ideas about the specific issue below relating to exceptions?,FYI, I made an improvement over the original sample. It was maintaining a pointer to the ""previousfiber"".  Instead, the updated sample below uses a ""mainfiber"" pointer which gets passed to every fiber class. In that way, they always yield back to the main fiber. That allows the main fiber to handle scheduling for all other fibers. The other fibers always ""yield"" back to the main fiber.,The reason for posting this question has to do with throwing exceptions inside a fiber. According to the article, by using the CorBindToRunTime API with CreateLogicalThreadState(), SwitchOutLogicalThreadState(), etc, the framework will create a managed thread for each fiber and properly handle exceptions.,However, in the included code examples it has an UUnit test which experiments with throwing a managed exception within a Fiber and also catching it within the same fiber.  That soft of works. But after handling it by logging a message, it seems the stack is in a bad state because if the fiber calls any other method even an empty method, the whole application crashes.,This implies to me that SwitchOutLogicalThreadState() and SwitchInLogicalThreadState() maybe aren't being used properly or else maybe they're not doing their job.,NOTE: One clue to the problem is that the managed code logs out the Thread.CurrentThread.ManagedThreadId and it is the same for every fiber. This suggests that the CreateLogicalThreadState() method didn't really create a new managed thread as advertised.,To analyze this better, I have made a pseudocode listing of the order of low level APIs called to handle the fibers. Remember, that fibers all run on the same thread so there's nothing concurrently happening, it's a linear logic.  The necessary trick of course is to save and restore the stack.  That's where it seems to be having trouble.,It starts out as simply a thread so then it converts to a fiber:,Now invoke a fiber the first time, it's startup method does this:,Eventually the fiber needs to yield back to the main fiber:,Also the main fiber will resume a preexisting fiber:,The following is fibers.cpp which wraps the fiber api for managed code.,The above fibers.cpp class file is the only class in the Visaul c++ project. It's built as a DLL with CLR support using /CLR:oldstyle switch.,The above unit test gives the following output and then crashes badly:","2,903",2011-12-31 13:33:38Z,Using managed threads and fibers in CLR,"
                        3k times
                    ","
            16
        "
Accepted,2021-04-19 05:35:02Z,4,,Abdul Rahim Haddad,"java,javascript,web",https://stackoverflow.com/questions/15787748/evaluating-javascript-using-a-java-code,"This might not be practical, but I have it as a task.
I have an opened ServerSocket in java. Now I want to read a file which contains html and javascript, and output the javascript result to the browser. So this way, I would be evaluating the javascript on the server side. So I want what is inside 
to be evaluated.,I tried this to test, it worked but it has some issues, for example it prints the message to System.out. And engine.eval(""print('Welocme to java worldddd')""); does not return a String so that I can output it to the outputstream of the socket:",659,2013-04-03 12:46:35Z,Evaluating javascript using a java code,"
                        11k times
                    ","
            7
        "
Undetermined,2015-02-13 21:21:49Z,2,,Szymon Smakolski,"java,c++,java-native-interface",https://stackoverflow.com/questions/18088977/creating-a-byte-in-c-and-returning-it-to-java-using-jni,"I have a JNI function, written in C++, that takes a byte array as input, segments it, and returns an array of byte arrays to Java.,JNIEXPORT jobjectArray JNICALL Java_class_method(JNIEnv *env, jobject o, jbyteArray dataToSegment);,On the Java side, it's something as simple as:,Now, I'm finding the JNI part to be a bit tricky. I intend to create an array of Objects, each of which is a byte array. This is because JNI only defines a limited number of Java types. There's a jbyteArray type, and a jobjectArray type, but no jarrayOfByteArrays type.,So I create my array of Objects, each Object being initialized as a new byte[1024]:,I then iterate over all the indexes in this array, doing something like:,and everything works great, for the most part. However, what if I wanted each byte array to be of variable length? That is, I want the array of byte arrays to be ""jagged"". What do I pass as the last parameter to NewObjectArray() as the initial value? I've tried passing 0 as the initial value to prevent initialization at time of jobjectArray creation, and then allocating new jbyteArray objects to pass to SetObjectArrayElement(), but this would only end up throwing ArrayStoreException every time I tried to call SetObjectArrayElement. Indeed, even assigning a new jbyteArray to the tmp object (instead of one from GetObjectArrayElement()) results in that same exception being thrown when SetObjectArrayElement() is called. Is there a reason why that last line of code would be an issue? Is it not possible to call SetObjectArrayElement() with a jbyteArray as a parameter?,It seems, upon further inspection, that that ""Questionable line"" isn't doing anything at all. When I comment it out, any changes made to tmp are reflected in retVal. I understand this is because the SetByteArrayRegion call is dealing with the byte array that's ""in"" the jobjectArray, and not a copy. That would be sufficient for me if all rows (rather, all single-dimensional byte arrays) were the same length. But they're not. How do I assign a new byte array to one of the rows in this object array?,TL;DR:
With JNI, I have a jobjectArray of jbyteArrays. How do I replace one of the jbyteArrays with a new one that was created with NewByteArray? Hint: env->SetObjectArrayElement(retVal, i, (jobject) env->NewByteArray(size)); // doesn't work.",122,2013-08-06 19:37:37Z,Creating a byte[][] in C++ and returning it to Java using JNI,"
                        6k times
                    ","
            7
        "
Undetermined,2019-06-28 09:39:02Z,3,,Diego Bauleo,"c#,c++,outlook",https://stackoverflow.com/questions/51065913/outlook-refuses-password-from-cryptprotectdata,"I'm developing a tool to import Outlook profiles using a PRF file but it does not import the password, so I have to manually add it to the registry.,I've spent lots of hours reading, testing and debugging this procedure and managed to figure out how everything works, except that Outlook refuses the password generated by CryptProtectData(). I've tried using both the C# .NET wrapper ProtectedData.Protect() and a C++ DLL calling CryptProtectData(), all to no avail.,Whenever I change the password on the registry and open Outlook, it shows the credential dialog. If I type the password then it successfully logs into my email.,Here is the C# code using the .NET wrapper:,This code generates a binary data with 234 bytes, 39 bytes less than the password generated by Outlook (273 bytes).,Here is the C++ code:,The C# code calling the DLL:,This code generates a password with 256 bytes, still not the 273 bytes I get from Outlook.,My guess is that these missing bytes are from a specific entropy I'm not using or even some detail I'm missing.,Any tip on the right direction will help a lot.,Thanks!",641,2018-06-27 14:55:09Z,Outlook refuses password from CryptProtectData(),"
                        510 times
                    ","
            11
        "
Accepted,2013-01-08 15:11:33Z,2,,Matt,"php,c,segmentation-fault,php-extension,php-internals",https://stackoverflow.com/questions/14124695/seg-fault-in-php-extension,"I wrote a PHP extension to access functions in a static lib, I built PHP as a CGI, and everything seemed to work (after days of working on it..),Thrilled once everything worked, I re-compiled PHP without debugging messages I had in it. (, ....  ,),Then, it just stopped working.  The function I'm calling in the static lib works, I've tested it by calling it directly from another executable.,I built PHP with debugging symbols (,) and can debug it to a certain degree in gdb.,I'm still struggling to figure out what's wrong.  It seems that the function in the lib (,) cannot seem to read the input arguments.,When I call this function, the , statement works and prints out the right values.  When I let it call the difffst_ function however, I get a segfault when it tries to read the input variables.,The diffFst function is written in fortran:,Specifically, it fails at line 122 (according to the debugger) when it tries to read ,.,I have no idea why, I've tried:,It just seems like the data isn't being passed properly.  Even in the debugger, I can't read the arguments.,The frustrating thing is, at one point this just worked.. I've checked file permissions, checked paths, etc..  And I can run the function from a fortran wrapper executable just fine.,Is there a trick I'm missing?,Thanks ","1,696",2013-01-02 15:36:16Z,SEG Fault in PHP extension,"
                        398 times
                    ","
            8
        "
Undetermined,2011-03-20 14:27:50Z,3,,ghet,"c#,.net,c++,windows,pinvoke",https://stackoverflow.com/questions/5368720/c-sharp-calling-native-c-all-functions-what-types-to-use,"I want to make a native C++ all that can be used from a C# project.  ,The C++ function is the following:,The C# code is the following:,What type should I use for the C++ function's return type, so that I can call it from C# with a return type of ,?
the same Q but for the parameter of the function to be string[] in C#?",145,2011-03-20 13:18:03Z,C# calling native C++ all functions: what types to use?,"
                        822 times
                    ","
            6
        "
Accepted,2015-07-10 09:30:43Z,2,,Aslam Jiffry,"javascript,c#,jquery,asp.net-mvc",https://stackoverflow.com/questions/31334390/c-sharp-property-value-doesnt-get-modified-within-javascript-jquery,"I initialize a property within the Controller's Constructor.,I have an Action Method which reset the property again on a button click event.,Following javascript code is in my view which is called when the button is clicked.,My problem is when I click the button, value of property  changes in the Controller. But it doesn't change in my javascript code.Please see the screen capture of the developer tool.,
,does Anyone has a clue on this?","1,286",2015-07-10 06:57:48Z,C# property value doesn't get modified within Javascript/ jquery,"
                        262 times
                    ","
            6
        "
Accepted,2011-03-09 21:07:47Z,1,,Anthony,"c#,c,pointers,malloc,marshalling",https://stackoverflow.com/questions/5236690/float-from-c-to-c-sharp,"I'm not truly a CS guy, so if any of you geniuses on here can point me in the right direction I'll be eternally grateful.,I have a c-code command line function that used to write its results to file.  I converted it to return it's data via a float* array to a C++ program like such (to avoid constant file I/O):,This worked perfectly.  I now need to get this into a C# program, and here's where things go haywire.  ,The first thing I did to avoid the char ** was to make the arguments a series of bool.  That worked fine if I allow it to still dump to file.  ,The problem is juggling the c-style float array in C#.  Within the c-code it was allocated with malloc.,So here's everything I've tried with no success(I know the size of the array):,__a)Allocate it with Marshal.AllocCoTaskMem.  Free it with Marshal.FreeCoTaskMem.,__b)Use Marshal.Copy to allocate.  Free it with Marshal.FreeCoTaskMem (Maybe this is wrong?),I've dabbled in just about everything I could find in the internet.  Please let me know if more info is necessary.  I'm hoping this just a simple concept that I'm missing.","7,221",2011-03-08 18:27:52Z,float* from C to C#,"
                        5k times
                    ","
            7
        "
Accepted,2017-07-22 04:52:38Z,1,,Sara Fuerst,"javascript,php,angularjs,session,php-7",https://stackoverflow.com/questions/45108666/sessions-in-angularjs-and-php-application,"I have an AngularJS application that I am updating to use PHP 7. Currently I have a custom session handler setup for sessions: ,In my , I have a continuous check to see if the user is authenticated and can access the application. ,In the code above, , runs , ,The session should be started when , is required. It appears that this is not happening though. Upon accessing the application, the login page is displayed, but , is throwing a warning: ,When I select the , button, , is called, but the user gets brought right into the application, despite incorrect credentials.  ,I'm not entirely sure what's causing this odd behavior, and why the session isn't being created.  Do I need to explicitly call the , function? ,I discovered that removing the , from , causes the proper behavior.  The user is able to login when they provide valid credentials.  However, the session data is still never being written to the database.  Any idea why? ","4,590",2017-07-14 17:28:07Z,Sessions in AngularJS and PHP application,"
                        1k times
                    ","
            8
        "
Accepted,2012-12-18 14:49:58Z,2,,Tejas Sharma,"c#,c++,.net,interop,marshalling",https://stackoverflow.com/questions/13654561/marshalling-an-array-of-strings-from-managed-to-native-code,"I have a managed function with the following declaration (both interface and implementation):,There is also a native C++ interface with the same methods as the managed interface, inside of that interface, this method has the following declaration:,This function is called by native code in the following way:,I'm not sure what I'm doing wrong but after my managed function has been called, , appears to have garbage values, somethings going wrong while marshalling the return value back to native code. Could someone with more experience than me with .Net interop please shed some light on this?  Also, It might be relevant to mention that I haven't had problems with returning ,s from my managed function (, if you're curious),  something about returning a , array is messing things up. Thanks!","3,330",2012-11-30 23:14:25Z,Marshalling an array of strings from managed to native code,"
                        2k times
                    ","
            6
        "
Accepted,2016-09-02 01:01:06Z,2,,Steve,"c#,c++,com,guid,safearray",https://stackoverflow.com/questions/6866464/com-safearray-of-guids-returned-from-c-to-c-sharp,"I'm currently running into an issue of needing to pass a SAFEARRAY(GUID) as a return value from C++ to C#.,Currently the C# side is using an Interop dll generated from Tlbimp.exe (Type Library Importer).,The IDL is:,I've also tried [out, retval],The function signature is:,If I use , or ,:,I get a NULL , pointer, which is supposed to indicate , which is incorrect.,What I did find was that , is only for Ole property sets and not SAFEARRAY's:
, Its indicated that CLSID is ,I've also tried the alternate means of constructing the safe array with:
, and ,.,This lets me create the array, but when populating it with , I get an HRESULT of 0x80070057 (The parameter is incorrect). This is probably due to the fact it takes the , parameter as well,I can populate it manually with ,but  I get an error from the C# side:
""The value does not fall within the expected Range"",I'm not sure how to accomplish the desired functionality of returning a SAFEARRAY(GUID) to C# either by a retval or out parameter.,It seems it should be simple - there are many areas in the IDL where I'm already passing GUID's without any UDT's or marshalling. Everything works fine until I need to pass them in a SAFEARRAY.,Any help is appreciated, 
Thanks in advance",916,2011-07-28 22:19:26Z,COM SAFEARRAY of GUID's returned from C++ to C#,"
                        2k times
                    ","
            6
        "
Accepted,2020-11-23 05:26:35Z,3,,user516883,"c#,javascript,signalr",https://stackoverflow.com/questions/17309745/how-to-join-a-group-using-signalr,"I am new to using SignalR (started today), Pretty simple to send a message to ALL clients connected, but now I want to just send to a group. I cannot find simple documentation on how to join on the client side. If anyone can help, how can I SIMPLY join a group on the javascript side. Thanks for any help.","7,710",2013-06-26 00:33:36Z,How to join a group using SignalR,"
                        29k times
                    ","
            20
        "
Undetermined,2012-07-23 15:58:18Z,2,,Benjamin,"c#,javascript,jquery,asp.net-mvc,model-binding",https://stackoverflow.com/questions/11582914/mvc-model-binding-a-string-array-from-jquery-post,"The parameter , is coming up null.,  ,  ,Is it the square brackets causing the problem? How can I bind to these arrays?, I am manually building the query string in the mean time.","2,946",2012-07-20 15:58:11Z,MVC model binding a string array from jQuery post,"
                        5k times
                    ","
            6
        "
Undetermined,2018-10-10 23:40:19Z,2,,Sajal Jain,"python,c++,numpy",https://stackoverflow.com/questions/30357115/pyarray-simplenewfromdata-example,"I know that this thing has been answered a lot of times and I have also read the documentation as well but still I am not able to clearly understand how is this working. As in, I am not able to understand how the values are populated in its arguments. The examples are not very clearly explaining it(or may be I am not able to). Can anyone please help me understand how are the arguments of this function populated? What should be their values? 
I have to pass a vector from C++ to Python without reallocating the memory.
Any help is much appreciated. I am stuck on this from a lot of days.,My code which I am implementing:",263,2015-05-20 17:59:57Z,PyArray_SimpleNewFromData example,"
                        13k times
                    ","
            9
        "
Undetermined,2016-06-07 10:27:32Z,1,,csnate,"python,c++,boost",https://stackoverflow.com/questions/31295122/boost-python-multiple-return-arguments,"I have a C++ function that returns multiple values from its arguments.,I want to wrap this function using Boost.Python.  I've come up with a solution using lambdas, but its sort of tedious since I have many functions that have multiple return values in their arguments.,Is there a better\automatic way to do accomplish this with Boost.Python?","1,439",2015-07-08 14:05:36Z,Boost.Python Multiple Return Arguments,"
                        2k times
                    ","
            7
        "
Accepted,2013-02-01 19:47:42Z,1,,bbqchickenrobot,"java,c++,multithreading,java-native-interface",https://stackoverflow.com/questions/10314645/jni-multi-threads,"I have a JNI wrapper for Java functions that are called from C...  I'm trying to call some methods from different threads and I get an error when trying to get a new copy of the JNIEnv pointer... the code I'm using is below and is called in each method: ,The JVM has already been instantiated and this (and other methods) run when being called from the main/initial thread.  When I get a value for envRes it holds a -2 when in a sub-thread.","3,457",2012-04-25 11:25:54Z,JNI - multi threads,"
                        11k times
                    ","
            11
        "
Accepted,2012-08-08 11:20:20Z,1,,Zening Qu,"c#,c,callback,interop,unity3d",https://stackoverflow.com/questions/10524365/interop-causes-unity-to-crash," I tried but Unity crashes as soon as the scripts get executed.,I googled about it and found , which says, I am thinking like this because I've read threads like , that introduces how to make C functions calling back C# functions. So I reasoned that if I create a new thread, it's no longer Unity, it will just be mono and C#.,Here is my code that crashes Unity:,The C++ code:,The C# code:","3,183",2012-05-09 21:30:05Z,Interop causes Unity to crash,"
                        3k times
                    ","
            6
        "
Accepted,2016-08-05 16:31:58Z,3,,LennonLam,"c#,c++,dll",https://stackoverflow.com/questions/20419415/c-sharp-call-c-dll-passing-pointer-to-pointer-argument,"Could you guys please help me solve the following issue?
I have a C++ function dll, and it will be called by another C# application.
One of the functions I needed is as follow:,I wrote the following code in C#:,Unfortunately, the above code is not working... I guess that is due to the C++ func takes a pointer-to-pointer of DataStruct, while I just passed a reference of CS_DataStruct in.,May I know how can I pass a pointer-to-pointer to the C++ func? If it is not possible, is there any workaround? (the C++ API is fixed, so changing API to pointer is not possible), 
Memory of DataStruct will be allocated by c++ function. Before that, I have no idea how large the data array should be. 
(Thanks for the comments below)",185,2013-12-06 08:34:44Z,C# call C++ DLL passing pointer-to-pointer argument,"
                        24k times
                    ","
            12
        "
Accepted,2012-11-16 15:56:25Z,2,,Seriphos,"c#,javascript,jquery,asp.net-mvc,razor",https://stackoverflow.com/questions/13419676/assigning-the-model-to-a-javascript-variable-in-razor,"I have a strongly-typed view bound to an object which contains a Collection (list) of some objects. I know Razor gets executed on the server-side when it's generating the page, whereas Javascript variables don't get instantiated until after the page is displayed... but would it somehow be possible to convert the Model (that the view is bound to) or any of its fields to JSON in Razor without resorting to an AJAX call to fetch that data afterwards?,You know, something like...,where , is a list of some objects.,Thanks",349,2012-11-16 15:35:08Z,Assigning the Model to a Javascript variable in Razor,"
                        16k times
                    ","
            12
        "
Accepted,2011-09-05 15:58:39Z,2,,Nicholas H Kirk,"c#,c++,pinvoke,marshalling",https://stackoverflow.com/questions/7309838/improper-marshaling-c-sharp-array-to-a-c-unmanaged-array,"There is an error in the marshaling of the second parameter, I don't know where. Then:,If I'm not careful and specify only ""SafeArray"" in the Database marshaling I get a 'error in reading/writing memory, probably corrupt' etc.,if ""Database"" was marshaled as ByValArray everything is fine, the values show up correctly. Unfortunately I get an internal size exception because I have many arrays of that size, therefore I have to go for pointers - but anything with ""SizeArray"" will bring the following results (with the code just posted):,(from C++):,I think I should mention that I need the same identical structure from C# to C++, I'm not looking for anything fancy. So Array in a Struct >>> Array in a Struct., insight in reference to this would be of great value. I have been looking for hours and I don't have yet a solution.,Many thanks in advance.",63,2011-09-05 15:06:26Z,Improper marshaling: C# array to a C++ unmanaged array,"
                        5k times
                    ","
            6
        "
Accepted,2019-09-09 17:43:44Z,3,,Tarun Dugar,"javascript,python,json,csv,flask",https://stackoverflow.com/questions/30024948/flask-download-a-csv-file-on-clicking-a-button,"I just got started with Flask/Python. What I want to achieve is that I have a download button in my HTML and it calls the following function:,The incomplete flask code is:,The problem I am facing is that I cannot find a way to download this csv file or return it as a JSON string so I can download it using Javascript. Any idea how I can send it as JSON or maybe download it via Flask itself? What's the best way?   ","8,591",2015-05-04 07:39:12Z,Flask: Download a csv file on clicking a button [duplicate],"
                        74k times
                    ","
            58
        "
Undetermined,2017-10-27 21:01:13Z,2,,Sunil Pachlangia,"javascript,php,charts,c3.js",https://stackoverflow.com/questions/30191582/how-can-i-change-text-of-legend-in-c3-pie-chart,"How can I change the Text of legend of pie chart. I am using c3 charts in my php page. I have already read the documentation of c3 charts but no luck.,Currently i am using this code it show legend for , but I not able to change the text I have tried this.,It's not showing my legend values its always shows only columns as legend.,Is there any way that I can change the legend values.","1,933",2015-05-12 12:57:04Z,How can i change text of legend in c3 pie chart,"
                        10k times
                    ","
            10
        "
Accepted,2021-05-02 09:30:33Z,6,,mashet,"c#,javascript,asp.net,local-storage,session-variables",https://stackoverflow.com/questions/19561877/is-it-possible-to-set-localstorage-or-session-variable-in-asp-net-page-and-read,"As in question. Is it possible to set variable in asp.net page in localStorage and retrieve it on the other page?,How to set localStorage variable in asp.net. Is it possible?
After that I could read variable using:",712,2013-10-24 09:20:58Z,Is it possible to set localStorage or Session variable in asp.net page and read it in javascript on the other page?,"
                        85k times
                    ","
            9
        "
Accepted,2018-11-30 14:56:39Z,2,,luckyamit,"php,javascript,jquery,html,css",https://stackoverflow.com/questions/18545034/how-do-i-convert-my-entire-div-data-into-image-and-save-it-into-directory-withou,"i have already created my data (template-containing image,text,label etc) inside div now i want to convert it into image format. is there any technique to convert a specific div content into images without using canvas.anybody plz help me !
i want to convert entire ""mydiv"" content into image and save that image into my image directory, when i click on save ? ",699,2013-08-31 05:59:04Z,How do I convert my entire div data into image and save it into directory without using canvas?,"
                        94k times
                    ","
            24
        "
Accepted,2018-08-04 23:13:32Z,6,,Diarmuid Bourke,"javascript,python,deployment,buildout,jscompress",https://stackoverflow.com/questions/1199470/combine-javascript-files-at-deployment-in-python,I'm trying to reduce the number of scripts included in our website and we use buildout to handle deployments. Has anybody successfully implemented a method of combining and compressing scripts with buildout?,464,2009-07-29 11:06:42Z,combine javascript files at deployment in python,"
                        6k times
                    ","
            13
        "
Accepted,2014-08-09 17:53:23Z,5,,WCGPR0,"python,c++,unit-testing",https://stackoverflow.com/questions/23622923/is-it-acceptable-practice-to-unit-test-a-program-in-a-different-language,"I have a static library I created from C++, and would like to test this using a Driver code.,I noticed one of my professors like to do his tests using python, but he simply executes the program (not a library in this case, but an executable) using random test arguments.,I would like to take this approach, but I realized that this is a library and doesn't have a main function; that would mean I should either create a Driver.cpp class, or wrap the library into python using SWIG or boost python.,I’m planning to do the latter because it seems more fun, but logically, I feel that there is going to be more bugs when trying to wrap a library to a different language just to test it, rather than test it in its native language.,Is testing programs in a different language an accepted practice in the real world, or is this bad practice?",741,2014-05-13 04:40:07Z,Is it acceptable practice to unit-test a program in a different language?,"
                        4k times
                    ","
            27
        "
Undetermined,2021-07-05 16:23:10Z,3,,user1556331,"python,c++,cython,distutils,cythonize",https://stackoverflow.com/questions/57172870/how-to-use-a-different-c-compiler-in-cython,"I'm working on a project to call C++ from Python. We use Cython for this purpose. When compile by using the command ""python3.6 setup.py build_ext --inplace"", the compiler ""x86_64-linux-gnu-gcc"" is used. Is there a way to use a different compiler like ""arm-linux-gnueabihf-g++""?,Also, is there a way to add a compilation option such as ""-DPLATFORM=linux""?,Here's the setup.py:",313,2019-07-23 22:11:38Z,How to use a different C++ compiler in Cython?,"
                        2k times
                    ","
            6
        "
Accepted,2014-09-17 07:03:41Z,1,,Fra,"python,c,macos,swig,anaconda",https://stackoverflow.com/questions/25882150/python-h-not-found-using-swig-and-anaconda-python,"I'm trying to compile a simple python/C example following this tutorial:,I'm on MacOS using Anaconda python.,however, when I run,I get:,It seems that this problem is reported in a number of questions:,but none seem to provide an answer specific to Anaconda on MacOS,Anyone solved this?","4,328",2014-09-17 04:08:45Z,Python.h not found using swig and Anaconda Python,"
                        15k times
                    ","
            13
        "
Undetermined,2017-01-25 16:58:56Z,1,,Luz,"java,android,c++,android-ndk,googletest",https://stackoverflow.com/questions/41759122/how-to-use-googletest-for-testing-c-code-that-calls-into-java-on-android,"I am working on a rather complicated C++ library that I plan to test properly using googletest for Android NDK. ,So far I follow the google test example and structure the project like this:,Android.mk:,I build and call the test using a script file:,This works fine with any pure C++ code that doesn't have many references but a lot of my code actually relies on java/jni calls. How can I run googletest with a complete apk file that comes not just with C++ code but also java and resources?",372,2017-01-20 08:27:36Z,How to use googletest for testing C++ code that calls into java on android?,"
                        939 times
                    ","
            11
        "
Accepted,2017-04-25 23:39:08Z,1,,Claudio,"python,c++,python-3.x,python-import,extension-modules",https://stackoverflow.com/questions/43621948/c-python-module-import-error-undefined-symbol-py-initmodule3-py-initmodu,"I am just starting an attempt to write my first Python extension module in C and are using instructions provided at ,I am on Linux Mint 18.1, using Python 3.6.1 in its virtualenv version. ,As first step I have compiled a very minimalistic version of the Python module I plan to write. ,Here my C-code: ,and here the code of the setup.py file I have used to compile the C-code to  ,: ,To my surprise the module doesn't load properly on import: ,Here the build protocol with a warning about implicit declaration of Py_InitModule3 : ","3,527",2017-04-25 22:20:59Z,"C++ Python module import error: ""undefined symbol: Py_InitModule3"" ( Py_InitModule () )","
                        8k times
                    ","
            12
        "
Accepted,2015-04-16 08:05:46Z,1,,Max Shifrin,"python,c++,boost,python-2.6,boost-python",https://stackoverflow.com/questions/29006439/boost-python-multiple-modules-in-one-shared-object,"I'm trying to create via boost python a package which will include several modules.,The reasoning is that we want to expose a very large API, and it makes sense to group it in different modules for ease of use and to preserve python memory usage. On the other hand we are forced (for reasons , the scope of this question to compile this into a ,),So I create with boost python a package which exports several modules, as following:,This code works. ,The main problem is memory consumption.
The overall exposed api is , so loading the entire package consumes roughly 65MB of ram, just for all the declarations. (before the package user started doing anything),This is of course unacceptable. (given that loading a single module should consume maybe 1-3MB of ram),When in python, if I call:,OR,The memory consumption immidietly skyrockets to 65MB.,After doing any of the imports if I call:
sys.modules
I see all the classes in my package as being ""known""
However if I run:,I get an error:,So it seems I get the worst of two worlds, on the one hands I consume memory as if I imported everything from my package, on the other hand I don't get the classes actually imported.,Any ideas how to solve this, so that when I import a specific module only it will be imported, and not all the package data will be read to the python memory. (which both takes time and consumes a lot of valuable memory)",791,2015-03-12 09:49:47Z,Boost python multiple modules in one shared object,"
                        2k times
                    ","
            6
        "
Accepted,2019-05-07 08:43:45Z,1,,skincell,"python,c++,python-3.x,numpy,shared-libraries",https://stackoverflow.com/questions/49866263/how-are-symbols-contained-in-the-libpythonx-x-linked-to-numpy-extension-dynamic,"I'm currently having a problem where I'm able to use and import , in an interpreter environment, but I'm unable to import or use , from python embedded in ,. So I'm curious to how , extension libraries, specifically ,is linked to the standard python package symbols (, symbol specifically). My current error output says that ,. This symbol exists in , as I confirmed using the , command. I ran,and got the following output:,It does not seem to me that this library is linked to any dynamic libraries that should contain that symbol. How does ,'s , usually find that symbol or the variations of multiarray find that symbol? ,Thank you for taking your time from your day reading this question. Any thoughts, suggestion, or answers are appreciated!,The original question is located ,. This is a sub-question of the original question. The reason why I'm asking this question is because I'm suspecting that this shared library might be linked to the wrong location, and this specific shared library is only used when calling python through the python , interfaces. ,System Specs + Problem information,modified some terminology that was unclear.,I found an answer to the original problem; however, this question and the original one are still open, because an answer to this question could lead to a better answer for the ,. ",387,2018-04-16 21:08:45Z,How are symbols contained in the libpythonX.X linked to numpy extension dynamic libraries?,"
                        468 times
                    ","
            9
        "
Accepted,2021-03-15 19:15:04Z,2,,user411133,"python,c,installation,setup.py",https://stackoverflow.com/questions/4259170/python-setup-script-extensions-how-do-you-include-a-h-file,"So I've got a directory that looks something like this:,Obviously the header file is necessary to compile the c files, but the problem is that I can't get the setup script to include the header file.,My extension object is something like this:,Which works, but doesn't include the header file.  If I change it to:,It includes the '.h' file but then doesn't build when I run install.  Instead it gives and error ,If I include the header file as a data file like this:,it doesn't work at all, the .h file doesn't even make it into the MANIFEST file.,So my queustion is, how do you include this extension with the header file so that , will build it correctly?",313,2010-11-23 17:55:00Z,"Python setup script extensions, how do you include a .h file?","
                        4k times
                    ","
            11
        "
Undetermined,2016-06-08 19:19:45Z,3,,Przemek Grabowski,"java,c++,gcc,java-native-interface,64-bit",https://stackoverflow.com/questions/16520052/how-to-generate-64-bit-dll-which-gcc-compiler-or-other-cant-load-ia-32-bit-d,"Hi I didn't find solution how to create 64 bit dll. And use it's native c++ methods. I use Java code metodynatywne.java  :,then generated metodynatywne.h using 
javah -jni metodynatywne,I wrote metodynatywne.cpp code :,I ussed gcc to create my dll with comands :,and,and what what I'm getting is error message: ,I used Java 1.4 32 bit javac compiler and java7 x64 compiler both metods gave me the same error. How can I deal with that? Use another c++ compiler if yes how force this compiler to create usable by my java dll file. I working on Windows 7 64 bit. ,How I can make from cpp file a 64 bit dll (with gcc) ? Or other comand line compiler ?,Thanks a lot for any comments and help provided.",61,2013-05-13 10:38:17Z,How to generate 64 bit .dll which gcc compiler or other. Can't load IA 32-bit .dll on a AMD 64-bit platform,"
                        3k times
                    ","
            6
        "
Accepted,2021-03-09 11:29:48Z,1,,Giuppox,"python,c,python-3.x,setup.py,distutils",https://stackoverflow.com/questions/66498069/what-is-the-most-conventional-way-to-integrate-c-code-into-a-python-library-usin,"Many well-known python libraries are basically written in C (like tensorflow or numpy) because this apparently speeds things up a lot. I was able to very easily integrate a C function into python by reading ,.
Doing so I can finally use , to access the functions of the , file:,so that when i run , i can install my library.
However, what if i want to create a python-coded wrapper object for the functions inside ,? Is there a way to do this without polluting the installed modules? ,
Wandering around the internet I have seen some seemingly simple solutions using shared libraries (,). However I would need a solution that does not involve attaching the compiled C code, but one that compiles it the first time the program is run.","1,032",2021-03-05 18:52:34Z,What is the most conventional way to integrate C code into a Python library using distutils?,"
                        256 times
                    ","
            8
        "
Accepted,2017-03-13 18:57:04Z,1,,Jack Simpson,"python,c++,multithreading,cython,gil",https://stackoverflow.com/questions/42763186/how-to-release-the-gil-in-cython-for-a-multithreaded-c-class,"I have a C++ class with some methods that use std::thread that I'm making accessible to Python via Cython. Do you know where in my Cython code I'd want to put the nogill directive? Would I want to put it when I declare the class methods or when I create a Cython wrapper class? I've used the example class from the Cython docs below:,Declaring the class:,Cython wrapper class:","1,599",2017-03-13 12:02:54Z,How to release the GIL in Cython for a multithreaded C++ class?,"
                        4k times
                    ","
            9
        "
Accepted,2016-10-20 15:18:40Z,5,,Sanctus2099,"c#,c++,pinvoke,unmanaged,managed",https://stackoverflow.com/questions/2941960/a-call-to-pinvoke-function-has-unbalanced-the-stack,"I'm getting this weird error on some stuff I've been using for quite a while. It may be a new thing in Visual Studio 2010 but I'm not sure.,
I'm trying to call a unamanged function written in C++ from C#.,
From what I've read on the internet and the error message itself it's got something to do with the fact that the signature in my C# file is not the same as the one from C++ but I really can't see it.,
First of all this is my unamanged function below:  ,And here is my function in C#:  ,When I debug into C++ I see all arguments just fine so thus I can only think it's got something to do with transforming from TEngine (which is a pointer to a class named CEngine) to IntPtr. I've used this before in VS2008 with no problem.","1,619",2010-05-31 07:19:12Z,A call to PInvoke function '[...]' has unbalanced the stack,"
                        44k times
                    ","
            48
        "
Accepted,2015-05-26 13:45:42Z,1,,Prokop Hapala,"python,c++,numpy,ctypes",https://stackoverflow.com/questions/30455178/numpy-ctypes-dynamic-module-does-not-define-init-function-error-if-not-recompi,"sorry for yet an other question about ,. I did go through older questions but I didn't find one which adress my case specifically enought.,I have a C++ library which should export several functions to python ( like ~5 functions defined in , block ). It works just fine when I recompile the library each time I import it. However, if I import it without recompilation it gives error ,The very simplified example which reproduce the same behaviour (error) looks like this:,C++ library code in file ,python warper , of C++ library , :,python program , which imports , ,I was also trying to make ctypes happy by adding some , function into , as you can see in the code above. however this will produce error ,I don't have this issue when I compile example of , from scipy lecture notes. However, this example works only If I want to import just one function with the same name as the name of the library. I want something more general. ","2,136",2015-05-26 09:52:46Z,"numpy ctypes ""dynamic module does not define init function"" error if not recompiled each time","
                        886 times
                    ","
            7
        "
Undetermined,2021-09-07 14:54:37Z,3,,Anonymous,"php,javascript,ajax",https://stackoverflow.com/questions/6887338/wrapper-is-disabled-in-the-server-configuration-by-allow-url-include-0,"I am trying to retrieve page contents with an , call.  I have a series of links within a page wrapper.  When I click on a link, it loads a JavaScript function that retrieves page contents from a , script.  In this case I am developing on my ,, but in production the script will be within the same root folder and domain as the file that does the , call.  I am using the response as the content for a ,.  The content isn't purely ,, and by that I mean while it is generated by php it has , elements like ,s and spans.  It's basically the stuff that is going between the opening and closing body tags.  Because of this, I'm not sure I can just use ,.,Instead of the content loading in the ,, I get the following error:,After reading up on , it seems that this is usually disabled by default.  I'm assuming that this feature allows for some serious site attacks.  Is that the case.   If so, how can I retrieve the content from another file?  ,I tried using the , load function:,but with the exact same results.,This is driving me nuts!  TIA.,  I think I may have found the problem; the , file that the , is retrieving content from is using ,.  The file that it is requiring is on the same server within the same root folder, but it was one directory up.  HOWEVER, that creates a new problem:  I'm getting the content, but not fully.  For example, in the file I have this:,I am only getting the first letter, and this holds true for other , content that I ,.",61,2011-07-31 03:18:55Z,Wrapper is disabled in the server configuration by allow_url_include=0,"
                        45k times
                    ","
            6
        "
Undetermined,2018-12-30 20:43:47Z,2,,Zobris,"javascript,php,html,css,.htaccess",https://stackoverflow.com/questions/50261675/url-redirect-not-loading-resources-from-correct-relative-source,"I have a bunch of URLs that I want to redirect to a single page.  In my .htaccess file I have...,So any link will redirect to that page, where I have a PHP script that takes the URL and loads a page from a mysql table.  I built a test page with no script/style resources and everything worked fine.  However when I added my style and javascript I get the following error:,This error only appears for URLs that have a ',' in them.  ,The errors look like this:,I understand that this is caused because the resource being loaded has a ',' in the first character, but this doesn't make sense for resources like css.,So I checked my network tab to see what resources are being loaded, and it's loading every resource in the wrong path., ends up loading localhost/toh/tax-information/css/style.css instead of localhost/css/style.css.  Upon opening that file, it is not CSS but rather is the full HTML of the requested page (thus the ',' error).  Even the pictures end up becoming HTML somehow when you click on them in the network tab.  Anything that is loaded through a cdn (so any full URL resource) loads fine.,This only happens for URLs that have a secondary path like (localhost/this/that) but loads the correct resources for anything that is just a primary path (localhost/this).,I can see the problem is caused somehow by FallbackResource and using relative paths for loading resources.  If I change a resource's path to be absolute(say css/style.css -> ,) then it works fine with no issues.  Recoding everything to an absolute path will solve my problem but isn't a practical solution.  This makes me believe my problem is my .htaccess.  Is there another way I can redirect all url paths to a single page and have them load resources through a relative path?",101,2018-05-09 20:40:19Z,URL redirect not loading resources from correct relative source,"
                        1k times
                    ","
            6
        "
Undiscussed,2019-06-16 14:11:43Z,0, ,MyUsername112358,"php,c,php-extension,php-internals",https://stackoverflow.com/questions/52021010/pre-compiling-php-files,"As a learning exercise, I'm trying to save the compiled state of a PHP file in order to execute it at a later time without having to go through , again.,The first thing I did was write an extension that hooks ,. If the request is made on an uncompiled file (ie: file.php), it dumps the , data to another file (ie: compiled-file.php). If the request is made on such a compiled file, it loads the data into a new , and then returns it.,For simplicity sake, I have ignored everything related to classes and functions, so I don't expect my extension to works on a script that contains those. But other simpler scripts should work, I think? ,Well, it works on very simple scripts, but often it just hangs and reach the maximum execution time limit. I've found that it always fails on false conditional branch. For example, this script would work:,While this one would just hangs:,My question: Am I correct in assuming that for simple scripts with no functions or classes, making a deep copy of , and returning it should be enough to replicate PHP compilation? If not, what are the other steps I should take to make it works?,Here are the relevant files of my extension:
,
,EDIT: I managed to ""fix"" my problem by changing this code:,to this one:,(And of course, applying a similar fix to oploader.c),Now I'm just even more confused... why would a znode_op with an , type care about its value!??","1,196",2018-08-25 20:29:40Z,Pre-compiling PHP files [closed],"
                        1k times
                    ","
            29
        "
Undiscussed,2019-06-16 14:11:43Z,0,,MyUsername112358,"php,c,php-extension,php-internals",https://stackoverflow.com/questions/52021010/pre-compiling-php-files,"As a learning exercise, I'm trying to save the compiled state of a PHP file in order to execute it at a later time without having to go through , again.,The first thing I did was write an extension that hooks ,. If the request is made on an uncompiled file (ie: file.php), it dumps the , data to another file (ie: compiled-file.php). If the request is made on such a compiled file, it loads the data into a new , and then returns it.,For simplicity sake, I have ignored everything related to classes and functions, so I don't expect my extension to works on a script that contains those. But other simpler scripts should work, I think? ,Well, it works on very simple scripts, but often it just hangs and reach the maximum execution time limit. I've found that it always fails on false conditional branch. For example, this script would work:,While this one would just hangs:,My question: Am I correct in assuming that for simple scripts with no functions or classes, making a deep copy of , and returning it should be enough to replicate PHP compilation? If not, what are the other steps I should take to make it works?,Here are the relevant files of my extension:
,
,EDIT: I managed to ""fix"" my problem by changing this code:,to this one:,(And of course, applying a similar fix to oploader.c),Now I'm just even more confused... why would a znode_op with an , type care about its value!??","1,196",2018-08-25 20:29:40Z,Pre-compiling PHP files [closed],"
                        1k times
                    ","
            29
        "
Accepted,2019-09-08 16:15:36Z,1,,Thunder Storm,"javascript,c++,qt",https://stackoverflow.com/questions/39649807/how-to-setup-qwebchannel-js-api-for-use-in-a-qwebengineview,"As Qt's documentation is far from complete, which are the ways to setup QWebChannel and are there different ones from adding a , tag in your HTML page like recommended in the documentation?",686,2016-09-22 22:24:44Z,How to setup QWebChannel JS API for use in a QWebEngineView?,"
                        5k times
                    ","
            6
        "
Accepted,2016-04-10 16:56:34Z,1,,Jahan Balasubramaniam,"python,c,python-3.x,python-internals,python-embedding",https://stackoverflow.com/questions/36530637/embedding-python-in-c-error-in-linking-undefined-reference-to-pystring-asstri,"I am trying to embed a python program inside a C program. My OS is Ubuntu 14.04,I try to embed python 2.7 and python 3.4 interpreter in the same C code base (as separate applications). The compilation and linking works when embedding python 2.7 but not for the python 3.4. It fails during the linker stage.,Here is my C code (just an example not real code),I compile the program using gcc. First with compiling and linking flags set to python 2.7 I run the compilation and linking by using following command:,The flags expand as:, , ,It works fine without any issues. When I try to compile the same with python3.4 flags it fails:,The flags expand as:, , ,I tried by changing the order in which linker objects are specified. But no luck. Any idea why this would be the case?,Thanks for the help!!",330,2016-04-10 13:52:36Z,Embedding Python in C: Error in linking - undefined reference to PyString_AsString,"
                        7k times
                    ","
            6
        "
Accepted,2018-08-22 04:44:48Z,4,,Dwight,"c++,python,boost,g++,boost-python",https://stackoverflow.com/questions/7195959/hello-world-with-boost-python-and-python-3-2,"So I'm trying to interface python 3.2 and c++ using boost python, and have come across many many issues. I've finally gotten it to compile using the 2.7 libraries and it works, but I can't seem to make it work with python 3.2. ,Here's the c++ code,If I compile it using the 2.7 libraries it works just fine, but when I use the 3.2 libraries I get tons of undefined references from libboost_python.so,Otherwise I wrote a little bit of python to make it work:,and this will create an so using python 3.2 or 2.7 build, but when I open the python 3 interpreter and attempt to import the so it give me the error undefined symbol PyClass_Type from libboost_python.so again. Any ideas? Is boost python compatible with python 3.x?,If the information is useful, here is my attempted compile using 3.2:,And the error from the python 3 interpreter is,Thanks for any help!",341,2011-08-25 19:16:45Z,Hello world with boost python and python 3.2,"
                        15k times
                    ","
            10
        "
Undetermined,2018-01-26 20:48:52Z,2,,Vigneshwaran,"java,javascript,selenium,code-coverage,jacoco",https://stackoverflow.com/questions/20904131/how-to-calculate-code-coverage-of-selenium-tests-with-respect-to-web-application,"I have a requirement to capture the code coverage of my selenium tests to the amount of source code in the server code (web application source code) covered . ,For example the tests for login functionality should capture the amount of code covered  in web application for the login function. ,Else need to know which package or class it has touched in web application code for a scenario done . Eg a login ,I couldn't find a suitable solution , although i came to know about Jacoco code coverage tool and tried some samples with the use of Jacoco Jenkins plugin , but there is no success . ,I am not aware of the possiblity. Please provide me a suggestion on how to achieve this , Thanks in advance ",455,2014-01-03 12:53:34Z,How to calculate code coverage of selenium tests with respect to web application code,"
                        26k times
                    ","
            28
        "
Accepted,2016-11-11 04:00:43Z,4,,CodeNinja,"c#,javascript,jquery,asp.net,jquery-ui",https://stackoverflow.com/questions/19100085/javascript-runtime-error-unable-to-get-property-msie-of-undefined-or-null-ref,"I just tried changing my jquery ui references to the master page . I get the error above only on Internet explorer.
I dont get the error on Firefox and Chrome . ,This is the jquery code where the error is thrown :,I have the master page below : ,Please let me know what I need to be doing ?
I tried putting the jquery references in the head section , but the jquery code within my aspx file seems to give an error saying 'dialog' object not defined or 'tooltip' object not defined. I think the jquery library is not getting loaded when I try to put the references in the head section.","3,045",2013-09-30 17:19:44Z,JavaScript runtime error: Unable to get property 'msie' of undefined or null reference,"
                        29k times
                    ","
            6
        "
Accepted,2011-06-13 21:25:05Z,2,,Callum Whyte,"php,javascript,jquery,html,css",https://stackoverflow.com/questions/6336094/jquery-autocomplete-in-background-of-input-text-box,"I have a jQuery text box autocomplete script which uses a PHP script to query a MySQL database. Currently, a result is displayed under the text box however I want it to appear as if it is faded out in the text box. How can I do something like this? An example of this is on the Google Instant search box.,My current web page code is:,And my PHP code is:","2,301",2011-06-13 20:44:07Z,jQuery autocomplete in background of input text box,"
                        13k times
                    ","
            10
        "
Accepted,2018-06-04 09:11:16Z,1,,Igb,"c#,c++,.net,c++-cli,clr",https://stackoverflow.com/questions/50674904/firing-events-in-c-and-handling-them-in-c-sharp,"I have an industrial computer with some Digital I/O pins. The manufacturer provides some C++ libraries and examples to handle pin status change.,I need to integrate this events onto a C# application. AFAIK the most simple way to perform this is:,I have tried to make this work with some mock objects with no luck. From the docs, the function EventHandler should do most of the ""dirty work"" in my case. Following info available in old threads and the EventHandler example in the MSDN docs I ended up with this test code:,What am I doing wrong? Is it something I am missing?",188,2018-06-04 06:57:32Z,Firing events in C++ and handling them in C#,"
                        783 times
                    ","
            6
        "
Accepted,2020-05-27 03:34:26Z,1,,Rajesh J Advani,"c++,python,opencv,shared-libraries",https://stackoverflow.com/questions/11643666/python-importerror-undefined-symbol-for-custom-c-module,"I've been developing a Python module in C++ using OpenCV 2.3 through 2.4.2, on Ubuntu 11.04. OpenCV was built from source. I'm not using the version of OpenCV from the Ubuntu repositories.,My Python module compiles with no issues and is loaded in Python properly. However, when I compile this module on Ubuntu 11.10 or 12.04, I get an ImportError with the message ""undefined symbol"" when trying to load it in Python.,This is how I compile the module:,This is the output of ""pkg-config --cflags --libs opencv"",The error I get is:,My understanding is that ""undefined symbol"" generally means that the given symbol can't be found in any of the linked libraries. But I know that this symbol is there in libopencv_ml.so because when I run this:,I get:,/usr/local/lib seems to be in the dynamic linker cache. ,And the so file is there in the cache too.,So can you give me any clue what I might be doing wrong? Has something changed between Ubuntu 11.04 and 11.10 in the manner in which shared libraries are loaded when running Python? Or is this a problem with OpenCV?","5,329",2012-07-25 06:08:09Z,Python ImportError - undefined symbol - for custom C++ module,"
                        41k times
                    ","
            25
        "
Accepted,2017-04-11 03:12:07Z,9,,Luciano,"php,javascript,jquery,codeigniter,libraries",https://stackoverflow.com/questions/5051059/codeigniter-and-javascript-jquery-library,"As title said, I'm trying to figure out how to use javascript and jquery libraries on CI. ,Following instruction in ,, I load the library in my controller:,Then, I define the location of the jQuery file (jquery.min.js) in the config.php:,After that, I open the view file and put in these two lines:,First error comes up here: , (don't understand where I have to set them),Anyway, I've commented these lines and continue with jquery lib, by loading it in my controller with:,Next error: ,. (it seems that it can't find the lib, what i messed up?),Checking on system folder it looks all files are in place:,Thanks in advance for your help!","1,415",2011-02-19 13:35:30Z,CodeIgniter and Javascript/Jquery Library,"
                        30k times
                    ","
            21
        "
Accepted,2015-09-07 14:09:08Z,1,,Stefan,"c#,c++,visual-studio,visual-studio-2013",https://stackoverflow.com/questions/32440486/what-does-a-blue-dot-beneath-the-visual-studio-breakpoint-mean,"While debugging a combined c++ c# project (c# loading a c++ dll) I'm sometimes getting this small blue dot beneath the currently hit breakpoint: ,What does that dot want to tell me?",197,2015-09-07 14:00:40Z,What does a blue dot beneath the Visual Studio breakpoint mean?,"
                        3k times
                    ","
            15
        "
Undetermined,2018-09-13 16:06:22Z,3,,ba1ar,"javascript,php,linux,html,event-stream",https://stackoverflow.com/questions/28607708/event-source-server-returns-event-stream-in-bulk-rather-then-returning-in-chu,"Server configuration on which the code is not responding as desired, i.e.,As I have said, the code is working properly on another server which has the almost same configuration, i.e.,Below is my sample code for sending event:,Below is my client page on which I need response:",534,2015-02-19 13:31:18Z,Event Source -> Server returns event stream in bulk rather then returning in chunk,"
                        1k times
                    ","
            7
        "
Undetermined,2021-07-21 08:55:08Z,1,,user3180,"javascript,java,selenium,phantomjs,ghostdriver",https://stackoverflow.com/questions/34823870/ghostdriver-1-2-1-phantomjs-2-0-latest-selenium-cant-find-variable-error-in,"^Domain edited out on purpose.,According to , this error has to do with not having proper jailed execution of Javascript. I don't understand what this means in the context of my Java program.,My Selenium program has only one kind of Javascript call, and it works like this:,The line above doesn't seem to be the issue because from my tests I can see that multiple lines like the above execute without error before coming to the above error. ,Also, Session.NegotiatedCapabilities has ""acceptSslCerts"":false, which I have not been able to solve with this code block as the PhantomJS driver initializer:,I can see that the arguments ARE being passed in on the Console...,Finally, everything works with Firefox WebDriver.","1,042",2016-01-16 05:30:33Z,Ghostdriver 1.2.1 + PhantomJS 2.0 + latest Selenium Can't find variable error in Java,"
                        2k times
                    ","
            10
        "
Accepted,2015-01-03 04:55:31Z,1,,Solar_code,"python,c,cython,word-wrap",https://stackoverflow.com/questions/24621889/minimal-example-of-wrapping-c-code-with-cython-passing-int-and-struct,"The code that I show below works, ,.,I am using:,This code is taken primarily from , and ,, but unfortunately did not work for me 'out of the box'.,The goal of this wrapping to provide access through Python to a trivial C function, which accepts either integers or a structure of integers and adds them together.,There are 5 files needed for this, described below: ,and the process produces two files,The input files are below: ,I was able to successfully create a .so file by running ,In the same directory as the above files. It is then possible to load , into the namespace of a python interpreter. ,In the setup declaration, I have included , as an auxiliary module., I get the following error when I import the , file:,Is there a step that I am missing which would mean that I don't need to explicitly pass , along with my setup command? Am I opening myself up to some potential instability by doing this? ",93,2014-07-08 00:13:33Z,Minimal example of wrapping C code with Cython- passing int and struct,"
                        3k times
                    ","
            9
        "
Undetermined,2015-07-10 14:07:38Z,1,,Suresh kumar,"php,perl,shell,exec",https://stackoverflow.com/questions/11114277/execute-perl-in-php,"I want to execute a perl script through PHP. I use , to execute the perl script. It works in my machine but does not work on the server. The Server is based on CentOS Linux.,I gave full permission (777) to both the PHP and the perl script file. When I try to execute, I get the following error in error_log,I tried to execute using the following ways,I also tried by using the , function,Nothing happening when I try this.,I also tried to execute perl by using the , function,When I execute this line, , prints 127 and nothing happens in the script.,I checked whether file is executable or not with the , function. It shows that the file is not executable.,Code as below ,If I execute perl through the terminal, it works fine but when I try to execute through PHP, it is not working. ","1,852",2012-06-20 06:52:06Z,Execute perl in PHP [duplicate],"
                        35k times
                    ","
            11
        "
Undetermined,2021-01-21 11:25:13Z,2,,Marco Feregrino,"php,c,gcc,exec,shell-exec",https://stackoverflow.com/questions/33293538/compiling-c-from-php-with-exec-error-trying-to-exec-cc1,"I am trying to compile a C program from PHP with exec, and with the Laravel Framework. But I dont think this is the problem, because I can compile and execute C programs from terminal without problems. And if you know from tinker in Laravel 5, so the problem is from PHP. But I can`t find the error I think the problem is form different versions of GCC but why let me compile from terminal.,I get this error when I do that from PHP. If I compile from terminal it works but from php not.,AND I GET THIS !!,I checked the permissions and are right (in fact I did chmod 777 in my desperation).,Also I tried to reinstall everything, but it does not work.",657,2015-10-23 01:40:23Z,Compiling C from PHP with exec error trying to exec 'cc1',"
                        359 times
                    ","
            6
        "
Undetermined,2018-12-31 15:51:53Z,2,,s-m-e,"javascript,python,node.js,npm,python-packaging",https://stackoverflow.com/questions/49953785/which-options-do-exist-for-defining-a-python-package-with-node-js-dependencies,"Currently, I have a few (unpublished) Python packages in local use, which I install (for development purposes) with a Bash script on Linux into an activated (otherwise ""empty"") virtual environment in the following manner:,The background is that I have a number of node.js dependencies, JavaScript CLI scripts, which are called by my Python code.,Pros of current approach:,Cons of current approach:,I recently came across ,, which appears to be what I am looking for. I have not experimented much with it yet and it also appears to be a relatively young project. ,I started an ,.,EDIT (1): Interesting resource: ,EDIT (2): I started an ,, asking how I could make a project depend on it.","2,809",2018-04-21 08:20:37Z,Which options do exist for defining a Python package with node.js dependencies?,"
                        2k times
                    ","
            12
        "
Undetermined,2021-03-09 19:46:43Z,5,,milan,"javascript,python,django,reactjs,react-router",https://stackoverflow.com/questions/40826295/react-routing-and-django-url-conflict,"I am using reactjs as a frontend and django as backend. React router is used for routing. When i refresh the page that has routed by react router, i get django ,. If i refresh the homepage, i dont get any such error because the homepage is rendered by django template too using its url. ,Do i have to configure that in the webpack? My project structure is i have seperated django and reactjs. I have created a folder as frontend where reactjs file resides.,homepage template has all the link for routes like addrestaurant.","2,183",2016-11-27 06:16:26Z,react routing and django url conflict,"
                        19k times
                    ","
            29
        "
Accepted,2013-10-17 14:06:36Z,3,,p.drewello,"java,c++,operator-keyword",https://stackoverflow.com/questions/19428747/java-equivalent-of-c-copy-assignment-operator,"I'm trying to understand this operator function written in C++ and convert it to Java.,Does this simply copy instance and properties of a class object? For which I've already written something: ,Am I on the correct track? Many thanks for your help.",95,2013-10-17 13:55:58Z,Java equivalent of C++ copy assignment operator,"
                        5k times
                    ","
            7
        "
Undetermined,2015-01-28 07:56:21Z,3,,Balakrishnan,"javascript,php,redirect,paypal",https://stackoverflow.com/questions/22846186/paypal-redirects-to-the-same-popup-window,"I integrated PayPal's Identity API in my webpage. As usual when user clicks ,(,) it opens a new window for login purpose. But after a valid login it redirect me to the same popup window.,Note: I replaced my domain name as , ,
,
","2,304",2014-04-03 18:40:27Z,PayPal redirects to the same popup window,"
                        5k times
                    ","
            7
        "
Accepted,2018-04-16 18:48:38Z,1,,user8469759,"c#,c++,unity3d,dll",https://stackoverflow.com/questions/49793560/build-c-plugin-for-unity,"Trying to create my first plugin.
The cpp code is:,header:,source:,Then I compile and put the DLL in , folder, the dll file is ,. From the unity side I have a simple C# script for a component:,But when I try to run the script I get the following error:,The documentation seems to be quite poor, any suggestions?
There's ,, but not sure what I'm doing wrong. I've tried to create several solution (windows universal platform, windows 8.1, etc) still doesn't work.","2,258",2018-04-12 09:56:53Z,Build C++ plugin for Unity,"
                        11k times
                    ","
            9
        "
Undetermined,2019-11-05 09:34:22Z,2,,Wawan Brutalx,"php,javascript,mpdf",https://stackoverflow.com/questions/13845475/mpdf-ignoring-javascript,"I have a question here..,I have used buffering to get the pdf files using mpdf..,but I got a little confused here..,I have some javascript on the page that I was buffering.. but the generated content from javascript is not getting converted into pdf.. ,let me get this straight..,lets say I have this element,and on my page i have a javascript code to add text to that div..
and the results is...,[open page via browser],but when i convert it to pdf...,This is the script that is used..
template.php,convert.php,Anybody can help me with this???",613,2012-12-12 17:39:55Z,mpdf ignoring javascript,"
                        12k times
                    ","
            7
        "
Accepted,2015-06-06 18:41:32Z,1,,Faizuddin Mohammed,"javascript,php,jquery,laravel,laravel-5",https://stackoverflow.com/questions/30686266/how-to-include-csrf-token-in-an-external-js-file-in-laravel,"Initially, I wrote all the JavaScript code right in my HTML page using the , tag.,A post call in jQuery in the JavaScript was something like this.,The code worked fine. But, later I put all my script into an external js file. And the code is not working anymore.,I have the problem with the ,, the error being ,What should I do if I want to external js files with Laravel?","3,788",2015-06-06 18:33:12Z,How to include csrf_token() in an external js file in Laravel?,"
                        23k times
                    ","
            13
        "
Accepted,2011-03-14 19:15:35Z,1,,Weholt,"python,shell,interactive,fabric",https://stackoverflow.com/questions/5182857/can-i-use-fabric-to-perform-interactive-shell-commands,"I`m trying to use , to install and deploy a web project during which I need to create a postgresql database and configure a RabbitMQ server. Both these operations are interactive and requires input from the user for creating a database, adding a user, setting password etc ( at least to my knowledge ).,Can I use a fabric script to do interative shell operations like these?","1,597",2011-03-03 15:32:39Z,Can I use Fabric to perform interactive shell commands?,"
                        4k times
                    ","
            11
        "
Accepted,2012-06-07 23:51:22Z,3,,Hairgami_Master,"c#,javascript,visual-studio-2010,web-config-transform",https://stackoverflow.com/questions/10916952/in-visual-studio-c-is-there-a-way-to-apply-web-config-transforms-to-javascript,"In Visual Studio, I have some Javascript code on a site I'm developing. While I'm debugging I'm using the $ajax call to ""localhost"". When deployed, it will need to be the actual server:,When I publish, I need to transform that localhost to the actual domain:,Is there an easy/automatic way to do this, similar to the way Web Config transforms work?,Many thanks!","5,269",2012-06-06 15:04:12Z,"In Visual Studio C#, is there a way to apply Web Config Transforms to Javascript files?","
                        1k times
                    ","
            6
        "
Accepted,2015-06-02 20:51:51Z,1,,Schu Davis,"javascript,php,wordpress,firebase",https://stackoverflow.com/questions/30603810/authenticate-firebase-firechat-with-wordpress-user-or-database,"I'm trying to use my Wordpress users to authenticate automatically with Firebase/Firechat.,You can see here on the documentation that Firebase can use custom authentication, by using secure Json Web Tokens:
,They also refer to this Firebase page which describes generating and using these tokens in depth:
,So what I'm trying to accomplish are these things:,From what I understand this is all functionality that is already in Firechat, and Firebase is apparently able to authenticate with any server/system provided it can generate the proper credentials. I just can't seem to get anything working and I must have read that documentation about a hundred times.,With all that said, here is the farthest I've gotten:,The problem with that is it's actually not generating the token at all, as ""FirebaseTokenGenerator"" is not being called on (it's not included in the CDN afaik). I'm not sure how to call on it with Javascript, but I know there is a PHP helper library that does it.,It's as simple as:,But the problem is I've no idea how to pass that information from PHP to the Javascript. I'm also pretty confused by how it all works. Do I have to generate a new token for each user? Or do it one time for the server, and let my login system handle authentication?,Hopefully I've not left anything out, but if you need more information just ask! Thanks for reading.",117,2015-06-02 18:29:16Z,Authenticate Firebase/Firechat with Wordpress user or database,"
                        3k times
                    ","
            10
        "
Accepted,2013-05-12 07:53:01Z,3,,hooray,"java,c,debugging,solaris,java-native-interface",https://stackoverflow.com/questions/911034/how-to-debug-jni-c-library,"We have system here that uses Java JNI to call a function in a C library. Everything running on Solaris.,I have a problem somewhere with string encoding. An arabic character is returned by the function written in C, but the JNI methods receives a string with another encoding. I already tried setting $NLS_LANG, and the vm parameter for encoding the same way, but nothing has worked. So I need to be able to debug the C code and the Java JNI together.,what is the best way to debug it?",268,2009-05-26 14:35:17Z,How to debug JNI/C library?,"
                        7k times
                    ","
            8
        "
Accepted,2017-03-17 19:30:56Z,3,,holy,"java,c,eclipse,header,java-native-interface",https://stackoverflow.com/questions/9940381/how-to-generate-jni-header-file-in-eclipse,"I am using Eclipse to generate a JNI header file. I looked in , and  found a lot of , and , files, but I couldn't find the command ,  which was in the documentation for using JNI to create bindings to C libraries.,
Any help?",632,2012-03-30 09:32:43Z,How to generate JNI header file in Eclipse,"
                        17k times
                    ","
            19
        "
Undetermined,2016-08-21 00:31:27Z,1,,LearnSomeMore,"javascript,php,html,node.js,php-include",https://stackoverflow.com/questions/39059853/nodejs-alternative-to-php-includes,"I come from a PHP background, but am deciding to try out NodeJS (and probably Express) on my latest project. What is an alternative to PHP includes for templating HTML pages? I'm used to doing:,I've tried googling and searching Stack Overflow, but can't find NodeJS's alternative.",362,2016-08-21 00:26:53Z,NodeJS alternative to PHP includes? [duplicate],"
                        3k times
                    ","
            6
        "
Accepted,2018-04-22 14:11:58Z,2,,Haution L.,"python,c,cython",https://stackoverflow.com/questions/47635408/cythonizing-fails-because-of-unknown-type-name-uint64-t,"This may be a newbie problem. I can't cythonize a simple helloworld.pyx tutorial script while the exact same code works on linux:,Here is the setup.py script: ,But I get this after running ,:,I'm on MacOS 10.13.1, python 3.6.3, Cython 0.27.3 and clang-900.0.38.,Apparently there is a problem with including stdint.h, how should I go about doing it in Cython?,:
My gcc is in /usr/bin/gcc,shows:",109,2017-12-04 14:19:32Z,Cythonizing fails because of unknown type name 'uint64_t',"
                        5k times
                    ","
            7
        "
Undetermined,2019-10-08 14:40:28Z,2,,MatthewJohnHeath,"python,c,numpy,python-c-api",https://stackoverflow.com/questions/40360372/cant-import-numpy-from-c,"I am failing to open numpy with the Python C API. 
I have the following code,The line , prints to console:,and , returns ,. ,I can open other modules OK (e.g. , is fine) and ,works just fine from Python in a console.,I am using Windows 10 and Python 3.5.,What can I do?",391,2016-11-01 12:46:54Z,Can't import numpy from C,"
                        1k times
                    ","
            8
        "
Accepted,2010-05-28 04:00:36Z,3,,recipriversexclusion,"java,c++,python,logging",https://stackoverflow.com/questions/2885822/which-logging-library-to-use-for-cross-language-java-c-python-system,"I have a system where a central Java controller launches analysis processes, which may be written in C++, Java, or Python (mostly they are C++). All these processes currently run on the same server. What are you suggestions to,Thanks!","9,870",2010-05-21 21:49:06Z,"Which logging library to use for cross-language (Java, C++, Python) system","
                        3k times
                    ","
            11
        "
Accepted,2016-02-28 11:58:15Z,3,,Forge,"python,c,linux,gcc,cython",https://stackoverflow.com/questions/4421832/compiling-python-to-c-using-cython,"I'm trying to compile , source code foo.py to C using ,.,In ,:,The command I'm running is ,.,The problem is that when compiling foo.c using ,, I get the error:  ,.","6,052",2010-12-12 13:18:20Z,Compiling Python to C using Cython,"
                        15k times
                    ","
            11
        "
Accepted,2018-11-25 13:19:42Z,1,,Jahangir Alam,"javascript,php,prestashop,prestashop-1.6",https://stackoverflow.com/questions/40674654/can-not-add-data-attributes-in-script-tag-in-prestashop-1-6,"I am developing a custom payment module in PrestaShop 1.6. My front controller path is: ,payment.php contains:,My template file path is:
,payment.tpl contains:,The problem is that in my localhost it is working fine. I get the data-complete URL in the script tag. But when I install the module in my test server I do not get the data-complete URL.,Any help or suggestion will be appreciated.,Thanks in advance.,I have found that the problem is ""https"" in the ""src"" of the script tag. I can not understand why data-complete vanishes if the src URL begins with https. Without https it is okay.,When I view the source in the browser for the following code with https in src, I get:,The data-complete attribute vanishes. But when I view the source of the script with src without ""https"" I get the data-complete attribute.,I could not find the reason. ,
I can add javascript in the payment.php controller using :,But I do not know how to pass data attributes in the addJS function.",831,2016-11-18 10:26:15Z,Can not add data attributes in script tag in PrestaShop 1.6,"
                        1k times
                    ","
            15
        "
Accepted,2014-02-24 13:20:30Z,4,,Luke,"php,javascript,jquery,magento",https://stackoverflow.com/questions/7598431/adding-jquery-to-magento,"What is the recommended way to add jQuery (or any script) BEFORE the rest of the scripts that come with Magento using local.xml? ,I've tried to use (in local.xml):,but this ends up adding jQuery to the end of the scripts that are added by Magento in page.xml in the base package. I've even tried removing all the scripts using:,to remove all of the scripts that were added in page.xml and then re-adding them in local.xml in the order I need them to be in (jQuery first), but somehow, they are ending up in the same order (with jQuery last). ,I've stepped through the Magento code and verified that the scripts are getting removed and then re-added to $this->_data['items'] in Mage_Page_Block_Html_Head, but at some point, when they get added to the page, they are added with jQuery last.,I'm guessing there has to be a more elegant way to do this, but I've yet to find it in my Googling. Everything I've found recommends modifying page.xml directly, which I've read elsewhere is not a good idea.",748,2011-09-29 13:58:33Z,Adding jQuery to Magento,"
                        14k times
                    ","
            6
        "
Undiscussed,2016-12-26 07:37:04Z,0, ,Alexey Pichukov,"java,android,c++,qt,java-native-interface",https://stackoverflow.com/questions/41262490/qnetwork-error-when-use-qt-lib-with-native-jni-android-application,"I have the simple Qt lib that makes http request like this:,All works fine when i run it on Android devices (, and ,) diractly from Qt Creator. But i want to use it inside android native application with , and ,. In this case it works only on ,  devices and with Android from version 6.0. If i run android application with this lib on , device it crash with next message:,And it occurs on this line of code inside my Qt lib:,This is my , file in native android project:,This is my , file to call , function:,This is my , experemental gradle file:,It would be great if somebody tell what I'm doing wrong and why the error in this line of code:,only occurs on , devices and on devices with Android version less then 6.0 and only from native Android project (from QtCreator all works without errors). Thanks for help.","3,327",2016-12-21 12:07:33Z,QNetwork error when use Qt lib with native JNI Android application,"
                        356 times
                    ","
            6
        "
Undiscussed,2016-12-26 07:37:04Z,0,,Alexey Pichukov,"java,android,c++,qt,java-native-interface",https://stackoverflow.com/questions/41262490/qnetwork-error-when-use-qt-lib-with-native-jni-android-application,"I have the simple Qt lib that makes http request like this:,All works fine when i run it on Android devices (, and ,) diractly from Qt Creator. But i want to use it inside android native application with , and ,. In this case it works only on ,  devices and with Android from version 6.0. If i run android application with this lib on , device it crash with next message:,And it occurs on this line of code inside my Qt lib:,This is my , file in native android project:,This is my , file to call , function:,This is my , experemental gradle file:,It would be great if somebody tell what I'm doing wrong and why the error in this line of code:,only occurs on , devices and on devices with Android version less then 6.0 and only from native Android project (from QtCreator all works without errors). Thanks for help.","3,327",2016-12-21 12:07:33Z,QNetwork error when use Qt lib with native JNI Android application,"
                        356 times
                    ","
            6
        "
Accepted,2016-01-04 16:24:49Z,2,,datajerk,"python,shell",https://stackoverflow.com/questions/26194684/how-to-disable-python-shell-spawning-less-with-help,"Title says it all.  I'd prefer that Python's shell use cat instead of less when displaying help so that the contents of help is inline with the rest of the shell session.,Thanks.",155,2014-10-04 16:19:18Z,"How to disable Python shell spawning less with ""help""","
                        941 times
                    ","
            15
        "
Accepted,2015-06-22 16:17:00Z,1,,pasichnyk.oleh,"python,c++,ctypes",https://stackoverflow.com/questions/30983220/ctypes-error-attributeerror-symbol-not-found-os-x-10-7-5,"I have a simple test function on C++:,compiling:,and using it in python with ctypes:,but then I get an error:,Where is a problem?,using:",212,2015-06-22 14:56:36Z,"ctypes error AttributeError symbol not found, OS X 10.7.5","
                        4k times
                    ","
            7
        "
Accepted,2014-06-17 15:42:07Z,2,,Codie CodeMonkey,"c++,python,parsing,clang",https://stackoverflow.com/questions/10561212/parsing-namespaces-with-clang-ast-differences-in-when-including-a-header-in-ano,"Sorry for the verbose question, but I can't see any other way to make it clear.  I am writing a tool to transform C++ header files to SWIG interface files as a starter for further fine-tuning.,In the process of doing this, I've noticed some strange behavior by clang (v3.0).  If I parse the header file I get a significantly different AST than if I parse a source file that includes the header.,For purposes of illustration, here are some sample source files:,Source file:,Header:,I've used the following Python code to parse it and dump the AST:,When I run this on , I get (correctly I think):,But when I try it on the header file along with , I only get:,Why does is the , name space in the AST as a VAR_DECL?  I would have expected no difference, except in the preprocessor cursors.,The work-around is obvious--just make a temp file in memory that includes the header--but that isn't very satisfying.  Can someone enlighten me?","7,149",2012-05-12 04:59:59Z,Parsing namespaces with clang: AST differences in when including a header in another source file or parsing it directly,"
                        3k times
                    ","
            10
        "
Undetermined,2016-10-06 23:38:46Z,1,,intinit,"c#,c++,portable-class-library,prism-6",https://stackoverflow.com/questions/36160451/how-can-a-c-cli-project-reference-a-portable-class-library,"We've got a bunch of C# code that references Prism.Core. Prism.Core is a portable class library. When we reference this in C++/CLI and try to use a delegate command, we get:,Can anyone explain why? And is there any way to fix, other than rebuilding the source, which I didn't want to do as Prism is Nugeted into our c# source?",450,2016-03-22 16:49:25Z,How can a C++/CLI project reference a portable class library?,"
                        750 times
                    ","
            7
        "
Accepted,2008-10-06 12:35:42Z,2,,QBziZ,"c#,.net,c++,com,openxml",https://stackoverflow.com/questions/148071/problem-using-large-binary-segment-in-ooxml," ,A plotting component that uses OOXML to generate a document.,Plotting component consists of several parts. 
All parts are written in C++ as exe + dll's, with the exception of the interface to the OOXML document.
The latter component is a COM component that was created in C#/.NET. The main reason for this is that the .NET framework contains ,. This is a very handy built-in facility for dealing with OOXML documents.,We create a document out of a template OOXML document where certain bits and pieces are replaced by their actual content.,One of these bits is an OLE Server component. Basically this is a binary segment within the OOXML file. For writing this binary segment, the Packaging component apparently uses isolated storage. ,Writing a segment > 8MB results in an exception being thrown ""Unable to determine the identity of the domain"".,On the C++ side this exception contains the error ISS_E_ISOSTORE ( 0x80131450 ).,We have analyzed this and as far as we can tell, this is a security feature that prevents semi-untrusted third-party component from completely ruining your HD by writing immense files.,We have then tried a lot of things in the .NET/COM component ( creating custom AppDomains, setting Attributes for maximum permissivity, Creating our own Streams and passing those to the Packaging component ) but every time it resulted in the same exception being thrown.,What could we do to make this work?,Could it be that when the .NET component is instantiated as a COM component, its AppDomain is alway untrusted? ","2,988",2008-09-29 09:21:40Z,Problem using large binary segment in OOXML,"
                        666 times
                    ","
            7
        "
Undetermined,2014-08-27 11:55:07Z,1,,Rajan1404930,"java,android,c,sqlite,android-ndk",https://stackoverflow.com/questions/25303766/creating-custom-function-in-sqlite3-in-android,"I need to add a custom function in sqlite3 in android app to calculate distance between two geo coordinate. i have found a , which can be added as a custom function in sqlite3.,I am using NDK to compile sqlite3 files to create , file. But I am not sure where to put code for my custom function which is also written in , and where to call , which attaches custom function with sqlite so I can use my custom function in sqlite queries.",412,2014-08-14 08:43:54Z,Creating custom function in sqlite3 in android,"
                        2k times
                    ","
            6
        "
Undetermined,2016-01-21 18:20:07Z,1,,Scottymac,"c++,python,cmake,protocol-buffers",https://stackoverflow.com/questions/18861818/cmake-conditionally-generate-protobuf-pb-hcpp-files-when-proto-files-ch,"I am part of a project that is using protobufs to communicate between a Python based client and a c++ based server.  We are also using CMake. ,With CMake, I am looking for a way to conditionally call the , program only when , files change.  My current directory structure (this seems to be part of the problem) has a directory for the , files, and separate directories for the generated , and , files:,The (root) , file (below) runs the , program when the , command is executed:,The , file (which I'm not sure has any effect):,, the , program should run as part of the , command, , only (re)generate the , and , files when a , file changes. ,Some files in the , directory have , directives.,For bonus points, I would prefer to have the , and , files be generated into their respective directories (, and , respectively).  However, if someone is able to help with the dependency part of the problem, I am happy to have the , and , files co-exist with the , files.,Thanks in advance for any suggestions !",456,2013-09-18 00:02:37Z,CMake: conditionally generate protobuf `*pb.{h|cpp}` files when *.proto files change,"
                        5k times
                    ","
            9
        "
Accepted,2015-06-03 20:32:27Z,2,,Manikandan Arunachalam,"javascript,php,jquery,ajax,base64",https://stackoverflow.com/questions/28296252/ajax-not-post-base64-data-of-large-image,"I am passing Image base64 data through ajax to my php function, but for large size image Ajax does not post the data. But the same code works perfectly for small images.,data is too large so partially posted ,,When I'm trying to get the post data in php I am getting empty .
What could be the reason for ajax not sending the data when base64 is used.","1,460",2015-02-03 10:10:22Z,Ajax not post base64 data of large image,"
                        23k times
                    ","
            6
        "
Accepted,2014-06-18 18:57:24Z,10,,rogueleaderr,"java,python,gcc,osx-lion,neo4j",https://stackoverflow.com/questions/8525193/how-to-install-jpype-on-os-x-lion-to-use-with-neo4j,"I am trying to use Neo4j for a project, and want to interface with it through Python since I'm a newbie to programming and don't know any Java. I'm following the ,, but I'm stuck on
the first step, which is to install JPype.,I'm using OS X 10.7 (lion). I think my configuration is pretty standard
with Python 2.7.2 downloaded from the Python website and Java 1.6.0 downloaded from the Apple website.,When I run,On the JPype installer, I get about a 100 lines of error code about various .h files, then it
terminates with the lines:,I found a ,, but I followed the instructions there to no avail. I also emailed the author of that post, and he told me had never actually used JPype, had been working in OS X 10.6, and didn't have any insight.,I also emailed the creator of JPype, who told me that he only uses Windows, and has no idea how to make the install work on OS X. But if we can solve this, I can point him to the answer and maybe he can add the solution to the JPype documentation and help lots of other people as well!,So, anyone know what I'm doing wrong? I would like to use Neo4j, but I
don't know Java so I'm at a complete loss for how to fix a compiler
error.,Based on reading every Google result available, my two running
theories are that:,There is ,, but the solution there is to use a different adapter that goes through REST instead of hooking directly into Java. I will try that if I have to, but I would really rather use the recommended Neo4j method if it's possible.","4,242",2011-12-15 18:59:28Z,How to install JPype on OS X Lion to use with Neo4j?,"
                        5k times
                    ","
            7
        "
Accepted,2013-11-10 21:58:18Z,2,,Yuras,"c++,python,boost,boost-python,archlinux",https://stackoverflow.com/questions/19865757/importerror-usr-lib-libboost-python-so-1-54-0-undefined-symbol-pyclass-type,"I have code written in C++:,Now i want to import this dynamic library to python by:,But I get:,What should I do? My OS is Arch Linux.",425,2013-11-08 18:12:12Z,ImportError: /usr/lib/libboost_python.so.1.54.0: undefined symbol: PyClass_Type,"
                        11k times
                    ","
            6
        "
Accepted,2017-05-16 14:23:47Z,1,,Fraizier Reiland,"java,python,python-3.x,nlp,stanford-nlp",https://stackoverflow.com/questions/43942476/load-custom-ner-model-stanford-corenlp,"I have created my own NER model with Stanford's ""Stanford-NER"" software and by following , directions. ,I am aware that CoreNLP loads three NER models out of the box in the following order:,I now want to include my NER model in the list above and have the text tagged by my NER model first.,I have found two previous StackOverflow questions regarding this topic and they are , and ,Both of these posts have good answers. The general message of the answers is that you have to edit code within a file. ,From this post it says to edit , but I cannot find this file within the Stanford CoreNLP downloaded software. Can anyone point me to this file's location? ,This post says that I can use the argument of , to specifically call which NER models to load. I added this argument to the initial server command (,). This did not work as the server still loaded all three models. ,It also states that you have to change some java code though it does not specifically call out where to make the change. ,Do I need to modify or add this code , to a specific class file in the CoreNLP software? , From my research it seems that I need to add/modify some code to call my unique NER model. These 'edits' are outlined above and this information has been pulled from other StackOverflow questions. What files specifically do I need to edit? Where exactly are these files located (i.e. edu/Stanford/nlp/...etc)?, My system is running on a local server and I'm using the API pycorenlp in order to open a pipeline to my local server and to make requests against it. the two critical lines of python/pycorenlp code are:,I do , think this will affect my ability to call my unique NER model but I wanted to present all the situational data I can in order to obtain the best possible answer.",147,2017-05-12 16:29:01Z,Load Custom NER Model Stanford CoreNLP,"
                        3k times
                    ","
            6
        "
Accepted,2011-11-28 12:18:22Z,1,,Patric,"c++,python,algorithm,vector,cython",https://stackoverflow.com/questions/8295645/cython-vector-operations,"How can I use the , function from ,?  (Or any other operation, I want to use this with vectors, I tried to , to declare it, but there is no template function yet, I think)",653,2011-11-28 12:13:23Z,Cython vector operations,"
                        1k times
                    ","
            6
        "
Accepted,2018-12-14 22:36:04Z,1,,gmagno,"python,c++,pybind11",https://stackoverflow.com/questions/53762552/with-pybind11-how-to-split-my-code-into-multiple-modules-files,"With pybind11, how to split my code into multiple modules/files?
This would speed up the compilation step.
Pybind11 documentation addresses the special case of extending a type declared in a different extension module, ,. But not the more general/simpler one.","1,349",2018-12-13 13:05:22Z,"With pybind11, how to split my code into multiple modules/files?","
                        3k times
                    ","
            10
        "
Accepted,2016-02-12 12:49:13Z,1,,zabolekar,"python,c,r,numpy",https://stackoverflow.com/questions/35321671/compiling-c-code-that-uses-both-r-and-numpy-on-linux,"I have some C code that uses both numpy and R. On Windows, it compiles with MSVC to a .dll which can be dynamically loaded from R and passes all the tests. However, I fail to make it work on Debian.,To investigate the problem I created the following minimal-ish example:
,I can compile it with
,where , was created from , with
,Then it can be used from R:
,When, however, I compile it on Debian with
,and import it from R the following happens:
,It does produce segmentation faults unless everything related to numpy is commented out. Interacting with pure Python from R seems to be OK. But as soon as , is called there is a segfault. I added , out of desperation and it didn't change anything.,Finally, if I compile the following (similar to the previous, but slightly changed) code
,on the same Debian machine with
,and call it with
,it suddenly doesn't crash, works well and produces ""Hello, 2 worlds"", as expected.,The versions are:
Windows: Compiler Version 19.00.23506 for x64, Python 3.4.4, numpy 1.9.3, R 3.2.0
Debian: gcc version 4.4.5 (target: x68_64-linux-gnu), Python 2.6.6, numpy 1.4.1, R 3.2.1,What am I doing wrong?, Tested on Ubuntu with both Python 3.2 and Python 2.7 with both gcc and clang. The problem persists.","1,584",2016-02-10 17:14:04Z,Compiling C code that uses both R and numpy on Linux,"
                        144 times
                    ","
            8
        "
Accepted,2010-10-31 00:31:03Z,1,,Tom,"java,javascript,wicket",https://stackoverflow.com/questions/4058423/how-can-i-serve-a-dynamic-javascript-file-from-wicket,"I am building a site in Wicket. I need to serve a JavaScript file, ,, for other people/websites to read directly — that is, not to be included in one of my HTML pages., needs some dynamic contents based on the , that is provided to it during the request, so it needs to be a template that can be interpolated.,Is there a way for me to build and serve this JS file using Wicket?,If not, what is the best alternative solution? A JSP file?","2,326",2010-10-30 11:12:49Z,How can I serve a dynamic JavaScript file from Wicket?,"
                        2k times
                    ","
            6
        "
Undetermined,2017-01-23 05:31:05Z,1,,user1505563,"c++,python,ctypes",https://stackoverflow.com/questions/11355110/debugging-python-ctypes-segmentation-fault,"I am trying to port some Python , code from a Windows-specific program to link with a Linux port of my library. The shortest Python code sample that describes my problem is shown below. When I try to execute it, I receive a segmentation fault in , in Python. I placed a , statement in my library at the crashing function call, but it is never executed, which leads me to think the problem is in the ctypes code.,My library has the following in its headers, and a plain-C program doing what I describe above (calling , followed by ,) runs fine. Looking at logging information my library is putting onto the console, the crash happens when I try to enter ,.,I tried backtracing the call from GDB, but I don't understand how to interpret the results nor really much about using GDB.,I'm at a loss as to how to approach this problem. I've looked at the details of the calling types, but I don't see anything obviously incorrect there. Am I falling into any platform-specific usages of types?, It seems there's a problem with 32-bit vs 64-bit architectures in the ctypes module. When I tested this again with a 32-bit build of my library and 32-bit Python, it ran successfully. On 64-bit, it segfaults at the same place.",111,2012-07-06 02:32:26Z,Debugging Python ctypes segmentation fault,"
                        3k times
                    ","
            11
        "
Accepted,2021-06-23 16:34:34Z,6,,Narcolapser,"python,linux,shell,command-line",https://stackoverflow.com/questions/3400381/calling-a-python-script-from-command-line-without-typing-python-first,"Question: In command line, how do I call a python script without having to type , in front of the script's name? Is this even possible?,Info:,I wrote a handy script for accessing sqlite databases from command line, but I kind of don't like having to type ""python SQLsap args"" and would rather just type ""SQLsap args"". I don't know if this is even possible, but it would be good to know if it is. For more than just this program.","5,107",2010-08-03 20:08:34Z,"Calling a python script from command line without typing ""python"" first","
                        14k times
                    ","
            10
        "
Accepted,2021-08-10 11:32:42Z,2,,Sneaky Beaver,"javascript,jquery,python,flask",https://stackoverflow.com/questions/29987323/how-do-i-send-data-from-js-to-python-with-flask,"I'm making a website with Flask and I'd like to be able to execute python code using data from the page. I know that I can simply use forms but it's a single page that is continually updated as it receives user input and it'd be a massive pain in the ass to have it reload the page every time something happens. I know I can do , inside the javascript but how do I do , inside the javascript using js variables? So far the only thing I can think of is to update an external database like MongoDB with the js then use Python to read from that, but this process will slow down the website quite a lot.,The jQuery needs to get a list of dictionary objects from the Python function which can then be used in the html. So I need to be able to do something like:,JS:,Python:",625,2015-05-01 13:01:46Z,How do I send data from JS to Python with Flask?,"
                        57k times
                    ","
            22
        "
Accepted,2021-01-18 01:53:29Z,1,,Ali,"php,javascript,ajax,json,compression",https://stackoverflow.com/questions/3333182/speeding-up-ajax-requests-can-gzip-compression-be-applied,"I want to speed up my ajax requests, I'm returning large amounts of information from the requests and was wondering if any sort of compression could be applied here to speed things up a bit.,My ajax requests typically all send in JSON encoded objects such as objects and arrays which contain html elements and other stuff at times. My server sided code is php and I'm using the sajax library. Any ideas to speed things up would be greatly appreciated.","7,078",2010-07-26 08:08:49Z,speeding up ajax requests - can gzip compression be applied?,"
                        6k times
                    ","
            6
        "
Undetermined,2013-04-22 20:20:41Z,5,,Dave,"php,javascript,ajax,chat",https://stackoverflow.com/questions/3024893/ajax-chat-only-update-if-theres-a-change,"I currently have an Ajax-based chat, which I am trying to streamline by only loading the chat script when an update occurs. Thus, nothing needs to keep loading if nothing has changed in the database.,My current logic says:,If nothing has changed, though, it seems fairly inefficient to keep calling it. Instead, what I'd like to do is:,How would I go about this, though? The function I am currently using is:",91,2010-06-11 17:34:27Z,Ajax chat - only update if there's a change,"
                        5k times
                    ","
            9
        "
Accepted,2014-05-08 15:39:31Z,5,,joakimdahlstrom,"javascript,php,string",https://stackoverflow.com/questions/23366570/store-client-server-string-filtering-directives-for-realtime-use,"I have an application that grabs rows from external APIs, and sends them to the browser without storing in the database. The database only holds the URLs for the API requests.,The rows received from the APIs needs to be filtered per row, either server(PHP) or client side, and the filters need to be stored in the database. A filter for a row can for example be substring or replace.,I assume you never want to have javascript/PHP code in the database, but how else could this be done? Are there any appropriate javascript solutions?,What I want in my database table is this: , ------------------ , ------------------- ,Row 1 --------------- api.com/get_data-----------, ,Row 2 --------------- api.com/get_more_data---, ,Where the ""Filter"" contains instructions on how to filter the string in the API result.","1,542",2014-04-29 13:48:15Z,Store client/server string filtering directives for realtime use,"
                        302 times
                    ","
            7
        "
Undetermined,2015-09-18 15:24:03Z,1,,Jake,"python,c++,templates,design-patterns,cython",https://stackoverflow.com/questions/32551607/c-and-cython-seeking-a-design-pattern-that-avoids-template-limitations,"One of the major issues in Cython is the lack of template support from within python files. I have a simulation system written in C++, and I wrap the various classes with Cython and run them using python.,When a c++ method is templated, one can't send the template class to the wrapper method from within python - instead, I end up sending strings to Cython, which then has to check the string against known values, manually passing the C++ class to the underlying C++ method. This makes absolute sense, as Cython does need to know the possible template arguments in order to compile the C++, but it is an issue nonetheless.,This is becoming a real annoyance as the list of candidates for these templated methods is growing - especially in the case of two or three templates to the one c++ method, where I have to do two or three layers of if statements within cython.,Fortunately, I'm in the lucky position of being the only writer and user of this codebase at the moment. I am very happy to refactor, and want to take the opportunity to do so to save headaches in the future. I'm in particular looking for advice as to some of the ways I can avoid the use of templating on the C++ side (as a design pattern problem), rather than relying on some kind of hacky approach on the cython side. If cython has these limitations on templates.,I have written up a minimal working example to highlight the kind of process that occurs in my program. In reality, though, it's a condensed matter simulation which benefits greatly from parallel processing (using OMP), and this is where my templating seems, to me, necessary. Whilst trying to keep it minimal as in simplicity, it compiles and produces output so that you can see what's going on. It's compiled with g++, and I link against OMP using -lgomp (or remove the pragmas and include) and use the std=c++11 flag.,I do hope this isn't too much code - I felt that a usage example was necessary. I can make a stripped down version if it helps.,In order to use this kind of thing in python, I would (in my current approach) have to pass , or , to cython via an argument, which then checks the string against known values and then runs , with the corresponding class as a template. This is all well and good, but is problematic on the cython side when I go and add a type of modifier, or have multiple templates - it's especially bad if I have a few variations of , with different arguments.,The general idea is that I have a set of modifiers (in the real application, these simulate magnetic/electric fields and strain on lattices, rather than just doing basic math operations on a list of numbers) which act on values held within an object. These modifiers have a range of potential values, and it's important that the modifiers have a state (The 'parameter' used and accessed elsewhere, in uses other than scanning over ranges). The ToModify (lattice) object takes up a lot of RAM, so creating copies isn't possible.,Each modifier class has a different range of values for a given ToModify object. This is determined by the nature of the modification, not on the instance themselves, and so I can't (semantically) justify setting them as non-static methods of the objects. It seems too hacky to send an instance of the Modifier classes to the scanning method, as its state isn't meaningful.,I have considered using a factory pattern - but again, as it has no reason to hold any kind of state, it would be static - and passing a static class to a method still requires templating, which brings me back to the template translation problem in cython. I could create a factory class that accepts class name strings and chooses the correct class to use, but this seems to simply translate my issue to the C++ side.,Because I always aim to write meaningful code, I'm having a bit of a dilemma. It seems the simplest way to get around the problem is to give state to objects which do not need it, but I don't like that approach at all. What other approaches exist around this kind of problem? Should I change the way the scanning method actually works, or move it into its own kind of class? To that end, I'm stuck.,I think it would be a good idea to provide an example of the cython side, to show how this can be such a nightmare.,Imagine I have a method such as the one above, but with two template parameters. Say, for example, one is to be a child of Modifier, and the other is a SecondaryModifier which further modifies the result (for the use of any interested: in the case of the actual program, one 'Modifier' is an EdgeManager which modifies an edge weight to simulate the effect of strain or an external magnetic field; the other can be a SimulationType - for example, a tight-binding model approach to finding energies/states, or something more involved).,And say my modifiers are ,, ,, ,, and my secondary modifiers are ,, ,, ,. And, for the sake of getting really ugly, let us have three methods which use two template arguments, ,, ,, ,, and give them two signatures (one taking a double, and one taking an integer). This, in a normal C++ setting, is very common and doesn't require the horrific code that follows.,This amount of code is not only ridiculous for the functionality, but it means that I now need to edit the .h files, the .cpp files, the .pxd files AND the .pyx file ,. Considering we programmers have an in-built obsession with efficiency, this kind of process just isn't acceptable to me.,Again, I acknowledge that this is a kind-of necessary process with cython (although I can think of many ways this process can be improved upon. Perhaps when I have more free time I'll join the community effort). What I'm asking is purely on the C++ side (unless there IS a workaround in cython that myself and Google are unaware of).,One thing I hadn't previously considered was a factory whose state indicates the type of objects to be created, and pass this along. This seems slightly wasteful, though, and again is just sweeping the problem under the rug. If anything, I'm really asking for ideas (or design patterns), and I don't mind how crazy or incomplete they are; I just want to get some creativity flowing.",812,2015-09-13 16:00:31Z,C++ and cython - Seeking a design pattern that avoids template limitations,"
                        689 times
                    ","
            10
        "
Undetermined,2011-05-12 17:05:07Z,4,,pimmling,"java,c,openssl,asn.1,bc",https://stackoverflow.com/questions/5964269/asn-1-encoding-decoding,"I am currently developing a client-server program, the client in Java/C and server in C.
I have to transport cryptographic data(like the client should pass data to Server to encrypt/decrypt, compute digest etc) and the server has to return the result to Client.,In this scenario, I realize the importance of using some transport protocol to identify data and pass data efficiently.,With this regard, my question is: Is ASN.1 a good protocol to use? I know that it is supported by BC(on Java) and OpenSSL on C. So is it a good idea to transport data between the client and server using ASN.1 notation?,Can you also please give me some starting points to this? Also if you have a better idea of an existing protocol please let me know.,Thanks!!",453,2011-05-11 12:32:11Z,ASN.1 Encoding-Decoding,"
                        8k times
                    ","
            6
        "
Undetermined,2016-12-16 09:45:22Z,1,,Hossj,"javascript,php,jquery,ajax,cpu",https://stackoverflow.com/questions/39209581/what-is-the-right-way-to-call-dynamic-content-currently-using-ajax-inside-a-ca,"We have a news website where we cache a complete article page.,There are 4 areas that need to continue to be dynamic on that page:,Now the only way we could think of doing this is through AJAX calls:,And so on.,This is creating a massive load on CPU, but what would be the right/alternative way of approaching this?,Please see attached:",308,2016-08-29 15:11:36Z,What is the right way to call dynamic content (currently using ajax) inside a cached page?,"
                        308 times
                    ","
            8
        "
Accepted,2015-05-21 06:45:47Z,1,,JoshDM,"java,c++,memory,dll,java-native-interface",https://stackoverflow.com/questions/7700446/java-app-calls-c-dll-via-jni-how-best-to-allocate-memory,"Basic summary of question is:
How do I best optimize my memory allocation to give as much memory to the DLLs I access through JNI as possible?  What should I aim to minimize, what should I aim to maximize, etc.,SYSTEM:
Running JBoss 6 as a Windows 32 Service in a 32-bit system with 4 GB RAM.  I do understand there are maximum restrictions on memory for Java Heap.  JVM is ,SERVICE:
Installed under JBoss is a webapp which receives requests from clients; each request calls the C++-built DLL through JNI to process an image file in some fashion or other.  ,ISSUE:
Occasionally, with larger or some (not all) LZW-compression images, the calling java class receives a message that the DLL experienced a Global Memory Depletion and failed to complete the requested process.,There is nothing else actively running on the server beyond basic windows processes.,Current JBOSS App Server memory settings are as follows, but may be excessive:,-Xms1024m -Xmx1024m -Xss1024k -XX:MaxPermSize=128m ,I am trying to determine the best memory settings to give as much resources to the JNI DLL, as I understand JNI does not use any memory allocated to the Java Heap.,I have read these, but did not find them helpful to answer my question:","4,868",2011-10-08 23:33:04Z,Java app calls C++ DLL via JNI; how best to allocate memory?,"
                        12k times
                    ","
            10
        "
Undetermined,2011-05-21 08:45:34Z,7,,asdfasd,"php,mysql,c,perl,benchmarking",https://stackoverflow.com/questions/6064990/is-mysql-database-access-speed-limited-primarily-by-the-db-or-by-the-language-u,I need to update a large db quickly. It may be easier to code in a scripting language but I suspect a C program would do the update faster. Anybody know if there have been comparative speed tests?,71,2011-05-19 21:17:32Z,"Is MySQL database access speed limited primarily by the db, or by the language used to access it?","
                        475 times
                    ","
            6
        "
Accepted,2015-05-15 08:48:30Z,1,,Kieran,"javascript,php,jquery,ajax,server-sent-events",https://stackoverflow.com/questions/30214271/php-js-progress-bar,"I'm trying to make a page which will generate a result-set from a complex database query & php parsing... but that's mainly beside the point... The main point is that this takes a minute or two to complete, and I'm hoping to display a progress bar rather then a generic gif animation ""loading..."" picture.,A breakdown would be...,I know how to return data to the ajax query, but my issue is I don't know how to continuously return data to show the status of the process (Eg. % of rows scanned).,I've looked into EventSource / Server-Sent-Events, which shows promise, I'm just not too sure how to get it working properly, or if there is a better way to do it.,I've tried making a quick little mock-up page, using just EventSource works fine, but when I split it up into an eventSource call (page which monitors a session variable for change), and an ajax request (the actual data sending/return) it falls apart.,I'm probably missing something obvious, or doing something stupidly wrong, but this is most of what I have anyway... Any help, suggestions, tips, or even suggestions of completely other ways to do it would be awesome :),User page:,Javascript,Monitor PHP,EDIT:
I've tried a different approach, where:,However, this is not quite working either. It seems that the two AJAX requests, or the two scripts server-side are not running simultaneously.,Looking at debug output: Both AJAX calls are executed at about the same time, but then the page B script runs to completion by itself, and -then- the page C script runs. Is this some limitation of PHP I'm missing???,more code!,Server (Page B) PHP,Progress (Page C) PHP,Index (Page A) JS/HTML,Debug: log.log output",663,2015-05-13 12:04:34Z,PHP/JS Progress Bar,"
                        4k times
                    ","
            7
        "
Accepted,2019-07-24 18:13:20Z,6,,Keenan Payne,"javascript,php,css,codeigniter,minify",https://stackoverflow.com/questions/19661580/minify-css-and-js-in-codeigniter-efficiently,"So I am working on a project using the PHP framework CodeIgniter (,) and inside of it, we are using a lot of various CSS/JS files that are being called in our header include. ,I've used the Minify tool before on WordPress sites and other projects, and ran across this library for CodeIgniter on GitHub (,) and figured I would use it on my project. ,It works all fine and dandy, but unfortunately I am compressing so many CSS and JS files that by the time the page loads, it would have been quicker if I , used it. ,Here's what the code looks like in my controller: ,So I'm taking these large arrays of CSS and JS files, compressing them, then saving them to one large file. But is there a better and more efficient way of doing this? ,I know I could combine them by hand, but then when I am working on things, I have massive files to sift through. Not only that, but I like Minify's ability to get rid of unnecessary white space and really condense the code. ,So any thoughts on how I can efficiently accomplish this? ,Thanks!",796,2013-10-29 14:51:17Z,Minify CSS and JS in CodeIgniter Efficiently,"
                        19k times
                    ","
            12
        "
Accepted,2013-09-05 09:29:30Z,2,,bgroenks,"java,c,performance,java-native-interface",https://stackoverflow.com/questions/14269798/java-jni-calls-are-slower-than-expected-at-least-2-ms-call,"I've read from several other reports that people generally get around , on a plain, basic JNI call:,From ,From ,When I call simple methods in my JNI code (by simple I mean no more than one argument of time int returning type int), I'm getting a round trip call time (measured with System.nanoTIme) of between 50,000-80,000 ns.,If I do a VM ""warm-up"" and run the call a few hundred times before timing it, I still get about ,. (As stated above, I have heard others report < 100 ns.. and having 10-20 times higher than that does add up when making frequent calls.),Is this normal speed?  What could be causing my native code to be called so much slower?,UPDATE:,Where X2D_correctGamma(int,float) is a method to correct a pixel's gamma value (I've implemented native code since posting).,Java benchmarking:,That's the ""warm-up"" code.  Most of the printlns read 800-1000ns after the initial call.,Unfortunately, I may have to scrap this, because it's supposed to be used in rendering, and calling this thousands of times per second is bringing the frame rate down to 1 FPS.,System Info:,Behaves similarly on: JDK1.6.0_32 (64-bit), JDK1.7.0_04 (64-bit), and JRE1.7.0_10 (32-bit),Windows 7 64-bit,16GB RAM,i7-3770 quad-core CPU @ 3.4-3.9ghz,GNU GCC MinGW Compilers (32-bit and 64-bit)","1,799",2013-01-11 00:32:18Z,Java JNI calls are slower than expected (at least 2 ms/call),"
                        2k times
                    ","
            7
        "
Accepted,2018-03-28 10:13:33Z,8,,Eyla,"c#,asp.net,javascript",https://stackoverflow.com/questions/2848359/how-to-write-javascript-in-asp-net-in-code-behind-using-c-sharp,"How can I write JavaScript code in asp.net in code behind using C#?,For example:
I have click button event when I click the button I want to invoke this java script code:,I want to know how to use java script from code behind.","5,461",2010-05-17 10:48:58Z,how to write javascript in asp.net in code behind using C#,"
                        69k times
                    ","
            16
        "
Accepted,2017-10-23 12:16:19Z,1,,Aamir Shaikh,"javascript,php,jquery,ajax,autocomplete",https://stackoverflow.com/questions/46888778/autocomplete-textbox-using-php,"I am doing autocomplete using PHP but I'm getting an error with the following code so please help me.,this is my HTML code ,this is my script,this is my ajax file from where i get data. ,
include ""script/db.php"";,I'm getting an error while my page reload error is: , what to do now",63,2017-10-23 11:56:58Z,Autocomplete TextBox using php,"
                        10k times
                    ","
            6
        "
Accepted,2021-08-14 01:57:35Z,16,,SUN Jiangong,"php,javascript,variables",https://stackoverflow.com/questions/1917576/how-do-i-pass-javascript-variables-to-php,"I want to pass JavaScript variables to PHP using a hidden input in a form.,But I can't get the value of , into ,. Is there something wrong?,Here is the code:","4,939",2009-12-16 20:46:04Z,How do I pass JavaScript variables to PHP?,"
                        679k times
                    ","
            164
        "
Accepted,2017-05-25 07:24:42Z,6,,Kardo,"javascript,php,jquery,json,ajax",https://stackoverflow.com/questions/43827637/how-to-use-ajax-and-json-for-making-dropdown-menu,"Here is the code I used to show a category menu in , with different levels. It works, but after each click it produces more and more , and ,s which stops the page by clicking sometimes:,HTML Codes:,Controller codes:,SQL codes:,I'd highly appreciate if you kindly help me by providing all necessary JavaScript, jQuery and JSON codes because I know these subjects with little :-(","1,484",2017-05-07 03:51:25Z,How to use Ajax and JSON for making dropdown menu?,"
                        5k times
                    ","
            25
        "
Undetermined,2016-01-02 18:36:40Z,4,,Abhijit Desai,"javascript,java",https://stackoverflow.com/questions/34383278/calling-javascript-from-java-method,"I want to execute JavaScript function from Java. I used the following piece of code,but this throws an exception for the , method ?",133,2015-12-20 16:42:53Z,calling javaScript from java method,"
                        7k times
                    ","
            8
        "
Accepted,2018-06-25 22:43:46Z,7,,IamNumber5,"javascript,c#,asp.net,code-behind",https://stackoverflow.com/questions/18441194/how-to-call-a-c-sharp-function-from-javascript,"I want to call ,, a C# function in code-behind, from JavaScript. I tried the code below but whether the JavaScript condition is , or ,, , was called regardless!,JavaScript code:,C# code behind:,How do I call a C# function from JavaScript?",341,2013-08-26 09:44:31Z,How to call a C# function from JavaScript?,"
                        215k times
                    ","
            30
        "
Accepted,2019-01-12 21:38:14Z,3,,showkey,"javascript,php,html,tinymce",https://stackoverflow.com/questions/54018008/how-to-pass-content-in-tinymces-textarea-to-a-php-file-directly-instead-of-send,"I build a simple webpage with embeded TinyMCE.,The HTML part:,The JavaScript part.,Now I want to print content in the TinyMCE's editor, after you click the , button.,The dump.php,Why nothing  print by dump.php?,
I can send info to the dump.php via AJAX method.,
1.Remove , in html part.,
2.Add the following js code in the JavaScript part.    ,I have tried that it can pass  content which I type in the , whose , is , to , and , can print the array properly.,My issue is how to pass content in TinyMCE's , to a PHP file directly instead of sending it via AJAX?
Do the work without AJAX.",155,2019-01-03 07:25:29Z,How to pass content in TinyMCE's textarea to a PHP file directly instead of sending via AJAX?,"
                        1k times
                    ","
            6
        "
Accepted,2019-06-15 07:46:43Z,4,,flash,"javascript,php,html,css,modal-dialog",https://stackoverflow.com/questions/56385013/how-to-show-entire-text-in-a-modal-on-click-of-ellipsis-in-js,"I am working on a php code as shown below in which I have added , after a particular word limit. ,Flooding Concerns in , 
ABCSGSGSGSGSGSG and ,
SHSHSGFASGXDS (...),I am wondering what JS code I need to add so that on , , full text show up in the modal something like ,. ","1,447",2019-05-30 20:12:35Z,How to show entire text in a modal on click of ellipsis in JS?,"
                        4k times
                    ","
            7
        "
Undetermined,2014-03-17 17:48:17Z,1,,jdchizzle,"javascript,php,jquery,ajax,stripe-payments",https://stackoverflow.com/questions/22445078/how-to-create-a-stripe-charge-with-a-checkout-token-sent-via-ajax-to-php,"I'm trying to use Stripe's new checkout feature with a custom button, send the token via AJAX POST to a php file which will then execute the charge. Unfortunately, I'm having some trouble retrieving the token from the POST variable. I'm hoping someone here might be able to tell me what I'm overcomplicating and if there's a simpler way to do this. ,On the client-side, I've got 5 buttons with different possible ""donations"". Here's the js written up for that so far (doesn't include the html):,And this is my php that is processing the AJAX POST call:,The direct result of this code as noted in the php error logs is that the POST variable for the token cannot be ""read"". The token is being created alright (I'm seeing it logged on the console) but it disappears when I send it via AJAX. ,Everyone has been saying that Stripe is super easy to implement so I'm really feeling that i'm missing something here. Would someone be able to shed some light? ,Thanks!",553,2014-03-17 00:34:22Z,How to create a stripe charge with a checkout token sent via AJAX to php,"
                        12k times
                    ","
            9
        "
Undetermined,2014-01-21 01:10:54Z,1,,Evgeny Tugarev,"java,javascript,atmosphere",https://stackoverflow.com/questions/18774269/websocket-failed-downgrading-to-comet-and-resending,"I am using Atmosphere framework 2.0.0.RC5 to extend my web application with websocket functionality and faced some strange error 'Websocket failed. Downgrading to Comet and resending', which I can't get away.,I used a websocket chat example as a my starting point: ,The application has html+js client and a java backend.,(extra code omitted),When I open a 'index.html' i see an error in the console (jquery.atmosphere-2.0.2.js line 1097) and no messages in server log:,Surprisingly it works when I type directly in the console:,And gets logged by the server, so I assume the server part is fine:,My guess it's a javascript issue, but I'm not 100% sure. I played with , parameter with no luck. Any ideas why it does not work in the script? ",251,2013-09-12 21:01:55Z,Websocket failed. Downgrading to Comet and resending,"
                        3k times
                    ","
            7
        "
Accepted,2014-05-19 15:26:12Z,5,,ptamzz,"php,javascript",https://stackoverflow.com/questions/5310216/passing-php-variable-into-javascript,"I've a PHP session variable, ,, alive throughout the session. In the head section, I've my JavaScript file included, ,. ,How do I pass the session variable into the JavaScript file if I want something like the following.,As the , isn't recognized in the JavaScript file, the code above doesn't work. So I've to put in the PHP file itself, but how do I keep it in the JavaScript file?","8,637",2011-03-15 10:11:40Z,Passing PHP variable into JavaScript [duplicate],"
                        23k times
                    ","
            8
        "
Accepted,2013-09-12 14:08:44Z,3,,brussels0828,"php,javascript,json",https://stackoverflow.com/questions/1698801/passing-php-array-into-javascript-through-json-to-update-google-chart,"I have three PHP arrays that I've encoded with json... extra PHP code has been omitted because the arrays work properly.... Additionally, the HTML  tags that call the google chart have been omitted for sake of brevity... ,I would like to access these three arrays in Javascript to update my Google Chart dynamically.  ",244,2009-11-09 02:25:30Z,Passing PHP array into Javascript through JSON to update Google Chart,"
                        8k times
                    ","
            7
        "
Accepted,2021-05-10 15:53:40Z,2,,Nacim Idjakirene,"javascript,php,vuejs2",https://stackoverflow.com/questions/46805745/laravel-how-to-hide-the-interpolation-code-before-vue-js-loads,"I have a Laravel website, when I use Laravel to load my data from the database, then a pass the results to JavaScript this way,Then I use Vue js , to display my data.
The problem is that I see interpolation on the home page before Vue Js loads and v-cloak can't do the work since I'm getting my data with php then pass to js.,How can I do so that interpolation doesn't show on the page?,By interpolation I mean this:,And here is my main.blade.php file which is loaded as the home page:","1,613",2017-10-18 08:23:55Z,Laravel : How to hide the interpolation code before Vue js loads?,"
                        2k times
                    ","
            6
        "
Accepted,2018-11-30 16:57:57Z,7,,Petru Lebada,"javascript,php,jquery,image",https://stackoverflow.com/questions/37570418/reload-captcha-image,"I have a php script which generates a png image with a captcha code as image text.,I want to reload the image via jQuery or JavaScript,so i'm using something like this:,the field:,As the first attempt,it works , but after that if i click on the field again it won't work anymore and i have no idea why . ","1,715",2016-06-01 13:39:36Z,Reload captcha image,"
                        8k times
                    ","
            7
        "
Undetermined,2011-04-19 13:06:14Z,2,,Michal Jajcaj,"php,javascript,frameworks",https://stackoverflow.com/questions/5592773/where-to-put-javascript-and-how-to-handle-events,"For a long time I am looking for a practical (reusable, clear, updateable,...) solution to the following:,Although everything works fine I am not satisfied with the way the JS is used. Here are some major issues:,What I would like to ask you is your opinion/advice on using Javascript in larger php frameworks.,Recently I was thinking about writing a separate method in the widget class (let's say function Script()) where I'll put all the JS code and then walk through all the widgets, take all the JS code and put it in one .js file which will be used until there is a change made in one of the widgets. What do you think about this approach?,Thanks!",198,2011-04-08 08:55:15Z,Where to put javascript and how to handle events [closed],"
                        258 times
                    ","
            7
        "
Accepted,2015-10-14 21:46:24Z,1,,Halnex,"javascript,php,jquery,laravel,pagination",https://stackoverflow.com/questions/33066486/jscroll-js-with-laravel-5-nextselector-not-found-destroying,"I am using a combination of jscroll.js, jquery.upvote.js and Laravel's , method. It all works except for this little thing, the last post in the pagination page always has unclickable voting buttons.,No errors in the developer's console either.,At the moment, I'm using , because I only have 3 posts in the category., I just added a few more posts and noticed that the voting buttons only work on the first page, the rest of the pages are rendering the vote buttons unclickable., I turned on , in jscroll.js and I'm getting this new error,The ""next"" selector markup looks like this,If I remove , and jscroll.js all voting buttons start functioning properly.,The view","3,622",2015-10-11 15:04:50Z,jScroll.js with Laravel 5: nextSelector not found - destroying,"
                        1k times
                    ","
            9
        "
Accepted,2017-10-22 15:41:21Z,1,,user6738171,"javascript,php,wordpress,twitter-bootstrap-3",https://stackoverflow.com/questions/46746561/adding-the-load-more-button-from-my-front-page-to-my-search-page,"On my front page I have my posts set up as 1 post on a row, 2 rows of 2 posts on a row, 1 post on a row, and so on. Then after every 15 posts the load more button appears (example below). The load more button works perfectly, so I am trying to duplicate it on my search page.,I would like to add the same load more button to my search page.  However, I have my posts set up differently on this page, I just have 2 posts on each row (there is no alternating col-12 post).  In addition to the different loop structure I would like to add the load more button after every 8 posts (example below).  I have duplicated the loop structure for my front page in my functions.php, and adjusted it to fit the different loop structure and the load more button after every 8 posts.  However, it will not work correctly.  The first 8 posts are showing up how I want them, 4 rows of 2 posts per row.  But after you press the load more button, the posts show up as they do on my front page loop (15 posts of 1 post on a row, 2 rows of 2 posts on a row, 1 post on a row, and so on).  ,Does anyone know how I could fix this?  Or achieve a search page of 4 rows with 2 posts per row?  Thanks in advance.,how my front-page looks ,how I want my search page to look,my front-page.php,my functions.php front page loop,my search.php,my functions.php search loop,My first initial 8 search results are the correct search results.  However, after I press the load more button it loads all my posts starting from the most recent. ,** Updated search.php,**Updated functions.php search loop",875,2017-10-14 16:05:27Z,Adding the load more button from my front page to my search page,"
                        3k times
                    ","
            14
        "
Accepted,2020-05-13 17:22:52Z,3,,user2242044,"javascript,python,python-2.7,flask,dropzone.js",https://stackoverflow.com/questions/42101786/dropzone-js-prevents-flask-from-rendering-template,"I am using , to allow drag and drop upload of , files via a , web site. The upload process works great. I save the uploaded file to my specified folder and can then use , to convert the , into , code, which I then pass to my template. It gets to that point in the code, but it doesn't render the template and no errors are thrown. So my question is why is , preventing the render from happening? ,I have also tried just return the , code from the table and not using ,, but this also does not work.,.py,upload1.html,Here is the sample , data I am uploading:,Complete.html","7,321",2017-02-07 23:15:50Z,Dropzone.js prevents Flask from rendering template,"
                        4k times
                    ","
            13
        "
Undetermined,2017-09-17 21:46:39Z,6,,Lisan Mulena,"javascript,php,stripe-payments",https://stackoverflow.com/questions/42139254/how-to-implement-a-stripe-checkout-custom-button,"According to the documentation, Checkout supports two different integrations: Simple and Custom.,The simple way works for me:,However in the custom way I don't understand , should I call the ""create_subscription.php"" script. This is the custom integration code:,I've tried this code, but it is not working. Can someone point me in the right direction?",103,2017-02-09 14:26:46Z,How to implement a Stripe Checkout custom button,"
                        17k times
                    ","
            6
        "
Accepted,2014-05-22 20:19:25Z,3,,Robin Neal,"php,javascript,facebook,wordpress,google-plus",https://stackoverflow.com/questions/10212686/social-icons-not-working-with-infinite-scrolling-on-wordpress,"We are making a website for a client at work, which can be found here: ,
It's a very simple wordpress theme, but the complications are arising with conflicts between the infinite scrolling plugin, and the social icons.,Each post is meant to display a block at the end with G+, FB and Twitter social icons inside. It is meant to display ~4 posts or so at start, and then as you scroll it is meant to load the next set.,Each of these things work, but not together.,When the infinite scroll loads the next block of posts, it only shows a facebook like button, and neither of the other two social icons.,The strange thing is though, it leaves behind blocks of the code:,I know what the issue is and why it's happening, but I'm really not very good with javascript and do not know what calls to use to fix it.,I am using Wordpress 3.3.1, with the infinite scroll plugin (http://wordpress.org/extend/plugins/infinite-scroll/) and digg digg for the social icons (http://wordpress.org/extend/plugins/digg-digg/),The infinite scroll plugin does have the ability to add onLoad events to run after it has grabbed the new set of posts. So what should I add here?,Thanks for any and all help in advance!
Have a nice day.,Update: After some more research, I have fixed twitter too. Now it is just Google Plus left to fix.
The code required for twitter was:,Update again: Found the Google Plus code too:,(function() {
    var po = document.createElement('script'); po.type = 'text/javascript'; po.async = true;
    po.src = 'https://apis.google.com/js/plusone.js';
    var s = document.getElementsByTagName('script')[0]; s.parentNode.insertBefore(po, s);
  })();,What have I learnt? Do more googling before asking on Stack Overflow. At least heres the answer for people with this issue in future.",508,2012-04-18 15:25:58Z,Social Icons not working with Infinite Scrolling on Wordpress,"
                        3k times
                    ","
            14
        "
Accepted,2018-02-21 08:41:32Z,2,,Nadya Nux,"java,javascript",https://stackoverflow.com/questions/6649125/calling-java-methods-in-javascript-code,"i created a java class content method return a String, my question is how to call this function in my javascript code to use the returned value from the java method. I want to call client-side Java code embedded in browser.,here is an exemple of what im talking about:,in my webpage i have a javascript code, here is some of it:,i want to create a java class content methods to provide data to this javascript function ""GanttTaskInfo"".
for exemple function to get name, get id and date.
well i think this time im clear :D
i searched a way to call java methods in javascript, and i found applets as you said, but i think its not usefull to me.
thanks again",529,2011-07-11 11:03:46Z,calling java methods in javascript code [closed],"
                        128k times
                    ","
            21
        "
Accepted,2020-10-26 10:29:40Z,2,,Kai,"javascript,php,jquery,woocommerce,product-quantity",https://stackoverflow.com/questions/52367826/custom-plus-and-minus-quantity-buttons-in-woocommerce-3,"I’m building custom WordPress and WooCommerce theme and adding custom plus and minus buttons to ,. The buttons do update quantity input's value and I also receive ""Item has been added to your cart"" notification (on Product page) when I submit Add to Cart. But the cart page doesn’t show any items, neither says the cart is empty.,I can not work out which WooCommerce JS function I’m suppose to hook into, neither how to hook into it. Could I ask for help please?!
Thanks in advance!,My HTML layout:,My custom jQuery function:",292,2018-09-17 12:32:12Z,Custom plus and minus quantity buttons in Woocommerce 3,"
                        35k times
                    ","
            9
        "
Accepted,2014-09-18 12:10:58Z,1,,kamaljit,"javascript,php,jquery,ajax",https://stackoverflow.com/questions/24450304/load-data-on-scroll-up-like-facebook-chatting-system,"i am developing a chat system where i need to display chat history on scroll up function like Facebook chat system.,can anybody help me?",91,2014-06-27 11:06:39Z,Load data on scroll up like facebook chatting system [closed],"
                        16k times
                    ","
            6
        "
Accepted,2016-10-04 19:38:08Z,1,,TrevorGoodchild,"javascript,c#,jquery,asp.net",https://stackoverflow.com/questions/39774300/jquery-datatables-asp-net-issue,"I'm building a report dashboard using C# and JQuery Datatables.   One of the reports on the page contains an update panel with a drop down list.  When the user changes the selection, the data refreshes based on the ddl selection.  Within each block there is also a link that makes a server side call to export the data to Excel.  The problem is that after I click on the Excel export link, the drop down lists lose any functionality, as do the other Excel download links.  ,Here's my code:,Here's the jQuery:,This code is in place to handle the update panel:,The error I'm getting is:,Unable to get property 'style' of undefined or null reference.  ,This is the full error from the IE JS debugger:,Not surprisingly, this works perfectly fine in Chrome, blows up in IE.",874,2016-09-29 15:23:58Z,jQuery Datatables ASP.NET issue,"
                        491 times
                    ","
            6
        "
Undetermined,2021-04-18 14:43:08Z,3,,mika34,"php,javascript,html",https://stackoverflow.com/questions/13209386/i-cannot-see-html5-eventsource-event-with-onmessage-method-in-chrome,"I tried to use the , object with a little example,On the client side, I have this page with the following script :,script calls event-source.php on server. Here is event-source.php :,When I try this configuration on Firefox, the method ""onMessage"" is well called, but not with Chrome. When I put the ""onError"" method, it seems that it is called but I cannot see the error cause.,What should I do?",401,2012-11-03 12:53:39Z,I cannot see HTML5 EventSource event with onmessage method in Chrome,"
                        3k times
                    ","
            40
        "
Accepted,2016-09-13 09:54:32Z,4,,Albert Laure,"c#,javascript,jquery,html,asp.net",https://stackoverflow.com/questions/20111929/asp-net-button-on-click-not-firing-using-jquery-modal-dialog,"I have a div that is shown as a Modal dialog.,here is the jquery for it,the problem is after i press the button to activate the , the method inside does not fire, any fix for this? sorry im just new in using jquery.","1,658",2013-11-21 03:33:50Z,ASP.net Button on click not firing using Jquery Modal Dialog,"
                        17k times
                    ","
            6
        "
Accepted,2020-03-31 09:06:33Z,14,,ladanta,"javascript,php,jquery,twitter-bootstrap",https://stackoverflow.com/questions/34362470/load-modal-after-form-submit,"Relevant page here:
,I've been trying to load a message confirmation modal for a while after the user submits an email, but can't get it to work at all.,So far I've tried echoing the whole script out, triggering the script, and changing the hash in the URL and checking for that, which has worked in other areas of the site.,Adding functions like alerts and echoing text onto the page is working fine, but when I use the show method it doesn't work. That leads me to believe I am either escaping characters wrong, or misunderstand how modals work a little.
Can anyone see where I'm messing up?,EDIT: Updated code to be simpler than initial question.",459,2015-12-18 19:14:35Z,Load modal after form submit,"
                        75k times
                    ","
            16
        "
Accepted,2019-12-30 07:22:53Z,3,,Firman,"javascript,php,jquery,wordpress,woocommerce",https://stackoverflow.com/questions/37228791/custom-button-next-to-add-to-cart-button-of-woocommerce-based-on-product-type,"I want add a custom Button ""View Demo"" next to ""Add to Cart"" button of WooCommerce based on Product Type, both on main shop page and single product page.,I've done this steps:,Add code to theme file ,:,Add jQuery script using ""TC Custom JavaScript"" plugin:,It's work, the Custom button ""View Demo"" shown on main shop page and single product page. ,But I've some problem now, the ""View Demo"" button link only correct on Single Product page, while on shop main page the ""View Demo"" button, link to the same url. Is my code above wrong?,My questions are, how to add ""View Demo"" button (both on main shop page and single product page) that only show for spesific product type, for example only show on category ,? Last, is there any other way to add demo link without editing the , file like above method? I just anticipating the , file reset if the theme updated.",433,2016-05-14 15:55:46Z,Custom Button next to “ADD TO CART” button of WooCommerce based on Product Type,"
                        9k times
                    ","
            8
        "
Undetermined,2016-03-20 15:31:57Z,3,,Kyleinincubator,"java,javascript,jquery,vaadin",https://stackoverflow.com/questions/9303534/is-it-possible-to-use-jquery-inside-of-vaadin-framework,"As Vaadin is a Java web application framework, so is it possible to insert the jQuery javascript snippet in the Vaadin Java code?",313,2012-02-15 23:57:25Z,Is it possible to use jQuery inside of Vaadin framework?,"
                        9k times
                    ","
            14
        "
Undetermined,2014-04-17 00:26:46Z,4,,Chris Voth,"php,javascript,youtube,youtube-api",https://stackoverflow.com/questions/9813774/youtube-iframe-api-seekto-not-a-method,"I know that .seekTo() works in the Javascript API, but I'm not able to get it working with the , API. Is this method supported? The code below successfully embeds the video and successfully console.log-s the player object. I get the error ""player.seekTo is not a function"" in the console.,Any ideas? Thanks!",823,2012-03-21 22:25:59Z,YouTube iFrame API .seekTo() not a method?,"
                        10k times
                    ","
            8
        "
Accepted,2013-04-11 13:52:26Z,1,,David Adders,"php,javascript,arrays,checkbox,key",https://stackoverflow.com/questions/7699172/check-uncheck-all-checkboxes-with-javascript-in-a-php-array-with-keys,"I have the following code:,And the following script:,The script is working with other arrays without keys, but I can't get it to work with this array which has keys.,Thanks in advance",139,2011-10-08 19:14:58Z,Check/Uncheck all checkboxes with Javascript in a PHP array with keys,"
                        5k times
                    ","
            7
        "
Accepted,2014-02-17 18:11:26Z,3,,NoobWebDev,"javascript,php,jquery,html,css",https://stackoverflow.com/questions/21835623/jquery-img-src-replace-not-working,"I'm pretty new to jQuery so I'm probably doing something really wrong but the next and buck link buttons I made fail to trip the $('#largeImage img').attr('src', picture_list[ active_index ] ) script I placed into their .click functions.  Instead the result is that the #largeImage div ends up being hidden again.  I've tried everything from adding a .preventDefault() to the script to ensure that the links (which have no target) aren't trying to randomly go elsewhere.  I've also output most my  variables to ensure that they are in fact being set properly within the html code.  From all that I've read about the .attr function this script should be working.
PHP source:,The following is the html result page,Just looking to get the next and back buttons to work as intended.  Thank you in advanced for any help.  Please don't hesitate to call me on my stupid mistakes as I know I'm screwing up somewhere I'm just not sure where.",121,2014-02-17 17:32:48Z,jQuery img src replace not working,"
                        22k times
                    ","
            6
        "
Accepted,2017-09-14 12:39:34Z,9,,ozkank,"c#,javascript,asp.net",https://stackoverflow.com/questions/13454985/asp-net-set-hiddenfield-a-value-in-javascript,"I don't know how to set the value of a hiddenField in Javascript.  Can somebody show me how to do this?,Javascript:,HTML:","1,414",2012-11-19 13:39:11Z,ASP.NET set hiddenfield a value in Javascript,"
                        157k times
                    ","
            24
        "
Accepted,2010-11-05 16:41:32Z,2,,JM4,"php,javascript,jquery,https",https://stackoverflow.com/questions/4107728/does-https-connection-disabled-jquery,"I have the following php script which works flawlessly in normal circumstances (i.e. visiting the page directly):,HOWEVER - when I add the following piece to the top of the page, the javascript/jquery functions simply stop working altogether. ,These pages require login so I need to ensure they are https protected but this error messes all that up. Any ideas what could be causing the issue?","6,426",2010-11-05 16:07:22Z,Does HTTPS connection disabled jQuery?,"
                        742 times
                    ","
            12
        "
Accepted,2020-09-24 22:30:35Z,4,,Eastern Monk,"php,javascript,yui",https://stackoverflow.com/questions/531311/how-can-i-generate-dynamic-javascript,"I render a page using YUI. and depending on the user I need to change how it is rendered. This change is not something that can be parametrized, it is drastic and different for each user.,Please tell me how can I generate Javascript dynamically?","5,885",2009-02-10 07:02:57Z,How can I generate Dynamic Javascript?,"
                        7k times
                    ","
            9
        "
Undetermined,2021-02-25 20:52:27Z,3,,jrm,"javascript,php,jquery,dom,svg",https://stackoverflow.com/questions/37772225/change-the-xlinkhref-of-an-image-in-a-svg-through-a-classic-a-link,"I have an SVG in my webpage (I use PHP):,I would like to be able to change the , variable when clicking on a link (and without reload the webpage), something like:,However, I wonder what would be the code of the JavaScript function ,?,For now, I do not use JQuery on my project.,Thanks!",795,2016-06-12 08:35:00Z,"change the xlink:href of an <image> in a svg, through a classic <a> link","
                        13k times
                    ","
            10
        "
Accepted,2019-06-20 15:22:59Z,6,,Udders,"php,javascript,jquery",https://stackoverflow.com/questions/835259/show-hide-fields-depending-on-select-value,"I am trying to show and hide a few form fields depending on the value of one of my select fields. I am looking to use arrays to hold what should be shown and what should not be shown for each select value, to save me from a massive switch statement, but cannot figure out how to do it.  ,I am using PHP and jQuery. Any help would be great.","6,458",2009-05-07 15:12:06Z,Show/hide fields depending on select value,"
                        56k times
                    ","
            14
        "
Accepted,2017-01-19 20:03:24Z,3,,Sreenath Ganga,"javascript,c#,asp.net,gridview",https://stackoverflow.com/questions/39686611/column-sum-of-multiple-columns-of-dynamic-gridview-using-javascript,"I have a Dynamic asp Gridview with all columns as template feild TextBox. The columns of the Gridview are also dynamic and column count may vary everytime.,Please find code below,And inorder to get the  row total I had added a Javascript function on keydown event and its working clearly,And the result is Like below
,can anyone please help me in finding out the sum of each columns(all same cssclass).and display it in the Sizetotal row because I am not able to loop through columns",666,2016-09-25 12:06:54Z,Column sum of multiple columns of dynamic gridview using Javascript,"
                        3k times
                    ","
            6
        "
Undetermined,2018-08-16 14:51:07Z,4,,J.K.A.,"javascript,php,jquery,jquery-ui,yii",https://stackoverflow.com/questions/30449098/how-to-customize-default-data-confirm-dialog-box-in-yii2-gridview,"I want to change the browser's default confirm dialog (data-confirm) box which comes on click of delete button.,I want to replace this with custom dialog box.,Following is my Gridview Code:,My JQuery code:,However the confirm dialog box appearing after implementation of this code but simultaneously its redirecting as well without clicking on any button.,Any help would be appreciated.","6,706",2015-05-26 03:45:19Z,How to customize default data-confirm dialog box in Yii2 Gridview,"
                        14k times
                    ","
            9
        "
Accepted,2018-07-30 13:26:08Z,2,,compcobalt,"php,javascript,ajax,google-maps",https://stackoverflow.com/questions/18512184/google-maps-finding-all-the-markers-inside-a-given-radius-javascript-php,"I have this script that will show custom markers on a google map, but I would like to include a input text-box and be able to enter a city/state and a zip-code and see if there are any markers within lets say 400 miles from that city/state or zip-code. I would love it if the map can be dynamic so as you type out the city/state or zip-code it will show the results on the map by getting rid of all the other markers and leaving only the one that is within that radius, if that is too hard then a simple alter box saying what unit is the closest will also be OK :) I searched and found some say that I should load the geometry library and use , to find the distance of each marker from your center point but I have no idea how to do the zip-code part or how to put all of this together to work.,Here is my code:","1,212",2013-08-29 13:20:12Z,Google Maps - Finding all the markers inside a given radius Javascript/Php,"
                        32k times
                    ","
            9
        "
Undetermined,2013-04-03 01:42:44Z,2,,tbacker,"c++,python,exception,reflection,swig",https://stackoverflow.com/questions/15006048/dynamically-rethrowing-self-defined-c-exceptions-as-python-exceptions-using-sw,"I want to create a Python language binding for a C++ API using SWIG. Some of the API functions may throw exceptions. The C++ application has a hierarchy of self-defined exceptions, like this example:,The desired behavior is as follows:,To experiment with this problem, I created a tiny C++ API with a single function that calculates the factorial of a number. It has a minimal self-defined exception hierarchy, consisting of only one class ,. ,Note this exception acts as the base exception in the general problem and the application should work with any subclass of it. This means the solution may only use the dynamic (i.e. runtime) type of the caught exception to rethrow it in Python (see below).,The full source code of the demo application is as follows:,To get the Python binding I use the following SWIG interface file:,So every call to the API is wrapped by a try-catch block. First exceptions of our base type are caught and handled. Then all other exceptions are caught and rethrown using the SWIG exception library.,Note any subclass of , is caught and the ,, not the wrapper of their static (i.e. compile time) type, which is always ,!,The project can be built easily by executing the following commands on a Linux machine:,My current implementation still (successfully) throws a fixed standard Python exception. The code , above is then replaced by:,Which gives the following (expected) behavior in Python:",752,2013-02-21 15:30:35Z,Dynamically rethrowing self-defined C++ exceptions as Python exceptions using SWIG,"
                        3k times
                    ","
            23
        "
Accepted,2017-09-03 23:53:00Z,1,,nordlig.ulv,"javascript,java,gwt,jsni",https://stackoverflow.com/questions/5449067/gwt-2-x-entry-function,"Cannot find any developer information about this function. I just know that it's suggested to wrap JSNI JavaScript calls to Java methods with this , function. I found that it catches exceptions so Java code could handle them. Is it all it does?",125,2011-03-27 12:00:26Z,GWT 2.x $entry function,"
                        2k times
                    ","
            11
        "
Accepted,2012-08-19 22:16:21Z,2,,markmb,"python,c,python-c-api,parallel-port,python-extensions",https://stackoverflow.com/questions/8450481/method-without-return-value-in-python-c-extension-module,"I'm trying to create a script in python that sends data through a parallel port. I'm creating my own module in C language.,The problem is: when I try to execute my module, python crashes. No errors, no data, nothing. It simply closes.,This is my module:,(It works without all python mess)
I compile it through distutils and then, in terminal (using xubuntu), I put:,And here, it goes out of python, it puts ""markmb@..."",Thanks in advance!",812,2011-12-09 19:11:18Z,Method without return value in python c extension module,"
                        10k times
                    ","
            11
        "
Accepted,2017-04-18 20:24:11Z,1,,Rikijs,"javascript,php,symfony,file-upload,plupload",https://stackoverflow.com/questions/43161227/no-response-when-validationexception-is-thrown-using-plupload-and-symfony3,"In order to upload multiple files to the server I am using:,Please note that: this configuration works for single and multiple file uploads, but it does , return any , when , is thrown!,In order to know that upload of a file finished successfully I added response to part of my ,:,It gives following response (,),I would like to receive , with corresponding error when , is thrown.,example:,I am using validator to restrict some uploadable files.,At the moment - files that , restricts are , uploaded (, is being thrown). Yet no , is sent to the client/browser on this occasion!,I do not know how to make , and , return errors after , to client/browser.,Validation Listener:,Twig template with JavaScript:,Added current code to the question,What am I missing?",698,2017-04-01 19:42:21Z,No response when ValidationException is thrown using Plupload and Symfony3,"
                        735 times
                    ","
            10
        "
Undetermined,2019-11-17 10:05:23Z,1,,sunmat,"python,c++,mpi",https://stackoverflow.com/questions/29352485/python-print-not-working-when-embedded-into-mpi-program,"I have an Python 3 interpreter embedded into an C++ MPI application. This application loads a script and passes it to the interpreter.,When I execute the program on 1 process without the MPI launcher (simply calling ./myprogram), the script is executed properly and its ""print"" statements output to the terminal. When the script has an error, I print it on the C++ side using PyErr_Print().,However when I lauch the program through mpirun (even on a single process), I don't get any output from the ""print"" in the python code. I also don't get anything from PyErr_Print() when my script has errors.,I guess there is something in the way Python deals with standard output that do not match the way MPI (actuall Mpich here) deals with redirecting the processes' output to the launcher and finally to the terminal.,Any idea on how to solve this?","5,841",2015-03-30 17:27:37Z,"Python ""print"" not working when embedded into MPI program","
                        1k times
                    ","
            6
        "
Accepted,2016-08-24 17:31:10Z,1,,user788767,"java,c++,multithreading,java-native-interface,uncaughtexceptionhandler",https://stackoverflow.com/questions/39127512/java-uncaughtexceptionhandler-havent-got-any-exception-using-jni,"I have a Java library which run a series of tasks. And I registered a default uncaught exception handler using:,The UncaughtExceptionHandler implements , and only log the error information in ,.,My Java library is called through JNI from C++ code, and the JNI is calling it with , and log the error as FATAL in C++. ,The problem is:,In the runtime, when there's a , (or any other uncaught exception) happens in my Java code, the error got captured in C++ instead of my , registered as thread default uncaught exception handler. ,Thanks so much.",73,2016-08-24 15:33:42Z,Java UncaughtExceptionHandler haven't got any exception using JNI,"
                        468 times
                    ","
            7
        "
Accepted,2012-04-09 18:30:02Z,4,,Wade Tandy,"c++,python,scripting,lua,embedded-language",https://stackoverflow.com/questions/3774108/python-vs-lua-for-embedded-scripting-text-processing-engine,"For a project I'm currently working on, I'm looking to embed a scripting engine into my C++ code to allow for some extensibility down the line.  The application will require a fair amount of text processing and the use of regular expressions within these scripts.,I know Lua is generally the industry darling when it comes to embedded scripting, but I also know it doesn't support regular expressions (at least out of the box).  This is causing me to lean toward python for my language to embed, as it seems to have the best support behind Lua and still offers powerful regex capabilities.,Is this the right choice? Should I be looking at another language?  Is there a reason I should give Lua a second look?","3,846",2010-09-22 22:30:44Z,Python vs Lua for embedded scripting/text processing engine,"
                        9k times
                    ","
            16
        "
Accepted,2013-09-18 18:17:32Z,1,,RugerSR9,"javascript,php,html,mysql,geocoding",https://stackoverflow.com/questions/18879056/submit-button-that-calls-js-function-and-then-posts-to-mysql,"A short and sweet description of what I am making is a contact form that geocodes a users address(once they click submit) and puts the fetched lat & lng values into a hidden field.,I have everything working but I have two seperate buttons and I only want one. So at the moment the user has to first click one button before they can click the submit button, which is dumb. The ""Find Geopoints"" button calls a js function and returns the lat and lng values into the hidden fields on the form and after that you would press the submit button and it posts all of the forms data into the MySQL database.,Again, everything is working in my code I just need to make both buttons in the form into one and it still work.",437,2013-09-18 17:54:31Z,Submit Button that calls js function and then posts to mysql,"
                        66k times
                    ","
            10
        "
Accepted,2020-10-26 03:45:17Z,8,,Kruug,"javascript,c#,asp.net,vb.net",https://stackoverflow.com/questions/10134963/prevent-page-scrolling-after-postback-and-maintain-position,"I am working with adding up user's scores based on their checks in a CheckBoxList.  Every time a user checks a box, a value, ,, is added to the overall score.  When a user unchecks a box, a value, ,, is subtracted from the overall score.  No problems here.,The problem that I am having is that using the AutoPostback option in the CheckBoxList properties forces the page to load back to the top instead of staying where the user was situated, which means that they have to keep scrolling down after each check/uncheck.  Is there a way to prevent this?",429,2012-04-13 03:44:52Z,Prevent page scrolling after postback and maintain position,"
                        45k times
                    ","
            15
        "
Undetermined,2015-10-21 12:50:14Z,2,,Shaik Mujahid Ali,"javascript,java,jsp,dynamic",https://stackoverflow.com/questions/24484406/i-have-a-header-jsp-whose-style-keeps-changing-for-different-logins-its-a-dynami,"For example if admin logs in i need 2 tabs in header , and if  a user logs in i need 1 tab. How to proceed with this?
I have included  and i want to know the javascript for this to work.","2,088",2014-06-30 06:51:41Z,I have a header.jsp whose style keeps changing for different logins its a dynamic header,"
                        87 times
                    ","
            6
        "
Accepted,2020-01-23 16:17:45Z,1,,czlatea,"javascript,c#,asp.net,angularjs,firebase",https://stackoverflow.com/questions/24745355/spa-firebase-and-net-webapi-2-authentication,"I'm having a Single Page Application written in AngularJs (The framework is irrelevant at this point) The application is hosted in IIS and it's compose of index.html plus a bunch of client assets.,On backend I have WebApi 2, hosted also in IIS as a separate application.,For authentication on client I'm using Firebase (simple login) with several social netoworks enabled, like Facebook, Twitter or Google.,So far so good. I like how easy it is to enable twitter authentication for example with firebase. ,On login with social network i get back from firebase, the firebaseAuthToken and provider accesstoken.,Now I want to use firebaseAuthToken or provider access token to authenticate with my WebApi. ,The question is: ,There is not an option to use only firebase to store my data and get rid of web api since I have in place complex business logic on server.,One silly idea that i have so far, is to pass the social provider access token to the server, validate the token against provider and then issue a security token using Owin -Katana.,I'm not using build in social providers support from katana due to lack of documentation, complexity and bad integration with single page apps. I found the visual studio template for SPA too mvc specific. But that's me :) ",983,2014-07-14 20:26:39Z,SPA - Firebase and .Net WebApi 2 authentication,"
                        5k times
                    ","
            7
        "
Accepted,2012-10-03 22:05:04Z,1,,Undefined Variable,"php,javascript,syntax",https://stackoverflow.com/questions/12717084/creating-custom-php-syntax-parser,"I am thinking about how one would go about creating a PHP equivalent for a couple of libraries I found for CSS and JS. ,One is , which is a ,. The basic idea behind , is that it allows you to create more dynamic CSS rules containing entities that ""regular"" CSS does not support such as ,, , etc and then the final , , those syntax into regular CSS.,Another interesting JS library which behaves in a (kind of) similar pattern is , where you can write ""tidier & simpler"" code which then gets , into regular Javascript.,How would one go about creating a simple similar interface for PHP? Just as a proof of concept; I am only trying to learn stuff. Lets just take a simple use case of extending classes.,Suppose I want to let the user write class , as (just for the example):,And let them later have that code ""resolve"" to regular PHP (Usually by running a separate command/process I would believe). My question is how would I go about creating something like this. Can it be done in PHP, would I require to use something like C/C++. How should I approach this problem if I were to go at it? Are there any resources online? Any pointers are deeply appreciated!","3,796",2012-10-03 21:19:13Z,Creating custom PHP Syntax Parser,"
                        2k times
                    ","
            7
        "
Undetermined,2019-03-29 21:54:51Z,1,,K Owen - Reinstate Monica,"java,php,sql,azure,azure-web-app-service",https://stackoverflow.com/questions/51663749/how-to-choose-solutions-for-secure-messaging-front-end-and-hipaa-compliant-datab,"I am interesting a setting up a small business website, the front-end of which will be a customer portal (secure messaging center) with perhaps the ability to upload images. E-commerce capability will be needed, using Paypal and CC (US only). The back-end will be a database and the whole system will need to be HIPAA compliant. ,I was wondering what platform should this be built on? Are there off-the shelf modules/libraries for secure messaging (I expect there are for e-commerce) and the database?  I have experience programming Java but only on Android, as well as Swift on iOS -- wrote a couple of apps -- including the built-in SQLite features. ,If I decide to contract this out, as it's most likely, I would like to have a sense of what type of programming or packages are needed. Would PHP/MySQL fit the bill? 
Can you point me in the right direction so I can educate myself? ","1,109",2018-08-03 00:17:56Z,How to choose solutions for secure messaging front-end and HIPAA compliant database?,"
                        232 times
                    ","
            9
        "
Undetermined,2009-08-01 14:34:29Z,4,,Saleh Al-Zaid,"php,javascript,api,google-analytics",https://stackoverflow.com/questions/1071377/how-to-capture-a-website-api-traffic-data-with-google-analytics,"I have a website where most of the traffic comes from the API (,). I use Google Analytics to collect traffic data, however, the statistics do not include the API traffic because I couldn't include the Google Analytics javascript code into the API pages, and including it will affect the API results. (example: ,).,The solution might be executing the javascript using a javascript engine. I searched stackoverflow and found javascript engines/interpreters for Java and C, but I couldn't find one for PHP except an old one ""J4P5"" , ,The question: is using a javascript engine will solve the problem? or is there another why to include the API traffic to Google Analytics?","1,289",2009-07-01 21:00:58Z,How to capture a website API traffic data with Google Analytics?,"
                        3k times
                    ","
            6
        "
Accepted,2020-05-29 19:39:58Z,1,,Sean,"javascript,python,ajax,json,flask",https://stackoverflow.com/questions/30899484/python-flask-calling-functions-using-buttons,"Once the button in my flask template is pressed I'd like it to call a python function defined in app.py that I made to be available to be called within the template by typing the following below where I define the function:,Example function in app.py:,Template:,In my button I have the onclick attribute just to test that the correct button out of many is pressed using javascript like such:,The issue I'm facing is I need the function that I'm making available within the template to correspond to the correct button. For example, if the button says Enable, then I need to call the enable function defined already or otherwise if the button corresponds to false, I'd like the disable function to be used. ,I feel like I'm headed in the right direction but can't get past this part. Please be as detailed as you can. ",141,2015-06-17 18:25:34Z,Python Flask calling functions using buttons,"
                        62k times
                    ","
            12
        "
Accepted,2018-06-23 15:07:04Z,5,,skift,"php,python,twisted,node.js,nonblocking",https://stackoverflow.com/questions/4276205/do-i-need-node-js-in-python-like-i-would-with-php,"I have been using PHP for some time now. And I have been thinking about learning Node.js to go along with it to use the non blocking idea for creating an online game or app. There is quite a bit of info on using the two together. Using Node as part of the back end of a game could really speed up some aspects of the game, especially if the game allows users to play against each other in real time. ,Well, lately I have also been looking into learning Python (yes I have a lot of time on my hands). There are many features about it over PHP which I really like. But for the use of Node.js to do the background work like I was considering with PHP, I cannot find much information at all. I have also noticed that Python does have some threading features. As I am still very new to Python's world, would I even need Node.js in Python? Can Python handle these kind of features that Node.js can? Or would there still be benefits to using Node, or would I actually , it.,As a side note, since I started looking up Python, I also discovered Twisted which seems to be another framework like Node. But Twisted is written in Python. So in either of the cases above would Twisted be better (aside from the fact that Twisted seems to have been out longer and is more stable than Node). I just mean in general is it worth using at all, either Node or Twisted? And if so is one better than the other with Python?,Sorry for the big question, but I'm just so unsure and n00b in this area. Thanks.,So as it stands, after reading the helpful answers, I see the following options:,The above seems to be the main routes I can go. Now I'm still not really sure which route to go. I really want to learn both Node and Python. So it seems I may just need to learn the two separately. But I still need to pick a choice for this project. And so far I am liking numbers 2 and 5, with 6 a close to 5 since Node and Twisted have some very similar functionality. And 1 as a mention because that's what I already know. But I was wanting to learn something new anyways. So still, really numbers 2 and 5. Or 4 as it's similar to 2. Hah, I still need to do some homework. Maybe it deserves another question.,EDIT (9-19-2012): I just wanted to update, to say that I am using mostly Node.js currently for development. And plan on using Redis for PubSub functionality to give the appearance of real time page updates, as I do not need true real time as in games, or in paired content editing.",995,2010-11-25 10:52:30Z,Do i need Node.js in Python like I would with PHP?,"
                        4k times
                    ","
            11
        "
Accepted,2019-03-26 18:15:51Z,3,,Sherwood Botsford,"php,javascript,html,web,social",https://stackoverflow.com/questions/15074566/open-source-alternative-to-addthis-addtoany-sharethis-etcfor-social-bookmarking,"Before I attempt to re-invent the wheel, I figured that I'd ask the experts.,I'm looking for a multi-social bookmark button that allows me to allow people to recommend particular pages of my web site to their favorite social network/ page reader/ seach engine.,Constraints (and reasons why I don't want to use ShareThis),Preliminary research:,Koehl blog had a series about this in 2009, then the topic faded.  At that point he recomended iBegin, which subsequently became Share, and ran from a site called Enthropia.com.  Checking that site, there is a demo posted that is clearly out of date.  ,At one point AddToAny would allow hosting on your own server, but they still were using the script to track every user's web usage, claiming a suitably anonymity.  Right.
  No thanks.,Another one, OpenLike has a dead webserver.,A search on SourceForge has come up empty.  (I tried searching for the names like AddThis, AddToAny, Sharethis, followed by searches to stumbleupon, reddit, digg, google plus.  Nothing relevant.),At this point I'm faced with having to read and understand each target site's api so I can write a local script that does the right thing.  Not trivial.,In many ways the ideal would be:
* An array of icons in simlarly size and style
* that each opened a web page onto the destination page (eg. FB, G+, StumbleUpon..)
* with URL parameters appropriate to that page.,But I don't think that most of these sites have such a simple interface.","1,719",2013-02-25 19:11:02Z,"Open source alternative to AddThis AddToAny, ShareThis etcfor Social Bookmarking [closed]","
                        23k times
                    ","
            42
        "
Accepted,2012-07-28 06:32:16Z,8,,Sam,"php,javascript,jquery,ajax",https://stackoverflow.com/questions/5610333/how-to-query-database-using-javascript,"Another question by a newbie. I have a php variable that queries the database for a value. It is stored in the variable $publish and its value will change (in the database) when a user clicks on a hyperlink.,What is happening in the background is i am querying a database table for some data that i stored in the $publish variable. If the $publish is empty, it will add a link for publish.html in a popup. The popup will process a form and will add the data to the database and which means that the $publish is no more empty. What i would like to achieve is that as soon as the form is processed in the popup and a data has been added to the database, the link should change to edit.html. This can happen when the page will re-query the database but it should happen without page refresh.,How can it be donw using javascript, jquery or ajax?? Please assist.",329,2011-04-10 07:22:44Z,How to query database using javascript?,"
                        69k times
                    ","
            10
        "
Accepted,2021-01-18 17:00:22Z,3,,andrei,"php,javascript,timezone",https://stackoverflow.com/questions/4746249/get-user-timezone,Which is the best way to do this ? php or javascript.Can someone provide me with some snippets ? thanks.,"7,342",2011-01-20 10:58:05Z,get user timezone [duplicate],"
                        120k times
                    ","
            41
        "
Accepted,2011-07-01 06:57:16Z,8,,DanielGibbs,"php,c,web-services,comparison,fastcgi",https://stackoverflow.com/questions/6544416/php-vs-c-cgi-for-small-web-service,"I am creating a small web service which will only be accessed by machines, not users that simply takes a query string and makes a few MySQL queries. I decided to code this in PHP because it is simple and easy to write and does its job well. My boss however, wants we to write it as a CGI in C (using FastCGI) because he says it will be faster and use less memory. I'm not so keen on this idea for a few reasons:,But that's just my opinion. What other factors do I need to take in to account? Is C the best tool for this job? Or is PHP?","9,262",2011-07-01 06:32:25Z,PHP vs. C CGI for small web service,"
                        5k times
                    ","
            7
        "
Undetermined,2015-10-18 02:09:42Z,1,,Aftab Naveed,"javascript,php,json,symfony",https://stackoverflow.com/questions/32916803/angular-js-and-symfony2,"I am currently working on a project using Symfony2 and seeking some advice on that. ,I am thinking of a hybrid application in two(2) different ways , Login Page shall use traditional form with CRF Token and let symfonty2 handle it. , All Inner pages ( which potentially are modules ) I want them to be non AJAX, but the other activities inside that shall behave like a Single Page. , I have an ,. When user clicks on that it is entirely loaded from Server ( all the templates and forms etc ) now each activity under employee module like , etc shall be loaded through AJAX and response to be returned in JSON i.e AngularJS. ,I am currently thinking of using , to return html on initial request and then based on request type Accept: application/json it will return the JSON ( remember the add/updat delete/view part? ).,My question is it a better idea to use Angular Partials (html) files or Symfony2 Twig? or would it be better to use Angular JS, but let those partials be rendered by Symfony2 twig? ( I am thinking of Forms here, would want to validate that both from client and server side ) ,Has any one been through similar problem, if yes then what approach was used to develop HYBRID application using , or any other framework? any relevant ideas are appreciated.","3,302",2015-10-02 22:31:52Z,Angular JS and Symfony2,"
                        1k times
                    ","
            11
        "
Accepted,2020-10-02 04:53:12Z,3,,Azmisov,"php,javascript,performance",https://stackoverflow.com/questions/8866738/speed-of-php-vs-javascript,"I am writing a script to tokenize file contents. I've written a tokenizer in JavaScript, but it gets pretty slow with large files (5+ seconds). Since I'm retrieving the files from the server anyways, I am considering rewriting it in PHP to shave off a few seconds. I've read that the speed difference between PHP and JavaScript is negligible, but if the files are 1mb or bigger, a small speed difference could add up. I found , online, but I'm not sure if the info is up-to-date (with all the JS engine optimizations from the past couple years).,Porting over all my code would take some work, so if I can help it, I won't use PHP. But if its going to be much faster (25-30%), it would be worth it.","4,853",2012-01-15 00:56:08Z,Speed of PHP vs JavaScript?,"
                        29k times
                    ","
            18
        "
Undetermined,2011-12-05 03:12:36Z,3,,onigunn,"java,php,ruby-on-rails,web-services",https://stackoverflow.com/questions/8379314/alternative-to-java-spring-based-webservices,"I'm looking for alternatives for my team to create simple REST services which respond in JSON format to several clients. As far these services are developed on Spring MVC with Hibernate. It is a mandatory to connect and work with legacy databases (SQLServer, DB2 and MySQL - depends on project). Now I'm looking for alternatives to take the service development to a lighter approach. Don't get me wrong: Spring does a good job but sadly not everyone in our team is familiar with Spring even Hibernate. Addtion to this: In most cases not the full Spring stack is even needed. It would help also to get rid of the JVM too.,I was thinking of something script-like solution. Maybe PHP? Is there something like an ORM which could work on legacy DB systems? Same for Ruby on Rails. ,Maybe there is something which I haven't heard of or come to now. I would love to hear you opinions or experiences whith other techniques.,Regards","4,552",2011-12-04 23:05:26Z,Alternative to Java/Spring based Webservices,"
                        432 times
                    ","
            7
        "
Accepted,2011-12-19 22:52:18Z,1,,rico,"java,javascript,security,rest,architecture",https://stackoverflow.com/questions/8546061/best-way-to-secure-javascript-front-end-rest-back-end-architecture-web-site,"I would like to build the following project:,In fact, there are three parties in my architecture : the front end, which is a client of the back end, the back end and the user which wants to authenticate on the front end login page.,What is the best way to secure the three parties involved in this architecture ?,In fact, I believe it is just impossible to do a secure app on the front end if I do everything in javascript, so I intend to delegate the authentication/authorization to a proxy layer on my server front end. What do you think about that ?,I intend to use OAuth to secure my REST back end, but I am not sure if I have to use the 2 or 3 legged implementation. What is the right approach in this case?, : while searching a deep more on SO website, i found this , which is exactly what i would like to do, except i want to use Java on server side and not DotNet. If i understand well, in fact my web site is like any client of my REST API, except it is the only one which has the right to create new users' accounts. Because, if my REST API is only accessible by OAuth (like Twitter's one), who can perform the user account creation before ? Am i right ?","1,801",2011-12-17 16:18:28Z,Best way to secure javascript front end/REST back end architecture web site?,"
                        7k times
                    ","
            16
        "
Accepted,2010-05-05 15:45:13Z,4,,Martin,"php,javascript,html,wysiwyg,xss",https://stackoverflow.com/questions/2774074/best-practice-user-generated-html-cleaning,"I'm coding a WYSIWYG editor width designMode=""on"" on a iframe. The editor works fine and i store the code as is in the database. ,Before outputing the html i need to ""clean"" with php on the server-side to avoid cross-site-scripting and other scary things. Is there some sort of best practice on how to do this? What tags can be dangerous? ,UPDATE: Typo fixed, it's What You See Is What You Get. Nothing new :)","4,947",2010-05-05 14:26:22Z,Best Practice: User generated HTML cleaning,"
                        889 times
                    ","
            6
        "
Accepted,2015-05-07 19:36:06Z,2,,user1547410,"c#,php,encryption-symmetric,encryption-asymmetric",https://stackoverflow.com/questions/29949338/encryption-between-desktop-app-and-server-c-sharp-to-php,"I have an app which is designed in C#. In simple terms the app sends data and image to my web server which takes all the $_POST data and processes it. I will confess i do not understand how the security end of things work. I will employ someone with relevant experience to do that however i wouldn't even know what to ask them at this point as in what are some accepted techniques.,I assume its not as simple as just base64 encode/decode the data and it needs a higher level of encryption. The webserver will have HTTPS SSL(OV) certification over the next few weeks but my limited understanding is that i still need some sort of protection/encryption when transferring the data from the users PC to my web server so someone is not listening in on the data transfer or something like that.,In simple terms if i want to keep the data secure between users and my webserver what are some of the most common or accepted methods for C# to PHP?,The data goes directly from the app on the users PC to my server, i control source code for both but i myself and not the developer hence my lack of technical knowledge on the issue.,One C# developer i talked with suggested symmetric/asymmetric algorithm but he is not a PHP developer so he doesn't know if php can take that data and decrypt it.",795,2015-04-29 16:21:41Z,Encryption between desktop app and server - C# to PHP,"
                        2k times
                    ","
            15
        "
Accepted,2015-07-15 14:19:47Z,6,,delux247,"java,javascript,sandbox,rhino",https://stackoverflow.com/questions/93911/how-can-you-run-javascript-using-rhino-for-java-in-a-sandbox,"Part of our java application needs to run javascript that is written by non-developers.  These non-developers are using javascript for data formatting. (Simple logic and string concatenation mostly).,My question is how can I setup the execution of these scripts to make sure scripting errors don't have a major negative impact on the rest of the application.,Basically I need to setup the javascript scope to only include exactly what they need and no more.","2,171",2008-09-18 16:01:36Z,How can you run Javascript using Rhino for Java in a sandbox?,"
                        13k times
                    ","
            36
        "
