id,title,vote,answer,view_num,link,time,author,reputation,combination,relevant
21593,What is the difference between #include <filename> and #include ¡°filename¡±?,2427,28,616606,https://stackoverflow.com/questions/21593/what-is-the-difference-between-include-filename-and-include-filename,2008-08-22 01:40:06,quest49,39.4k,c|c++,no
8547778,Why are elementwise additions much faster in separate loops than in a combined loop?,2270,10,239563,https://stackoverflow.com/questions/8547778/why-are-elementwise-additions-much-faster-in-separate-loops-than-in-a-combined-l,2011-12-17 20:40:52,Johannes Gerer,23.8k,c|c++,no
1041866,What is the effect of extern ¡°C¡± in C++?,1705,15,818744,https://stackoverflow.com/questions/1041866/what-is-the-effect-of-extern-c-in-c,2009-06-25 02:10:07,Litherum,18.5k,c|c++,no
36827659,Compiling an application for use in highly radioactive environments,1474,23,119230,https://stackoverflow.com/questions/36827659/compiling-an-application-for-use-in-highly-radioactive-environments,2016-04-24 19:09:40,rook,61.6k,c|c++,no
1143262,"What is the difference between const int*, const int * const, and int const *?",1399,18,511816,https://stackoverflow.com/questions/1143262/what-is-the-difference-between-const-int-const-int-const-and-int-const,2009-07-17 13:28:09,,,c|c++,no
6908143,"Should I put #! (shebang) in Python scripts, and what form should it take?",870,12,528796,https://stackoverflow.com/questions/6908143/should-i-put-shebang-in-python-scripts-and-what-form-should-it-take,Aug 2 '11 at 6:35,treecoder,32.6k,python|shell,no
154136,Why use apparently meaningless do-while and if-else statements in macros?,806,9,93572,https://stackoverflow.com/questions/154136/why-use-apparently-meaningless-do-while-and-if-else-statements-in-macros,2008-09-30 17:36:24,jfm3,33.2k,c|c++,no
23740548,How do I pass variables and data from PHP to JavaScript?,672,19,789031,https://stackoverflow.com/questions/23740548/how-do-i-pass-variables-and-data-from-php-to-javascript,2014-05-19 14:37:56,Madara's Ghost,153k,javascript|php,yes
12887700,Can code that is valid in both C and C++ produce different behavior when compiled in each language?,667,19,45655,https://stackoverflow.com/questions/12887700/can-code-that-is-valid-in-both-c-and-c-produce-different-behavior-when-compile,2012-10-14 23:54:26,user541686,183k,c|c++,no
612097,How can I get the list of files in a directory using C or C++?,617,26,925444,https://stackoverflow.com/questions/612097/how-can-i-get-the-list-of-files-in-a-directory-using-c-or-c,2009-03-04 19:35:58,samoz,49.7k,c|c++,no
1653958,Why are #ifndef and #define used in C++ header files?,518,4,437629,https://stackoverflow.com/questions/1653958/why-are-ifndef-and-define-used-in-c-header-files,2009-10-31 10:06:34,Asad Khan,9530,c|c++,no
80646,How do the PHP equality (== double equals) and identity (=== triple equals) comparison operators differ?,511,11,313154,https://stackoverflow.com/questions/80646/how-do-the-php-equality-double-equals-and-identity-triple-equals-comp,2008-09-17 06:56:45,nickf,482k,javascript|php,no
34732,How do I list the symbols in a .so file,503,11,389459,https://stackoverflow.com/questions/34732/how-do-i-list-the-symbols-in-a-so-file,2008-08-29 16:57:47,Moe,23.4k,c|c++,no
75191,What is an unsigned char?,486,17,587620,https://stackoverflow.com/questions/75191/what-is-an-unsigned-char,2008-09-16 18:05:18,Landon Kuhn,59.1k,c|c++,no
12774207,Fastest way to check if a file exist using standard C++/C++11/C?,475,20,655498,https://stackoverflow.com/questions/12774207/fastest-way-to-check-if-a-file-exist-using-standard-c-c11-c,2012-10-08 01:10:11,Vincent,47.2k,c|c++,no
4295432,Typedef function pointer?,473,6,424649,https://stackoverflow.com/questions/4295432/typedef-function-pointer,2010-11-28 04:50:25,Jack Harvin,5615,c|c++,no
7724569,Debug vs Release in CMake,456,5,482310,https://stackoverflow.com/questions/7724569/debug-vs-release-in-cmake,2011-10-11 10:26:54,Cartesius00,20.6k,c|c++,no
12717138,What is Linux¡¯s native GUI API?,445,12,116910,https://stackoverflow.com/questions/12717138/what-is-linux-s-native-gui-api,2012-10-03 21:23:50,DavidColson,7029,c|c++,no
383944,What is a Python equivalent of PHP's var_dump()? [duplicate],429,10,281405,https://stackoverflow.com/questions/383944/what-is-a-python-equivalent-of-phps-var-dump,Dec 21 '08 at 0:43,Zoredache,29.2k,php|python,no
5029840,Convert char to int in C and C++,426,12,1793715,https://stackoverflow.com/questions/5029840/convert-char-to-int-in-c-and-c,2011-02-17 13:57:37,mainajaved,6119,c|c++,no
947810,How to save a Python interactive session?,420,20,188692,https://stackoverflow.com/questions/947810/how-to-save-a-python-interactive-session,Jun 3 '09 at 23:21,unmounted,29.1k,python|shell,no
1461432,What is array to pointer decay?,395,9,59467,https://stackoverflow.com/questions/1461432/what-is-array-to-pointer-decay,2009-09-22 17:24:43,Vamsi,4883,c|c++,no
455580,JSON datetime between Python and JavaScript,394,12,185634,https://stackoverflow.com/questions/455580/json-datetime-between-python-and-javascript,2009-01-18 17:51:11,,,javascript|python,yes
137038,How do you get assembler output from C/C++ source in gcc?,391,17,350735,https://stackoverflow.com/questions/137038/how-do-you-get-assembler-output-from-c-c-source-in-gcc,2008-09-26 00:10:21,Doug T.,57.8k,c|c++,no
233328,How do I print the full value of a long string in gdb?,388,6,198449,https://stackoverflow.com/questions/233328/how-do-i-print-the-full-value-of-a-long-string-in-gdb,2008-10-24 12:36:01,John Carter,49k,c|c++,no
168214,Pass a PHP string to a JavaScript variable (and escape newlines) [duplicate],383,14,316763,https://stackoverflow.com/questions/168214/pass-a-php-string-to-a-javascript-variable-and-escape-newlines,2008-10-03 18:27:03,David Laing,7295,javascript|php,no
2053029,How exactly does __attribute__((constructor)) work?,362,5,132891,https://stackoverflow.com/questions/2053029/how-exactly-does-attribute-constructor-work,2010-01-12 22:43:04,Casebash,95.7k,c|c++,no
7093860,PHP shell_exec() vs exec(),350,4,441887,https://stackoverflow.com/questions/7093860/php-shell-exec-vs-exec,Aug 17 '11 at 13:42,Webnet,53.6k,php|shell,no
1273139,C# Java HashMap equivalent,331,7,405000,https://stackoverflow.com/questions/1273139/c-sharp-java-hashmap-equivalent,Aug 13 '09 at 16:35,John,3607,c#|java,no
3789340,Combining C++ and C - how does #ifdef __cplusplus work?,326,4,221752,https://stackoverflow.com/questions/3789340/combining-c-and-c-how-does-ifdef-cplusplus-work,2010-09-24 17:03:28,dublev,3597,c|c++,no
541194,C# version of java's synchronized keyword?,319,5,180066,https://stackoverflow.com/questions/541194/c-sharp-version-of-javas-synchronized-keyword,Feb 12 '09 at 13:23,Soraz,5812,c#|java,no
2172943,Size of character ('a') in C/C++,306,4,288319,https://stackoverflow.com/questions/2172943/size-of-character-a-in-c-c,2010-01-31 19:15:20,whacko__Cracko,5940,c|c++,no
2420193,How to avoid Dependency Injection constructor madness?,305,9,68426,https://stackoverflow.com/questions/2420193/how-to-avoid-dependency-injection-constructor-madness,Mar 10 '10 at 20:08,JP Richardson,34.4k,c#|java,no
34062595,Strange definitions of TRUE and FALSE macros,303,6,22053,https://stackoverflow.com/questions/34062595/strange-definitions-of-true-and-false-macros,2015-12-03 09:46:32,Keshava GN,4060,c|c++,no
5919996,"How to detect reliably Mac OS X, iOS, Linux, Windows in C preprocessor? [duplicate]",300,3,155767,https://stackoverflow.com/questions/5919996/how-to-detect-reliably-mac-os-x-ios-linux-windows-in-c-preprocessor,2011-05-07 08:37:51,eonil,72.6k,c|c++,no
9688200,"Difference between shared objects (.so), static libraries (.a), and DLL's (.so)?",279,4,163076,https://stackoverflow.com/questions/9688200/difference-between-shared-objects-so-static-libraries-a-and-dlls-so,2012-03-13 16:37:53,Cloud,16.5k,c|c++,no
1119134,How do malloc() and free() work?,277,13,145817,https://stackoverflow.com/questions/1119134/how-do-malloc-and-free-work,2009-07-13 12:22:18,Namratha Patil,9440,c|c++,no
143174,How do I get the directory that a program is running from?,273,23,510854,https://stackoverflow.com/questions/143174/how-do-i-get-the-directory-that-a-program-is-running-from,2008-09-27 07:18:29,Ashwin Nanjappa,65.3k,c|c++,no
13198131,How to save an HTML5 Canvas as an image on a server?,267,8,337661,https://stackoverflow.com/questions/13198131/how-to-save-an-html5-canvas-as-an-image-on-a-server,2012-11-02 15:18:46,nathan lachenmyer,4500,javascript|php,no
2745074,Fast ceiling of an integer division in C / C++,266,10,155292,https://stackoverflow.com/questions/2745074/fast-ceiling-of-an-integer-division-in-c-c,2010-04-30 14:16:53,andand,15k,c|c++,no
11980458,Bundler not including .min files,261,9,96037,https://stackoverflow.com/questions/11980458/bundler-not-including-min-files,2012-08-16 03:46:48,Fatal,3339,c#|javascript,no
323517,Is there an equivalent for var_dump (PHP) in Javascript?,260,18,298302,https://stackoverflow.com/questions/323517/is-there-an-equivalent-for-var-dump-php-in-javascript,2008-11-27 11:29:30,eddy147,4606,javascript|php,no
1515437,Java: function for arrays like PHP's join()?,259,22,126534,https://stackoverflow.com/questions/1515437/java-function-for-arrays-like-phps-join,Oct 4 '09 at 2:27,Nick Heiner,104k,java|php,no
3162030,Difference between angle bracket < > and double quotes ??¨² ??¨´ while including header files in C++? [duplicate],256,2,141640,https://stackoverflow.com/questions/3162030/difference-between-angle-bracket-and-double-quotes-while-including-heade,2010-07-01 22:07:54,Sulla,6475,c|c++,no
51032,Is there a difference between foo(void) and foo() in C++ or C?,255,4,69535,https://stackoverflow.com/questions/51032/is-there-a-difference-between-foovoid-and-foo-in-c-or-c,2008-09-09 00:48:23,Landon,13.3k,c|c++,no
484635,Are global variables bad? [closed],253,28,116832,https://stackoverflow.com/questions/484635/are-global-variables-bad,2009-01-27 18:35:09,,,c|c++,no
5171502,.c vs .cc vs. .cpp vs .hpp vs .h vs .cxx [duplicate],247,6,178989,https://stackoverflow.com/questions/5171502/c-vs-cc-vs-cpp-vs-hpp-vs-h-vs-cxx,2011-03-02 18:04:59,user541686,183k,c|c++,no
1637019,How to get the jQuery $.ajax error response text?,238,11,590881,https://stackoverflow.com/questions/1637019/how-to-get-the-jquery-ajax-error-response-text,2009-10-28 12:40:33,jantimon,32k,javascript|php,no
4384765,"What's the difference between __PRETTY_FUNCTION__, __FUNCTION__, __func__?",233,5,123923,https://stackoverflow.com/questions/4384765/whats-the-difference-between-pretty-function-function-func,2010-12-08 06:28:27,Matt Joiner,94.2k,c|c++,no
399003,Is the sizeof(some pointer) always equal to four?,229,17,116671,https://stackoverflow.com/questions/399003/is-the-sizeofsome-pointer-always-equal-to-four,2008-12-29 23:03:23,Joel,13.3k,c|c++,no
4856717,Javascript equivalent of Python's zip function,229,17,77281,https://stackoverflow.com/questions/4856717/javascript-equivalent-of-pythons-zip-function,2011-01-31 22:08:11,pq.,2625,javascript|python,no
784012,JavaScript equivalent of PHP's in_array(),226,20,246581,https://stackoverflow.com/questions/784012/javascript-equivalent-of-phps-in-array,2009-04-23 23:45:57,roflwaffle,24.1k,javascript|php,no
11522151,Typical AngularJS workflow and project structure (with Python Flask),226,6,47381,https://stackoverflow.com/questions/11522151/typical-angularjs-workflow-and-project-structure-with-python-flask,2012-07-17 12:10:07,Sahat Yalkabov,27.7k,javascript|python,no
2339679,What are the differences between .so and .dylib on osx?,225,4,105454,https://stackoverflow.com/questions/2339679/what-are-the-differences-between-so-and-dylib-on-osx,2010-02-26 05:31:20,Trent Davies,2579,c|c++,no
298772,Django Template Variables and Javascript,225,15,228185,https://stackoverflow.com/questions/298772/django-template-variables-and-javascript,2008-11-18 13:52:31,AlMcLean,2579,javascript|python,no
11511511,"How to save a PNG image server-side, from a base64 data string",220,15,374922,https://stackoverflow.com/questions/11511511/how-to-save-a-png-image-server-side-from-a-base64-data-string,2012-07-16 19:48:49,Andrei Oniga,6828,javascript|php,no
1637332,static const vs #define,217,11,154955,https://stackoverflow.com/questions/1637332/static-const-vs-define,2009-10-28 13:44:28,Patrice Bernassola,12.9k,c|c++,no
6893285,Why do function pointer definitions work with any number of ampersands '&' or asterisks '*'?,216,3,15312,https://stackoverflow.com/questions/6893285/why-do-function-pointer-definitions-work-with-any-number-of-ampersands-or-as,2011-08-01 00:37:26,Jimmy,3997,c|c++,no
3777301,How to call a shell script from python code?,215,12,349847,https://stackoverflow.com/questions/3777301/how-to-call-a-shell-script-from-python-code,Sep 23 '10 at 10:12,Umesh K,11.6k,python|shell,yes
18195715,Why is unsigned integer overflow defined behavior but signed integer overflow isn't?,214,5,45992,https://stackoverflow.com/questions/18195715/why-is-unsigned-integer-overflow-defined-behavior-but-signed-integer-overflow-is,2013-08-12 20:04:18,Anthony Vall¡Ì?e-Dubois,6477,c|c++,no
1045845,How to call a JavaScript function from PHP?,210,10,825772,https://stackoverflow.com/questions/1045845/how-to-call-a-javascript-function-from-php,2009-06-25 19:45:42,Zeeshan Rang,16.5k,javascript|php,yes
1893490,What is the difference between conversion specifiers %i and %d in formatted IO functions (*printf / *scanf),206,4,133806,https://stackoverflow.com/questions/1893490/what-is-the-difference-between-conversion-specifiers-i-and-d-in-formatted-io-f,2009-12-12 13:49:34,Ayoub M.,4331,c|c++,no
4706199,Post-increment and pre-increment within a 'for' loop produce same output [duplicate],201,12,199355,https://stackoverflow.com/questions/4706199/post-increment-and-pre-increment-within-a-for-loop-produce-same-output,2011-01-16 15:33:13,theReverseFlick,4994,c|c++,no
7564832,how to bypass Access-Control-Allow-Origin?,200,6,416628,https://stackoverflow.com/questions/7564832/how-to-bypass-access-control-allow-origin,2011-09-27 06:03:12,ETAN,2724,javascript|php,no
2043453,Executing multi-line statements in the one-line command-line?,200,17,151540,https://stackoverflow.com/questions/2043453/executing-multi-line-statements-in-the-one-line-command-line,Jan 11 '10 at 17:11,,,python|shell,no
461449,return statement vs exit() in main(),199,8,72833,https://stackoverflow.com/questions/461449/return-statement-vs-exit-in-main,2009-01-20 14:15:10,Srikanth,10.9k,c|c++,no
31455629,Is there a technical reason to use > (<) instead of != when incrementing by 1 in a 'for' loop?,198,21,14405,https://stackoverflow.com/questions/31455629/is-there-a-technical-reason-to-use-instead-of-when-incrementing-by-1-in,2015-07-16 13:29:37,Zingam,3770,c|c++,no
13946938,What is &&& operation in C,195,2,12688,https://stackoverflow.com/questions/13946938/what-is-operation-in-c,2012-12-19 06:48:10,manav m-n,9810,c|c++,no
2611764,Can I use a binary literal in C or C++?,194,19,371374,https://stackoverflow.com/questions/2611764/can-i-use-a-binary-literal-in-c-or-c,2010-04-10 00:35:10,hamza,2234,c|c++,no
1932311,When to use inline function and when not to use it?,192,14,94628,https://stackoverflow.com/questions/1932311/when-to-use-inline-function-and-when-not-to-use-it,2009-12-19 08:00:25,Ashish,7265,c|c++,no
9429491,How are GCC and g++ bootstrapped?,187,1,18152,https://stackoverflow.com/questions/9429491/how-are-gcc-and-g-bootstrapped,2012-02-24 10:52:57,user1010005,2417,c|c++,no
11132868,fork() branches more than expected?,186,3,7543,https://stackoverflow.com/questions/11132868/fork-branches-more-than-expected,2012-06-21 06:43:33,Nikolay Kovalenko,1717,c|c++,no
5618925,Convert php array to Javascript,185,17,395405,https://stackoverflow.com/questions/5618925/convert-php-array-to-javascript,2011-04-11 08:54:20,user663878,1953,javascript|php,yes
93039,Where are static variables stored in C and C++?,182,16,193290,https://stackoverflow.com/questions/93039/where-are-static-variables-stored-in-c-and-c,2008-09-18 14:29:05,Benoit,33.5k,c|c++,no
1447407,What's the equivalent of Java's Thread.sleep() in JavaScript? [duplicate],180,9,200351,https://stackoverflow.com/questions/1447407/whats-the-equivalent-of-javas-thread-sleep-in-javascript,2009-09-19 01:06:04,Niger,3486,java|javascript,no
4989451,Mutex example / tutorial? [closed],177,8,247810,https://stackoverflow.com/questions/4989451/mutex-example-tutorial,2011-02-14 06:33:46,Nav,15.8k,c|c++,no
991904,Why is there no GIL in the Java Virtual Machine? Why does Python need one so bad?,177,5,17451,https://stackoverflow.com/questions/991904/why-is-there-no-gil-in-the-java-virtual-machine-why-does-python-need-one-so-bad,2009-06-14 01:12:55,AgentLiquid,3303,java|python,no
502856,What's the difference between size_t and int in C++?,175,5,127365,https://stackoverflow.com/questions/502856/whats-the-difference-between-size-t-and-int-in-c,2009-02-02 11:03:54,tunnuz,20.7k,c|c++,no
17035464,A fast method to round a double to a 32-bit int explained,170,3,13528,https://stackoverflow.com/questions/17035464/a-fast-method-to-round-a-double-to-a-32-bit-int-explained,2013-06-11 02:01:34,Yu Hao,108k,c|c++,no
20944784,Why is conversion from string constant to 'char*' valid in C but invalid in C++,167,3,153717,https://stackoverflow.com/questions/20944784/why-is-conversion-from-string-constant-to-char-valid-in-c-but-invalid-in-c,2014-01-06 07:06:42,rullof,5790,c|c++,no
31162367,Significance of ios_base::sync_with_stdio(false); cin.tie(NULL);,165,5,92899,https://stackoverflow.com/questions/31162367/significance-of-ios-basesync-with-stdiofalse-cin-tienull,2015-07-01 13:12:20,Kshitij Kohli,2099,c|c++,no
9520090,How to execute PHP code from the command line?,164,4,231708,https://stackoverflow.com/questions/9520090/how-to-execute-php-code-from-the-command-line,Mar 1 '12 at 16:31,Steve,4430,php|shell,no
21350478,What does ¡°Memory allocated at compile time¡± really mean?,163,13,39501,https://stackoverflow.com/questions/21350478/what-does-memory-allocated-at-compile-time-really-mean,2014-01-25 12:24:05,Talha Sayed,1919,c|c++,no
3591634,How to use __doPostBack(),162,7,404659,https://stackoverflow.com/questions/3591634/how-to-use-dopostback,2010-08-28 17:04:54,Michael Kerute,1641,c#|javascript,no
23980733,jQuery AJAX file upload PHP,162,6,373210,https://stackoverflow.com/questions/23980733/jquery-ajax-file-upload-php,2014-06-01 14:11:23,user2355509,1673,javascript|php,yes
30049962,Why is the alphabet split into multiple ranges in this C code?,161,2,6328,https://stackoverflow.com/questions/30049962/why-is-the-alphabet-split-into-multiple-ranges-in-this-c-code,2015-05-05 10:04:51,Vladimir Ch.,1014,c|c++,no
13237046,How to avoid overflow in expr. A * B - C * D,161,15,7963,https://stackoverflow.com/questions/13237046/how-to-avoid-overflow-in-expr-a-b-c-d,2012-11-05 17:16:08,NGix,2116,c|c++,no
25,How to use the C socket API in C++ on z/OS,160,9,13357,https://stackoverflow.com/questions/25/how-to-use-the-c-socket-api-in-c-on-z-os,2008-08-01 12:13:50,Jax,6158,c|c++,no
10046114,"In CMake, how can I test if the compiler is Clang?",156,5,68792,https://stackoverflow.com/questions/10046114/in-cmake-how-can-i-test-if-the-compiler-is-clang,2012-04-06 16:12:52,leedm777,20.8k,c|c++,no
3825668,Checking for NULL pointer in C/C++ [closed],156,14,317410,https://stackoverflow.com/questions/3825668/checking-for-null-pointer-in-c-c,2010-09-29 20:40:26,Bryan Marble,2949,c|c++,no
525212,How to run Unix shell script from Java code?,155,17,389048,https://stackoverflow.com/questions/525212/how-to-run-unix-shell-script-from-java-code,Feb 8 '09 at 5:32,,,java|shell,yes
39393850,Can num++ be atomic for 'int num'?,154,13,14737,https://stackoverflow.com/questions/39393850/can-num-be-atomic-for-int-num,2016-09-08 14:39:51,Leo Heinsaar,3417,c|c++,no
5713451,Is it safe to parse a /proc/ file?,152,7,14372,https://stackoverflow.com/questions/5713451/is-it-safe-to-parse-a-proc-file,2011-04-19 08:12:44,Kiril Kirov,34.6k,c|c++,no
8719276,Cross-Origin Request Headers(CORS) with PHP headers,152,11,287543,https://stackoverflow.com/questions/8719276/cross-origin-request-headerscors-with-php-headers,2012-01-03 22:03:56,,,javascript|php,no
4971286,Java's final vs. C++'s const,151,11,68926,https://stackoverflow.com/questions/4971286/javas-final-vs-cs-const,2011-02-11 16:07:49,WinWin,6505,c++|java,no
687942,Java Map equivalent in C#,150,3,164950,https://stackoverflow.com/questions/687942/java-map-equivalent-in-c-sharp,Mar 26 '09 at 23:30,,,c#|java,no
7715371,What's the point of const pointers?,149,17,30990,https://stackoverflow.com/questions/7715371/whats-the-point-of-const-pointers,2011-10-10 15:48:02,R. Ruiz.,1565,c|c++,no
933850,How do I find the location of the executable in C? [duplicate],149,9,79922,https://stackoverflow.com/questions/933850/how-do-i-find-the-location-of-the-executable-in-c,2009-06-01 07:29:47,eran,5930,c|c++,no
1068760,Can I pass parameters by reference in Java?,148,7,129509,https://stackoverflow.com/questions/1068760/can-i-pass-parameters-by-reference-in-java,Jul 1 '09 at 11:59,ripper234,192k,c#|java,no
75180,How to display a dynamically allocated array in the Visual Studio debugger?,147,9,56891,https://stackoverflow.com/questions/75180/how-to-display-a-dynamically-allocated-array-in-the-visual-studio-debugger,2008-09-16 18:04:40,Adam Rosenfield,346k,c|c++,no
35207515,What is the purpose of a single pound/hash sign (#) on its own line in the C/C++ preprocessor?,145,3,14001,https://stackoverflow.com/questions/35207515/what-is-the-purpose-of-a-single-pound-hash-sign-on-its-own-line-in-the-c-c,2016-02-04 17:20:57,callyalater,2931,c|c++,no
17209882,Why does C++ rand() seem to generate only numbers of the same order of magnitude?,145,9,9803,https://stackoverflow.com/questions/17209882/why-does-c-rand-seem-to-generate-only-numbers-of-the-same-order-of-magnitude,2013-06-20 09:18:54,Tallaron Mathias,1375,c|c++,no
11636386,How to configure the web.config to allow requests of any length,143,9,210783,https://stackoverflow.com/questions/11636386/how-to-configure-the-web-config-to-allow-requests-of-any-length,2012-07-24 17:44:26,some_bloody_fool,4145,c#|javascript,no
22399572,java.lang.ClassNotFoundException: Didn't find class on path: dexpathlist,143,37,199845,https://stackoverflow.com/questions/22399572/java-lang-classnotfoundexception-didnt-find-class-on-path-dexpathlist,2014-03-14 08:20:12,Karthik Sivam,1985,c++|java,no
2290509,_DEBUG vs NDEBUG,143,6,146331,https://stackoverflow.com/questions/2290509/debug-vs-ndebug,2010-02-18 16:59:37,deft_code,49.2k,c|c++,no
2127797,Significance of -pthread flag when compiling,143,2,86033,https://stackoverflow.com/questions/2127797/significance-of-pthread-flag-when-compiling,2010-01-24 16:33:13,leeeroy,10.2k,c|c++,no
1390983,PHP json_encode encoding numbers as strings,143,17,131737,https://stackoverflow.com/questions/1390983/php-json-encode-encoding-numbers-as-strings,2009-09-07 21:14:55,Chris Barnhill,1737,javascript|php,no
8836093,How can I specify a [DllImport] path at runtime?,142,7,142507,https://stackoverflow.com/questions/8836093/how-can-i-specify-a-dllimport-path-at-runtime,2012-01-12 13:45:46,Jsncrdnl,2626,c#|c++,no
628526,Is short-circuiting logical operators mandated? And evaluation order?,142,7,33482,https://stackoverflow.com/questions/628526/is-short-circuiting-logical-operators-mandated-and-evaluation-order,2009-03-10 00:23:39,Joe Pineda,4867,c|c++,no
4377109,Shell Script: Execute a python program from within a shell script,141,9,495937,https://stackoverflow.com/questions/4377109/shell-script-execute-a-python-program-from-within-a-shell-script,Dec 7 '10 at 13:30,Harpal,8951,python|shell,yes
666519,Difference between RegisterStartupScript and RegisterClientScriptBlock?,140,2,181181,https://stackoverflow.com/questions/666519/difference-between-registerstartupscript-and-registerclientscriptblock,2009-03-20 15:00:24,Xaisoft,41.7k,c#|javascript,no
629017,how does array[100] = {0} set the entire array to 0?,140,4,230570,https://stackoverflow.com/questions/629017/how-does-array100-0-set-the-entire-array-to-0,2009-03-10 05:25:42,Namratha Patil,9440,c|c++,no
86477,Does C# have an equivalent to JavaScript's encodeURIComponent()?,139,7,101897,https://stackoverflow.com/questions/86477/does-c-sharp-have-an-equivalent-to-javascripts-encodeuricomponent,2008-09-17 19:05:10,travis,32.3k,c#|javascript,no
56692117,Why is C++ initial allocation so much larger than C's?,138,2,8141,https://stackoverflow.com/questions/56692117/why-is-c-initial-allocation-so-much-larger-than-cs,2019-06-20 18:43:16,Rerumu,1203,c|c++,no
2855121,What is the purpose of using -pedantic in GCC/G++ compiler?,138,8,116311,https://stackoverflow.com/questions/2855121/what-is-the-purpose-of-using-pedantic-in-gcc-g-compiler,2010-05-18 07:07:52,huahsin68,5991,c|c++,no
5708610,LLVM vs clang on OS X,136,3,29683,https://stackoverflow.com/questions/5708610/llvm-vs-clang-on-os-x,2011-04-18 20:38:25,dominik,5078,c|c++,no
190232,Can a recursive function be inline?,136,9,39625,https://stackoverflow.com/questions/190232/can-a-recursive-function-be-inline,2008-10-10 05:30:44,Ashwin,1403,c|c++,no
682260,Returning JSON from PHP to JavaScript?,136,6,307234,https://stackoverflow.com/questions/682260/returning-json-from-php-to-javascript,2009-03-25 16:00:47,AquinasTub,6815,javascript|php,yes
5369770,bool to int conversion,135,4,141909,https://stackoverflow.com/questions/5369770/bool-to-int-conversion,2011-03-20 16:30:41,pic11,12.1k,c|c++,no
4788965,When would anyone use a union? Is it a remnant from the C-only days?,135,18,75149,https://stackoverflow.com/questions/4788965/when-would-anyone-use-a-union-is-it-a-remnant-from-the-c-only-days,2011-01-25 01:00:00,Russel,2125,c|c++,no
8132399,How to printf uint64_t? Fails with: ¡°spurious trailing ¡®%¡¯ in format¡±,134,3,102406,https://stackoverflow.com/questions/8132399/how-to-printf-uint64-t-fails-with-spurious-trailing-in-format,2011-11-15 06:35:47,Dan,2583,c|c++,no
4980819,What are the GCC default include directories?,134,4,87570,https://stackoverflow.com/questions/4980819/what-are-the-gcc-default-include-directories,2011-02-12 21:45:08,Raxvan,5356,c|c++,no
331536,Windows threading: _beginthread vs _beginthreadex vs CreateThread C++,134,17,94641,https://stackoverflow.com/questions/331536/windows-threading-beginthread-vs-beginthreadex-vs-createthread-c,2008-12-01 17:20:57,Kiril,36.9k,c|c++,no
4289937,How to repeat last command in python interpreter shell?,134,26,158805,https://stackoverflow.com/questions/4289937/how-to-repeat-last-command-in-python-interpreter-shell,Nov 27 '10 at 3:09,kakarukeys,14.5k,python|shell,no
22677415,Why do C and C++ compilers allow array lengths in function signatures when they're never enforced?,133,10,10473,https://stackoverflow.com/questions/22677415/why-do-c-and-c-compilers-allow-array-lengths-in-function-signatures-when-they,2014-03-27 02:58:38,Fanl,1451,c|c++,no
397075,What is the difference between exit() and abort()?,133,5,68467,https://stackoverflow.com/questions/397075/what-is-the-difference-between-exit-and-abort,2008-12-29 03:21:37,,,c|c++,no
19209650,Example images for code and mark-up Q&As [closed],132,1,5802,https://stackoverflow.com/questions/19209650/example-images-for-code-and-mark-up-qas,2013-10-06 13:57:56,Andrew Thompson,161k,java|javascript,no
31309034,"In release mode, code behavior is not as expected",131,2,10260,https://stackoverflow.com/questions/31309034/in-release-mode-code-behavior-is-not-as-expected,2015-07-09 05:41:21,Lorris Lin,943,c|c++,no
18481740,"Pointer expressions: *ptr++, *++ptr and ++*ptr",131,10,66863,https://stackoverflow.com/questions/18481740/pointer-expressions-ptr-ptr-and-ptr,2013-08-28 07:27:33,allocated,1533,c|c++,no
2239519,Is there a way to specify how many characters of a string to print out using printf()?,131,8,111449,https://stackoverflow.com/questions/2239519/is-there-a-way-to-specify-how-many-characters-of-a-string-to-print-out-using-pri,2010-02-10 19:01:07,T.T.T.,27.9k,c|c++,no
12358843,Why are function pointers and data pointers incompatible in C/C++?,130,14,12945,https://stackoverflow.com/questions/12358843/why-are-function-pointers-and-data-pointers-incompatible-in-c-c,2012-09-10 20:21:39,gexicide,33.9k,c|c++,no
2660633,Declaring pointers; asterisk on the left or right of the space between the type and name? [duplicate],130,6,70540,https://stackoverflow.com/questions/2660633/declaring-pointers-asterisk-on-the-left-or-right-of-the-space-between-the-type,2010-04-18 00:37:37,jakogut,3811,c|c++,no
7931204,What is normalized UTF-8 all about?,130,7,16813,https://stackoverflow.com/questions/7931204/what-is-normalized-utf-8-all-about,Oct 28 '11 at 15:14,Xeoncross,48.7k,c|php,no
4885737,Pass a PHP array to a JavaScript function [duplicate],130,4,333563,https://stackoverflow.com/questions/4885737/pass-a-php-array-to-a-javascript-function,2011-02-03 11:48:10,Chirayu,3685,javascript|php,no
34562061,WebDriver click() vs JavaScript click(),130,3,40677,https://stackoverflow.com/questions/34562061/webdriver-click-vs-javascript-click,2016-01-02 02:36:35,alecxe,392k,javascript|python,no
7682477,Why does integer overflow on x86 with GCC cause an infinite loop?,129,6,14073,https://stackoverflow.com/questions/7682477/why-does-integer-overflow-on-x86-with-gcc-cause-an-infinite-loop,2011-10-07 02:24:43,Mysticial,425k,c|c++,no
370195,"When and why will a compiler initialise memory to 0xCD, 0xDD, etc. on malloc/free/new/delete?",129,9,29203,https://stackoverflow.com/questions/370195/when-and-why-will-a-compiler-initialise-memory-to-0xcd-0xdd-etc-on-malloc-fre,2008-12-16 00:41:59,LeopardSkinPillBoxHat,26.2k,c|c++,no
759703,"Comment the interface, implementation or both?",128,9,33799,https://stackoverflow.com/questions/759703/comment-the-interface-implementation-or-both,Apr 17 '09 at 9:19,ng5000,11.1k,c#|java,no
11178426,How can I pass data from Flask to JavaScript in a template?,128,9,171534,https://stackoverflow.com/questions/11178426/how-can-i-pass-data-from-flask-to-javascript-in-a-template,2012-06-24 14:50:39,mea,1283,javascript|python,yes
3345363,Kill some processes by .exe file name,127,6,172273,https://stackoverflow.com/questions/3345363/kill-some-processes-by-exe-file-name,2010-07-27 15:42:57,Aliasghar Yaghoobzadeh,1291,c#|c++,no
301536,What is the Java equivalent of PHP var_dump?,127,11,99836,https://stackoverflow.com/questions/301536/what-is-the-java-equivalent-of-php-var-dump,Nov 19 '08 at 10:49,Jon Cram,14.5k,java|php,no
1686390,Python-equivalent of short-form ¡°if¡± in C++ [duplicate],125,4,127386,https://stackoverflow.com/questions/1686390/python-equivalent-of-short-form-if-in-c,2009-11-06 09:13:59,huy,4074,c++|python,no
33272994,Why does Clang optimize away x * 1.0 but NOT x + 0.0?,125,2,5901,https://stackoverflow.com/questions/33272994/why-does-clang-optimize-away-x-1-0-but-not-x-0-0,2015-10-22 03:38:39,user541686,183k,c|c++,no
246725,How do I add tab completion to the Python shell?,125,9,75820,https://stackoverflow.com/questions/246725/how-do-i-add-tab-completion-to-the-python-shell,Oct 29 '08 at 13:09,ashchristopher,19.9k,python|shell,no
18731707,Why does C++11 not support designated initializer lists as C99? [closed],124,5,59580,https://stackoverflow.com/questions/18731707/why-does-c11-not-support-designated-initializer-lists-as-c99,2013-09-11 02:26:45,xmllmx,31.8k,c|c++,no
5256313,C/C++ macro string concatenation,124,3,194716,https://stackoverflow.com/questions/5256313/c-c-macro-string-concatenation,2011-03-10 06:36:03,tvr,3865,c|c++,no
1119370,Where do I find the definition of size_t?,124,9,189722,https://stackoverflow.com/questions/1119370/where-do-i-find-the-definition-of-size-t,2009-07-13 13:14:10,Eliseo Ocampos,2175,c|c++,no
13851528,How to pop an alert message box using PHP?,124,8,749229,https://stackoverflow.com/questions/13851528/how-to-pop-an-alert-message-box-using-php,2012-12-13 01:27:37,adil,1287,javascript|php,no
38296756,What is the idiomatic way in CMAKE to add the -fPIC compiler option?,123,1,57092,https://stackoverflow.com/questions/38296756/what-is-the-idiomatic-way-in-cmake-to-add-the-fpic-compiler-option,2016-07-10 21:50:25,10110110101,11.3k,c|c++,no
8159321,request exceeds the configured maxQueryStringLength when using [Authorize],122,4,128937,https://stackoverflow.com/questions/8159321/request-exceeds-the-configured-maxquerystringlength-when-using-authorize,2011-11-16 21:57:45,Sabre,1970,c#|javascript,no
757059,Position of least significant bit that is set,122,22,80359,https://stackoverflow.com/questions/757059/position-of-least-significant-bit-that-is-set,2009-04-16 16:54:48,peterchen,38.3k,c|c++,no
2940367,What is more efficient? Using pow to square or just multiply it with itself?,121,7,105393,https://stackoverflow.com/questions/2940367/what-is-more-efficient-using-pow-to-square-or-just-multiply-it-with-itself,2010-05-30 21:17:52,,,c|c++,no
5004162,What does it mean for a data structure to be ¡°intrusive¡±?,120,2,16219,https://stackoverflow.com/questions/5004162/what-does-it-mean-for-a-data-structure-to-be-intrusive,2011-02-15 13:22:09,Rudiger,1203,c|c++,no
3581741,C# equivalent to Java's charAt()?,119,6,155115,https://stackoverflow.com/questions/3581741/c-sharp-equivalent-to-javas-charat,Aug 27 '10 at 6:09,ratty,11.7k,c#|java,no
1825964,C/C++ maximum stack size of program,119,6,142335,https://stackoverflow.com/questions/1825964/c-c-maximum-stack-size-of-program,2009-12-01 12:42:34,avd,11.8k,c|c++,no
195853,Spinlock versus Semaphore,119,11,69312,https://stackoverflow.com/questions/195853/spinlock-versus-semaphore,2008-10-12 18:58:38,iankits,2344,c|c++,no
177437,What does 'const static' mean in C and C++?,119,12,193698,https://stackoverflow.com/questions/177437/what-does-const-static-mean-in-c-and-c,2008-10-07 06:59:39,c0m4,3913,c|c++,no
9597052,How to retrieve Request Payload,119,2,99747,https://stackoverflow.com/questions/9597052/how-to-retrieve-request-payload,2012-03-07 06:56:28,nkuhta,7528,javascript|php,no
3002110,#include in .h or .c / .cpp?,118,4,82150,https://stackoverflow.com/questions/3002110/include-in-h-or-c-cpp,2010-06-08 23:33:05,Louise,4955,c|c++,no
19651788,What's the meaning of exception code ??¨²EXC_I386_GPFLT??¨´?,117,12,95076,https://stackoverflow.com/questions/19651788/whats-the-meaning-of-exception-code-exc-i386-gpflt,2013-10-29 07:06:55,Lewen,1613,c|c++,no
1995053,const char* concatenation,117,12,222408,https://stackoverflow.com/questions/1995053/const-char-concatenation,2010-01-03 14:02:57,Anthoni Caldwell,1205,c|c++,no
162480,'const int' vs. 'int const' as function parameters in C++ and C,117,9,97798,https://stackoverflow.com/questions/162480/const-int-vs-int-const-as-function-parameters-in-c-and-c,2008-10-02 14:11:02,Nils Pipenbrinck,74.6k,c|c++,no
1201593,Where is C not a subset of C++? [closed],116,12,23642,https://stackoverflow.com/questions/1201593/where-is-c-not-a-subset-of-c,2009-07-29 16:46:48,n00ki3,12.4k,c|c++,no
18413014,Run a JAR file from the command line and specify classpath,115,5,219778,https://stackoverflow.com/questions/18413014/run-a-jar-file-from-the-command-line-and-specify-classpath,Aug 23 '13 at 22:50,SnakeDoc,10.3k,java|shell,no
9003072,Unable to load DLL (Module could not be found HRESULT: 0x8007007E),114,17,349830,https://stackoverflow.com/questions/9003072/unable-to-load-dll-module-could-not-be-found-hresult-0x8007007e,2012-01-25 12:55:50,Ingimar Andresson,1481,c#|c++,no
2806545,Does Java have something like C#'s ref and out keywords?,113,7,107904,https://stackoverflow.com/questions/2806545/does-java-have-something-like-cs-ref-and-out-keywords,May 10 '10 at 21:21,devoured elysium,85.8k,c#|java,no
498106,How do I compile a Visual Studio project from the command-line?,113,6,160109,https://stackoverflow.com/questions/498106/how-do-i-compile-a-visual-studio-project-from-the-command-line,2009-01-31 02:52:25,John Mulder,7966,c++|python,no
27777071,Is ¡®int main;¡¯ a valid C/C++ program?,113,9,10074,https://stackoverflow.com/questions/27777071/is-int-main-a-valid-c-c-program,2015-01-05 09:58:20,Geoff Nixon,3129,c|c++,no
135069,#ifdef vs #if - which is better/safer as a method for enabling/disabling compilation of particular sections of code?,113,19,97160,https://stackoverflow.com/questions/135069/ifdef-vs-if-which-is-better-safer-as-a-method-for-enabling-disabling-compila,2008-09-25 18:28:04,Jon Cage,31.8k,c|c++,no
126279,C99 stdint.h header and MS Visual Studio,113,7,135260,https://stackoverflow.com/questions/126279/c99-stdint-h-header-and-ms-visual-studio,2008-09-24 09:53:01,Rob,67.3k,c|c++,no
33507566,¡°Mixed content blocked¡± when running an HTTP AJAX operation in an HTTPS page,113,8,273906,https://stackoverflow.com/questions/33507566/mixed-content-blocked-when-running-an-http-ajax-operation-in-an-https-page,2015-11-03 19:36:05,StormRage,1429,javascript|php,no
7322682,Best way to store JSON in an HTML attribute?,113,9,93274,https://stackoverflow.com/questions/7322682/best-way-to-store-json-in-an-html-attribute,2011-09-06 15:52:56,BadHorsie,12.4k,javascript|php,no
966960,What does -fPIC mean when building a shared library?,112,3,56635,https://stackoverflow.com/questions/966960/what-does-fpic-mean-when-building-a-shared-library,2009-06-08 20:54:36,,,c|c++,no
689677,Why cast unused return values to void?,112,9,40838,https://stackoverflow.com/questions/689677/why-cast-unused-return-values-to-void,2009-03-27 13:00:59,markh44,5228,c|c++,no
59593541,Why are the fast integer types faster than the other integer types?,111,3,7696,https://stackoverflow.com/questions/59593541/why-are-the-fast-integer-types-faster-than-the-other-integer-types,2020-01-04 18:16:19,RobertS supports Monica Cellio,12.3k,c|c++,no
8500677,What is uint_fast32_t and why should it be used instead of the regular int and uint32_t?,110,4,45066,https://stackoverflow.com/questions/8500677/what-is-uint-fast32-t-and-why-should-it-be-used-instead-of-the-regular-int-and-u,2011-12-14 07:11:14,Amumu,14.9k,c|c++,no
4949254,const char * const versus const char *?,110,12,84522,https://stackoverflow.com/questions/4949254/const-char-const-versus-const-char,2011-02-09 19:02:20,pict,1153,c|c++,no
22288569,How do I activate a virtualenv inside PyCharm's terminal?,110,22,124848,https://stackoverflow.com/questions/22288569/how-do-i-activate-a-virtualenv-inside-pycharms-terminal,Mar 9 '14 at 21:43,Chris Cogdon,5291,python|shell,no
16777456,What is the fastest integer division supporting division by zero no matter what the result is?,109,4,6360,https://stackoverflow.com/questions/16777456/what-is-the-fastest-integer-division-supporting-division-by-zero-no-matter-what,2013-05-27 16:52:36,philipp,1645,c|c++,no
5693360,Why is an MD5 hash created by Python different from one created using echo and md5sum in the shell?,109,1,8860,https://stackoverflow.com/questions/5693360/why-is-an-md5-hash-created-by-python-different-from-one-created-using-echo-and-m,Apr 17 '11 at 11:54,mailGO,1109,python|shell,no
2700696,How do I submit disabled input in ASP.NET MVC?,108,13,85386,https://stackoverflow.com/questions/2700696/how-do-i-submit-disabled-input-in-asp-net-mvc,2010-04-23 17:38:43,Sanchitos,7223,c#|javascript,no
38563707,(A + B + C) ¡Ù (A + C + B?) and compiler reordering,108,6,9802,https://stackoverflow.com/questions/38563707/a-b-c-%e2%89%a0-a-c-b-and-compiler-reordering,2016-07-25 09:08:42,Tal,1711,c|c++,no
15485354,AngularJS HTTP post to PHP and undefined,108,9,132294,https://stackoverflow.com/questions/15485354/angularjs-http-post-to-php-and-undefined,2013-03-18 19:35:06,Ronnie,10.4k,javascript|php,yes
3854867,What is for Python what 'explode' is for PHP?,108,2,96086,https://stackoverflow.com/questions/3854867/what-is-for-python-what-explode-is-for-php,Oct 4 '10 at 11:38,Rajasekar,16.8k,php|python,no
4326414,Set breakpoint in C or C++ code programmatically for gdb on Linux,107,6,78233,https://stackoverflow.com/questions/4326414/set-breakpoint-in-c-or-c-code-programmatically-for-gdb-on-linux,2010-12-01 16:17:35,J. Polfer,10.9k,c|c++,no
1516609,"Difference between CC, gcc and g++?",107,3,84014,https://stackoverflow.com/questions/1516609/difference-between-cc-gcc-and-g,2009-10-04 14:55:24,vehomzzz,36.1k,c|c++,no
16349925,What is the significance of initializing direction arrays below with given values when developing chess program?,106,3,3322,https://stackoverflow.com/questions/16349925/what-is-the-significance-of-initializing-direction-arrays-below-with-given-value,2013-05-03 00:44:07,ejjyrex,1111,c|c++,no
3751797,Can I call memcpy() and memmove() with ¡°number of bytes¡± set to zero?,106,2,34440,https://stackoverflow.com/questions/3751797/can-i-call-memcpy-and-memmove-with-number-of-bytes-set-to-zero,2010-09-20 13:14:35,sharptooth,156k,c|c++,no
31066693,What is the purpose of the html form tag,106,4,18555,https://stackoverflow.com/questions/31066693/what-is-the-purpose-of-the-html-form-tag,2015-06-26 06:49:00,D-Marc,1907,javascript|php,no
13842468,Comma in C/C++ macro,105,7,38770,https://stackoverflow.com/questions/13842468/comma-in-c-c-macro,2012-12-12 15:00:22,PoP,1635,c|c++,no
8564532,¡°:¡± (colon) in C struct - what does it mean? [duplicate],105,3,47488,https://stackoverflow.com/questions/8564532/colon-in-c-struct-what-does-it-mean,2011-12-19 16:45:10,Mohamed Maged,1063,c|c++,no
2143240,opengl: glFlush() vs. glFinish(),105,8,67143,https://stackoverflow.com/questions/2143240/opengl-glflush-vs-glfinish,2010-01-26 22:41:16,jay.lee,16.4k,c|c++,no
13874777,Regex exactly n OR m times,105,6,82823,https://stackoverflow.com/questions/13874777/regex-exactly-n-or-m-times,Dec 14 '12 at 8:03,FThompson,26.2k,java|php,no
40590216,Is it legal to index into a struct?,104,10,12483,https://stackoverflow.com/questions/40590216/is-it-legal-to-index-into-a-struct,2016-11-14 13:46:36,jcoder,27.4k,c|c++,no
523724,"C/C++ check if one bit is set in, i.e. int variable",104,21,271803,https://stackoverflow.com/questions/523724/c-c-check-if-one-bit-is-set-in-i-e-int-variable,2009-02-07 13:10:46,Milan,13.4k,c|c++,no
3091316,python ? (conditional/ternary) operator for assignments [duplicate],104,2,63486,https://stackoverflow.com/questions/3091316/python-conditional-ternary-operator-for-assignments,Jun 22 '10 at 8:07,Will,66.2k,c|python,no
5585343,Getting the return value of Javascript code in Selenium,104,2,80417,https://stackoverflow.com/questions/5585343/getting-the-return-value-of-javascript-code-in-selenium,2011-04-07 17:48:25,Eli Courtwright,157k,javascript|python,no
38552314,Why does everybody typedef over standard C types?,103,4,5894,https://stackoverflow.com/questions/38552314/why-does-everybody-typedef-over-standard-c-types,2016-07-24 12:59:38,Amomum,5144,c|c++,no
14371257,Make a program run slowly,103,7,13403,https://stackoverflow.com/questions/14371257/make-a-program-run-slowly,2013-01-17 02:28:13,RoboAlex,4388,c|c++,no
433895,Why are C character literals ints instead of chars?,103,12,21218,https://stackoverflow.com/questions/433895/why-are-c-character-literals-ints-instead-of-chars,2009-01-11 22:43:59,Joseph Garvin,17.9k,c|c++,no
20956229,Has Facebook sharer.php changed to no longer accept detailed parameters?,103,5,190217,https://stackoverflow.com/questions/20956229/has-facebook-sharer-php-changed-to-no-longer-accept-detailed-parameters,2014-01-06 17:59:17,tdous,1492,javascript|php,no
12053236,Python equivalent for PHP's implode?,103,2,71499,https://stackoverflow.com/questions/12053236/python-equivalent-for-phps-implode,Aug 21 '12 at 10:46,pythonian29033,4604,php|python,no
12825148,What is the meaning of the term arena in relation to memory?,102,4,26674,https://stackoverflow.com/questions/12825148/what-is-the-meaning-of-the-term-arena-in-relation-to-memory,2012-10-10 17:38:03,Nocturno,7130,c|c++,no
9146395,Reset C int array to zero : the fastest way?,102,7,169481,https://stackoverflow.com/questions/9146395/reset-c-int-array-to-zero-the-fastest-way,2012-02-05 02:22:17,Vincent,47.2k,c|c++,no
6106493,What does && mean in void *p = &&abc;,102,2,5484,https://stackoverflow.com/questions/6106493/what-does-mean-in-void-p-abc,2011-05-24 06:22:34,Brent Arias,721,c|c++,no
13104800,Is there a way to 'pretty' print MongoDB shell output to a file?,102,10,107515,https://stackoverflow.com/questions/13104800/is-there-a-way-to-pretty-print-mongodb-shell-output-to-a-file,2012-10-27 22:40:50,viper,2010,javascript|shell,no
17247471,How to run a python script from IDLE interactive shell?,102,15,313978,https://stackoverflow.com/questions/17247471/how-to-run-a-python-script-from-idle-interactive-shell,Jun 22 '13 at 5:03,,,python|shell,no
28501072,"how to check which version of nltk, scikit learn installed?",102,7,183897,https://stackoverflow.com/questions/28501072/how-to-check-which-version-of-nltk-scikit-learn-installed,Feb 13 '15 at 13:46,nlper,1797,python|shell,no
2673855,Java equivalent of C#'s verbatim strings with @,101,4,26435,https://stackoverflow.com/questions/2673855/java-equivalent-of-cs-verbatim-strings-with,Apr 20 '10 at 9:09,Simon Rigby,1686,c#|java,no
2635272,fastest (low latency) method for Inter Process Communication between Java and C/C++,101,10,63902,https://stackoverflow.com/questions/2635272/fastest-low-latency-method-for-inter-process-communication-between-java-and-c,2010-04-14 06:23:02,Bastien,1509,c++|java,no
5834778,How to tell where a header file is included from?,101,4,50631,https://stackoverflow.com/questions/5834778/how-to-tell-where-a-header-file-is-included-from,2011-04-29 16:34:58,harschware,11.1k,c|c++,no
275004,Timer function to provide time in nano seconds using C++,101,16,199627,https://stackoverflow.com/questions/275004/timer-function-to-provide-time-in-nano-seconds-using-c,2008-11-08 18:09:05,gagneet,29.3k,c|c++,no
3559070,are there dictionaries in javascript like python?,101,7,129353,https://stackoverflow.com/questions/3559070/are-there-dictionaries-in-javascript-like-python,2010-08-24 17:15:18,Alex Gordon,48.5k,javascript|python,no
984042,Read-only list or unmodifiable list in .NET 4.0,100,6,46574,https://stackoverflow.com/questions/984042/read-only-list-or-unmodifiable-list-in-net-4-0,Jun 11 '09 at 22:13,Chris S,61.2k,c#|java,no
2124339,C++ preprocessor __VA_ARGS__ number of arguments,100,12,116663,https://stackoverflow.com/questions/2124339/c-preprocessor-va-args-number-of-arguments,2010-01-23 19:11:08,Anycorn,45.2k,c|c++,no
5588649,How did this person code ¡°Hello World¡± with Microsoft Paint?,99,3,60530,https://stackoverflow.com/questions/5588649/how-did-this-person-code-hello-world-with-microsoft-paint,2011-04-07 23:04:49,Eamonn O'Brien,1055,c|c++,no
1998449,"Include CSS,javascript file in Yii Framework",99,18,108345,https://stackoverflow.com/questions/1998449/include-css-javascript-file-in-yii-framework,2010-01-04 09:34:29,viji,1656,javascript|php,yes
2404247,DateTime to javascript date,98,10,114685,https://stackoverflow.com/questions/2404247/datetime-to-javascript-date,2010-03-08 19:50:54,AJ.,8684,c#|javascript,yes
13120473,"Why sizeof int is wrong, while sizeof(int) is right?",97,3,6883,https://stackoverflow.com/questions/13120473/why-sizeof-int-is-wrong-while-sizeofint-is-right,2012-10-29 11:11:12,Yishu Fang,7878,c|c++,no
53853540,Why is assigning a value to a bit field not giving the same value back?,96,6,5687,https://stackoverflow.com/questions/53853540/why-is-assigning-a-value-to-a-bit-field-not-giving-the-same-value-back,2018-12-19 14:40:30,iammilind,60.2k,c|c++,no
19419569,How does the main() method work in C?,96,9,23886,https://stackoverflow.com/questions/19419569/how-does-the-main-method-work-in-c,2013-10-17 06:20:18,Ritesh,2137,c|c++,no
13669329,What is a ¡°memory stomp¡±?,96,3,14577,https://stackoverflow.com/questions/13669329/what-is-a-memory-stomp,2012-12-02 12:37:36,scravy,10.5k,c|c++,no
3568410,How do I immediately execute an anonymous function in PHP?,96,9,17059,https://stackoverflow.com/questions/3568410/how-do-i-immediately-execute-an-anonymous-function-in-php,2010-08-25 16:58:53,Emanuil Rusev,30.8k,javascript|php,no
5156664,How to flatten an ExpandoObject returned via JsonResult in asp.net mvc?,95,12,46794,https://stackoverflow.com/questions/5156664/how-to-flatten-an-expandoobject-returned-via-jsonresult-in-asp-net-mvc,2011-03-01 15:39:06,TimDog,8052,c#|javascript,no
7207391,The tilde operator in C,95,6,82715,https://stackoverflow.com/questions/7207391/the-tilde-operator-in-c,2011-08-26 15:53:28,Paul Manta,26.8k,c|c++,no
452969,Does python have an equivalent to Java Class.forName()?,95,7,49227,https://stackoverflow.com/questions/452969/does-python-have-an-equivalent-to-java-class-forname,2009-01-17 08:10:48,Jason,1268,java|python,no
20830309,download file using an ajax request,95,12,312594,https://stackoverflow.com/questions/20830309/download-file-using-an-ajax-request,2013-12-29 21:35:10,Manuel Di Iorio,2681,javascript|php,no
1019867,Is there a way to use shell_exec without waiting for the command to complete?,95,8,108203,https://stackoverflow.com/questions/1019867/is-there-a-way-to-use-shell-exec-without-waiting-for-the-command-to-complete,Jun 19 '09 at 20:20,ToughPal,2091,php|shell,no
477387,Cannot find Dumpbin.exe,94,9,109687,https://stackoverflow.com/questions/477387/cannot-find-dumpbin-exe,2009-01-25 08:32:49,,,c#|c++,no
35230846,Difference between C# and Java's ternary operator (? :),94,5,4678,https://stackoverflow.com/questions/35230846/difference-between-c-sharp-and-javas-ternary-operator,Feb 5 '16 at 18:15,blackr1234,1263,c#|java,no
53109888,How do I create a ¡°spacer¡± in a C++ class memory structure?,94,10,5849,https://stackoverflow.com/questions/53109888/how-do-i-create-a-spacer-in-a-c-class-memory-structure,2018-11-01 21:53:42,J Faucher,864,c|c++,no
5162784,'uint32_t' identifier not found error,94,7,254926,https://stackoverflow.com/questions/5162784/uint32-t-identifier-not-found-error,2011-03-02 02:29:41,kevin,12.1k,c|c++,no
100444,How to set breakpoints on future shared libraries with a command flag,94,3,55125,https://stackoverflow.com/questions/100444/how-to-set-breakpoints-on-future-shared-libraries-with-a-command-flag,2008-09-19 08:15:45,Shlomi Fish,3990,c|c++,no
796319,Strengths of Shell Scripting compared to Python [closed],94,8,55789,https://stackoverflow.com/questions/796319/strengths-of-shell-scripting-compared-to-python,Apr 28 '09 at 5:16,Amol Gawai,2730,python|shell,no
8368512,Does C++11 have C#-style properties?,93,15,67623,https://stackoverflow.com/questions/8368512/does-c11-have-c-style-properties,2011-12-03 14:59:03,Radim Vansa,4786,c#|c++,no
10653903,What's the result of += in C and C++?,93,2,7812,https://stackoverflow.com/questions/10653903/whats-the-result-of-in-c-and-c,2012-05-18 13:50:54,Svetlin Mladenov,3928,c|c++,no
216510,What does extern inline do?,93,6,39895,https://stackoverflow.com/questions/216510/what-does-extern-inline-do,2008-10-19 15:09:27,,,c|c++,no
1540673,Java Equivalent to Python Dictionaries,93,4,64835,https://stackoverflow.com/questions/1540673/java-equivalent-to-python-dictionaries,2009-10-08 21:44:34,slimbo,2381,java|python,no
4948816,"Getters, setters, and properties best practices. Java vs. C#",92,12,80242,https://stackoverflow.com/questions/4948816/getters-setters-and-properties-best-practices-java-vs-c-sharp,Feb 9 '11 at 18:18,Vivin Paliath,85k,c#|java,no
320291,"How to post an array of complex objects with JSON, jQuery to ASP.NET MVC Controller?",92,7,124443,https://stackoverflow.com/questions/320291/how-to-post-an-array-of-complex-objects-with-json-jquery-to-asp-net-mvc-control,2008-11-26 10:56:35,JSC,3645,c#|javascript,no
180401,Placement of the asterisk in pointer declarations,92,12,32522,https://stackoverflow.com/questions/180401/placement-of-the-asterisk-in-pointer-declarations,2008-10-07 21:02:43,Michael Stum,163k,c|c++,no
1410741,How to invoke a Linux shell command from Java,92,3,164541,https://stackoverflow.com/questions/1410741/how-to-invoke-a-linux-shell-command-from-java,Sep 11 '09 at 13:05,Narek,33.7k,java|shell,no
19323010,Execute PHP function with onclick,92,9,708518,https://stackoverflow.com/questions/19323010/execute-php-function-with-onclick,2013-10-11 16:31:01,Mike,2692,javascript|php,yes
1734250,What is the equivalent of JavaScript's encodeURIcomponent in PHP?,92,5,62285,https://stackoverflow.com/questions/1734250/what-is-the-equivalent-of-javascripts-encodeuricomponent-in-php,2009-11-14 13:37:28,Gal,19.7k,javascript|php,no
4856583,How do I pipe a subprocess call to a text file?,92,2,106854,https://stackoverflow.com/questions/4856583/how-do-i-pipe-a-subprocess-call-to-a-text-file,Jan 31 '11 at 21:54,TIMEX,198k,python|shell,no
26699985,Why is this struct size 3 instead of 2?,91,5,6769,https://stackoverflow.com/questions/26699985/why-is-this-struct-size-3-instead-of-2,2014-11-02 13:48:20,Raffaello,1434,c|c++,no
6990726,Correct way of declaring pointer variables in C/C++ [closed],91,5,62119,https://stackoverflow.com/questions/6990726/correct-way-of-declaring-pointer-variables-in-c-c,2011-08-09 02:14:13,keeda,2405,c|c++,no
1153548,minimum double value in C/C++,91,10,124206,https://stackoverflow.com/questions/1153548/minimum-double-value-in-c-c,2009-07-20 13:23:51,Will,66.6k,c|c++,no
92546,Variable declarations in header files - static or not?,91,12,98934,https://stackoverflow.com/questions/92546/variable-declarations-in-header-files-static-or-not,2008-09-18 13:32:05,Rob,67.3k,c|c++,no
2866063,Submit form without page reloading,91,17,254434,https://stackoverflow.com/questions/2866063/submit-form-without-page-reloading,2010-05-19 13:49:23,,,javascript|php,no
8711521,"Url.Action puts an &amp; in my url, how can I solve this?",90,2,33957,https://stackoverflow.com/questions/8711521/url-action-puts-an-amp-in-my-url-how-can-i-solve-this,2012-01-03 11:22:58,Niek de Klein,7478,c#|javascript,no
7902213,asp.net-mvc: razor '@' symbol in js file,90,9,55598,https://stackoverflow.com/questions/7902213/asp-net-mvc-razor-symbol-in-js-file,2011-10-26 11:54:16,gdoron is supporting Monica,132k,c#|javascript,no
22975073,What does ## (double hash) do in a preprocessor directive?,90,1,28552,https://stackoverflow.com/questions/22975073/what-does-double-hash-do-in-a-preprocessor-directive,2014-04-09 22:21:00,DavidColson,7029,c|c++,no
14891052,What is this (( ))?,90,2,4478,https://stackoverflow.com/questions/14891052/what-is-this,2013-02-15 08:55:29,Ferenc Deak,29.3k,c|c++,no
2524737,Fixed-size floating point types,90,4,42475,https://stackoverflow.com/questions/2524737/fixed-size-floating-point-types,2010-03-26 16:07:46,Pietro,9860,c|c++,no
11714941,How can I send JSON response in symfony2 controller,90,5,160303,https://stackoverflow.com/questions/11714941/how-can-i-send-json-response-in-symfony2-controller,2012-07-30 03:03:19,Mirage,27.7k,javascript|php,no
5726680,Is there a throws keyword in C# like in Java? [duplicate],89,3,68896,https://stackoverflow.com/questions/5726680/is-there-a-throws-keyword-in-c-sharp-like-in-java,Apr 20 '11 at 7:06,,,c#|java,no
17027139,Access private field of another object in same class,89,9,37217,https://stackoverflow.com/questions/17027139/access-private-field-of-another-object-in-same-class,2013-06-10 15:13:03,Nageswaran,6143,c++|java,no
28623895,Why is memmove faster than memcpy?,89,4,26769,https://stackoverflow.com/questions/28623895/why-is-memmove-faster-than-memcpy,2015-02-20 07:45:08,cruppstahl,2252,c|c++,no
3018313,Algorithm to convert RGB to HSV and HSV to RGB in range 0-255 for both,89,14,187766,https://stackoverflow.com/questions/3018313/algorithm-to-convert-rgb-to-hsv-and-hsv-to-rgb-in-range-0-255-for-both,2010-06-10 20:40:05,jmasterx,45.6k,c|c++,no
45879671,Only on Firefox ¡°Loading failed for the <script> with source¡±,89,12,92436,https://stackoverflow.com/questions/45879671/only-on-firefox-loading-failed-for-the-script-with-source,2017-08-25 10:46:03,Narek Tootikian,1041,javascript|php,no
18937058,Clear screen in shell,89,20,325385,https://stackoverflow.com/questions/18937058/clear-screen-in-shell,Sep 21 '13 at 20:05,josh,1099,python|shell,no
29656648,Java 8 times faster with arrays than std::vector in C++. What did I do wrong?,88,4,7760,https://stackoverflow.com/questions/29656648/java-8-times-faster-with-arrays-than-stdvector-in-c-what-did-i-do-wrong,2015-04-15 17:16:50,RobinXSI,923,c++|java,no
38230856,"Is the definition of ¡°volatile¡± this volatile, or is GCC having some standard compliancy problems?",88,4,4861,https://stackoverflow.com/questions/38230856/is-the-definition-of-volatile-this-volatile-or-is-gcc-having-some-standard-co,2016-07-06 18:07:38,cooky451,3232,c|c++,no
13720428,What's the use of memset() return value?,88,4,8848,https://stackoverflow.com/questions/13720428/whats-the-use-of-memset-return-value,2012-12-05 09:54:41,sharptooth,156k,c|c++,no
5516044,System where 1 byte != 8 bit? [duplicate],88,9,26424,https://stackoverflow.com/questions/5516044/system-where-1-byte-8-bit,2011-04-01 16:16:12,Xeo,121k,c|c++,no
2377733,How does this program work?,88,13,7035,https://stackoverflow.com/questions/2377733/how-does-this-program-work,2010-03-04 08:16:07,Lazer,75.2k,c|c++,no
191215,How to stop java process gracefully?,88,7,126693,https://stackoverflow.com/questions/191215/how-to-stop-java-process-gracefully,Oct 10 '08 at 13:17,Ma99uS,9099,java|shell,no
30610675,Python Pandas equivalent in JavaScript,88,9,52986,https://stackoverflow.com/questions/30610675/python-pandas-equivalent-in-javascript,2015-06-03 04:08:42,neversaint,46.5k,javascript|python,no
145509,Why does ¡°abcd¡±.StartsWith(¡°¡±) return true?,87,11,17421,https://stackoverflow.com/questions/145509/why-does-abcd-startswith-return-true,Sep 28 '08 at 8:59,Dested,5814,c#|java,no
33679850,How to do equivalent of LINQ SelectMany() just in javascript,87,9,35996,https://stackoverflow.com/questions/33679850/how-to-do-equivalent-of-linq-selectmany-just-in-javascript,2015-11-12 19:37:56,toddmo,15.4k,c#|javascript,no
38597274,"Why does printf(¡°%f¡±,0); give undefined behavior?",87,10,7234,https://stackoverflow.com/questions/38597274/why-does-printff-0-give-undefined-behavior,2016-07-26 18:23:10,Trevor Hickey,30.2k,c|c++,no
19366134,What does ¡°Objective-C is a superset of C more strictly than C++¡± mean exactly?,87,5,9114,https://stackoverflow.com/questions/19366134/what-does-objective-c-is-a-superset-of-c-more-strictly-than-c-mean-exactly,2013-10-14 17:52:43,user1115057,1655,c|c++,no
16850992,Call a C function from C++ code,87,4,90780,https://stackoverflow.com/questions/16850992/call-a-c-function-from-c-code,2013-05-31 06:27:20,Dangila,1132,c|c++,yes
5769734,What are the different versions of exec used for in C and C++?,87,3,44684,https://stackoverflow.com/questions/5769734/what-are-the-different-versions-of-exec-used-for-in-c-and-c,2011-04-24 09:28:27,node ninja,26.9k,c|c++,no
1490092,C/C++: Force Bit Field Order and Alignment,87,7,73946,https://stackoverflow.com/questions/1490092/c-c-force-bit-field-order-and-alignment,2009-09-29 01:07:10,dewald,4523,c|c++,no
7794087,Running javascript in Selenium using Python,87,3,138996,https://stackoverflow.com/questions/7794087/running-javascript-in-selenium-using-python,2011-10-17 12:58:27,theharshest,6939,javascript|python,yes
2014709,"C# developers learning Java, what are the biggest differences one may overlook? [closed]",86,16,18155,https://stackoverflow.com/questions/2014709/c-sharp-developers-learning-java-what-are-the-biggest-differences-one-may-overl,Jan 6 '10 at 17:07,mrblah,83.4k,c#|java,no
55783615,Why do C and C++ allow the expression (int) + 4*5?,86,2,8483,https://stackoverflow.com/questions/55783615/why-do-c-and-c-allow-the-expression-int-45,2019-04-21 14:29:27,Ernest Bredar,974,c|c++,no
39914788,At what point in the loop does integer overflow become undefined behavior?,86,12,11052,https://stackoverflow.com/questions/39914788/at-what-point-in-the-loop-does-integer-overflow-become-undefined-behavior,2016-10-07 10:12:29,jcoder,27.4k,c|c++,no
11801186,CMake unable to determine linker language with C++,86,9,139851,https://stackoverflow.com/questions/11801186/cmake-unable-to-determine-linker-language-with-c,2012-08-03 18:19:06,Chris Covert,2113,c|c++,no
3573475,How does the Import Library work? Details?,86,4,36836,https://stackoverflow.com/questions/3573475/how-does-the-import-library-work-details,2010-08-26 08:48:09,smwikipedia,49.1k,c|c++,no
2902064,How to track down a ¡°double free or corruption¡± error,86,8,231670,https://stackoverflow.com/questions/2902064/how-to-track-down-a-double-free-or-corruption-error,2010-05-25 04:46:18,neuromancer,44.1k,c|c++,no
6943229,"C# equivalent of C++ vector, with contiguous memory?",85,5,177559,https://stackoverflow.com/questions/6943229/c-sharp-equivalent-of-c-vector-with-contiguous-memory,2011-08-04 14:28:21,edgarmtze,22.7k,c#|c++,no
290227,Java System.currentTimeMillis() equivalent in C#,85,11,54400,https://stackoverflow.com/questions/290227/java-system-currenttimemillis-equivalent-in-c-sharp,Nov 14 '08 at 14:30,,,c#|java,no
34122193,Big difference (x9) in the execution time between almost identical code in C and C++,85,3,6203,https://stackoverflow.com/questions/34122193/big-difference-x9-in-the-execution-time-between-almost-identical-code-in-c-and,2015-12-06 20:16:05,Alex Lop.,6200,c|c++,no
3437110,"Why do C and C++ support memberwise assignment of arrays within structs, but not generally?",85,5,8145,https://stackoverflow.com/questions/3437110/why-do-c-and-c-support-memberwise-assignment-of-arrays-within-structs-but-not,2010-08-09 03:10:49,ozmo,926,c|c++,no
2571402,How to use glOrtho() in OpenGL?,85,3,101141,https://stackoverflow.com/questions/2571402/how-to-use-glortho-in-opengl,2010-04-03 13:50:58,ufk,24.8k,c|c++,no
965093,Selectively disable GCC warnings for only part of a translation unit?,85,4,52685,https://stackoverflow.com/questions/965093/selectively-disable-gcc-warnings-for-only-part-of-a-translation-unit,2009-06-08 14:10:40,Jon-Eric,15.5k,c|c++,no
11142882,"What are cookies and sessions, and how do they relate to each other?",85,1,46495,https://stackoverflow.com/questions/11142882/what-are-cookies-and-sessions-and-how-do-they-relate-to-each-other,2012-06-21 16:45:35,Blanktext,1323,javascript|php,no
12919081,gcc/g++: ¡°No such file or directory¡±,84,1,234968,https://stackoverflow.com/questions/12919081/gcc-g-no-such-file-or-directory,2012-10-16 16:17:04,Sebastian Mach,35k,c|c++,no
3300525,"Super high performance C/C++ hash map (table, dictionary) [closed]",84,10,76524,https://stackoverflow.com/questions/3300525/super-high-performance-c-c-hash-map-table-dictionary,2010-07-21 14:48:39,Haywood Jablomey,861,c|c++,no
2744181,How to call C++ function from C?,84,7,97109,https://stackoverflow.com/questions/2744181/how-to-call-c-function-from-c,2010-04-30 11:36:35,claws,44.6k,c|c++,yes
7462202,Spring JSON request getting 406 (not Acceptable),84,22,192797,https://stackoverflow.com/questions/7462202/spring-json-request-getting-406-not-acceptable,2011-09-18 14:42:47,Jaanus,14.4k,java|javascript,no
33383840,Is there a javascript equivalent for the python pass statement that does nothing?,84,6,54024,https://stackoverflow.com/questions/33383840/is-there-a-javascript-equivalent-for-the-python-pass-statement-that-does-nothing,2015-10-28 05:53:58,user781486,18.3k,javascript|python,no
62710316,Is there an elegant and fast way to test for the 1-bits in an integer to be in a contiguous region?,83,10,4150,https://stackoverflow.com/questions/62710316/is-there-an-elegant-and-fast-way-to-test-for-the-1-bits-in-an-integer-to-be-in-a,2020-07-03 07:16:39,Walter,39.4k,c|c++,no
33481295,Saturating subtract/add for unsigned bytes,83,11,11868,https://stackoverflow.com/questions/33481295/saturating-subtract-add-for-unsigned-bytes,2015-11-02 15:35:53,ovk,2118,c|c++,no
4234120,Which is faster:  x<<1  or  x<<10?,83,9,7101,https://stackoverflow.com/questions/4234120/which-is-faster-x1-or-x10,2010-11-20 17:54:03,Armen Tsirunyan,116k,c|c++,no
36945552,Is it safe to rename argc and argv in main function?,82,10,5246,https://stackoverflow.com/questions/36945552/is-it-safe-to-rename-argc-and-argv-in-main-function,2016-04-29 18:51:14,yanpas,1853,c|c++,no
17883240,Is multiplication faster than float division? [duplicate],82,3,25468,https://stackoverflow.com/questions/17883240/is-multiplication-faster-than-float-division,2013-07-26 13:55:23,wodesuck,851,c|c++,no
9590827,Is it safe to return a struct in C or C++?,82,12,64166,https://stackoverflow.com/questions/9590827/is-it-safe-to-return-a-struct-in-c-or-c,2012-03-06 19:52:39,jzepeda,1352,c|c++,no
1056411,How to pass variable number of arguments to printf/sprintf,82,7,114813,https://stackoverflow.com/questions/1056411/how-to-pass-variable-number-of-arguments-to-printf-sprintf,2009-06-29 03:11:10,user5722,1074,c|c++,no
19966707,CORS error on same domain?,82,2,70493,https://stackoverflow.com/questions/19966707/cors-error-on-same-domain,2013-11-13 23:39:34,Mr_Pouet,3012,javascript|python,no
53416657,Why isn't #pragma once automatically assumed?,81,6,6483,https://stackoverflow.com/questions/53416657/why-isnt-pragma-once-automatically-assumed,2018-11-21 16:35:34,Johnny Cache,959,c|c++,no
41836658,Enum constants behaving differently in C and C++,81,6,4612,https://stackoverflow.com/questions/41836658/enum-constants-behaving-differently-in-c-and-c,2017-01-24 18:46:36,PSkocik,49.6k,c|c++,no
5217519,What does OpenCV's cvWaitKey( ) function do?,81,9,145123,https://stackoverflow.com/questions/5217519/what-does-opencvs-cvwaitkey-function-do,2011-03-07 08:41:27,Simplicity,39k,c|c++,no
37080374,Android AudioRecord forcing another stream to MIC audio source,81,2,6930,https://stackoverflow.com/questions/37080374/android-audiorecord-forcing-another-stream-to-mic-audio-source,May 6 '16 at 19:52,nLL,5472,c|java,no
19954287,How to upload file to server with HTTP POST multipart/form-data?,80,14,239978,https://stackoverflow.com/questions/19954287/how-to-upload-file-to-server-with-http-post-multipart-form-data,Nov 13 '13 at 12:50,Farhan Ghumra,14.1k,c#|php,no
3971049,What's the C++ version of Java's ArrayList,80,2,134616,https://stackoverflow.com/questions/3971049/whats-the-c-version-of-javas-arraylist,2010-10-19 17:33:54,interstar,21.3k,c++|java,no
2752349,Fast rectangle to rectangle intersection,80,6,85153,https://stackoverflow.com/questions/2752349/fast-rectangle-to-rectangle-intersection,2010-05-02 03:32:47,TheFlash,95.3k,c++|javascript,no
44767080,Incrementing 'masked' bitsets,80,3,3544,https://stackoverflow.com/questions/44767080/incrementing-masked-bitsets,2017-06-26 19:14:47,Tobias Ribizel,4777,c|c++,no
10790737,Why would code actively try to prevent tail-call optimization?,80,3,3123,https://stackoverflow.com/questions/10790737/why-would-code-actively-try-to-prevent-tail-call-optimization,2012-05-28 21:46:37,JustSid,24.5k,c|c++,no
8068019,Python: why are * and ** faster than / and sqrt()?,80,1,5901,https://stackoverflow.com/questions/8068019/python-why-are-and-faster-than-and-sqrt,Nov 9 '11 at 16:20,mac,37k,c|python,no
2903827,Why are Python exceptions named ¡°Error¡±?,80,6,15345,https://stackoverflow.com/questions/2903827/why-are-python-exceptions-named-error,2010-05-25 10:36:40,Elena,809,java|python,no
7165395,Call php function from JavaScript,80,4,276490,https://stackoverflow.com/questions/7165395/call-php-function-from-javascript,2011-08-23 17:54:50,Jason Russell,1172,javascript|php,yes
6141581,Detect python version in shell script,80,14,66269,https://stackoverflow.com/questions/6141581/detect-python-version-in-shell-script,May 26 '11 at 16:05,TheRealNeo,1501,python|shell,no
59637731,"Subtracting packed 8-bit integers in an 64-bit integer by 1 in parallel, SWAR without hardware SIMD",79,8,4488,https://stackoverflow.com/questions/59637731/subtracting-packed-8-bit-integers-in-an-64-bit-integer-by-1-in-parallel-swar-wi,2020-01-07 23:56:08,cam-white,701,c|c++,no
43139144,Why is the ternary operator used to define 1 and 0 in a macro?,79,7,9220,https://stackoverflow.com/questions/43139144/why-is-the-ternary-operator-used-to-define-1-and-0-in-a-macro,2017-03-31 11:06:31,Viktor S,761,c|c++,no
245742,Examples of good gotos in C or C++ [closed],79,16,156406,https://stackoverflow.com/questions/245742/examples-of-good-gotos-in-c-or-c,2008-10-29 03:58:30,fizzer,12.7k,c|c++,no
152016,Detecting CPU architecture compile-time,79,6,66273,https://stackoverflow.com/questions/152016/detecting-cpu-architecture-compile-time,2008-09-30 06:57:53,Alex B,73.5k,c|c++,no
2013728,Passing JavaScript array to PHP through jQuery $.ajax,79,9,145905,https://stackoverflow.com/questions/2013728/passing-javascript-array-to-php-through-jquery-ajax,2010-01-06 14:56:12,krx,2464,javascript|php,yes
1593019,Is there any simple way to benchmark python script?,79,10,63658,https://stackoverflow.com/questions/1593019/is-there-any-simple-way-to-benchmark-python-script,Oct 20 '09 at 7:40,noomz,1517,python|shell,no
7966559,How to convert JavaScript date object to ticks,78,6,91279,https://stackoverflow.com/questions/7966559/how-to-convert-javascript-date-object-to-ticks,2011-11-01 12:36:59,Talha,16.9k,c#|javascript,no
10419530,Multi line preprocessor macros,78,4,72833,https://stackoverflow.com/questions/10419530/multi-line-preprocessor-macros,2012-05-02 18:25:57,noisy cat,2448,c|c++,no
4762662,Are parentheses around the result significant in a return statement?,78,11,18162,https://stackoverflow.com/questions/4762662/are-parentheses-around-the-result-significant-in-a-return-statement,2011-01-21 18:56:03,Jose Villalta,1319,c|c++,no
14539867,How to display a progress indicator in pure C/C++ (cout/printf)?,77,8,89628,https://stackoverflow.com/questions/14539867/how-to-display-a-progress-indicator-in-pure-c-c-cout-printf,2013-01-26 18:02:30,xmllmx,31.8k,c|c++,no
8128168,Is the behavior of subtracting two NULL pointers defined?,77,4,3039,https://stackoverflow.com/questions/8128168/is-the-behavior-of-subtracting-two-null-pointers-defined,2011-11-14 21:11:47,John Luebs,731,c|c++,no
6313730,Does const-correctness give the compiler more room for optimization?,77,7,7579,https://stackoverflow.com/questions/6313730/does-const-correctness-give-the-compiler-more-room-for-optimization,2011-06-11 02:41:50,slartibartfast,4025,c|c++,no
53583199,Spark Error - Unsupported class file major version,77,10,62129,https://stackoverflow.com/questions/53583199/spark-error-unsupported-class-file-major-version,2018-12-02 18:16:37,James,1379,java|python,no
32959468,Example of array.map() in C#?,76,5,56168,https://stackoverflow.com/questions/32959468/example-of-array-map-in-c,2015-10-05 23:28:52,Code Whisperer,20.1k,c#|javascript,no
30223441,> vs. >= in bubble sort causes significant performance difference,76,4,3727,https://stackoverflow.com/questions/30223441/vs-in-bubble-sort-causes-significant-performance-difference,2015-05-13 19:14:33,Turing85,11.8k,c++|java,no
24042861,Nodejs: What does `process.binding` mean?,76,3,13332,https://stackoverflow.com/questions/24042861/nodejs-what-does-process-binding-mean,2014-06-04 16:33:20,laconbass,13.5k,c++|javascript,no
2728649,error LNK2005: xxx already defined in MSVCRT.lib(MSVCR100.dll) C:\something\LIBCMT.lib(setlocal.obj),76,4,125670,https://stackoverflow.com/questions/2728649/error-lnk2005-xxx-already-defined-in-msvcrt-libmsvcr100-dllc-something-libc,2010-04-28 10:34:47,volpack,815,c|c++,no
46298257,Does using heap memory (malloc/new) create a non-deterministic program?,76,11,7712,https://stackoverflow.com/questions/46298257/does-using-heap-memory-malloc-new-create-a-non-deterministic-program,2017-09-19 10:36:15,The Quantum Physicist,19.4k,c|c++,no
27705409,"If a 32-bit integer overflows, can we use a 40-bit structure instead of a 64-bit long one?",76,14,10795,https://stackoverflow.com/questions/27705409/if-a-32-bit-integer-overflows-can-we-use-a-40-bit-structure-instead-of-a-64-bit,2014-12-30 12:22:30,user1660982,1506,c|c++,no
1666224,What is the size of void?,76,10,63151,https://stackoverflow.com/questions/1666224/what-is-the-size-of-void,2009-11-03 09:30:11,Lakshmi,1639,c|c++,no
988158,Take the address of a one-past-the-end array element via subscript: legal by the C++ Standard or not?,76,13,7177,https://stackoverflow.com/questions/988158/take-the-address-of-a-one-past-the-end-array-element-via-subscript-legal-by-the,2009-06-12 18:08:50,Zan Lynx,46.8k,c|c++,no
4231789,is there something like isset of php in javascript/jQuery? [duplicate],76,11,138670,https://stackoverflow.com/questions/4231789/is-there-something-like-isset-of-php-in-javascript-jquery,2010-11-20 08:01:39,gautamlakum,10.7k,javascript|php,no
3648951,Foreach loop in C++ equivalent of C#,75,11,131491,https://stackoverflow.com/questions/3648951/foreach-loop-in-c-equivalent-of-c-sharp,2010-09-06 04:11:18,Swapnil Gupta,7615,c#|c++,no
3506796,pinvokestackimbalance ¡ª how can I fix this or turn it off?,75,5,65874,https://stackoverflow.com/questions/3506796/pinvokestackimbalance-how-can-i-fix-this-or-turn-it-off,2010-08-17 20:45:30,mmr,14k,c#|c++,no
1595498,A difference in style: IDictionary vs Dictionary,75,14,60653,https://stackoverflow.com/questions/1595498/a-difference-in-style-idictionary-vs-dictionary,Oct 20 '09 at 15:31,rein,30.6k,c#|java,no
746812,Best practices for using and persisting enums,75,10,22271,https://stackoverflow.com/questions/746812/best-practices-for-using-and-persisting-enums,,,,c#|java,no
37788536,¡°Object doesn't support property or method 'find'¡± in IE,75,7,94928,https://stackoverflow.com/questions/37788536/object-doesnt-support-property-or-method-find-in-ie,2016-06-13 11:23:59,GOPAL YADAV,1021,c#|javascript,no
59437282,Can I use NULL as substitution for the value of 0?,75,7,5778,https://stackoverflow.com/questions/59437282/can-i-use-null-as-substitution-for-the-value-of-0,2019-12-21 15:08:54,RobertS supports Monica Cellio,12.3k,c|c++,no
25664848,Unions and type-punning,75,5,17587,https://stackoverflow.com/questions/25664848/unions-and-type-punning,2014-09-04 11:56:08,Matthew Wilkins,955,c|c++,no
23345554,"The differences between initialize, define, declare a variable",75,4,101797,https://stackoverflow.com/questions/23345554/the-differences-between-initialize-define-declare-a-variable,2014-04-28 15:48:54,Tony,4935,c|c++,no
13362084,Difference between uint32 and uint32_t [duplicate],75,2,148569,https://stackoverflow.com/questions/13362084/difference-between-uint32-and-uint32-t,2012-11-13 14:01:21,Maxbester,2115,c|c++,no
5895649,Difference between .a .o and .lo file,75,3,44892,https://stackoverflow.com/questions/5895649/difference-between-a-o-and-lo-file,2011-05-05 09:45:35,Raj,3812,c|c++,no
4712315,performance of unsigned vs signed integers,75,12,28116,https://stackoverflow.com/questions/4712315/performance-of-unsigned-vs-signed-integers,2011-01-17 10:49:47,Flexo,2326,c|c++,no
1632145,Use of min and max functions in C++,75,14,284703,https://stackoverflow.com/questions/1632145/use-of-min-and-max-functions-in-c,2009-10-27 16:43:01,bporter,3182,c|c++,no
432443,Why are there digraphs in C and C++?,75,4,11142,https://stackoverflow.com/questions/432443/why-are-there-digraphs-in-c-and-c,2009-01-11 06:07:20,Sydius,11.6k,c|c++,no
6663859,Check if cookies are enabled,75,10,102856,https://stackoverflow.com/questions/6663859/check-if-cookies-are-enabled,2011-07-12 12:02:34,steveo225,9927,javascript|php,no
29293637,How to append whole set of model to formdata and obtain it in MVC,74,3,44104,https://stackoverflow.com/questions/29293637/how-to-append-whole-set-of-model-to-formdata-and-obtain-it-in-mvc,2015-03-27 05:03:48,Guruprasad J Rao,27.5k,c#|javascript,no
35055042,"Difference between uint8_t, uint_fast8_t and uint_least8_t",74,6,21483,https://stackoverflow.com/questions/35055042/difference-between-uint8-t-uint-fast8-t-and-uint-least8-t,2016-01-28 07:15:41,mic,925,c|c++,no
8809292,ULL suffix on a numeric literal,74,3,73158,https://stackoverflow.com/questions/8809292/ull-suffix-on-a-numeric-literal,2012-01-10 19:26:12,aneccodeal,7262,c|c++,no
5354314,How can I completely disable calls to assert()?,74,5,59351,https://stackoverflow.com/questions/5354314/how-can-i-completely-disable-calls-to-assert,2011-03-18 15:36:29,Abruzzo Forte e Gentile,12.4k,c|c++,no
1998752,memset() or value initialization to zero out a struct?,74,8,80556,https://stackoverflow.com/questions/1998752/memset-or-value-initialization-to-zero-out-a-struct,2010-01-04 10:40:40,sharptooth,156k,c|c++,no
750178,Is it a good idea to typedef pointers?,74,14,39345,https://stackoverflow.com/questions/750178/is-it-a-good-idea-to-typedef-pointers,2009-04-15 03:14:18,Unknown,41.9k,c|c++,no
14451325,Should I mark all methods virtual?,73,8,7614,https://stackoverflow.com/questions/14451325/should-i-mark-all-methods-virtual,Jan 22 '13 at 3:54,Georgii Oleinikov,3557,c#|java,no
24371868,Why must a short be converted to an int before arithmetic operations in C and C++?,73,4,9660,https://stackoverflow.com/questions/24371868/why-must-a-short-be-converted-to-an-int-before-arithmetic-operations-in-c-and-c,2014-06-23 17:30:34,dayuloli,12.7k,c|c++,no
20237451,fixed length data types in C/C++,73,11,12998,https://stackoverflow.com/questions/20237451/fixed-length-data-types-in-c-c,2013-11-27 08:40:16,,,c|c++,no
7016861,Why are NULL pointers defined differently in C and C++?,73,3,58975,https://stackoverflow.com/questions/7016861/why-are-null-pointers-defined-differently-in-c-and-c,2011-08-10 19:49:45,mohit ,1007,c|c++,no
4629050,Convert an int to ASCII character,73,11,340549,https://stackoverflow.com/questions/4629050/convert-an-int-to-ascii-character,2011-01-07 18:41:55,user963241,5617,c|c++,no
11248119,"Java equivalent of PHP's implode(',' , array_filter( array () ))",73,9,76192,https://stackoverflow.com/questions/11248119/java-equivalent-of-phps-implode-array-filter-array,Jun 28 '12 at 15:38,max4ever,10k,java|php,no
3687729,Who Add ¡°_¡± Single Underscore Query Parameter?,73,4,25701,https://stackoverflow.com/questions/3687729/who-add-single-underscore-query-parameter,2010-09-10 19:32:35,ZZ Coder,68.8k,javascript|php,no
407256,JavaScript equivalent of PHP's preg_replace,73,2,92241,https://stackoverflow.com/questions/407256/javascript-equivalent-of-phps-preg-replace,2009-01-02 16:06:48,ryonlife,5853,javascript|php,no
8148632,Redirecting to another page in ASP.NET MVC using JavaScript/jQuery,72,6,276975,https://stackoverflow.com/questions/8148632/redirecting-to-another-page-in-asp-net-mvc-using-javascript-jquery,2011-11-16 08:24:40,,,c#|javascript,no
7634255,Calling SignalR hub clients from elsewhere in system,72,5,63169,https://stackoverflow.com/questions/7634255/calling-signalr-hub-clients-from-elsewhere-in-system,2011-10-03 11:16:16,Jordan Wallwork,2906,c#|javascript,no
39964651,Is masking before unsigned left shift in C/C++ too paranoid?,72,5,5308,https://stackoverflow.com/questions/39964651/is-masking-before-unsigned-left-shift-in-c-c-too-paranoid,2016-10-10 18:36:03,Nayuki,16.2k,c|c++,no
10197242,What should be the sizeof(int) on a 64-bit machine? [duplicate],72,4,156534,https://stackoverflow.com/questions/10197242/what-should-be-the-sizeofint-on-a-64-bit-machine,2012-04-17 18:51:09,Sangeeth Saravanaraj,13.5k,c|c++,no
19926089,Python equivalent of Java StringBuffer?,72,8,57809,https://stackoverflow.com/questions/19926089/python-equivalent-of-java-stringbuffer,2013-11-12 10:00:47,user2902773,721,java|python,no
15321431,"How to pass a list from Python, by Jinja2 to JavaScript",72,6,98937,https://stackoverflow.com/questions/15321431/how-to-pass-a-list-from-python-by-jinja2-to-javascript,2013-03-10 10:54:07,user1843766,753,javascript|python,yes
14321175,How to write nullable int in java?,71,3,38542,https://stackoverflow.com/questions/14321175/how-to-write-nullable-int-in-java,Jan 14 '13 at 15:16,Dozer,4121,c#|java,no
35002,Does C# have a way of giving me an immutable Dictionary?,71,14,22258,https://stackoverflow.com/questions/35002/does-c-sharp-have-a-way-of-giving-me-an-immutable-dictionary,Aug 29 '08 at 18:47,serg10,27.5k,c#|java,no
25654339,The difference between C and C++ regarding the ++ operator,71,2,4430,https://stackoverflow.com/questions/25654339/the-difference-between-c-and-c-regarding-the-operator,2014-09-03 22:01:15,Moe45673,834,c|c++,no
15331566,C++ - include unistd.h: why not cunistd?,71,4,39339,https://stackoverflow.com/questions/15331566/c-include-unistd-h-why-not-cunistd,2013-03-11 05:09:48,CDT,7469,c|c++,no
13312679,Why is the != operator not allowed with OpenMP?,71,5,5802,https://stackoverflow.com/questions/13312679/why-is-the-operator-not-allowed-with-openmp,2012-11-09 17:08:15,dreamcrash,15.9k,c|c++,no
10828294,C and C++ : Partial initialization of automatic structure,71,3,51417,https://stackoverflow.com/questions/10828294/c-and-c-partial-initialization-of-automatic-structure,2012-05-31 06:10:44,loop,3080,c|c++,no
5069489,Performance of built-in types : char vs short vs int vs. float vs. double,71,9,37895,https://stackoverflow.com/questions/5069489/performance-of-built-in-types-char-vs-short-vs-int-vs-float-vs-double,2011-02-21 18:02:16,Nawaz,316k,c|c++,no
2795575,How does dereferencing of a function pointer happen?,71,5,32575,https://stackoverflow.com/questions/2795575/how-does-dereferencing-of-a-function-pointer-happen,2010-05-08 20:50:47,Lazer,75.2k,c|c++,no
737240,Array size at run time without dynamic allocation is allowed?,71,8,48986,https://stackoverflow.com/questions/737240/array-size-at-run-time-without-dynamic-allocation-is-allowed,2009-04-10 10:21:05,syaz,2469,c|c++,no
7167253,Is there a Java equivalent of Python's 'enumerate' function?,71,11,21670,https://stackoverflow.com/questions/7167253/is-there-a-java-equivalent-of-pythons-enumerate-function,2011-08-23 20:39:33,Richard Fearn,22.5k,java|python,no
17380315,"Splat operators in JavaScript, equivalent to *args and **kwargs in Python?",71,6,41943,https://stackoverflow.com/questions/17380315/splat-operators-in-javascript-equivalent-to-args-and-kwargs-in-python,2013-06-29 12:44:54,Games Brainiac,67.1k,javascript|python,no
315051,using a class defined in a c++ dll in c# code,70,6,92223,https://stackoverflow.com/questions/315051/using-a-class-defined-in-a-c-dll-in-c-sharp-code,2008-11-24 18:49:25,Dan Vogel,3520,c#|c++,yes
15665433,C++: Mysteriously huge speedup from keeping one operand in a register,70,3,4028,https://stackoverflow.com/questions/15665433/c-mysteriously-huge-speedup-from-keeping-one-operand-in-a-register,2013-03-27 17:27:25,Sam Manzer,1200,c|c++,no
6725809,trap representation,70,3,13570,https://stackoverflow.com/questions/6725809/trap-representation,2011-07-17 18:22:53,Burt,711,c|c++,no
19511597,How to get address location from latitude and longitude in Google Map.? [closed],70,3,161388,https://stackoverflow.com/questions/19511597/how-to-get-address-location-from-latitude-and-longitude-in-google-map,2013-10-22 07:25:04,Boris Kuzevanov,1092,javascript|php,no
7467840,nl2br() equivalent in javascript [duplicate],70,2,74304,https://stackoverflow.com/questions/7467840/nl2br-equivalent-in-javascript,2011-09-19 07:50:12,X10nD,19.2k,javascript|php,no
11551412,Multiple Main Functions,69,10,24552,https://stackoverflow.com/questions/11551412/multiple-main-functions,Jul 18 '12 at 22:39,Ben,1167,c#|java,no
24914525,Performance issue: Java vs C++,69,9,10921,https://stackoverflow.com/questions/24914525/performance-issue-java-vs-c,2014-07-23 15:21:30,realUser404,1781,c++|java,no
48994486,How to read audio data from a 'MediaStream' object in a C++ addon,69,1,2116,https://stackoverflow.com/questions/48994486/how-to-read-audio-data-from-a-mediastream-object-in-a-c-addon,2018-02-26 18:03:39,John Weisz,20.9k,c++|javascript,no
32136092,How to write C/C++ code correctly when null pointer is not all bits zero,69,5,5150,https://stackoverflow.com/questions/32136092/how-to-write-c-c-code-correctly-when-null-pointer-is-not-all-bits-zero,2015-08-21 08:47:24,ivaigult,4202,c|c++,no
15111526,Complex C declaration,69,7,3220,https://stackoverflow.com/questions/15111526/complex-c-declaration,2013-02-27 11:57:31,Kaunteya,2314,c|c++,no
2087026,Effect of using a comma instead of a semi-colon in C and C++,69,5,20049,https://stackoverflow.com/questions/2087026/effect-of-using-a-comma-instead-of-a-semi-colon-in-c-and-c,2010-01-18 15:25:28,SmacL,21.3k,c|c++,no
940087,What's the correct way to use printf to print a size_t?,69,3,48572,https://stackoverflow.com/questions/940087/whats-the-correct-way-to-use-printf-to-print-a-size-t,2009-06-02 15:07:14,bradtgmurray,12k,c|c++,no
416345,is f(void) deprecated in modern C and C++ [duplicate],69,6,14528,https://stackoverflow.com/questions/416345/is-fvoid-deprecated-in-modern-c-and-c,2009-01-06 12:34:40,SmacL,21.3k,c|c++,no
30018213,ReCaptcha 2.0: enable Submit button on callback if recaptcha successful,69,1,61337,https://stackoverflow.com/questions/30018213/recaptcha-2-0-enable-submit-button-on-callback-if-recaptcha-successful,2015-05-03 19:12:28,thanks_in_advance,2154,javascript|php,no
525992,Resize iframe height according to content height in it,69,10,113757,https://stackoverflow.com/questions/525992/resize-iframe-height-according-to-content-height-in-it,2009-02-08 16:36:24,chinmay,767,javascript|php,no
12689304,ctypes error: libdc1394 error: Failed to initialize libdc1394,68,6,55871,https://stackoverflow.com/questions/12689304/ctypes-error-libdc1394-error-failed-to-initialize-libdc1394,2012-10-02 11:17:59,fredley,27.9k,c++|python,no
46805181,"If I want to round an unsigned integer to the closest smaller or equal even integer, can I divide by 2 then multiply by 2?",68,7,6801,https://stackoverflow.com/questions/46805181/if-i-want-to-round-an-unsigned-integer-to-the-closest-smaller-or-equal-even-inte,2017-10-18 07:49:01,user2370139,1223,c|c++,no
2091499,Why are global and static variables initialized to their default values?,68,5,31386,https://stackoverflow.com/questions/2091499/why-are-global-and-static-variables-initialized-to-their-default-values,2010-01-19 06:15:51,Xinus,25.9k,c|c++,no
2085302,Printing all environment variables in C / C++,68,9,76585,https://stackoverflow.com/questions/2085302/printing-all-environment-variables-in-c-c,2010-01-18 10:30:29,Jay,17k,c|c++,no
28786347,How do I use MS-XCEP and MS-WSTEP in .NET or JavaScript to get a certificate from AD CS?,67,2,1334,https://stackoverflow.com/questions/28786347/how-do-i-use-ms-xcep-and-ms-wstep-in-net-or-javascript-to-get-a-certificate-fro,2015-02-28 20:12:38,goodguys_activate,52.2k,c#|javascript,no
4784336,Two decimal places using printf( ),67,4,205258,https://stackoverflow.com/questions/4784336/two-decimal-places-using-printf,2011-01-24 16:23:55,,,c|c++,no
869883,Why is strncpy insecure?,67,5,49395,https://stackoverflow.com/questions/869883/why-is-strncpy-insecure,2009-05-15 17:16:42,stimms,37.9k,c|c++,no
833291,Is there an equivalent to WinAPI's MAX_PATH under linux/unix?,67,7,67649,https://stackoverflow.com/questions/833291/is-there-an-equivalent-to-winapis-max-path-under-linux-unix,2009-05-07 07:16:35,AndrewR,10.2k,c|c++,no
683462,Best way to integrate Python and JavaScript?,67,12,112118,https://stackoverflow.com/questions/683462/best-way-to-integrate-python-and-javascript,2009-03-25 21:08:11,Jacob Gabrielson,28.1k,javascript|python,yes
5788891,Execute a file with arguments in Python shell,67,11,158730,https://stackoverflow.com/questions/5788891/execute-a-file-with-arguments-in-python-shell,Apr 26 '11 at 10:18,olidev,16.2k,python|shell,no
656715,Trying to pass in a boolean C# variable to a javascript variable and set it to true,66,6,40152,https://stackoverflow.com/questions/656715/trying-to-pass-in-a-boolean-c-sharp-variable-to-a-javascript-variable-and-set-it,2009-03-18 01:58:12,mrblah,83.9k,c#|javascript,yes
1972003,How to compile C code with anonymous structs / unions?,66,10,81569,https://stackoverflow.com/questions/1972003/how-to-compile-c-code-with-anonymous-structs-unions,2009-12-28 23:05:17,solinent,1345,c|c++,no
1585535,Convert RGB to Black & White in OpenCV,66,5,167949,https://stackoverflow.com/questions/1585535/convert-rgb-to-black-white-in-opencv,2009-10-18 17:41:40,mohammed,857,c|c++,no
1036504,Trie implementation [closed],66,12,40798,https://stackoverflow.com/questions/1036504/trie-implementation,2009-06-24 05:17:50,Anton Kazennikov,3396,c|c++,no
5035547,Pass Javascript Array -> PHP,66,5,144643,https://stackoverflow.com/questions/5035547/pass-javascript-array-php,2011-02-17 22:32:33,switz,19.8k,javascript|php,yes
6389417,Should I recommend sealing classes by default?,65,13,5911,https://stackoverflow.com/questions/6389417/should-i-recommend-sealing-classes-by-default,Jun 17 '11 at 17:24,Carlo V. Dango,11.1k,c#|java,no
4411028,Difference between .jar and .dll file,65,3,20229,https://stackoverflow.com/questions/4411028/difference-between-jar-and-dll-file,Dec 10 '10 at 16:30,Tarik,69.8k,c#|java,no
15112055,Passing dynamic javascript values using Url.action(),65,4,127133,https://stackoverflow.com/questions/15112055/passing-dynamic-javascript-values-using-url-action,2013-02-27 12:22:28,Kokila,867,c#|javascript,no
27466642,What kind of optimization does const offer in C/C++?,65,5,20032,https://stackoverflow.com/questions/27466642/what-kind-of-optimization-does-const-offer-in-c-c,2014-12-14 05:27:34,UnTraDe,3219,c|c++,no
17259877,"1D or 2D array, what's faster?",65,7,41458,https://stackoverflow.com/questions/17259877/1d-or-2d-array-whats-faster,2013-06-23 10:36:25,graywolf,5403,c|c++,no
14251038,DEBUG macros in C++,65,9,86097,https://stackoverflow.com/questions/14251038/debug-macros-in-c,2013-01-10 04:53:52,,,c|c++,no
9605556,How to project a point onto a plane in 3D?,65,7,87028,https://stackoverflow.com/questions/9605556/how-to-project-a-point-onto-a-plane-in-3d,2012-03-07 16:39:16,George,5067,c|c++,no
2216239,What is the difference between a static and const variable?,65,17,125737,https://stackoverflow.com/questions/2216239/what-is-the-difference-between-a-static-and-const-variable,2010-02-07 07:09:40,jaimin,659,c|c++,no
18156452,Django csrf token + Angularjs,65,5,33386,https://stackoverflow.com/questions/18156452/django-csrf-token-angularjs,2013-08-09 22:13:28,Preom,1625,javascript|python,no
3461549,What are the use cases of Node.js vs Twisted?,65,2,19761,https://stackoverflow.com/questions/3461549/what-are-the-use-cases-of-node-js-vs-twisted,2010-08-11 18:21:05,pmn,1520,javascript|python,no
2920315,Permutation of array,64,11,120758,https://stackoverflow.com/questions/2920315/permutation-of-array,2010-05-27 10:32:19,dato datuashvili,16.3k,c++|java,no
33835569,C vs C++ struct alignment,64,3,4453,https://stackoverflow.com/questions/33835569/c-vs-c-struct-alignment,2015-11-20 20:31:17,Minor Threat,1805,c|c++,no
32541268,"Can I have Swift, Objective-C, C and C++ files in the same Xcode project?",64,1,22052,https://stackoverflow.com/questions/32541268/can-i-have-swift-objective-c-c-and-c-files-in-the-same-xcode-project,2015-09-12 16:46:49,SwiftArchitect,41.6k,c|c++,yes
7011184,Floating point comparison [duplicate],64,5,14675,https://stackoverflow.com/questions/7011184/floating-point-comparison,2011-08-10 13:01:43,sasidhar,6433,c|c++,no
3698321,g++ linker: force static linking if static library exists?,64,2,58803,https://stackoverflow.com/questions/3698321/g-linker-force-static-linking-if-static-library-exists,2010-09-13 06:52:18,kumar,2316,c|c++,no
2518415,Is there any way a C/C++ program can crash before main()?,64,18,14698,https://stackoverflow.com/questions/2518415/is-there-any-way-a-c-c-program-can-crash-before-main,2010-03-25 18:46:47,Thi,2245,c|c++,no
2245664,What is the type of string literals in C and C++?,64,4,23657,https://stackoverflow.com/questions/2245664/what-is-the-type-of-string-literals-in-c-and-c,2010-02-11 15:54:24,missingfaktor,85.2k,c|c++,no
2190919,Mixing extern and const,64,5,55688,https://stackoverflow.com/questions/2190919/mixing-extern-and-const,2010-02-03 09:32:14,legends2k,26.1k,c|c++,no
1028437,Why Switch/Case and not If/Else If?,64,15,36731,https://stackoverflow.com/questions/1028437/why-switch-case-and-not-if-else-if,2009-06-22 17:26:18,OB OB,3069,c|c++,no
183788,C / C++ compiler warnings: do you clean up all your code to remove them or leave them in?,64,18,10603,https://stackoverflow.com/questions/183788/c-c-compiler-warnings-do-you-clean-up-all-your-code-to-remove-them-or-leave,2008-10-08 17:01:18,KPexEA,15.2k,c|c++,no
3942551,How can I compare two sets of 1000 numbers against each other?,64,26,72360,https://stackoverflow.com/questions/3942551/how-can-i-compare-two-sets-of-1000-numbers-against-each-other,2010-10-15 13:15:35,baklap,2015,javascript|php,no
12235876,Python SimpleHTTPServer with PHP,64,1,48961,https://stackoverflow.com/questions/12235876/python-simplehttpserver-with-php,Sep 2 '12 at 12:16,Abderrahmane,701,php|python,yes
10828707,"What are the differences of system(), exec() and shell_exec() in PHP?",64,1,51460,https://stackoverflow.com/questions/10828707/what-are-the-differences-of-system-exec-and-shell-exec-in-php,May 31 '12 at 6:50,Googlebot,12.1k,php|shell,no
6657690,python getoutput() equivalent in subprocess [duplicate],64,3,92487,https://stackoverflow.com/questions/6657690/python-getoutput-equivalent-in-subprocess,Jul 11 '11 at 22:59,Rafael T,14k,python|shell,no
5818898,Where to put global rules validation in DDD,63,9,15957,https://stackoverflow.com/questions/5818898/where-to-put-global-rules-validation-in-ddd,Apr 28 '11 at 12:52,Sergey Berezovskiy,208k,c#|java,no
52660296,Why does double in C print fewer decimal digits than C++?,63,2,4781,https://stackoverflow.com/questions/52660296/why-does-double-in-c-print-fewer-decimal-digits-than-c,2018-10-05 07:20:05,Raghavendra Gujar,471,c|c++,no
38574148,"Is it bad to declare a C-style string without const? If so, why?",63,8,4917,https://stackoverflow.com/questions/38574148/is-it-bad-to-declare-a-c-style-string-without-const-if-so-why,2016-07-25 17:37:16,Coffee Maker,1415,c|c++,no
33549444,What does the integer suffix J mean?,63,2,3849,https://stackoverflow.com/questions/33549444/what-does-the-integer-suffix-j-mean,2015-11-05 16:08:14,happyMOOyear,1025,c|c++,no
33047452,Definitive List of Common Reasons for Segmentation Faults,63,1,10918,https://stackoverflow.com/questions/33047452/definitive-list-of-common-reasons-for-segmentation-faults,2015-10-09 21:31:42,CodeMouse92,6428,c|c++,no
8908071,Const correctness in C vs C++,63,3,11380,https://stackoverflow.com/questions/8908071/const-correctness-in-c-vs-c,2012-01-18 09:48:11,Alok Save,185k,c|c++,no
2179403,How do you read a segfault kernel log message,63,3,56094,https://stackoverflow.com/questions/2179403/how-do-you-read-a-segfault-kernel-log-message,2010-02-01 19:20:54,Sullenx,631,c|c++,no
27324292,Convert word2vec bin file to text,63,10,46085,https://stackoverflow.com/questions/27324292/convert-word2vec-bin-file-to-text,Dec 5 '14 at 20:39,Glenn,6135,c|python,no
13241615,Find everything between two XML tags with RegEx,63,4,157500,https://stackoverflow.com/questions/13241615/find-everything-between-two-xml-tags-with-regex,Nov 5 '12 at 22:44,Doz,6541,java|php,no
25743994,SyntaxError: JSON.parse: unexpected character at line 1 column 1 of the JSON data,63,14,369720,https://stackoverflow.com/questions/25743994/syntaxerror-json-parse-unexpected-character-at-line-1-column-1-of-the-json-dat,2014-09-09 11:54:04,levent kaya,775,javascript|php,no
19985344,Angularjs - simple form submit,63,5,206874,https://stackoverflow.com/questions/19985344/angularjs-simple-form-submit,2013-11-14 18:21:44,GRowing,3788,javascript|php,no
14711552,External JavaScript file is not getting added when running on Flask,63,4,63735,https://stackoverflow.com/questions/14711552/external-javascript-file-is-not-getting-added-when-running-on-flask,2013-02-05 15:56:41,Tony,930,javascript|python,yes
2815162,Is there a php function like python's zip?,63,13,17638,https://stackoverflow.com/questions/2815162/is-there-a-php-function-like-pythons-zip,May 11 '10 at 23:31,Craig,6673,php|python,no
56057662,What's the difference between const array and static const array in C/C++,62,2,3326,https://stackoverflow.com/questions/56057662/whats-the-difference-between-const-array-and-static-const-array-in-c-c,2019-05-09 10:43:48,Benny K,1491,c|c++,no
16138237,When is uint8_t ¡Ù unsigned char?,62,3,25852,https://stackoverflow.com/questions/16138237/when-is-uint8-t-%e2%89%a0-unsigned-char,2013-04-22 01:45:42,user541686,183k,c|c++,no
12631856,"Difference between rdtscp, rdtsc : memory and cpuid / rdtsc?",62,2,28532,https://stackoverflow.com/questions/12631856/difference-between-rdtscp-rdtsc-memory-and-cpuid-rdtsc,2012-09-28 00:07:46,Steve Lorimer,21.4k,c|c++,no
8469427,How and when to align to cache line size?,62,2,28689,https://stackoverflow.com/questions/8469427/how-and-when-to-align-to-cache-line-size,2011-12-12 02:50:08,Matt,28.8k,c|c++,no
5125241,how to make an application thread safe?,62,4,42009,https://stackoverflow.com/questions/5125241/how-to-make-an-application-thread-safe,2011-02-26 05:22:50,ashmish2,2655,c|c++,no
2369541,Where is `%p` useful with printf?,62,7,117291,https://stackoverflow.com/questions/2369541/where-is-p-useful-with-printf,2010-03-03 07:55:38,Moeb,9471,c|c++,no
109449,Getting a FILE* from a std::fstream,62,7,46000,https://stackoverflow.com/questions/109449/getting-a-file-from-a-stdfstream,2008-09-20 21:19:16,,,c|c++,no
1689015,Run Python script without Windows console appearing,62,4,73739,https://stackoverflow.com/questions/1689015/run-python-script-without-windows-console-appearing,Nov 6 '09 at 17:16,twneale,2540,python|shell,no
858623,How to recognize whether a script is running on a tty?,62,1,2940,https://stackoverflow.com/questions/858623/how-to-recognize-whether-a-script-is-running-on-a-tty,May 13 '09 at 15:24,Pawe¡Ö? Hajdan,16.3k,python|shell,no
2515261,What are the definitions for LPARAM and WPARAM?,61,6,62009,https://stackoverflow.com/questions/2515261/what-are-the-definitions-for-lparam-and-wparam,2010-03-25 12:06:38,Mark Heath,44.1k,c#|c++,no
40172606,Is unevaluated division by 0 undefined behavior?,61,4,3882,https://stackoverflow.com/questions/40172606/is-unevaluated-division-by-0-undefined-behavior,2016-10-21 09:09:28,Luchian Grigore,229k,c|c++,no
24207698,How memset initializes an array of integers by -1?,61,2,24024,https://stackoverflow.com/questions/24207698/how-memset-initializes-an-array-of-integers-by-1,2014-06-13 14:27:12,haccks,94.5k,c|c++,no
7837190,C/C++ global vs static global [duplicate],61,2,75798,https://stackoverflow.com/questions/7837190/c-c-global-vs-static-global,2011-10-20 14:09:02,Vladp,3921,c|c++,no
3623263,Reverse iteration with an unsigned loop variable,61,10,13357,https://stackoverflow.com/questions/3623263/reverse-iteration-with-an-unsigned-loop-variable,2010-09-02 01:37:14,Daniel Paull,6439,c|c++,no
1334055,What Happens When Stack and Heap Collide,61,6,16242,https://stackoverflow.com/questions/1334055/what-happens-when-stack-and-heap-collide,2009-08-26 11:26:45,Namratha Patil,9440,c|c++,no
9934944,Embedding youtube video ¡°Refused to display document because display forbidden by X-Frame-Options¡±,61,6,50752,https://stackoverflow.com/questions/9934944/embedding-youtube-video-refused-to-display-document-because-display-forbidden-b,2012-03-29 23:15:29,Srikan,1951,javascript|php,no
2943542,¡°using¡± keyword in java [duplicate],60,0,21780,https://stackoverflow.com/questions/2943542/using-keyword-in-java,May 31 '10 at 12:36,Jla,10.8k,c#|java,no
26177390,How to create a C project with CLion,60,2,35652,https://stackoverflow.com/questions/26177390/how-to-create-a-c-project-with-clion,2014-10-03 10:34:41,fx773d,601,c|c++,no
21557816,What's the C++ suffix for long double literals?,60,3,43088,https://stackoverflow.com/questions/21557816/whats-the-c-suffix-for-long-double-literals,2014-02-04 16:23:24,Walter,39.4k,c|c++,no
20186809,Endless loop in C/C++ [closed],60,12,106181,https://stackoverflow.com/questions/20186809/endless-loop-in-c-c,2013-11-25 07:23:38,magu_,4080,c|c++,no
12114498,Can a near-zero floating value cause a divide-by-zero error?,60,5,15550,https://stackoverflow.com/questions/12114498/can-a-near-zero-floating-value-cause-a-divide-by-zero-error,2012-08-24 18:03:48,neuviemeporte,5753,c|c++,no
6475373,Optimizations for pow() with const non-integer exponent?,60,10,10678,https://stackoverflow.com/questions/6475373/optimizations-for-pow-with-const-non-integer-exponent,2011-06-25 02:17:16,Cory Nelson,26.2k,c|c++,no
4196201,Where are C/C++ main function's parameters?,60,10,20101,https://stackoverflow.com/questions/4196201/where-are-c-c-main-functions-parameters,2010-11-16 16:06:48,remainn,1015,c|c++,no
243712,Why use hex?,60,12,37540,https://stackoverflow.com/questions/243712/why-use-hex,2008-10-28 15:22:32,AntonioCS,7665,c|c++,no
229924,Difference between files written in binary and text mode,60,6,35659,https://stackoverflow.com/questions/229924/difference-between-files-written-in-binary-and-text-mode,2008-10-23 14:22:25,jholl,1954,c|c++,no
13928729,Use Javascript to access a variable passed through Twig,60,4,59947,https://stackoverflow.com/questions/13928729/use-javascript-to-access-a-variable-passed-through-twig,2012-12-18 08:06:06,clifford.duke,3450,javascript|php,no
1650591,Whether to use ¡°SET NAMES¡±,60,3,51574,https://stackoverflow.com/questions/1650591/whether-to-use-set-names,Oct 30 '09 at 15:41,user187291,49.2k,php|python,no
18706859,Why is this an undefined behavior?,59,2,2577,https://stackoverflow.com/questions/18706859/why-is-this-an-undefined-behavior,2013-09-09 20:54:30,ST3,7738,c|c++,no
15078638,Can I turn unsigned char into char and vice versa?,59,6,57208,https://stackoverflow.com/questions/15078638/can-i-turn-unsigned-char-into-char-and-vice-versa,2013-02-25 23:37:14,user2015453,4034,c|c++,no
7582394,strdup or _strdup?,59,7,45451,https://stackoverflow.com/questions/7582394/strdup-or-strdup,2011-09-28 11:17:57,Amir Saniyan,10.1k,c|c++,no
5057987,What's the point of const void?,59,2,17957,https://stackoverflow.com/questions/5057987/whats-the-point-of-const-void,2011-02-20 15:34:22,fredoverflow,229k,c|c++,no
4158900,Embedding resources in executable using GCC,59,4,26982,https://stackoverflow.com/questions/4158900/embedding-resources-in-executable-using-gcc,2010-11-11 20:21:30,Kos,62.6k,c|c++,no
1733143,Converting between C++ std::vector and C array without copying,59,5,53814,https://stackoverflow.com/questions/1733143/converting-between-c-stdvector-and-c-array-without-copying,2009-11-14 03:33:42,D R,18.3k,c|c++,yes
1253670,Why do round() and ceil() not return an integer?,59,2,21150,https://stackoverflow.com/questions/1253670/why-do-round-and-ceil-not-return-an-integer,2009-08-10 08:16:09,Wookai,17.9k,c|c++,no
11133059,Play 2.x: How to make an AJAX request with a common button,59,5,36294,https://stackoverflow.com/questions/11133059/play-2-x-how-to-make-an-ajax-request-with-a-common-button,2012-06-21 06:58:35,user1434177,1877,java|javascript,no
4803906,Reading a JSP variable from JavaScript,59,5,217231,https://stackoverflow.com/questions/4803906/reading-a-jsp-variable-from-javascript,2011-01-26 11:14:15,Siddiqui,6964,java|javascript,yes
52390562,Google reCaptcha response ¡°Uncaught (in promise) null¡±,59,9,41374,https://stackoverflow.com/questions/52390562/google-recaptcha-response-uncaught-in-promise-null,2018-09-18 16:02:47,FABBRj,753,javascript|php,no
33660712,AngularJS POST Fails: Response for preflight has invalid HTTP status code 404,59,3,170518,https://stackoverflow.com/questions/33660712/angularjs-post-fails-response-for-preflight-has-invalid-http-status-code-404,2015-11-11 22:02:50,Deegriz,1884,javascript|php,no
1954426,Javascript equivalent of PHP's list(),59,9,35478,https://stackoverflow.com/questions/1954426/javascript-equivalent-of-phps-list,2009-12-23 18:11:52,Znarkus,20k,javascript|php,no
33273550,"Why does `int ;` compile fine in C, but not in C++?",58,3,4588,https://stackoverflow.com/questions/33273550/why-does-int-compile-fine-in-c-but-not-in-c,2015-10-22 04:44:16,Destructor,12.9k,c|c++,no
30034171,Return value optimization and copy elision in C,58,2,4912,https://stackoverflow.com/questions/30034171/return-value-optimization-and-copy-elision-in-c,2015-05-04 15:41:05,Z boson,27.8k,c|c++,no
10606807,"Single, double quotes and sizeof('a') in C/C++",58,2,6182,https://stackoverflow.com/questions/10606807/single-double-quotes-and-sizeofa-in-c-c,2012-05-15 18:36:45,Pratt,791,c|c++,no
599744,Question about a function definition (three dots in parameters..),58,4,29473,https://stackoverflow.com/questions/599744/question-about-a-function-definition-three-dots-in-parameters,2009-03-01 12:34:03,ashishsony,2317,c|c++,no
587128,What exactly is va_end for? Is it always necessary to call it?,58,3,14473,https://stackoverflow.com/questions/587128/what-exactly-is-va-end-for-is-it-always-necessary-to-call-it,2009-02-25 18:01:16,Yarik,1092,c|c++,no
138153,Is ncurses available for windows? [closed],58,2,98319,https://stackoverflow.com/questions/138153/is-ncurses-available-for-windows,2008-09-26 07:30:33,gio,733,c|c++,no
20095002,"How to show progress bar while loading, using ajax",58,9,195639,https://stackoverflow.com/questions/20095002/how-to-show-progress-bar-while-loading-using-ajax,2013-11-20 11:43:25,Xavi,2322,javascript|php,no
31353213,Does JavaScript support array/list comprehensions like Python?,58,8,31825,https://stackoverflow.com/questions/31353213/does-javascript-support-array-list-comprehensions-like-python,2015-07-11 03:49:29,A K,854,javascript|python,no
1965249,How to write a Java-enum-like class with multiple data fields in C++?,57,4,13708,https://stackoverflow.com/questions/1965249/how-to-write-a-java-enum-like-class-with-multiple-data-fields-in-c,2009-12-27 05:20:45,missingfaktor,85.2k,c++|java,no
26021337,What is IACA and how do I use it?,57,1,8946,https://stackoverflow.com/questions/26021337/what-is-iaca-and-how-do-i-use-it,2014-09-24 15:53:04,Iwillnotexist Idonotexist,12.5k,c|c++,no
24866303,How do I ask for ¡°at least¡± a size of an int in C,57,4,3592,https://stackoverflow.com/questions/24866303/how-do-i-ask-for-at-least-a-size-of-an-int-in-c,2014-07-21 13:28:13,derekdreery,3100,c|c++,no
23104628,"Technically, how do variadic functions work? How does printf work?",57,2,6161,https://stackoverflow.com/questions/23104628/technically-how-do-variadic-functions-work-how-does-printf-work,2014-04-16 09:00:28,Sebastian Mach,35k,c|c++,no
10004511,Why are string literals l-value while all other literals are r-value?,57,4,6662,https://stackoverflow.com/questions/10004511/why-are-string-literals-l-value-while-all-other-literals-are-r-value,2012-04-04 03:23:13,Alok Save,185k,c|c++,no
7443782,Does dynamic memory allocation differ in C and C++ in popular implementations?,57,5,3934,https://stackoverflow.com/questions/7443782/does-dynamic-memory-allocation-differ-in-c-and-c-in-popular-implementations,2011-09-16 11:08:48,Kerrek SB,415k,c|c++,no
5419356,redirect stdout/stderr to a string,57,5,60901,https://stackoverflow.com/questions/5419356/redirect-stdout-stderr-to-a-string,2011-03-24 12:47:53,Prasanth Madhavan,10.2k,c|c++,no
389827,Namespaces in C,57,10,52207,https://stackoverflow.com/questions/389827/namespaces-in-c,2008-12-23 19:27:28,Kim Stebel,39.8k,c|c++,no
18944027,How do I defer or async this WordPress javascript snippet to load lastly for faster page load times?,57,10,69598,https://stackoverflow.com/questions/18944027/how-do-i-defer-or-async-this-wordpress-javascript-snippet-to-load-lastly-for-fas,2013-09-22 12:54:20,Jason Weber,5193,javascript|php,no
11068247,"In Javascript a dictionary comprehension, or an Object `map`",57,6,19539,https://stackoverflow.com/questions/11068247/in-javascript-a-dictionary-comprehension-or-an-object-map,2012-06-17 01:22:41,Cuadue,2951,javascript|python,no
209281,C# equivalent to java's wait and notify?,56,2,35586,https://stackoverflow.com/questions/209281/c-sharp-equivalent-to-javas-wait-and-notify,Oct 16 '08 at 16:16,Omar Kooheji,49.2k,c#|java,no
2352399,Yield Return In Java,56,9,29954,https://stackoverflow.com/questions/2352399/yield-return-in-java,Feb 28 '10 at 19:51,Kasper Holdum,11k,c#|java,no
20325792,Java thread leaks when calling back from native thread via JNI,56,1,4873,https://stackoverflow.com/questions/20325792/java-thread-leaks-when-calling-back-from-native-thread-via-jni,2013-12-02 10:18:24,Malcolm Wilkins,573,c++|java,yes
14674049,Parallel for vs omp simd: when to use each?,56,3,23554,https://stackoverflow.com/questions/14674049/parallel-for-vs-omp-simd-when-to-use-each,2013-02-03 15:29:00,zr.,6600,c|c++,no
13874179,Can you have a triple minus signs in C programming? What does it mean? [duplicate],56,5,4788,https://stackoverflow.com/questions/13874179/can-you-have-a-triple-minus-signs-in-c-programming-what-does-it-mean,2012-12-14 07:05:35,Joseph Lee,501,c|c++,no
12447557,Can we have recursive macros?,56,5,42350,https://stackoverflow.com/questions/12447557/can-we-have-recursive-macros,2012-09-16 14:11:08,user1367292,759,c|c++,no
6281368,Multi-line DEFINE directives?,56,3,77666,https://stackoverflow.com/questions/6281368/multi-line-define-directives,2011-06-08 15:31:34,Adam S,7945,c|c++,no
5339200,How to create a single instance application in C or C++,56,12,34995,https://stackoverflow.com/questions/5339200/how-to-create-a-single-instance-application-in-c-or-c,2011-03-17 12:49:07,whoi,2852,c|c++,no
3383090,Is returning void valid code?,56,4,8045,https://stackoverflow.com/questions/3383090/is-returning-void-valid-code,2010-08-01 17:49:40,Karel Petranek,14.4k,c|c++,no
2761360,Could I ever want to access the address zero?,56,17,8822,https://stackoverflow.com/questions/2761360/could-i-ever-want-to-access-the-address-zero,2010-05-03 21:31:09,Joel,2647,c|c++,no
1701199,Is there an analogue to Java IllegalStateException in Python?,56,3,8943,https://stackoverflow.com/questions/1701199/is-there-an-analogue-to-java-illegalstateexception-in-python,2009-11-09 14:12:55,Tuure Laurinolli,3288,java|python,no
358225,log4j with timestamp per log entry,56,3,83991,https://stackoverflow.com/questions/358225/log4j-with-timestamp-per-log-entry,2008-12-11 01:44:39,Setori,8834,java|python,no
15757750,How can I call PHP functions by JavaScript?,56,11,387207,https://stackoverflow.com/questions/15757750/how-can-i-call-php-functions-by-javascript,2013-04-02 06:41:42,wallgeek,589,javascript|php,yes
490618,Multiple javascript/css files: best practices?,56,6,19956,https://stackoverflow.com/questions/490618/multiple-javascript-css-files-best-practices,2009-01-29 05:56:37,cletus,561k,javascript|php,no
4145667,How to override the path of PHP to use the MAMP path?,56,13,116515,https://stackoverflow.com/questions/4145667/how-to-override-the-path-of-php-to-use-the-mamp-path,Nov 10 '10 at 14:47,sf_tristanb,7939,php|shell,no
16908236,How to execute Python inline from a bash shell,56,4,41905,https://stackoverflow.com/questions/16908236/how-to-execute-python-inline-from-a-bash-shell,Jun 4 '13 at 1:03,Sean,657,python|shell,yes
11227809,Why is processing a sorted array faster than processing an unsorted array?,24854,26,1528529,https://stackoverflow.com/questions/11227809/why-is-processing-a-sorted-array-faster-than-processing-an-unsorted-array,2012-06-27 13:51:36,GManNickG,444k,c|c++|java,no
47981,"How do you set, clear, and toggle a single bit?",2633,30,1217769,https://stackoverflow.com/questions/47981/how-do-you-set-clear-and-toggle-a-single-bit,2008-09-07 00:42:17,JeffV,45k,c|c++|java,no
2429511,Why do people write the #!/usr/bin/env python shebang on the first line of a Python script?,1074,21,745594,https://stackoverflow.com/questions/2429511/why-do-people-write-the-usr-bin-env-python-shebang-on-the-first-line-of-a-pyt,Mar 11 '10 at 23:50,john garcias,10.8k,c#|python|shell,no
4760215,Running shell command and capturing the output,940,17,1104844,https://stackoverflow.com/questions/4760215/running-shell-command-and-capturing-the-output,Jan 21 '11 at 14:55,Silver Light,35k,java|python|shell,no
204476,What should main() return in C and C++?,711,17,346583,https://stackoverflow.com/questions/204476/what-should-main-return-in-c-and-c,2008-10-15 12:13:48,Joel,13.3k,c|c++|shell,no
119123,Why isn't sizeof for a struct equal to the sum of sizeof of each member?,705,12,201445,https://stackoverflow.com/questions/119123/why-isnt-sizeof-for-a-struct-equal-to-the-sum-of-sizeof-of-each-member,2008-09-23 04:24:47,Kevin,21.9k,c|c++|shell,no
199333,How do I detect unsigned integer multiply overflow?,628,31,330033,https://stackoverflow.com/questions/199333/how-do-i-detect-unsigned-integer-multiply-overflow,2008-10-13 22:53:21,Chris Johnson,9241,c|c++|python,no
63166,How to determine CPU and memory consumption from inside a process?,614,9,317670,https://stackoverflow.com/questions/63166/how-to-determine-cpu-and-memory-consumption-from-inside-a-process,2008-09-15 14:04:43,Lanzelot,13.2k,c|c#|c++,no
4955198,What does ¡°dereferencing¡± a pointer mean?,551,6,589319,https://stackoverflow.com/questions/4955198/what-does-dereferencing-a-pointer-mean,2011-02-10 09:16:22,asir,10.6k,c|c++|java,no
2397984,"Undefined, unspecified and implementation-defined behavior",543,8,57757,https://stackoverflow.com/questions/2397984/undefined-unspecified-and-implementation-defined-behavior,2010-03-07 21:10:30,Zolomon,7821,c|c++|shell,no
13840429,What is the difference between client-side and server-side programming?,506,4,42498,https://stackoverflow.com/questions/13840429/what-is-the-difference-between-client-side-and-server-side-programming,2012-12-12 13:03:00,deceze,454k,java|javascript|php,no
2344524,Java equivalent to #region in C#,498,21,239753,https://stackoverflow.com/questions/2344524/java-equivalent-to-region-in-c-sharp,Feb 26 '10 at 20:14,Pentium10,182k,c|c#|java,no
131803,unsigned int vs. size_t,497,8,208101,https://stackoverflow.com/questions/131803/unsigned-int-vs-size-t,2008-09-25 07:00:03,Rob,67.3k,c|c++|java,no
17307275,What is the printf format specifier for bool?,488,8,722842,https://stackoverflow.com/questions/17307275/what-is-the-printf-format-specifier-for-bool,2013-06-25 20:50:17,maxschlepzig,24.6k,c|c++|javascript,no
10087113,How many levels of pointers can we have?,448,14,47486,https://stackoverflow.com/questions/10087113/how-many-levels-of-pointers-can-we-have,2012-04-10 10:34:17,Parag,6816,c|c++|python,no
2386772,What is the difference between float and double?,427,13,1017047,https://stackoverflow.com/questions/2386772/what-is-the-difference-between-float-and-double,2010-03-05 12:48:32,VaioIsBorn,6563,c|c++|python,no
1993390,Static linking vs dynamic linking,414,17,237518,https://stackoverflow.com/questions/1993390/static-linking-vs-dynamic-linking,2010-01-03 00:06:12,Eloff,17.5k,c|c++|shell,no
10681375,Which is better option to use for dividing an integer number by 2?,407,23,60550,https://stackoverflow.com/questions/10681375/which-is-better-option-to-use-for-dividing-an-integer-number-by-2,2012-05-21 07:54:36,Abhineet,6039,c|c++|java,no
33225947,Can a website detect when you are using selenium with chromedriver?,390,19,194320,https://stackoverflow.com/questions/33225947/can-a-website-detect-when-you-are-using-selenium-with-chromedriver,2015-10-20 00:08:57,Ryan Weinstein,4575,java|javascript|python,no
4514323,Javascript Equivalent to PHP Explode(),358,18,354651,https://stackoverflow.com/questions/4514323/javascript-equivalent-to-php-explode,2010-12-22 22:34:33,Doug Molineux,11.3k,c++|javascript|php,no
31739792,Is uninitialized local variable the fastest random number generator?,329,22,19372,https://stackoverflow.com/questions/31739792/is-uninitialized-local-variable-the-fastest-random-number-generator,2015-07-31 06:52:42,ggrr,7221,c|c++|java,no
25789644,Difference between using Makefile and CMake to compile the code,320,2,127123,https://stackoverflow.com/questions/25789644/difference-between-using-makefile-and-cmake-to-compile-the-code,2014-09-11 14:07:47,rish,3647,c|c++|shell,no
57842756,Why should I always enable compiler warnings?,308,20,29147,https://stackoverflow.com/questions/57842756/why-should-i-always-enable-compiler-warnings,2019-09-08 14:20:35,n. 'pronouns' m.,90.3k,c|c++|java,no
2808398,Easily measure elapsed time,305,26,526702,https://stackoverflow.com/questions/2808398/easily-measure-elapsed-time,2010-05-11 06:04:29,hap497,122k,c|c++|java,no
15004944,max value of integer,294,11,943910,https://stackoverflow.com/questions/15004944/max-value-of-integer,Feb 21 '13 at 14:37,stackuser,3635,c|java|python,no
614794,Detecting superfluous #includes in C/C++?,294,19,98686,https://stackoverflow.com/questions/614794/detecting-superfluous-includes-in-c-c,2009-03-05 13:43:53,shoosh,67.8k,c|c++|python,no
2762568,C/C++ include header file order,293,10,114275,https://stackoverflow.com/questions/2762568/c-c-include-header-file-order,2010-05-04 03:09:22,Anycorn,45.2k,c|c++|java,no
2938502,Sending POST data in Android,291,15,465061,https://stackoverflow.com/questions/2938502/sending-post-data-in-android,May 30 '10 at 11:59,OMGKurtNilsen,4520,java|javascript|php,no
1571340,What is the ¡°assert¡± function?,263,9,296848,https://stackoverflow.com/questions/1571340/what-is-the-assert-function,2009-10-15 09:47:59,eomer,3148,c|c++|java,no
2310483,Purpose of Unions in C and C++,261,15,108860,https://stackoverflow.com/questions/2310483/purpose-of-unions-in-c-and-c,2010-02-22 11:17:19,legends2k,26.1k,c|c++|java,no
88957,What does {0} mean when initializing an object?,253,10,59240,https://stackoverflow.com/questions/88957/what-does-0-mean-when-initializing-an-object,2008-09-18 00:38:36,Mahmoud Al-Qudsi,25.1k,c|c++|shell,no
209470,How to implement common bash idioms in Python? [closed],242,17,113651,https://stackoverflow.com/questions/209470/how-to-implement-common-bash-idioms-in-python,Oct 16 '08 at 17:11,Chris Jefferson,7033,c|python|shell,no
311882,What do 'statically linked' and 'dynamically linked' mean?,234,5,81302,https://stackoverflow.com/questions/311882/what-do-statically-linked-and-dynamically-linked-mean,2008-11-22 23:09:57,UnkwnTech,75k,c|c#|c++,no
1395591,What is exactly the base pointer and stack pointer? To what do they point?,231,8,187112,https://stackoverflow.com/questions/1395591/what-is-exactly-the-base-pointer-and-stack-pointer-to-what-do-they-point,2009-09-08 18:37:01,devoured elysium,86.3k,c|c#|c++,no
9555133,e.printStackTrace equivalent in python,213,4,125731,https://stackoverflow.com/questions/9555133/e-printstacktrace-equivalent-in-python,2012-03-04 13:13:22,koool,13.2k,java|php|python,no
277258,How do I see a C/C++ source file after preprocessing in Visual Studio?,207,10,93409,https://stackoverflow.com/questions/277258/how-do-i-see-a-c-c-source-file-after-preprocessing-in-visual-studio,2008-11-10 07:11:08,Geo,82.1k,c|c++|python,no
5643819,How to get started with developing Internet Explorer extensions?,207,11,83409,https://stackoverflow.com/questions/5643819/how-to-get-started-with-developing-internet-explorer-extensions,2011-04-13 02:40:48,Alex,56.5k,c#|c++|javascript,no
1023306,Finding current executable's path without /proc/self/exe,206,13,107005,https://stackoverflow.com/questions/1023306/finding-current-executables-path-without-proc-self-exe,2009-06-21 06:12:48,Uros Dimitrijevic,2271,c|c++|shell,no
31693,What are the differences between Generics in C# and Java¡­ and Templates in C++? [closed],203,13,50729,https://stackoverflow.com/questions/31693/what-are-the-differences-between-generics-in-c-sharp-and-java-and-templates-i,2008-08-28 05:08:06,pek,16.5k,c#|c++|java,no
2799023,What exactly is a reentrant function?,202,7,80130,https://stackoverflow.com/questions/2799023/what-exactly-is-a-reentrant-function,2010-05-09 20:14:48,Lazer,75.2k,c|c++|python,no
182278,Is there a way to simulate the C++ 'friend' concept in Java?,202,19,80501,https://stackoverflow.com/questions/182278/is-there-a-way-to-simulate-the-c-friend-concept-in-java,2008-10-08 11:37:53,Matthew Murdoch,28.1k,c|c++|java,no
893053,Seeing escape characters when pressing the arrow keys in python shell,196,23,67739,https://stackoverflow.com/questions/893053/seeing-escape-characters-when-pressing-the-arrow-keys-in-python-shell,May 21 '09 at 13:55,Frank,55.6k,php|python|shell,no
18421757,live output from subprocess command,193,15,148602,https://stackoverflow.com/questions/18421757/live-output-from-subprocess-command,Aug 24 '13 at 18:27,DilithiumMatrix,13.9k,c|python|shell,no
16789832,Missing return statement in a non-void method compiles,190,13,9818,https://stackoverflow.com/questions/16789832/missing-return-statement-in-a-non-void-method-compiles,May 28 '13 at 10:32,c.P.u1,13.8k,c#|java|php,no
2018731,"Why is JavaScript called JavaScript, since it has nothing to do with Java? [closed]",190,10,76372,https://stackoverflow.com/questions/2018731/why-is-javascript-called-javascript-since-it-has-nothing-to-do-with-java,2010-01-07 06:56:13,Matthew,24.7k,c++|java|javascript,no
5061310,jQuery returning ¡°parsererror¡± for ajax request,189,16,288507,https://stackoverflow.com/questions/5061310/jquery-returning-parsererror-for-ajax-request,2011-02-21 00:54:28,dkarzon,7283,c#|javascript|php,no
469287,C# vs Java Enum (for those new to C#),182,13,65604,https://stackoverflow.com/questions/469287/c-sharp-vs-java-enum-for-those-new-to-c,Jan 22 '09 at 14:19,Ogre Psalm33,18.7k,c|c#|java,no
5223044,is there a Java equivalent to null coalescing operator (??) in C#? [duplicate],179,6,84730,https://stackoverflow.com/questions/5223044/is-there-a-java-equivalent-to-null-coalescing-operator-in-c,Mar 7 '11 at 17:35,Nikita Ignatov,5916,c|c#|java,no
421860,Capture characters from standard input without waiting for enter to be pressed,179,16,214543,https://stackoverflow.com/questions/421860/capture-characters-from-standard-input-without-waiting-for-enter-to-be-pressed,2009-01-07 20:04:16,Adam,23.4k,c|c++|shell,no
1855459,maximum value of int,177,9,279633,https://stackoverflow.com/questions/1855459/maximum-value-of-int,2009-12-06 13:59:15,d3vdpro,2440,c|c++|java,no
21029174,What's this =! operator? [duplicate],176,13,46468,https://stackoverflow.com/questions/21029174/whats-this-operator,2014-01-09 19:17:59,m0nhawk,19.9k,c|c++|java,no
8205858,Clang vs GCC for my Linux Development project,176,6,102133,https://stackoverflow.com/questions/8205858/clang-vs-gcc-for-my-linux-development-project,2011-11-21 00:01:51,haziz,10.5k,c|c++|python,no
5614941,Mix Razor and Javascript code,176,7,184554,https://stackoverflow.com/questions/5614941/mix-razor-and-javascript-code,2011-04-10 21:45:32,Kyle Brandt,21.5k,c#|javascript|php,yes
1043034,"What does void mean in C, C++, and C#?",171,15,372624,https://stackoverflow.com/questions/1043034/what-does-void-mean-in-c-c-and-c,2009-06-25 10:04:32,Nick Katsivelos,4742,c|c#|c++,no
52442415,"In C++, am I paying for what I am not eating?",170,13,24849,https://stackoverflow.com/questions/52442415/in-c-am-i-paying-for-what-i-am-not-eating,2018-09-21 11:07:37,Saher,1189,c|c++|python,no
341817,Is there a replacement for unistd.h for Windows (Visual C)?,170,9,298872,https://stackoverflow.com/questions/341817/is-there-a-replacement-for-unistd-h-for-windows-visual-c,2008-12-04 19:51:08,AShelly,31.7k,c|c++|shell,no
4650243,Convert Python program to C/C++ code? [closed],157,8,322357,https://stackoverflow.com/questions/4650243/convert-python-program-to-c-c-code,2011-01-10 18:46:12,CrazyFlyingCloseline,1581,c|c++|python,no
2876357,Determine the line of code that causes a segmentation fault?,155,6,190598,https://stackoverflow.com/questions/2876357/determine-the-line-of-code-that-causes-a-segmentation-fault,2010-05-20 17:39:29,,,c|c++|php,no
16361364,Accessing MVC's model property from Javascript,153,6,301453,https://stackoverflow.com/questions/16361364/accessing-mvcs-model-property-from-javascript,2013-05-03 14:32:01,Null Reference,10.2k,c#|java|javascript,yes
5731224,Calling JavaScript Function From CodeBehind,153,21,706185,https://stackoverflow.com/questions/5731224/calling-javascript-function-from-codebehind,2011-04-20 13:37:54,ssmsnet,1836,c#|java|javascript,yes
16539245,Java Equivalent of C# async/await?,151,14,97480,https://stackoverflow.com/questions/16539245/java-equivalent-of-c-sharp-async-await,May 14 '13 at 9:13,user960567,26.8k,c|c#|java,no
1917576,How do I pass JavaScript variables to PHP?,150,14,573795,https://stackoverflow.com/questions/1917576/how-do-i-pass-javascript-variables-to-php,2009-12-16 20:46:04,SUN Jiangong,4531,java|javascript|php,yes
5503352,Const before or const after?,149,7,60308,https://stackoverflow.com/questions/5503352/const-before-or-const-after,2011-03-31 16:48:22,AJG85,14.5k,c|c++|python,no
8550114,Can scrapy be used to scrape dynamic content from websites that are using AJAX?,147,8,126889,https://stackoverflow.com/questions/8550114/can-scrapy-be-used-to-scrape-dynamic-content-from-websites-that-are-using-ajax,2011-12-18 06:03:11,Joseph,3649,java|javascript|python,no
20620300,HTTP Content-Type Header and JSON,146,4,788601,https://stackoverflow.com/questions/20620300/http-content-type-header-and-json,2013-12-16 20:30:52,php_nub_qq,11.9k,javascript|php|python,no
540066,Calling a function from a string in C#,145,7,194910,https://stackoverflow.com/questions/540066/calling-a-function-from-a-string-in-c-sharp,Feb 12 '09 at 4:49,Jeremy Boyd,4637,c|c#|php,no
221185,How to compile and run C/C++ in a Unix console/Mac terminal?,145,16,533955,https://stackoverflow.com/questions/221185/how-to-compile-and-run-c-c-in-a-unix-console-mac-terminal,2008-10-21 08:43:35,P-A,9312,c|c++|shell,no
9191388,It is more efficient to use if-return-return or if-else-return?,144,8,211984,https://stackoverflow.com/questions/9191388/it-is-more-efficient-to-use-if-return-return-or-if-else-return,Feb 8 '12 at 10:20,Jorge Leitao,13.2k,c|java|python,no
1387064,How to get the error message from the error code returned by GetLastError()?,141,11,140989,https://stackoverflow.com/questions/1387064/how-to-get-the-error-message-from-the-error-code-returned-by-getlasterror,2009-09-07 00:05:29,,,c|c#|c++,no
3713,Call ASP.NET function from JavaScript?,140,20,282020,https://stackoverflow.com/questions/3713/call-asp-net-function-from-javascript,2008-08-06 17:16:36,MattSayar,1998,c#|java|javascript,no
2098149,What platforms have something other than 8-bit char?,137,12,20372,https://stackoverflow.com/questions/2098149/what-platforms-have-something-other-than-8-bit-char,2010-01-20 00:03:48,Craig McQueen,35.7k,c|c++|java,no
4817933,What is the equivalent to a JavaScript setInterval/setTimeout in Android/Java?,133,10,93815,https://stackoverflow.com/questions/4817933/what-is-the-equivalent-to-a-javascript-setinterval-settimeout-in-android-java,2011-01-27 14:58:02,karse23,3505,c|java|javascript,no
24080018,Download file from an ASP.NET Web API method using AngularJS,132,8,197142,https://stackoverflow.com/questions/24080018/download-file-from-an-asp-net-web-api-method-using-angularjs,2014-06-06 10:49:44,kvothe,3858,c#|javascript|shell,no
809227,Is it safe to use -1 to set all bits to true?,132,20,35887,https://stackoverflow.com/questions/809227/is-it-safe-to-use-1-to-set-all-bits-to-true,2009-04-30 21:37:02,hyperlogic,6555,c|c++|python,no
11779143,How do I run a Python script from C#?,131,8,251580,https://stackoverflow.com/questions/11779143/how-do-i-run-a-python-script-from-c,Aug 2 '12 at 14:05,Inbar Rose,32.8k,c#|python|shell,yes
5093460,How to convert an enum type variable to a string?,131,33,209755,https://stackoverflow.com/questions/5093460/how-to-convert-an-enum-type-variable-to-a-string,2011-02-23 16:07:37,psihodelia,25.2k,c|c++|php,no
501486,Getting GDB to save a list of breakpoints,130,11,43126,https://stackoverflow.com/questions/501486/getting-gdb-to-save-a-list-of-breakpoints,2009-02-01 20:09:18,casualcoder,4086,c|c++|shell,no
4859129,Python (and Python C API): __new__ versus __init__,128,5,29588,https://stackoverflow.com/questions/4859129/python-and-python-c-api-new-versus-init,Feb 1 '11 at 5:07,Channel72,21.6k,c|c++|python,no
138521,Is it feasible to compile Python to machine code?,128,12,87612,https://stackoverflow.com/questions/138521/is-it-feasible-to-compile-python-to-machine-code,Sep 26 '08 at 9:51,Andy Balaam,5165,c|c++|python,no
9722632,What happens if I define a 0-size array in C/C++?,128,7,63473,https://stackoverflow.com/questions/9722632/what-happens-if-i-define-a-0-size-array-in-c-c,2012-03-15 15:12:42,Alex Koay,2405,c|c++|python,no
985281,What is the closest thing Windows has to fork()?,128,13,107642,https://stackoverflow.com/questions/985281/what-is-the-closest-thing-windows-has-to-fork,2009-06-12 06:36:21,rlbond,57.7k,c|c++|python,no
8867871,Should I return EXIT_SUCCESS or 0 from main()?,127,8,107910,https://stackoverflow.com/questions/8867871/should-i-return-exit-success-or-0-from-main,2012-01-15 06:09:05,Trevor Hickey,30.2k,c|c++|shell,no
355060,C# vs Java generics [duplicate],123,3,48995,https://stackoverflow.com/questions/355060/c-sharp-vs-java-generics,Dec 10 '08 at 4:12,johnc,35.3k,c#|c++|java,no
3899870,print call stack in C or C++,123,13,174012,https://stackoverflow.com/questions/3899870/print-call-stack-in-c-or-c,2010-10-10 10:11:54,Nathan Fellman,104k,c|c++|java,no
3300290,Cast to int vs floor,121,7,81672,https://stackoverflow.com/questions/3300290/cast-to-int-vs-floor,2010-07-21 14:26:31,OgreSwamp,4242,c|c++|php,no
2759845,Why is address zero used for the null pointer?,121,21,36677,https://stackoverflow.com/questions/2759845/why-is-address-zero-used-for-the-null-pointer,2010-05-03 17:16:56,Joel,2647,c|c++|java,no
5739024,Finding duplicates in O(n) time and O(1) space,120,13,26104,https://stackoverflow.com/questions/5739024/finding-duplicates-in-on-time-and-o1-space,2011-04-21 03:02:57,Zaki,1225,c|c++|python,no
18334547,How to use the same C++ code for Android and iOS?,120,2,34677,https://stackoverflow.com/questions/18334547/how-to-use-the-same-c-code-for-android-and-ios,2013-08-20 12:03:08,ademar111190,12.5k,c|c++|java,no
15467298,How far can memory leaks go?,118,9,7790,https://stackoverflow.com/questions/15467298/how-far-can-memory-leaks-go,2013-03-17 22:58:24,DilithiumMatrix,14k,c|c++|java,no
409563,Best practices for exception management in Java or C# [closed],117,15,31193,https://stackoverflow.com/questions/409563/best-practices-for-exception-management-in-java-or-c-sharp,,,,c|c#|java,no
18547114,Why do we need argc while there is always a null at the end of argv?,117,4,6853,https://stackoverflow.com/questions/18547114/why-do-we-need-argc-while-there-is-always-a-null-at-the-end-of-argv,2013-08-31 10:26:52,StarPinkER,13.2k,c|c++|shell,no
1137575,Inline functions vs Preprocessor macros,116,14,78638,https://stackoverflow.com/questions/1137575/inline-functions-vs-preprocessor-macros,2009-07-16 13:26:44,Subodh,1193,c|c++|php,no
19735250,Running a Python script from PHP,114,9,325094,https://stackoverflow.com/questions/19735250/running-a-python-script-from-php,Nov 1 '13 at 20:54,Abandoned account,1495,php|python|shell,yes
2325472,Generate random numbers following a normal distribution in C/C++,114,18,189521,https://stackoverflow.com/questions/2325472/generate-random-numbers-following-a-normal-distribution-in-c-c,2010-02-24 11:16:02,Damien,1283,c|c++|java,no
16132759,Is there auto type inferring in Java?,114,6,75136,https://stackoverflow.com/questions/16132759/is-there-auto-type-inferring-in-java,2013-04-21 15:23:15,Games Brainiac,67.1k,c|c++|java,no
14458508,node.js shell command execution,113,10,154264,https://stackoverflow.com/questions/14458508/node-js-shell-command-execution,2013-01-22 12:25:12,Mike Pennington,37.2k,c++|javascript|shell,no
6687630,How to remove unused C/C++ symbols with GCC and ld?,113,11,109146,https://stackoverflow.com/questions/6687630/how-to-remove-unused-c-c-symbols-with-gcc-and-ld,2011-07-14 01:51:48,Yippie-Ki-Yay,19.2k,c|c++|python,no
22904025,Java or Python for Natural Language Processing [closed],112,2,66178,https://stackoverflow.com/questions/22904025/java-or-python-for-natural-language-processing,2014-04-07 05:08:47,Jin Ling,1223,java|php|python,no
187676,Java equivalents of C# String.Format() and String.Join(),111,16,75273,https://stackoverflow.com/questions/187676/java-equivalents-of-c-sharp-string-format-and-string-join,Oct 9 '08 at 15:04,Omar Kooheji,49.2k,c|c#|java,no
2849832,C/C++ line number,111,10,101470,https://stackoverflow.com/questions/2849832/c-c-line-number,2010-05-17 14:25:55,Betamoo,11.8k,c|c++|java,no
11365039,Will strlen be calculated multiple times if used in a loop condition?,110,18,6948,https://stackoverflow.com/questions/11365039/will-strlen-be-calculated-multiple-times-if-used-in-a-loop-condition,2012-07-06 15:18:52,daisy,18.5k,c|c++|java,no
2602823,In C/C++ what's the simplest way to reverse the order of bits in a byte?,110,35,163720,https://stackoverflow.com/questions/2602823/in-c-c-whats-the-simplest-way-to-reverse-the-order-of-bits-in-a-byte,2010-04-08 19:32:07,nathan,4823,c|c++|php,no
6296837,GCC compile error with >2 GB of code,108,11,24459,https://stackoverflow.com/questions/6296837/gcc-compile-error-with-2-gb-of-code,2011-06-09 17:26:05,bbtrb,3875,c|c++|python,no
7596612,Benchmarking (python vs. c++ using BLAS) and (numpy),108,4,39910,https://stackoverflow.com/questions/7596612/benchmarking-python-vs-c-using-blas-and-numpy,2011-09-29 11:23:25,Woltan,12.6k,c|c++|python,no
2050961,Is ¡°argv[0] = name-of-executable¡± an accepted standard or just a common convention?,104,8,62196,https://stackoverflow.com/questions/2050961/is-argv0-name-of-executable-an-accepted-standard-or-just-a-common-conventi,2010-01-12 17:31:51,Mike Willekes,5451,c|c++|shell,no
10720325,Selenium WebDriver: Wait for complex page with JavaScript to load,103,17,162686,https://stackoverflow.com/questions/10720325/selenium-webdriver-wait-for-complex-page-with-javascript-to-load,May 23 '12 at 12:52,psadac,1962,c#|java|javascript,no
25187926,How to set selected value of jquery select2?,103,28,362107,https://stackoverflow.com/questions/25187926/how-to-set-selected-value-of-jquery-select2,2014-08-07 16:45:52,ClearBoth,1575,java|javascript|php,no
6229769,Execute JavaScript using Selenium WebDriver in C#,103,8,153848,https://stackoverflow.com/questions/6229769/execute-javascript-using-selenium-webdriver-in-c-sharp,2011-06-03 16:12:56,JontyMC,5499,c#|java|javascript,yes
738950,C# or Java: Prepend strings with StringBuilder?,102,12,66042,https://stackoverflow.com/questions/738950/c-sharp-or-java-prepend-strings-with-stringbuilder,Apr 10 '09 at 21:36,burnt1ce,11.9k,c|c#|java,no
275994,What's the best way to do a backwards loop in C/C#/C++?,102,14,144961,https://stackoverflow.com/questions/275994/whats-the-best-way-to-do-a-backwards-loop-in-c-c-c,2008-11-09 15:07:28,MusiGenesis,70.6k,c|c#|c++,no
19292283,0.1 float is greater than 0.1 double. I expected it to be false [duplicate],100,7,8991,https://stackoverflow.com/questions/19292283/0-1-float-is-greater-than-0-1-double-i-expected-it-to-be-false,2013-10-10 09:40:56,Hesham Eraqi,2133,c|c++|python,no
4198804,"How to reliably guess the encoding between MacRoman, CP1252, Latin1, UTF-8, and ASCII",99,7,15479,https://stackoverflow.com/questions/4198804/how-to-reliably-guess-the-encoding-between-macroman-cp1252-latin1-utf-8-and,2010-11-16 20:50:46,tchrist,73.5k,c|java|python,no
3790142,"Java: Equivalent of Python's range(int, int)?",99,13,81429,https://stackoverflow.com/questions/3790142/java-equivalent-of-pythons-rangeint-int,2010-09-24 19:04:50,Nick Heiner,104k,c#|java|python,no
1999607,Download and open PDF file using Ajax,98,15,318807,https://stackoverflow.com/questions/1999607/download-and-open-pdf-file-using-ajax,2010-01-04 13:42:19,Nayn,3126,java|javascript|php,no
42803394,CORS: credentials mode is 'include',96,5,122785,https://stackoverflow.com/questions/42803394/cors-credentials-mode-is-include,2017-03-15 07:23:02,Richard Bailey,1919,c#|java|javascript,no
17135496,WhatsApp API (java/python) [closed],95,5,240880,https://stackoverflow.com/questions/17135496/whatsapp-api-java-python,2013-06-16 16:43:31,rishi,2309,java|php|python,no
204765,Elegant way to search for UTF-8 files with BOM?,94,11,66949,https://stackoverflow.com/questions/204765/elegant-way-to-search-for-utf-8-files-with-bom,Oct 15 '08 at 13:48,vog,15.7k,javascript|php|shell,no
979141,How to programmatically cause a core dump in C/C++,93,10,77908,https://stackoverflow.com/questions/979141/how-to-programmatically-cause-a-core-dump-in-c-c,2009-06-11 03:16:17,hhafez,35.5k,c|c++|shell,no
7776085,Why are memcpy() and memmove() faster than pointer increments?,92,10,32283,https://stackoverflow.com/questions/7776085/why-are-memcpy-and-memmove-faster-than-pointer-increments,2011-10-15 05:50:05,wanderer,1189,c|c++|java,no
5198105,Calling a java method from c++ in Android,91,2,107747,https://stackoverflow.com/questions/5198105/calling-a-java-method-from-c-in-android,2011-03-04 19:04:33,Denys S.,5640,c|c++|java,yes
607176,Java equivalent to JavaScript's encodeURIComponent that produces identical output?,90,13,118506,https://stackoverflow.com/questions/607176/java-equivalent-to-javascripts-encodeuricomponent-that-produces-identical-outpu,2009-03-03 16:42:53,John Topley,104k,c|java|javascript,no
551069,Testing pointers for validity (C/C++),90,29,99583,https://stackoverflow.com/questions/551069/testing-pointers-for-validity-c-c,2009-02-15 15:45:31,noamtm,9794,c|c#|c++,no
3465465,How to use Java-style throws keyword in C#?,89,10,58219,https://stackoverflow.com/questions/3465465/how-to-use-java-style-throws-keyword-in-c,Aug 12 '10 at 7:13,Louis Rhys,29k,c#|java|javascript,no
16571044,How to record webcam and audio using webRTC and a server-based Peer connection,89,8,86845,https://stackoverflow.com/questions/16571044/how-to-record-webcam-and-audio-using-webrtc-and-a-server-based-peer-connection,2013-05-15 17:06:14,Dave Hilditch,4790,c++|javascript|php,no
16137953,Is there a function to copy an array in C/C++?,89,11,358587,https://stackoverflow.com/questions/16137953/is-there-a-function-to-copy-an-array-in-c-c,2013-04-22 01:05:04,J L,1557,c|c++|java,no
15718262,What exactly is the ¡°as-if¡± rule?,89,3,8393,https://stackoverflow.com/questions/15718262/what-exactly-is-the-as-if-rule,2013-03-30 11:57:32,Alok Save,185k,c|c++|java,no
1613230,Uses of C comma operator [duplicate],89,20,21116,https://stackoverflow.com/questions/1613230/uses-of-c-comma-operator,2009-10-23 12:52:06,pythonic metaphor,9096,c|c++|python,no
14155669,Call Python script from bash with argument,87,7,170666,https://stackoverflow.com/questions/14155669/call-python-script-from-bash-with-argument,Jan 4 '13 at 10:48,Jimmy,9871,c|python|shell,yes
23556330,run `nvm use` automatically every time there's a .nvmrc file on the directory,87,10,39359,https://stackoverflow.com/questions/23556330/run-nvm-use-automatically-every-time-theres-a-nvmrc-file-on-the-directory,2014-05-09 03:56:28,Gabo Esquivel,1966,javascript|php|shell,no
234365,Is TCHAR still relevant?,87,12,38264,https://stackoverflow.com/questions/234365/is-tchar-still-relevant,2008-10-24 16:55:50,F¡Ì¡ãbio,2898,c|c++|java,no
69112,What is a symbol table?,87,6,65263,https://stackoverflow.com/questions/69112/what-is-a-symbol-table,2008-09-16 03:14:58,jdt141,4535,c|c++|shell,no
8896,Can I get Memcached running on a Windows (x64) 64bit environment?,87,13,55467,https://stackoverflow.com/questions/8896/can-i-get-memcached-running-on-a-windows-x64-64bit-environment,2008-08-12 14:37:28,RobertTheGrey,8435,c#|c++|php,no
78811,Is there an effective tool to convert C# code to Java code? [duplicate],86,14,126894,https://stackoverflow.com/questions/78811/is-there-an-effective-tool-to-convert-c-sharp-code-to-java-code,Sep 17 '08 at 1:04,,,c|c#|java,no
4003232,How to code a modulo (%) operator in C/C++/Obj-C that handles negative numbers,86,16,238674,https://stackoverflow.com/questions/4003232/how-to-code-a-modulo-operator-in-c-c-obj-c-that-handles-negative-numbers,2010-10-23 09:10:09,P i,23.6k,c|c++|python,no
2146763,Using continue in a switch statement,86,7,104992,https://stackoverflow.com/questions/2146763/using-continue-in-a-switch-statement,2010-01-27 12:24:21,Matt Joiner,94.2k,c|c++|php,no
935664,Possible to call C++ code from C#?,86,7,94559,https://stackoverflow.com/questions/935664/possible-to-call-c-code-from-c,2009-06-01 16:46:38,,,c|c#|c++,yes
727516,What does the unary plus operator do?,86,15,45788,https://stackoverflow.com/questions/727516/what-does-the-unary-plus-operator-do,2009-04-07 20:44:43,vrish88,15.9k,c|c#|c++,no
2963243,does java have something similar to C# properties? [duplicate],84,5,60458,https://stackoverflow.com/questions/2963243/does-java-have-something-similar-to-c-sharp-properties,Jun 3 '10 at 3:59,Nima R,1332,c#|java|javascript,no
19955968,"Why is Math.pow(0, 0) === 1?",84,9,14395,https://stackoverflow.com/questions/19955968/why-is-math-pow0-0-1,2013-11-13 14:12:29,Ionic?? Biz??u,87.2k,c|c++|javascript,no
14512182,How to create websockets server in PHP,84,6,176159,https://stackoverflow.com/questions/14512182/how-to-create-websockets-server-in-php,2013-01-24 22:42:14,Dharman,16.7k,c++|javascript|php,no
10200910,Creating a ¡°Hello World¡± WebSocket example,84,5,203223,https://stackoverflow.com/questions/10200910/creating-a-hello-world-websocket-example,2012-04-18 00:01:59,Tono Nam,27.8k,c#|javascript|php,no
5919663,How does photoshop blend two images together? [closed],84,4,30752,https://stackoverflow.com/questions/5919663/how-does-photoshop-blend-two-images-together,2011-05-07 07:17:20,Nathan Moinvaziri,5114,c|c#|c++,no
22481134,Is it ever OK to *not* use free() on allocated memory?,83,11,7945,https://stackoverflow.com/questions/22481134/is-it-ever-ok-to-not-use-free-on-allocated-memory,2014-03-18 13:38:36,Nick,9186,c|c++|shell,no
5736968,Why is CUDA pinned memory so fast?,83,3,26888,https://stackoverflow.com/questions/5736968/why-is-cuda-pinned-memory-so-fast,2011-04-20 21:39:50,Gearoid Murphy,10.5k,c|c++|php,no
3791259,Where does the word ¡°pragma¡± come from?,83,5,12244,https://stackoverflow.com/questions/3791259/where-does-the-word-pragma-come-from,2010-09-24 21:48:45,MGSoto,2235,c|c#|c++,no
166944,Calling Python in PHP,82,9,162775,https://stackoverflow.com/questions/166944/calling-python-in-php,Oct 3 '08 at 13:44,Benny Wong,6173,php|python|shell,yes
13175510,Call Python function from JavaScript code,82,5,211024,https://stackoverflow.com/questions/13175510/call-python-function-from-javascript-code,2012-11-01 10:52:29,xralf,15.1k,javascript|python|shell,yes
3944505,Detecting signed overflow in C/C++,82,12,26337,https://stackoverflow.com/questions/3944505/detecting-signed-overflow-in-c-c,2010-10-15 17:16:11,Channel72,21.8k,c|c++|javascript,no
9000479,Equivalent of #region for C++,82,10,40089,https://stackoverflow.com/questions/9000479/equivalent-of-region-for-c,2012-01-25 09:40:35,SirYakalot,8185,c|c#|c++,no
1126930,Is it possible to go into ipython from code?,81,13,21513,https://stackoverflow.com/questions/1126930/is-it-possible-to-go-into-ipython-from-code,Jul 14 '09 at 17:45,Geo,81.5k,c|python|shell,no
153748,How to inject Javascript in WebBrowser control?,81,15,159839,https://stackoverflow.com/questions/153748/how-to-inject-javascript-in-webbrowser-control,2008-09-30 16:05:54,jsight,25.9k,c#|c++|javascript,no
51677855,Is using an unsigned rather than signed int more likely to cause bugs? Why?,81,7,6064,https://stackoverflow.com/questions/51677855/is-using-an-unsigned-rather-than-signed-int-more-likely-to-cause-bugs-why,2018-08-03 17:57:11,user7586189,1155,c|c++|java,no
3476093,Replacing ld with gold - any experience?,81,8,45012,https://stackoverflow.com/questions/3476093/replacing-ld-with-gold-any-experience,2010-08-13 10:46:11,IanH,3499,c|c++|php,no
2896623,How to prevent my site page to be loaded via 3rd party site frame of iFrame,80,6,66320,https://stackoverflow.com/questions/2896623/how-to-prevent-my-site-page-to-be-loaded-via-3rd-party-site-frame-of-iframe,May 24 '10 at 11:32,abovesun,5264,javascript|php|python,no
2187821,What is the equivalent of php's print_r() in python?,79,9,66132,https://stackoverflow.com/questions/2187821/what-is-the-equivalent-of-phps-print-r-in-python,Feb 2 '10 at 21:24,ensnare,31.8k,javascript|php|python,no
15597067,How To Run PHP From Windows Command Line in WAMPServer,79,11,217793,https://stackoverflow.com/questions/15597067/how-to-run-php-from-windows-command-line-in-wampserver,Mar 24 '13 at 9:53,Daman,905,php|python|shell,no
6102948,Why does modulus division (%) only work with integers?,79,9,120006,https://stackoverflow.com/questions/6102948/why-does-modulus-division-only-work-with-integers,2011-05-23 20:57:43,Brendan Long,47.5k,c|c++|python,no
5561701,Differences between node.js and Tornado [closed],78,5,29031,https://stackoverflow.com/questions/5561701/differences-between-node-js-and-tornado,2011-04-06 05:06:40,coffee-grinder,24.3k,c|javascript|python,no
1728472,I want to start reading the Python source code. Where should I start [closed],77,5,15027,https://stackoverflow.com/questions/1728472/i-want-to-start-reading-the-python-source-code-where-should-i-start,,,,c|java|python,no
245062,What's the difference between JavaScript and Java?,77,15,419511,https://stackoverflow.com/questions/245062/whats-the-difference-between-javascript-and-java,2008-10-28 22:10:11,Guy,57.8k,c|java|javascript,no
7146813,When is an integer<->pointer cast actually correct?,77,15,6739,https://stackoverflow.com/questions/7146813/when-is-an-integer-pointer-cast-actually-correct,2011-08-22 11:31:15,Kos,62.6k,c|c++|java,no
2410976,How to define a string literal in gcc command line?,77,8,59927,https://stackoverflow.com/questions/2410976/how-to-define-a-string-literal-in-gcc-command-line,2010-03-09 17:13:31,richard,1207,c|c++|shell,no
9056159,websocket closing connection automatically,76,12,124128,https://stackoverflow.com/questions/9056159/websocket-closing-connection-automatically,2012-01-29 19:44:04,Doua Beri,8596,java|javascript|python,no
26843347,Unusual usage of .h file in C,76,13,7410,https://stackoverflow.com/questions/26843347/unusual-usage-of-h-file-in-c,2014-11-10 11:59:19,artsin,1214,c|c++|python,no
153074,Tool to visualise code flow (C/C++) [closed],76,16,63229,https://stackoverflow.com/questions/153074/tool-to-visualise-code-flow-c-c,2008-09-30 13:45:04,Dprado,1480,c|c++|java,no
14205096,c++11 regex slower than python,76,4,20885,https://stackoverflow.com/questions/14205096/c11-regex-slower-than-python,2013-01-07 22:20:33,locojay,6296,c|c++|python,no
126781,C++ union in C#,76,6,47183,https://stackoverflow.com/questions/126781/c-union-in-c-sharp,2008-09-24 12:20:32,Viktor Elofsson,1459,c|c#|c++,yes
7416445,What is use of c_str function In c++,75,7,171201,https://stackoverflow.com/questions/7416445/what-is-use-of-c-str-function-in-c,2011-09-14 12:37:49,Amit Singh Tomar,7400,c|c++|python,no
12900695,How to obtain JNI interface pointer (JNIEnv *) for asynchronous calls,74,2,60720,https://stackoverflow.com/questions/12900695/how-to-obtain-jni-interface-pointer-jnienv-for-asynchronous-calls,Oct 15 '12 at 17:15,Akhilesh,1200,c|c++|java,yes
4509039,Why the strange indentation on switch statements?,74,6,23552,https://stackoverflow.com/questions/4509039/why-the-strange-indentation-on-switch-statements,Dec 22 '10 at 12:13,fasseg,16.1k,c|c++|java,no
61624859,why does long long 2147483647 + 1 = -2147483648? [duplicate],74,4,5699,https://stackoverflow.com/questions/61624859/why-does-long-long-2147483647-1-2147483648,2020-05-05 23:37:23,Hoseong Jeon,1109,c|c++|java,no
26771692,Loop with a zero execution time,74,4,4600,https://stackoverflow.com/questions/26771692/loop-with-a-zero-execution-time,2014-11-06 04:23:02,user3678189,927,c|c++|php,no
1538644,C - determine if a number is prime,73,11,183757,https://stackoverflow.com/questions/1538644/c-determine-if-a-number-is-prime,Oct 8 '09 at 15:45,Jimmy,9176,c|c#|shell,no
2058715,Is there an interactive interpreter for C#? [closed],73,12,27583,https://stackoverflow.com/questions/2058715/is-there-an-interactive-interpreter-for-c,Jan 13 '10 at 17:13,Seth,38k,c#|python|shell,no
2920752,Is there a standard way to encode a .NET string into JavaScript string for use in MS Ajax?,73,3,37931,https://stackoverflow.com/questions/2920752/is-there-a-standard-way-to-encode-a-net-string-into-javascript-string-for-use-i,2010-05-27 11:45:02,Rich Andrews,4088,c|c#|javascript,no
13432800,Does performance differ between Python or C++ coding of OpenCV?,73,4,56515,https://stackoverflow.com/questions/13432800/does-performance-differ-between-python-or-c-coding-of-opencv,2012-11-17 17:14:44,erogol,10.5k,c|c++|python,no
1010645,What does the registerNatives() method do?,72,2,40288,https://stackoverflow.com/questions/1010645/what-does-the-registernatives-method-do,Jun 18 '09 at 3:30,Hubris,1344,c|c++|java,no
12203443,Is native PHP support for Web Sockets available?,72,1,58509,https://stackoverflow.com/questions/12203443/is-native-php-support-for-web-sockets-available,2012-08-30 18:44:16,,,java|javascript|php,no
37048006,Why would one use MACRO+0 !=0,72,4,4520,https://stackoverflow.com/questions/37048006/why-would-one-use-macro0-0,2016-05-05 10:19:04,Mircea Ispas,17.9k,c|c++|shell,no
2331751,Does the size of an int depend on the compiler and/or processor?,72,10,44995,https://stackoverflow.com/questions/2331751/does-the-size-of-an-int-depend-on-the-compiler-and-or-processor,2010-02-25 04:59:45,Vijay,57k,c|c++|java,no
32010172,"What is the difference between a variable, object, and reference? [duplicate]",71,5,33506,https://stackoverflow.com/questions/32010172/what-is-the-difference-between-a-variable-object-and-reference,Aug 14 '15 at 12:30,,,c#|c++|java,no
693952,How to Compile for OS X in Linux or Windows?,71,11,75337,https://stackoverflow.com/questions/693952/how-to-compile-for-os-x-in-linux-or-windows,2009-03-29 01:37:27,Unknown,41.9k,c|c++|java,no
610934,Why would you use 'extern ¡°C++¡±'?,71,10,32974,https://stackoverflow.com/questions/610934/why-would-you-use-extern-c,2009-03-04 14:59:39,Les,1120,c|c++|java,no
8754080,How to get exact browser name and version?,70,8,196128,https://stackoverflow.com/questions/8754080/how-to-get-exact-browser-name-and-version,2012-01-06 06:09:34,Awan,15.1k,java|javascript|php,no
14997165,Fastest way to get a positive modulo in C/C++,69,9,40091,https://stackoverflow.com/questions/14997165/fastest-way-to-get-a-positive-modulo-in-c-c,2013-02-21 07:57:09,Nathaniel,5926,c|c++|python,no
37522462,Visual Studio Code includePath,68,7,207044,https://stackoverflow.com/questions/37522462/visual-studio-code-includepath,2016-05-30 09:42:59,stdio.h,683,c|c++|shell,no
3923299,How to pass C structs back and forth to Java code in JNI?,67,4,44460,https://stackoverflow.com/questions/3923299/how-to-pass-c-structs-back-and-forth-to-java-code-in-jni,Oct 13 '10 at 11:53,Nik Reiman,34.9k,c|c++|java,yes
2910377,Get home directory in Linux,67,3,73560,https://stackoverflow.com/questions/2910377/get-home-directory-in-linux,2010-05-26 05:53:26,Alex F,37.9k,c|c++|shell,no
347920,"What do 1.#INF00, -1.#IND00 and -1.#IND mean?",67,4,96346,https://stackoverflow.com/questions/347920/what-do-1-inf00-1-ind00-and-1-ind-mean,2008-12-07 19:00:04,Hoffmann,12.2k,c|c#|c++,no
621228,How do you make websites with Java? [closed],66,7,180059,https://stackoverflow.com/questions/621228/how-do-you-make-websites-with-java,Mar 7 '09 at 3:10,,,java|php|python,no
1168451,Is shifting bits faster than multiplying and dividing in Java? .NET? [closed],66,12,27403,https://stackoverflow.com/questions/1168451/is-shifting-bits-faster-than-multiplying-and-dividing-in-java-net,Jul 22 '09 at 21:43,,,c|c#|java,no
61644911,Why do you need to recompile C/C++ for each OS? [duplicate],66,7,2912,https://stackoverflow.com/questions/61644911/why-do-you-need-to-recompile-c-c-for-each-os,2020-05-06 20:36:20,Nassim Assaf,693,c|c++|java,no
35987493,Return void type in C and C++,66,5,10577,https://stackoverflow.com/questions/35987493/return-void-type-in-c-and-c,2016-03-14 12:24:01,Nick,7932,c|c++|java,no
1907565,C and Python - different behaviour of the modulo (%) operation,65,6,16870,https://stackoverflow.com/questions/1907565/c-and-python-different-behaviour-of-the-modulo-operation,Dec 15 '09 at 13:46,psihodelia,25k,c|python|shell,no
7650674,Google AngularJS Framework - Worth the risk?,65,8,23649,https://stackoverflow.com/questions/7650674/google-angularjs-framework-worth-the-risk,2011-10-04 15:55:37,TGuimond,5205,c#|java|javascript,no
4930307,Fastest way to get the integer part of sqrt(n)?,65,11,54770,https://stackoverflow.com/questions/4930307/fastest-way-to-get-the-integer-part-of-sqrtn,2011-02-08 06:42:03,Nawaz,316k,c|c++|java,no
27857,C/C++ source code visualization? [closed],65,8,52791,https://stackoverflow.com/questions/27857/c-c-source-code-visualization,2008-08-26 12:15:02,Avinash,1305,c|c++|python,no
2211867,How do I call C++/CLI from C#?,65,4,83330,https://stackoverflow.com/questions/2211867/how-do-i-call-c-cli-from-c,2010-02-06 03:15:05,master chief,751,c|c#|c++,yes
8237645,How to Add Linux Executable Files to .gitignore?,64,6,25944,https://stackoverflow.com/questions/8237645/how-to-add-linux-executable-files-to-gitignore,2011-11-23 05:17:23,haziz,10.5k,c|c++|python,no
492703,.Net vs Java Garbage Collector ,63,5,16274,https://stackoverflow.com/questions/492703/net-vs-java-garbage-collector,Jan 29 '09 at 18:00,Mike,631,c|c#|java,no
1773897,Why is argc an 'int' (rather than an 'unsigned int')?,63,13,5372,https://stackoverflow.com/questions/1773897/why-is-argc-an-int-rather-than-an-unsigned-int,2009-11-20 23:40:56,Catskul,14.9k,c|c++|java,no
437432,Is there a way to find all the functions exposed by a dll,63,12,77166,https://stackoverflow.com/questions/437432/is-there-a-way-to-find-all-the-functions-exposed-by-a-dll,2009-01-12 23:20:39,minty,20.7k,c|c++|shell,no
2339371,"As a Java programmer learning Python, what should I look out for? [closed]",62,7,14231,https://stackoverflow.com/questions/2339371/as-a-java-programmer-learning-python-what-should-i-look-out-for,2010-02-26 03:48:47,froadie,68.2k,java|python|shell,no
896867,Tool to convert java to c# code [closed],62,4,155311,https://stackoverflow.com/questions/896867/tool-to-convert-java-to-c-sharp-code,May 22 '09 at 8:27,sean,9002,c#|java|php,no
4964456,Make Javascript do List Comprehension,62,10,25830,https://stackoverflow.com/questions/4964456/make-javascript-do-list-comprehension,2011-02-11 00:44:37,Chris W.,30.4k,c#|javascript|python,no
14111831,PDF specifications for coders: Adobe or ISO?,62,2,17621,https://stackoverflow.com/questions/14111831/pdf-specifications-for-coders-adobe-or-iso,2013-01-01 15:54:36,user1824407,3503,c|c#|c++,no
21694901,Difference between Python self and Java this,61,4,63417,https://stackoverflow.com/questions/21694901/difference-between-python-self-and-java-this,2014-02-11 06:40:15,Bayko,1008,c++|java|python,no
1164810,Using Python from within Java [duplicate],61,7,86708,https://stackoverflow.com/questions/1164810/using-python-from-within-java,2009-07-22 12:04:15,Liam,788,c|java|python,no
3754597,Java Equivalent to .NET's String.Format,61,6,27346,https://stackoverflow.com/questions/3754597/java-equivalent-to-nets-string-format,Sep 20 '10 at 19:03,BuddyJoe,62.3k,c|c#|java,no
7372918,What's the Use of '\r' escape sequence?,61,8,160777,https://stackoverflow.com/questions/7372918/whats-the-use-of-r-escape-sequence,2011-09-10 16:08:42,Ant's,12.1k,c|c++|shell,no
5040920,Converting from signed char to unsigned char and back again?,61,5,103633,https://stackoverflow.com/questions/5040920/converting-from-signed-char-to-unsigned-char-and-back-again,2011-02-18 11:47:28,rbcc,2322,c|c++|java,no
654713,.o files vs .a files,61,5,32516,https://stackoverflow.com/questions/654713/o-files-vs-a-files,2009-03-17 15:20:45,,,c|c++|java,no
3286448,"Calling a python method from C/C++, and extracting its return value",61,8,70337,https://stackoverflow.com/questions/3286448/calling-a-python-method-from-c-c-and-extracting-its-return-value,2010-07-20 01:54:41,D R,18.3k,c|c++|python,yes
2928827,Access PHP var from external javascript file,60,12,81848,https://stackoverflow.com/questions/2928827/access-php-var-from-external-javascript-file,2010-05-28 12:13:34,FFish,10.1k,java|javascript|php,yes
847396,"Compile a DLL in C/C++, then call it from another program",60,5,116417,https://stackoverflow.com/questions/847396/compile-a-dll-in-c-c-then-call-it-from-another-program,2009-05-11 09:41:10,Carson Myers,32.8k,c|c++|shell,no
11474391,Is there go up line character? (Opposite of \n),59,4,47282,https://stackoverflow.com/questions/11474391/is-there-go-up-line-character-opposite-of-n,2012-07-13 16:19:33,Sponge Bob,1055,c|c++|python,no
658403,How would you implement a basic event-loop?,59,5,35644,https://stackoverflow.com/questions/658403/how-would-you-implement-a-basic-event-loop,2009-03-18 14:12:02,fengshaun,1841,c|c++|python,no
15660722,Why are Cdecl calls often mismatched in the ¡°standard¡± P/Invoke Convention?,59,2,18944,https://stackoverflow.com/questions/15660722/why-are-cdecl-calls-often-mismatched-in-the-standard-p-invoke-convention,2013-03-27 13:58:56,Kadaj Nakamura,814,c|c#|c++,no
17549123,C# performance - Using unsafe pointers instead of IntPtr and Marshal,58,7,30142,https://stackoverflow.com/questions/17549123/c-sharp-performance-using-unsafe-pointers-instead-of-intptr-and-marshal,Jul 9 '13 at 13:14,kol,23.1k,c|c#|c++,no
50869790,Addition assignment += behavior in expression,58,3,3158,https://stackoverflow.com/questions/50869790/addition-assignment-behavior-in-expression,2018-06-15 05:51:15,11thdimension,8622,c++|java|javascript,no
35226128,Are C/C++ fundamental types atomic?,58,4,7961,https://stackoverflow.com/questions/35226128/are-c-c-fundamental-types-atomic,2016-02-05 14:04:16,carmellose,3843,c|c#|c++,no
20800684,Why is a = (a+b) - (b=a) a bad choice for swapping two integers?,58,10,7903,https://stackoverflow.com/questions/20800684/why-is-a-ab-b-a-a-bad-choice-for-swapping-two-integers,2013-12-27 12:24:38,ashfaque,522,c|c#|c++,no
653336,Should a buffer of bytes be signed or unsigned char buffer?,58,14,25867,https://stackoverflow.com/questions/653336/should-a-buffer-of-bytes-be-signed-or-unsigned-char-buffer,2009-03-17 07:52:04,jackhab,14.3k,c|c++|java,no
10097491,Call and receive output from Python script in Java?,57,10,154391,https://stackoverflow.com/questions/10097491/call-and-receive-output-from-python-script-in-java,2012-04-10 22:40:51,404 Not Found,2585,c|java|python,yes
816055,Graph database for .NET [closed],57,16,30871,https://stackoverflow.com/questions/816055/graph-database-for-net,May 3 '09 at 1:25,Antonello,1216,c#|java|python,no
21246818,how to get the base url in javascript,57,10,181881,https://stackoverflow.com/questions/21246818/how-to-get-the-base-url-in-javascript,2014-01-21 00:19:52,Nehemias Herrera,1555,java|javascript|php,no
35795110,Fast way to generate pseudo-random bits with a given probability of 0 or 1 for each bit,57,10,4941,https://stackoverflow.com/questions/35795110/fast-way-to-generate-pseudo-random-bits-with-a-given-probability-of-0-or-1-for-e,2016-03-04 11:38:49,o9000,1433,c|c++|python,no
2950029,What does 'unsigned temp:3' in a struct or union mean? [duplicate],57,4,15053,https://stackoverflow.com/questions/2950029/what-does-unsigned-temp3-in-a-struct-or-union-mean,2010-06-01 13:16:29,Munir Ahmed,581,c|c++|java,no
13152252,Is there a compact equivalent to Python range() in C++/STL,57,10,30910,https://stackoverflow.com/questions/13152252/is-there-a-compact-equivalent-to-python-range-in-c-stl,2012-10-31 06:16:16,M-V,4717,c|c++|python,no
1615813,How to use C++ classes with ctypes?,57,5,49040,https://stackoverflow.com/questions/1615813/how-to-use-c-classes-with-ctypes,2009-10-23 20:51:00,j¡Ì?rg,2951,c|c++|python,yes
802578,`final` keyword equivalent for variables in Python?,56,11,57403,https://stackoverflow.com/questions/802578/final-keyword-equivalent-for-variables-in-python,2009-04-29 14:21:07,Jason Coon,14.3k,c++|java|python,no
3925093,Python's list comprehension vs .NET LINQ,56,4,16279,https://stackoverflow.com/questions/3925093/pythons-list-comprehension-vs-net-linq,Oct 13 '10 at 15:02,prosseek,143k,c|c#|python,no
19548531,Unit of Work + Repository Pattern: The Fall of the Business Transaction Concept,56,7,42622,https://stackoverflow.com/questions/19548531/unit-of-work-repository-pattern-the-fall-of-the-business-transaction-concept,Oct 23 '13 at 17:32,Alireza,8380,c|c#|java,no
33514840,How to draw a shape using a piece of image in php,56,5,1764,https://stackoverflow.com/questions/33514840/how-to-draw-a-shape-using-a-piece-of-image-in-php,2015-11-04 06:09:37,Anshul Mishra,1516,java|javascript|php,no
19292318,Is there any reason for using if(1 || !Foo())?,56,4,3732,https://stackoverflow.com/questions/19292318/is-there-any-reason-for-using-if1-foo,2013-10-10 09:42:35,Elad Benda,28.8k,c|c#|c++,no
3757108,Contents of a static library,56,5,57403,https://stackoverflow.com/questions/3757108/contents-of-a-static-library,2010-09-21 03:31:09,Prasoon Saurav,83.1k,c|c++|python,no
2287451,"How to perform atomic operations on Linux that work on x86, arm, GCC and icc?",56,9,28288,https://stackoverflow.com/questions/2287451/how-to-perform-atomic-operations-on-linux-that-work-on-x86-arm-gcc-and-icc,2010-02-18 09:18:41,Artyom,30.3k,c|c++|php,no
21934,Why Java and Python garbage collection methods are different?,55,9,17343,https://stackoverflow.com/questions/21934/why-java-and-python-garbage-collection-methods-are-different,2008-08-22 07:35:26,popopome,11k,c|java|python,no
287633,Java - C-Like Fork?,55,3,29351,https://stackoverflow.com/questions/287633/java-c-like-fork,Nov 13 '08 at 17:37,sakana,3761,c|java|shell,no
8282231,"I have Python on my Ubuntu system, but gcc can't find Python.h",55,14,105530,https://stackoverflow.com/questions/8282231/i-have-python-on-my-ubuntu-system-but-gcc-cant-find-python-h,Nov 26 '11 at 22:49,user979344,693,c|c++|python,no
19556139,Get SQL query count during a Django shell session,55,3,22274,https://stackoverflow.com/questions/19556139/get-sql-query-count-during-a-django-shell-session,Oct 24 '13 at 3:02,Jian,7318,c|python|shell,no
1445989,Passing Python Data to JavaScript via Django,55,7,79476,https://stackoverflow.com/questions/1445989/passing-python-data-to-javascript-via-django,2009-09-18 17:52:53,chernevik,3640,java|javascript|python,yes
39867396,How to call machine code stored in char array?,55,6,13949,https://stackoverflow.com/questions/39867396/how-to-call-machine-code-stored-in-char-array,2016-10-05 07:02:17,user5406764,1073,c|c++|shell,no
10461331,What are the incompatible differences between C(99) and C++(11)?,55,4,9669,https://stackoverflow.com/questions/10461331/what-are-the-incompatible-differences-between-c99-and-c11,2012-05-05 11:19:44,Martin Ba,32.1k,c|c#|c++,no
125828,Capturing stdout from a system() command optimally [duplicate],55,10,80827,https://stackoverflow.com/questions/125828/capturing-stdout-from-a-system-command-optimally,2008-09-24 07:27:35,SinisterDex,763,c|c++|shell,no
6025082,Headless Browser for Python (Javascript support REQUIRED!) [closed],54,6,39168,https://stackoverflow.com/questions/6025082/headless-browser-for-python-javascript-support-required,2011-05-17 00:45:58,Cecil Rodriguez,7447,java|javascript|python,no
5825165,JavaScript: Alert.Show(message) From ASP.NET Code-behind,54,26,403280,https://stackoverflow.com/questions/5825165/javascript-alert-showmessage-from-asp-net-code-behind,2011-04-28 21:19:02,RG-3,5428,c#|java|javascript,no
2042780,How to raise warning if return value is disregarded?,54,8,11906,https://stackoverflow.com/questions/2042780/how-to-raise-warning-if-return-value-is-disregarded,2010-01-11 15:33:03,Drakosha,11.2k,c|c++|shell,no
22955178,Why does Java read a big file faster than C++?,54,5,8191,https://stackoverflow.com/questions/22955178/why-does-java-read-a-big-file-faster-than-c,2014-04-09 07:04:17,dodolong,655,c|c++|java,no
7154654,Why doesn't Java have initializer lists like in C++?,54,3,20111,https://stackoverflow.com/questions/7154654/why-doesnt-java-have-initializer-lists-like-in-c,2011-08-22 23:08:41,Jesse Good,44.8k,c|c++|java,no
2663841,python tracing a segmentation fault,53,5,36955,https://stackoverflow.com/questions/2663841/python-tracing-a-segmentation-fault,Apr 18 '10 at 20:35,pygabriel,9180,c|python|shell,no
302914,CRC32 C or C++ implementation [closed],53,9,121625,https://stackoverflow.com/questions/302914/crc32-c-or-c-implementation,2008-11-19 18:41:37,twk,14.9k,c|c++|python,no
13293888,How to call a C# library from Native C++ (using C++\CLI and IJW),53,6,65576,https://stackoverflow.com/questions/13293888/how-to-call-a-c-sharp-library-from-native-c-using-c-cli-and-ijw,2012-11-08 16:58:57,amalgamate,1871,c|c#|c++,yes
60601908,Absolute value abs(x) using bitwise operators and Boolean logic [duplicate],52,4,8008,https://stackoverflow.com/questions/60601908/absolute-value-absx-using-bitwise-operators-and-boolean-logic,2020-03-09 13:47:45,beta_me me_beta,836,c|c++|java,no
7156908,SSE intrinsic functions reference [closed],52,5,35363,https://stackoverflow.com/questions/7156908/sse-intrinsic-functions-reference,2011-08-23 06:07:31,NGaffney,1474,c|c++|java,no
939778,Linux API to list running processes?,52,9,84160,https://stackoverflow.com/questions/939778/linux-api-to-list-running-processes,2009-06-02 14:06:38,Thomi,11k,c|c++|php,no
646217,How to run a bash script from C++ program,52,5,117153,https://stackoverflow.com/questions/646217/how-to-run-a-bash-script-from-c-program,2009-03-14 16:43:07,Kredns,33.2k,c|c++|shell,yes
7166129,How can I calculate the SHA-256 hash of a string in Android?,51,4,57011,https://stackoverflow.com/questions/7166129/how-can-i-calculate-the-sha-256-hash-of-a-string-in-android,Aug 23 '11 at 18:59,Eamorr,9130,java|php|python,no
6053005,What is the closest thing to WordPress in python instead of php? [closed],51,3,27606,https://stackoverflow.com/questions/6053005/what-is-the-closest-thing-to-wordpress-in-python-instead-of-php,May 19 '11 at 2:01,Aufwind,20.4k,javascript|php|python,no
24306205,File not found error when launching a subprocess containing piped commands,51,2,54579,https://stackoverflow.com/questions/24306205/file-not-found-error-when-launching-a-subprocess-containing-piped-commands,Jun 19 '14 at 12:05,h4ck3d,5334,c|python|shell,no
24861073,Detect if any kind of IE (MSIE) [duplicate],51,6,74306,https://stackoverflow.com/questions/24861073/detect-if-any-kind-of-ie-msie,2014-07-21 08:53:36,WorkersGonnaWork,551,java|javascript|php,no
4454551,Check if JavaScript is enabled with PHP,51,25,93126,https://stackoverflow.com/questions/4454551/check-if-javascript-is-enabled-with-php,2010-12-15 20:27:36,Will,16.1k,java|javascript|php,yes
949604,json parse error with double quotes,51,9,91499,https://stackoverflow.com/questions/949604/json-parse-error-with-double-quotes,2009-06-04 09:58:22,Varun,2936,c|javascript|php,no
52367490,What's the meaning of ¡°reserved for any use¡±?,51,6,4207,https://stackoverflow.com/questions/52367490/whats-the-meaning-of-reserved-for-any-use,2018-09-17 12:13:11,Lundin,142k,c|c++|python,no
8476332,"Writing a ¡°real¡± interactive terminal program like vim, htop, ¡­ in C/C++ without ncurses",51,3,19970,https://stackoverflow.com/questions/8476332/writing-a-real-interactive-terminal-program-like-vim-htop-in-c-c-witho,2011-12-12 15:05:14,leemes,40.9k,c|c++|shell,no
1783652,"What is the best autocomplete/suggest algorithm,datastructure [C++/C]",51,5,50970,https://stackoverflow.com/questions/1783652/what-is-the-best-autocomplete-suggest-algorithm-datastructure-c-c,2009-11-23 15:00:42,subbul,899,c|c++|java,no
9860667,Writing robust (color and size invariant) circle detection with OpenCV (based on Hough transform or other features),51,6,48467,https://stackoverflow.com/questions/9860667/writing-robust-color-and-size-invariant-circle-detection-with-opencv-based-on,2012-03-25 13:52:53,memyself,9041,c|c++|python,no
8823925,How to return an array from an AJAX call?,50,6,162020,https://stackoverflow.com/questions/8823925/how-to-return-an-array-from-an-ajax-call,2012-01-11 17:36:51,k_sel,665,c#|javascript|php,yes
19543997,Why does the string returned by ctime() contain a line feed?,50,6,5420,https://stackoverflow.com/questions/19543997/why-does-the-string-returned-by-ctime-contain-a-line-feed,2013-10-23 14:06:35,bythescruff,1729,c|c++|shell,no
12938067,How clear gdb command screen?,50,2,19228,https://stackoverflow.com/questions/12938067/how-clear-gdb-command-screen,2012-10-17 15:41:12,JohnTortugo,5109,c|c++|shell,no
3361145,Intrusive lists,50,5,24666,https://stackoverflow.com/questions/3361145/intrusive-lists,2010-07-29 09:44:08,Konrad,34.2k,c|c++|java,no
143285,How much memory do Enums take?,50,12,28613,https://stackoverflow.com/questions/143285/how-much-memory-do-enums-take,2008-09-27 09:15:15,,,c#|c++|java,no
1418015,How to get Python exception text,50,4,18414,https://stackoverflow.com/questions/1418015/how-to-get-python-exception-text,2009-09-13 15:36:30,Anton Kiselev,1230,c|c++|python,no
4863056,How to install pywin32 module in windows 7 [duplicate],49,5,168219,https://stackoverflow.com/questions/4863056/how-to-install-pywin32-module-in-windows-7,Feb 1 '11 at 13:20,narayanpatra,5349,c|c++|python,no
18762621,Can we use C code in Python? [closed],49,3,69912,https://stackoverflow.com/questions/18762621/can-we-use-c-code-in-python,Sep 12 '13 at 11:10,dspjm,4132,c|c++|python,no
12659778,Is it possible to run JavaScript files from the command line?,49,6,88383,https://stackoverflow.com/questions/12659778/is-it-possible-to-run-javascript-files-from-the-command-line,2012-09-30 08:18:09,,,java|javascript|shell,no
47884244,Where are expressions and constants stored if not in memory?,49,5,4559,https://stackoverflow.com/questions/47884244/where-are-expressions-and-constants-stored-if-not-in-memory,2017-12-19 09:54:29,Aquarius_Girl,16.8k,c|c++|python,no
8115192,Android NDK: getting the backtrace,49,7,39723,https://stackoverflow.com/questions/8115192/android-ndk-getting-the-backtrace,2011-11-13 22:18:20,givi,1763,c|c++|java,no
180870,What is the best encryption library in C/C++? [closed],49,7,92047,https://stackoverflow.com/questions/180870/what-is-the-best-encryption-library-in-c-c,2008-10-07 23:48:28,paxos1977,128k,c|c++|java,no
819536,How to call Java functions from C++?,49,4,59452,https://stackoverflow.com/questions/819536/how-to-call-java-functions-from-c,2009-05-04 10:03:55,user63898,25.2k,c|c++|java,yes
2863388,What is the equivalent of the Java BigDecimal class in C#?,48,7,50049,https://stackoverflow.com/questions/2863388/what-is-the-equivalent-of-the-java-bigdecimal-class-in-c,May 19 '10 at 6:44,Radi,5736,c#|c++|java,no
1049004,Java vs C#: Are there any studies that compare their execution speed?,48,4,33007,https://stackoverflow.com/questions/1049004/java-vs-c-are-there-any-studies-that-compare-their-execution-speed,Jun 26 '09 at 13:00,pistacchio,48.2k,c#|c++|java,no
10286224,JavaScript timestamp to Python datetime conversion,48,3,26909,https://stackoverflow.com/questions/10286224/javascript-timestamp-to-python-datetime-conversion,2012-04-23 18:33:48,sultan,5250,javascript|php|python,no
1779858,How do I escape a string for a shell command in node?,48,6,29075,https://stackoverflow.com/questions/1779858/how-do-i-escape-a-string-for-a-shell-command-in-node,2009-11-22 20:21:52,Maciek,3162,javascript|python|shell,no
21770799,Convert 0x1234 to 0x11223344,48,13,4075,https://stackoverflow.com/questions/21770799/convert-0x1234-to-0x11223344,2014-02-14 04:20:40,exebook,25.7k,c|c++|shell,no
14931477,Is there a way to mark a chunk of allocated memory readonly?,48,4,8826,https://stackoverflow.com/questions/14931477/is-there-a-way-to-mark-a-chunk-of-allocated-memory-readonly,2013-02-18 07:39:08,particle,2982,c|c++|java,no
737257,How to convert C++ Code to C [closed],48,6,104010,https://stackoverflow.com/questions/737257/how-to-convert-c-code-to-c,2009-04-10 10:30:24,goldenmean,16.4k,c|c++|php,no
424549,Difference between C/C++ Runtime Library and C/C++ Standard Library,48,8,14655,https://stackoverflow.com/questions/424549/difference-between-c-c-runtime-library-and-c-c-standard-library,2009-01-08 15:05:17,MainID,24.4k,c|c++|python,no
60042846,Why is ¡°using System;¡± not considered bad practice?,48,2,1417,https://stackoverflow.com/questions/60042846/why-is-using-system-not-considered-bad-practice,2020-02-03 16:00:14,sebrockm,4626,c|c#|c++,no
2333574,Is there pointer in C# like C++? Is it safe?,48,5,78480,https://stackoverflow.com/questions/2333574/is-there-pointer-in-c-sharp-like-c-is-it-safe,2010-02-25 11:26:16,masoud ramezani,19.3k,c#|c++|java,no
31841509,Pyspark: Exception: Java gateway process exited before sending the driver its port number,47,28,87699,https://stackoverflow.com/questions/31841509/pyspark-exception-java-gateway-process-exited-before-sending-the-driver-its-po,2015-08-05 19:45:41,mt88,1705,java|python|shell,yes
1079693,How do you extract a JAR in a UNIX filesystem with a single command and specify its target directory using the JAR command?,47,4,218518,https://stackoverflow.com/questions/1079693/how-do-you-extract-a-jar-in-a-unix-filesystem-with-a-single-command-and-specify,2009-07-03 14:50:06,Christopher Tokar,10.1k,java|python|shell,no
555129,Java for C# developers,47,6,12441,https://stackoverflow.com/questions/555129/java-for-c-sharp-developers,Feb 17 '09 at 0:18,Pita.O,1796,c#|java|shell,no
20987485,What are the differences between Python Dictionaries vs Javascript Objects?,47,3,27666,https://stackoverflow.com/questions/20987485/what-are-the-differences-between-python-dictionaries-vs-javascript-objects,2014-01-08 05:11:10,Abdullahi Farah,954,java|javascript|python,no
13078736,"Fortran vs C++, does Fortran still hold any advantage in numerical analysis these days? [closed]",47,5,52870,https://stackoverflow.com/questions/13078736/fortran-vs-c-does-fortran-still-hold-any-advantage-in-numerical-analysis-thes,2012-10-25 23:18:11,user0002128,2317,c|c++|python,no
2039444,Why are drivers and firmwares almost always written in C or ASM and not C++?,47,15,20883,https://stackoverflow.com/questions/2039444/why-are-drivers-and-firmwares-almost-always-written-in-c-or-asm-and-not-c,2010-01-11 01:34:25,Louise,4955,c|c++|java,no
282176,Waitpid equivalent with timeout?,47,9,29804,https://stackoverflow.com/questions/282176/waitpid-equivalent-with-timeout,2008-11-11 21:19:59,Greg Rogers,32.4k,c|c++|shell,no
155378,How to alter a float by its smallest increment (or close to it)?,47,7,8250,https://stackoverflow.com/questions/155378/how-to-alter-a-float-by-its-smallest-increment-or-close-to-it,2008-09-30 22:29:20,Owen,6663,c|c++|shell,no
41400,How to wrap a function with variable length arguments?,47,7,28184,https://stackoverflow.com/questions/41400/how-to-wrap-a-function-with-variable-length-arguments,2008-09-03 10:12:27,prakash,53.5k,c|c++|python,no
5720272,Are there advantages to use the Python/C interface instead of Cython?,46,3,8199,https://stackoverflow.com/questions/5720272/are-there-advantages-to-use-the-python-c-interface-instead-of-cython,Apr 19 '11 at 17:27,Edouard,1433,c|c++|python,yes
8374016,How to execute JavaScript on Android?,46,10,89968,https://stackoverflow.com/questions/8374016/how-to-execute-javascript-on-android,2011-12-04 07:50:48,user1078760,709,c|java|javascript,no
890561,Concatenate and minify JavaScript on the fly OR at build time - ASP.NET MVC,46,8,23505,https://stackoverflow.com/questions/890561/concatenate-and-minify-javascript-on-the-fly-or-at-build-time-asp-net-mvc,2009-05-20 22:21:33,Charlino,15.4k,c#|java|javascript,no
35228738,Is ¡°typedef¡± in between the type and the alias standard-conformant?,46,5,1206,https://stackoverflow.com/questions/35228738/is-typedef-in-between-the-type-and-the-alias-standard-conformant,2016-02-05 16:17:29,Claas Bontus,907,c|c++|python,no
25065940,What is the value of '\n' under C compilers for old Mac OS?,46,5,6534,https://stackoverflow.com/questions/25065940/what-is-the-value-of-n-under-c-compilers-for-old-mac-os,2014-07-31 18:04:26,Keith Thompson,221k,c|c++|shell,no
3596990,What's the graceful way of handling out of memory situations in C/C++?,46,9,9051,https://stackoverflow.com/questions/3596990/whats-the-graceful-way-of-handling-out-of-memory-situations-in-c-c,2010-08-29 23:17:31,Matt,28.8k,c|c++|java,no
3468500,Detect ¡°overall average¡± color of the picture,46,7,33966,https://stackoverflow.com/questions/3468500/detect-overall-average-color-of-the-picture,2010-08-12 14:02:52,Kalinin,2359,javascript|php|python,no
1150373,Compile the Python interpreter statically?,46,4,26238,https://stackoverflow.com/questions/1150373/compile-the-python-interpreter-statically,2009-07-19 17:23:56,Jeremy Cowles,1070,c|c++|python,no
601152,Is a finally block without a catch block a java anti-pattern?,46,12,19744,https://stackoverflow.com/questions/601152/is-a-finally-block-without-a-catch-block-a-java-anti-pattern,2009-03-02 03:08:28,Jared,22.2k,c#|c++|java,no
1607226,Aptana Studio vs. Eclipse [closed],45,4,61731,https://stackoverflow.com/questions/1607226/aptana-studio-vs-eclipse,Oct 22 '09 at 13:31,RKh,11.8k,java|javascript|php,no
5952287,Why is this Java code 6x faster than the identical C# code?,45,7,6021,https://stackoverflow.com/questions/5952287/why-is-this-java-code-6x-faster-than-the-identical-c-sharp-code,May 10 '11 at 15:11,rianjs,7092,c|c#|java,no
8613535,Does Java have 'Debug' and 'Release' build mode like C#?,45,3,21747,https://stackoverflow.com/questions/8613535/does-java-have-debug-and-release-build-mode-like-c,Dec 23 '11 at 7:53,JatSing,4453,c#|c++|java,no
20793089,Secure Nashorn JS Execution,45,9,13932,https://stackoverflow.com/questions/20793089/secure-nashorn-js-execution,2013-12-27 00:25:16,tom_ma,558,java|javascript|shell,no
31394507,How can I emulate destructuring in C++?,45,5,7895,https://stackoverflow.com/questions/31394507/how-can-i-emulate-destructuring-in-c,2015-07-13 22:22:36,Trevor Hickey,30.2k,c++|javascript|python,no
13400742,Precision of multiplication by 1.0 and int to float conversion,45,4,5196,https://stackoverflow.com/questions/13400742/precision-of-multiplication-by-1-0-and-int-to-float-conversion,2012-11-15 15:31:02,Violet Giraffe,27.5k,c|c++|java,no
4276207,Is C/C++ bool type always guaranteed to be 0 or 1 when typecast'ed to int?,45,6,38667,https://stackoverflow.com/questions/4276207/is-c-c-bool-type-always-guaranteed-to-be-0-or-1-when-typecasted-to-int,2010-11-25 10:52:35,mojuba,10.3k,c|c#|c++,no
3952670,Do global variables mean faster code?,45,14,9987,https://stackoverflow.com/questions/3952670/do-global-variables-mean-faster-code,2010-10-17 09:23:33,BeeBand,9019,c|c++|java,no
207069,How to link using GCC without -l nor hardcoding path for a library that does not follow the libNAME.so naming convention?,45,3,18382,https://stackoverflow.com/questions/207069/how-to-link-using-gcc-without-l-nor-hardcoding-path-for-a-library-that-does-not,2008-10-16 00:58:54,kbluck,9410,c|c++|python,no
8919834,C++ vs Java? Why does the ICC generate slower code than VC?  [closed],45,7,4883,https://stackoverflow.com/questions/8919834/c-vs-java-why-does-the-icc-generate-slower-code-than-vc,2012-01-19 01:08:28,thesaint,1212,c|c++|java,no
2637571,Creating simple c++.net wrapper. Step-by-step,45,2,85007,https://stackoverflow.com/questions/2637571/creating-simple-c-net-wrapper-step-by-step,2010-04-14 13:10:35,Evgeny007,602,c#|c++|shell,yes
1241177,C# String.Format() Equivalent in PHP?,44,3,24377,https://stackoverflow.com/questions/1241177/c-sharp-string-format-equivalent-in-php,Aug 6 '09 at 20:22,Ben Griswold,15.8k,c#|php|python,no
463963,"Parallel processing from a command queue on Linux (bash, python, ruby??? whatever)",44,12,20427,https://stackoverflow.com/questions/463963/parallel-processing-from-a-command-queue-on-linux-bash-python-ruby-whateve,Jan 21 '09 at 2:54,mlambie,7216,c|python|shell,no
14936709,How to set up a multi-language project in IntelliJ IDEA,44,2,13460,https://stackoverflow.com/questions/14936709/how-to-set-up-a-multi-language-project-in-intellij-idea,2013-02-18 12:47:05,mr.nothing,4224,java|javascript|python,no
18502101,Jquery - Uncaught TypeError: Cannot use 'in' operator to search for '324' in,44,6,113907,https://stackoverflow.com/questions/18502101/jquery-uncaught-typeerror-cannot-use-in-operator-to-search-for-324-in,2013-08-29 04:04:30,Hayato,539,java|javascript|php,no
1946445,C/C++: How to use the do-while(0); construct without compiler warnings like C4127?,44,21,12583,https://stackoverflow.com/questions/1946445/c-c-how-to-use-the-do-while0-construct-without-compiler-warnings-like-c412,2009-12-22 13:42:17,bialix,14.5k,c|c++|python,no
835043,Has anyone used Sphinx to document a C++ project? [closed],44,3,19090,https://stackoverflow.com/questions/835043/has-anyone-used-sphinx-to-document-a-c-project,2009-05-07 14:37:50,Nick,24.5k,c|c++|python,no
188693,Is the destructor called if the constructor throws an exception?,44,8,11738,https://stackoverflow.com/questions/188693/is-the-destructor-called-if-the-constructor-throws-an-exception,2008-10-09 19:01:05,Qwertie,13.4k,c#|c++|java,no
11640447,Variable-length lookbehind-assertion alternatives for regular expressions,44,5,7017,https://stackoverflow.com/questions/11640447/variable-length-lookbehind-assertion-alternatives-for-regular-expressions,2012-07-24 22:52:34,Igor Chubin,48.3k,javascript|php|python,no
116650,cURL equivalent in JAVA,43,6,71855,https://stackoverflow.com/questions/116650/curl-equivalent-in-java,Sep 22 '08 at 18:34,JK.,1121,java|php|shell,no
36693887,What is fatal signal 6 in android logcat [closed],43,2,55836,https://stackoverflow.com/questions/36693887/what-is-fatal-signal-6-in-android-logcat,Apr 18 '16 at 12:22,Stefan van de Laarschot,1922,c|c#|java,no
3627681,How does this regex find triangular numbers?,43,1,2325,https://stackoverflow.com/questions/3627681/how-does-this-regex-find-triangular-numbers,Sep 2 '10 at 13:43,polygenelubricants,335k,c#|java|php,no
5389822,How to minify JS or CSS on the fly [closed],43,10,74758,https://stackoverflow.com/questions/5389822/how-to-minify-js-or-css-on-the-fly,2011-03-22 10:27:56,gourav,1239,java|javascript|php,no
16683146,Can macros be overloaded by number of arguments?,43,5,12522,https://stackoverflow.com/questions/16683146/can-macros-be-overloaded-by-number-of-arguments,2013-05-22 03:47:48,Potatoswatter,124k,c|c++|shell,no
13301309,Can/Should I run this code on a GPU?,43,5,26093,https://stackoverflow.com/questions/13301309/can-should-i-run-this-code-on-a-gpu,2012-11-09 02:33:44,Mike,1858,c|c#|c++,no
2290587,GCC style weak linking in Visual Studio?,43,5,18649,https://stackoverflow.com/questions/2290587/gcc-style-weak-linking-in-visual-studio,2010-02-18 17:09:00,deft_code,49.2k,c|c++|javascript,no
63297763,Why is this regular expression so slow in Java? [duplicate],42,4,2943,https://stackoverflow.com/questions/63297763/why-is-this-regular-expression-so-slow-in-java,2020-08-07 08:06:12,AntonPiatek,723,java|python|shell,no
11570132,Generator functions equivalent in Java,42,6,47252,https://stackoverflow.com/questions/11570132/generator-functions-equivalent-in-java,2012-07-19 22:16:21,Eqbal,4133,java|javascript|python,no
11094481,Capturing a single image from my webcam in Java or Python,42,6,125838,https://stackoverflow.com/questions/11094481/capturing-a-single-image-from-my-webcam-in-java-or-python,2012-06-19 04:40:52,Matthew G,940,java|python|shell,no
7300148,Is there anything like VirtualEnv for Java?,42,8,15922,https://stackoverflow.com/questions/7300148/is-there-anything-like-virtualenv-for-java,2011-09-04 15:15:35,Gautam,7275,java|php|python,no
2311,File size differences after copying a file to a server v¨ªa FTP,42,3,4239,https://stackoverflow.com/questions/2311/file-size-differences-after-copying-a-file-to-a-server-v%c3%ada-ftp,Aug 5 '08 at 13:40,PabloG,22.4k,php|python|shell,no
16595044,Run executable from php without spawning a shell,42,3,6669,https://stackoverflow.com/questions/16595044/run-executable-from-php-without-spawning-a-shell,May 16 '13 at 18:42,St¡Ì?phane Gourichon,4207,c|php|shell,no
2346584,Conversion from JavaScript to Python code? [closed],42,4,61812,https://stackoverflow.com/questions/2346584/conversion-from-javascript-to-python-code,2010-02-27 07:43:50,,,java|javascript|python,no
26112233,"How Can I Hide Kendo UI Grid Columns using JavaScript, React, Angular, Vue or ASP.NET MVC",42,2,79378,https://stackoverflow.com/questions/26112233/how-can-i-hide-kendo-ui-grid-columns-using-javascript-react-angular-vue-or-as,2014-09-30 03:18:51,user1076698,661,c#|javascript|php,no
14375340,My programs are blocked by avast anti-virus,42,10,58524,https://stackoverflow.com/questions/14375340/my-programs-are-blocked-by-avast-anti-virus,2013-01-17 08:58:53,QuentinC,6392,c|c++|php,no
11305633,xxxxxx.exe is not a valid Win32 application,42,8,102457,https://stackoverflow.com/questions/11305633/xxxxxx-exe-is-not-a-valid-win32-application,2012-07-03 06:35:14,user525717,1472,c|c++|shell,no
9999221,Double precision - decimal places,42,7,116640,https://stackoverflow.com/questions/9999221/double-precision-decimal-places,2012-04-03 18:31:35,nf313743,3179,c|c++|python,no
7456902,Long Vs. Int C/C++ - What's The Point?,42,5,70384,https://stackoverflow.com/questions/7456902/long-vs-int-c-c-whats-the-point,2011-09-17 18:23:46,MGZero,5020,c|c#|c++,no
3069182,How can I see the C/C++ #include graph easily? [closed],42,7,22449,https://stackoverflow.com/questions/3069182/how-can-i-see-the-c-c-include-graph-easily,2010-06-18 11:24:43,CannibalSmith,4422,c|c++|php,no
1840029,passing functor as function pointer,42,10,21794,https://stackoverflow.com/questions/1840029/passing-functor-as-function-pointer,2009-12-03 14:02:01,dagw,2474,c|c#|c++,no
1246301,"C/C++, can you #include a file into a string literal? [duplicate]",42,7,20963,https://stackoverflow.com/questions/1246301/c-c-can-you-include-a-file-into-a-string-literal,2009-08-07 18:26:47,Joseph Garvin,17.9k,c|c++|python,no
199747,How to detect possible / potential stack overflow problems in a c / c++ program?,42,9,28042,https://stackoverflow.com/questions/199747/how-to-detect-possible-potential-stack-overflow-problems-in-a-c-c-program,2008-10-14 01:48:53,KPexEA,15.2k,c|c++|shell,no
467815,"Class method and variable with same name, compile error in C++ not in Java?",42,6,41108,https://stackoverflow.com/questions/467815/class-method-and-variable-with-same-name-compile-error-in-c-not-in-java,2009-01-22 02:01:32,kal,25.2k,c|c++|java,no
24659723,cython issue: 'bool' is not a type identifier,42,3,25269,https://stackoverflow.com/questions/24659723/cython-issue-bool-is-not-a-type-identifier,2014-07-09 17:04:02,carmellose,3843,c|c++|python,yes
8106258,cc1plus: warning: command line option ¡°-Wstrict-prototypes¡± is valid for Ada/C/ObjC but not for C++,42,7,30998,https://stackoverflow.com/questions/8106258/cc1plus-warning-command-line-option-wstrict-prototypes-is-valid-for-ada-c-o,2011-11-12 17:36:06,Homunculus Reticulli,50.3k,c|c++|python,no
242894,CUDA Driver API vs. CUDA runtime,42,4,29584,https://stackoverflow.com/questions/242894/cuda-driver-api-vs-cuda-runtime,2008-10-28 11:03:26,Morten Christiansen,17.2k,c|c#|c++,no
4748344,What's the reverse of shlex.split?,41,5,9124,https://stackoverflow.com/questions/4748344/whats-the-reverse-of-shlex-split,Jan 20 '11 at 14:33,Matt Joiner,93.3k,javascript|python|shell,no
21060247,Send FormData and String Data Together Through JQuery AJAX?,41,10,156926,https://stackoverflow.com/questions/21060247/send-formdata-and-string-data-together-through-jquery-ajax,2014-01-11 08:32:57,laukok,44.6k,c++|javascript|php,yes
8489215,Understanding confusing typedef grammar,41,5,1374,https://stackoverflow.com/questions/8489215/understanding-confusing-typedef-grammar,2011-12-13 12:25:38,Prasoon Saurav,83.1k,c|c#|c++,no
3773396,Declare variables at top of function or in separate scopes?,41,9,22517,https://stackoverflow.com/questions/3773396/declare-variables-at-top-of-function-or-in-separate-scopes,2010-09-22 20:33:39,Kaije,2281,c|c++|java,no
2580680,Does a c/c++ compiler optimize constant divisions by power-of-two value into shifts?,41,4,13743,https://stackoverflow.com/questions/2580680/does-a-c-c-compiler-optimize-constant-divisions-by-power-of-two-value-into-shi,2010-04-05 19:40:48,porgarmingduod,6802,c|c++|javascript,no
13128,How to combine several C/C++ libraries into one?,41,6,30814,https://stackoverflow.com/questions/13128/how-to-combine-several-c-c-libraries-into-one,2008-08-16 13:46:01,GhassanPL,2554,c|c++|java,no
14220726,One-byte bool. Why?,41,5,7366,https://stackoverflow.com/questions/14220726/one-byte-bool-why,2013-01-08 17:29:00,Sam,1672,c|c++|java,no
4221605,Compiling C++ for the JVM,41,2,20233,https://stackoverflow.com/questions/4221605/compiling-c-for-the-jvm,2010-11-19 02:27:07,knpwrs,12.8k,c|c++|java,no
1425912,Google Protocol Buffers and HTTP,41,5,56560,https://stackoverflow.com/questions/1425912/google-protocol-buffers-and-http,2009-09-15 08:38:01,Nazgob,8064,c++|java|python,no
15328623,Simple file server to serve current directory [closed],40,4,40706,https://stackoverflow.com/questions/15328623/simple-file-server-to-serve-current-directory,Mar 10 '13 at 22:42,Reactormonk,19.8k,javascript|python|shell,no
435740,Are there good Java libraries that facilitate building command-line applications? [closed],40,10,20291,https://stackoverflow.com/questions/435740/are-there-good-java-libraries-that-facilitate-building-command-line-applications,Jan 12 '09 at 15:24,carrier,27.8k,java|python|shell,no
29842122,How to secure Ajax link requests?,40,8,35340,https://stackoverflow.com/questions/29842122/how-to-secure-ajax-link-requests,2015-04-24 08:15:15,Alpha2k,1954,java|javascript|php,no
1678214,JavaScript: How do I create JSONP?,40,8,46639,https://stackoverflow.com/questions/1678214/javascript-how-do-i-create-jsonp,2009-11-05 03:44:29,Teddi,491,javascript|php|python,no
8579836,Does exception handling require object-oriented programming?,40,9,2183,https://stackoverflow.com/questions/8579836/does-exception-handling-require-object-oriented-programming,2011-12-20 18:00:44,Chad Harrison,2664,c|c++|java,no
3869830,Near and Far pointers,40,2,28523,https://stackoverflow.com/questions/3869830/near-and-far-pointers,2010-10-06 06:00:06,Alok Save,185k,c|c++|java,no
12349826,Should I ever use continue inside a switch statement?,40,7,20744,https://stackoverflow.com/questions/12349826/should-i-ever-use-continue-inside-a-switch-statement,2012-09-10 10:30:22,Rookie,3538,c|c++|php,no
28549641,Run multiple python scripts concurrently,39,9,126164,https://stackoverflow.com/questions/28549641/run-multiple-python-scripts-concurrently,Feb 16 '15 at 20:19,Sami,1058,javascript|python|shell,no
24110347,"When extending a padded struct, why can't extra fields be placed in the tail padding?",39,4,2586,https://stackoverflow.com/questions/24110347/when-extending-a-padded-struct-why-cant-extra-fields-be-placed-in-the-tail-pad,2014-06-08 20:10:26,deadalnix,2097,c|c++|java,no
20047218,What is the difference? clang++ | clang -std=c++11,39,2,25337,https://stackoverflow.com/questions/20047218/what-is-the-difference-clang-clang-std-c11,2013-11-18 11:57:43,djwbrown,781,c|c++|java,no
11712707,Extern functions in C vs C++,39,5,73846,https://stackoverflow.com/questions/11712707/extern-functions-in-c-vs-c,2012-07-29 20:34:45,Cartesius00,20.6k,c|c++|java,no
3950635,How to compile dynamic library for a JNI application on linux?,39,3,83915,https://stackoverflow.com/questions/3950635/how-to-compile-dynamic-library-for-a-jni-application-on-linux,2010-10-16 20:26:16,dierre,6812,c|c++|java,no
2380258,Crossplatform iPhone / Android code sharing,39,11,13629,https://stackoverflow.com/questions/2380258/crossplatform-iphone-android-code-sharing,2010-03-04 15:04:32,slf,22k,c|c++|java,no
789659,What is the best approach for a Java developer to learn C++ [closed],39,10,23319,https://stackoverflow.com/questions/789659/what-is-the-best-approach-for-a-java-developer-to-learn-c,2009-04-25 20:21:18,Journeyman Programmer,1286,c|c++|java,no
8764643,Is there a standard C++ equivalent of IEnumerable<T> in C#?,39,4,17127,https://stackoverflow.com/questions/8764643/is-there-a-standard-c-equivalent-of-ienumerablet-in-c,2012-01-06 21:17:20,derekhh,4354,c|c#|c++,no
8266089,unsigned int (c++) vs uint (c#),39,3,7710,https://stackoverflow.com/questions/8266089/unsigned-int-c-vs-uint-c,2011-11-25 07:49:36,Samir Lakhani,475,c|c#|c++,no
5107694,How do I add a reference to an unmanaged C++ project called by a C# project?,39,4,32903,https://stackoverflow.com/questions/5107694/how-do-i-add-a-reference-to-an-unmanaged-c-project-called-by-a-c-sharp-project,2011-02-24 16:45:16,WaffleSouffle,3013,c|c#|c++,yes
4954129,ReSharper for C++ [closed],39,8,15794,https://stackoverflow.com/questions/4954129/resharper-for-c,2011-02-10 06:40:56,lital maatuk,5127,c|c#|c++,no
881064,Top down and Bottom up programming,39,10,66256,https://stackoverflow.com/questions/881064/top-down-and-bottom-up-programming,2009-05-19 05:14:08,,,c|c++|java,no
1528691,Idiomatic way to do list/dict in Cython?,39,6,19066,https://stackoverflow.com/questions/1528691/idiomatic-way-to-do-list-dict-in-cython,2009-10-06 23:37:44,ramanujan,5107,c|c++|python,no
16993927,Using Cython To Link Python To A Shared Library,38,1,19665,https://stackoverflow.com/questions/16993927/using-cython-to-link-python-to-a-shared-library,Jun 7 '13 at 22:35,josephmisiti,8736,c|c++|python,no
2526815,Moon / Lunar Phase Algorithm,38,8,34427,https://stackoverflow.com/questions/2526815/moon-lunar-phase-algorithm,Mar 26 '10 at 21:16,Scott Bailey,5762,c|c#|python,no
248222,Method Overloading. Can you overuse it?,38,16,4079,https://stackoverflow.com/questions/248222/method-overloading-can-you-overuse-it,Oct 29 '08 at 20:06,Armstrongest,13.8k,c#|c++|java,no
11722790,How to Convert JavaScript Date to Date in Java?,38,6,48164,https://stackoverflow.com/questions/11722790/how-to-convert-javascript-date-to-date-in-java,2012-07-30 13:41:33,angaraeski,409,c|java|javascript,yes
7405987,Intentionally Slow Down HTML/PHP Page Load to Test,38,8,26382,https://stackoverflow.com/questions/7405987/intentionally-slow-down-html-php-page-load-to-test,2011-09-13 17:31:08,stefmikhail,5281,java|javascript|php,no
4390007,"In either C or C++, should I check pointer parameters against NULL/nullptr?",38,20,7801,https://stackoverflow.com/questions/4390007/in-either-c-or-c-should-i-check-pointer-parameters-against-null-nullptr,2010-12-08 16:49:33,Billy ONeal,95.4k,c|c++|shell,no
573724,How can I redirect stdout to some visible display in a Windows Application?,38,8,33167,https://stackoverflow.com/questions/573724/how-can-i-redirect-stdout-to-some-visible-display-in-a-windows-application,2009-02-21 20:50:08,JoeBieg,401,c|c++|shell,no
24130399,while(true); loop throws Unreachable code when isn't in a void,38,4,3942,https://stackoverflow.com/questions/24130399/whiletrue-loop-throws-unreachable-code-when-isnt-in-a-void,2014-06-09 23:04:01,A Cat,619,c#|c++|java,no
9040669,"How can I implement a C++ class in Python, to be called by C++?",38,6,9454,https://stackoverflow.com/questions/9040669/how-can-i-implement-a-c-class-in-python-to-be-called-by-c,2012-01-27 22:03:02,hal3,391,c|c++|python,yes
6915191,Simple IPC between C++ and Python (cross platform),38,7,33824,https://stackoverflow.com/questions/6915191/simple-ipc-between-c-and-python-cross-platform,2011-08-02 16:17:15,Lee Treveil,5825,c|c++|python,yes
602580,How can I use C++ class in Python?,38,3,33282,https://stackoverflow.com/questions/602580/how-can-i-use-c-class-in-python,2009-03-02 14:47:11,Pratik Deoghare,28k,c|c++|python,yes
13462001,Ease-in and ease-out animation formula,38,5,43853,https://stackoverflow.com/questions/13462001/ease-in-and-ease-out-animation-formula,2012-11-19 20:51:39,ahmd0,14.1k,c|c#|c++,no
737409,Are get and set functions popular with C++ programmers?,38,14,79942,https://stackoverflow.com/questions/737409/are-get-and-set-functions-popular-with-c-programmers,2009-04-10 11:56:34,Nick Bolton,33.2k,c#|c++|java,no
10578764,Why are hashCode() and getClass() native methods?,38,3,13027,https://stackoverflow.com/questions/10578764/why-are-hashcode-and-getclass-native-methods,2012-05-14 07:01:24,,,c|c++|java,no
1881582,What's the difference between escapeshellarg and escapeshellcmd?,37,4,30102,https://stackoverflow.com/questions/1881582/whats-the-difference-between-escapeshellarg-and-escapeshellcmd,Dec 10 '09 at 15:06,Rory,44.4k,php|python|shell,no
7370943,"Retrieving binary file content using Javascript, base64 encode it and reverse-decode it using Python",37,1,60415,https://stackoverflow.com/questions/7370943/retrieving-binary-file-content-using-javascript-base64-encode-it-and-reverse-de,2011-09-10 09:55:11,NiKo,10.3k,c|javascript|python,no
23842394,C/C++ HTTP Client Library for Embedded Projects [closed],37,3,33649,https://stackoverflow.com/questions/23842394/c-c-http-client-library-for-embedded-projects,2014-05-24 07:24:17,thegreendroid,2850,c|c++|java,no
2249110,how do I make a portable isnan/isinf function,37,11,39746,https://stackoverflow.com/questions/2249110/how-do-i-make-a-portable-isnan-isinf-function,2010-02-12 01:40:30,monkeyking,5858,c|c++|php,no
1924255,How to embed WebKit into my C/C++/Win32 application?,37,3,32397,https://stackoverflow.com/questions/1924255/how-to-embed-webkit-into-my-c-c-win32-application,2009-12-17 20:10:09,Pavel Vlasov,3404,c|c++|java,no
3764978,Why hypot() function is so slow?,37,5,8200,https://stackoverflow.com/questions/3764978/why-hypot-function-is-so-slow,2010-09-21 22:30:05,Leonid,18.4k,c|c++|java,no
2035083,Compile to a stand-alone executable (.exe) in Visual Studio,37,7,290885,https://stackoverflow.com/questions/2035083/compile-to-a-stand-alone-executable-exe-in-visual-studio,2010-01-09 21:47:54,Mohit Deshpande,46.9k,c|c#|c++,no
7212982,JNI - ¡°Cannot open include file: 'jni_md.h'¡±,36,6,35959,https://stackoverflow.com/questions/7212982/jni-cannot-open-include-file-jni-md-h,Aug 27 '11 at 6:51,Suhail Gupta,18.4k,c|c++|java,no
5400828,How to write a simple Bittorrent application?,36,1,35390,https://stackoverflow.com/questions/5400828/how-to-write-a-simple-bittorrent-application,Mar 23 '11 at 4:18,Vivek Sharma,3656,c|c++|python,no
790232,C# SHA-1 vs. PHP SHA-1¡­Different Results?,36,6,18503,https://stackoverflow.com/questions/790232/c-sharp-sha-1-vs-php-sha-1-different-results,Apr 26 '09 at 4:23,Anand Capur,768,c#|java|php,no
2097964,Why GWT? Advantages and Trade-Offs of Using This RIA Framework [closed],36,3,16609,https://stackoverflow.com/questions/2097964/why-gwt-advantages-and-trade-offs-of-using-this-ria-framework,2010-01-19 23:16:14,Michael Balint,2215,java|javascript|shell,no
23145688,IE10/11 Ajax XHR error - SCRIPT7002: XMLHttpRequest: Network Error 0x2ef3,36,10,69101,https://stackoverflow.com/questions/23145688/ie10-11-ajax-xhr-error-script7002-xmlhttprequest-network-error-0x2ef3,2014-04-18 00:40:41,ForTheWin,581,c#|javascript|php,no
4646147,"Is there open-source code for making 'link preview' text and icons, like in facebook? [closed]",36,3,18286,https://stackoverflow.com/questions/4646147/is-there-open-source-code-for-making-link-preview-text-and-icons-like-in-face,2011-01-10 11:06:44,Ben Clayton,73.4k,javascript|php|python,no
5882772,String going crazy if I don't give it a little extra room. Can anyone explain what is happening here?,36,11,1639,https://stackoverflow.com/questions/5882772/string-going-crazy-if-i-dont-give-it-a-little-extra-room-can-anyone-explain-wh,2011-05-04 11:41:39,HyderA,17.1k,c|c++|php,no
3007707,How to update old C code? [closed],36,11,5278,https://stackoverflow.com/questions/3007707/how-to-update-old-c-code,2010-06-09 16:15:11,Ben313,1554,c|c++|java,no
2338775,How do I write a web server in C/C++ on linux [closed],36,6,21802,https://stackoverflow.com/questions/2338775/how-do-i-write-a-web-server-in-c-c-on-linux,2010-02-26 00:46:44,Jack,3136,c|c++|php,no
30489149,Why does Python implementation and Java implementation of OpenCV's MSER create different output?,35,1,1322,https://stackoverflow.com/questions/30489149/why-does-python-implementation-and-java-implementation-of-opencvs-mser-create-d,2015-05-27 17:17:56,sloreti,472,c++|java|python,no
6810977,Should one minify server code when it's in production? [closed],35,4,3185,https://stackoverflow.com/questions/6810977/should-one-minify-server-code-when-its-in-production,Jul 25 '11 at 1:24,ajsie,67.1k,javascript|php|python,no
212263,How do I move from Java to C#?,35,9,23134,https://stackoverflow.com/questions/212263/how-do-i-move-from-java-to-c,Oct 17 '08 at 14:01,Steve McLeod,47.7k,c#|c++|java,no
1470768,How to escape apostrophe or quotes on a JSP (used by JavaScript),35,8,77897,https://stackoverflow.com/questions/1470768/how-to-escape-apostrophe-or-quotes-on-a-jsp-used-by-javascript,2009-09-24 10:01:52,Caroline,939,java|javascript|php,no
6538203,How to avoid echoing character 65279 in php?,35,12,42859,https://stackoverflow.com/questions/6538203/how-to-avoid-echoing-character-65279-in-php,2011-06-30 16:45:42,Yuval A.,4702,java|javascript|php,no
48554758,Why create an include/ directory in C and C++ projects?,35,3,16752,https://stackoverflow.com/questions/48554758/why-create-an-include-directory-in-c-and-c-projects,2018-02-01 03:13:07,,,c|c#|c++,no
11726665,Simple ways to disable parts of code,35,14,16600,https://stackoverflow.com/questions/11726665/simple-ways-to-disable-parts-of-code,2012-07-30 17:39:01,kolenda,2601,c|c++|java,no
7050925,Is it possible to write a program without using main() function?,35,21,36309,https://stackoverflow.com/questions/7050925/is-it-possible-to-write-a-program-without-using-main-function,2011-08-13 14:11:47,Expert Novice,1817,c|c++|shell,no
6161776,Convert Windows Filetime to second in Unix/Linux,35,9,41827,https://stackoverflow.com/questions/6161776/convert-windows-filetime-to-second-in-unix-linux,2011-05-28 12:56:10,ARH,1173,c|c#|c++,no
5525162,How to embed Node.js interpreter into C/C++?,35,6,20487,https://stackoverflow.com/questions/5525162/how-to-embed-node-js-interpreter-into-c-c,2011-04-02 18:50:33,Jeff,10.9k,c|c++|javascript,yes
942251,In C/C++ why does the do while(expression); need a semi colon?,35,8,12361,https://stackoverflow.com/questions/942251/in-c-c-why-does-the-do-whileexpression-need-a-semi-colon,2009-06-02 22:31:17,justinhj,10.2k,c|c++|python,no
1739614,What is the difference between Go's multithreading and pthread or Java Threads?,35,4,15487,https://stackoverflow.com/questions/1739614/what-is-the-difference-between-gos-multithreading-and-pthread-or-java-threads,2009-11-16 01:33:39,Frank,56k,c|c++|java,no
10223186,C++/CLI wrapper for native C++ to use as reference in C#,35,1,36873,https://stackoverflow.com/questions/10223186/c-cli-wrapper-for-native-c-to-use-as-reference-in-c-sharp,2012-04-19 07:06:31,Haix64,730,c|c#|c++,yes
2341866,Why was Cassandra written in Java? [closed],35,5,23182,https://stackoverflow.com/questions/2341866/why-was-cassandra-written-in-java,2010-02-26 13:25:44,Stefan Steiger,63.9k,c|c++|java,no
9720894,Large scale machine learning - Python or Java? [closed],34,3,12338,https://stackoverflow.com/questions/9720894/large-scale-machine-learning-python-or-java,2012-03-15 13:41:20,jeffreyveon,12.3k,c++|java|python,no
7112812,Use Cython as Python to C Converter,34,2,54235,https://stackoverflow.com/questions/7112812/use-cython-as-python-to-c-converter,Aug 18 '11 at 19:11,,,c|c++|python,no
4231305,How does Java's use-site variance compare to C#'s declaration site variance?,34,4,3784,https://stackoverflow.com/questions/4231305/how-does-javas-use-site-variance-compare-to-cs-declaration-site-variance,Nov 20 '10 at 4:56,munificent,10.6k,c#|java|python,no
5384762,Tiny javascript implementation? [closed],34,11,12183,https://stackoverflow.com/questions/5384762/tiny-javascript-implementation,2020-07-21 14:31:13,Dhaivat Pandya,6341,c|c++|javascript,no
21626048,Unable to pass jinja2 variables into javascript snippet,34,5,40235,https://stackoverflow.com/questions/21626048/unable-to-pass-jinja2-variables-into-javascript-snippet,2014-02-07 11:02:30,deeshank,3163,java|javascript|python,no
24319786,How to hide form code from view code/inspect element browser?,34,13,134872,https://stackoverflow.com/questions/24319786/how-to-hide-form-code-from-view-code-inspect-element-browser,2014-06-20 04:08:27,user3758584,385,java|javascript|php,no
7089760,how to call an ASP.NET c# method using javascript,34,5,143589,https://stackoverflow.com/questions/7089760/how-to-call-an-asp-net-c-sharp-method-using-javascript,2011-08-17 08:23:08,mikespiteri,881,c#|java|javascript,yes
6423078,Use C++ with Android ndk/jni,34,6,30935,https://stackoverflow.com/questions/6423078/use-c-with-android-ndk-jni,2011-06-21 09:26:57,pot2mayo,403,c|c++|java,no
4541130,"Definitions of sqrt, sin, cos, pow etc. in cmath",34,8,17422,https://stackoverflow.com/questions/4541130/definitions-of-sqrt-sin-cos-pow-etc-in-cmath,2010-12-27 19:10:44,Patryk Czachurski,2891,c|c#|c++,no
1588788,Wrapping C++ class API for C consumption,34,6,20697,https://stackoverflow.com/questions/1588788/wrapping-c-class-api-for-c-consumption,2009-10-19 13:49:32,Exponent,821,c|c++|php,no
266501,macro definition containing #include directive,34,9,37994,https://stackoverflow.com/questions/266501/macro-definition-containing-include-directive,2008-11-05 20:22:47,Bing Jian,904,c|c#|c++,no
48053,Is there any alternative to using % (modulus) in C/C++?,34,13,55120,https://stackoverflow.com/questions/48053/is-there-any-alternative-to-using-modulus-in-c-c,2008-09-07 02:31:29,JeffV,45k,c|c++|python,no
4689756,Java-like annotations in C++,34,4,22190,https://stackoverflow.com/questions/4689756/java-like-annotations-in-c,2011-01-14 09:47:44,clamp,29.5k,c++|java|python,no
1040384,Why do some languages need Boxing and Unboxing?,34,6,8802,https://stackoverflow.com/questions/1040384/why-do-some-languages-need-boxing-and-unboxing,2009-06-24 19:19:24,AraK,84.6k,c#|c++|java,no
35006614,What does ¡°Symbol not found / Expected in: flat namespace¡± actually mean?,34,6,31874,https://stackoverflow.com/questions/35006614/what-does-symbol-not-found-expected-in-flat-namespace-actually-mean,2016-01-26 03:28:59,kilojoules,6704,c|c++|python,no
29365084,Is dependency injection useful in C++,34,5,40063,https://stackoverflow.com/questions/29365084/is-dependency-injection-useful-in-c,2015-03-31 09:24:39,Marcel Hoffmann,721,c#|c++|java,no
10031929,What are the pros and cons of writing C#/XAML vs. C++/XAML WinRT applications in Windows8? [closed],34,4,10857,https://stackoverflow.com/questions/10031929/what-are-the-pros-and-cons-of-writing-c-xaml-vs-c-xaml-winrt-applications-in,2012-04-05 15:57:35,Dr. Andrew Burnett-Thompson,18.6k,c#|c++|javascript,no
4818850,Is is possible to export functions from a C# DLL like in VS C++?,34,4,53495,https://stackoverflow.com/questions/4818850/is-is-possible-to-export-functions-from-a-c-sharp-dll-like-in-vs-c,2011-01-27 16:16:52,Mike Webb,8155,c|c#|c++,no
992836,How to access the Java method in a C++ application,34,7,26486,https://stackoverflow.com/questions/992836/how-to-access-the-java-method-in-a-c-application,2009-06-14 13:27:36,Hemant,3454,c|c++|java,yes
11158476,Why do float and int have such different maximum values even though they're the same number of bits? [duplicate],34,4,14884,https://stackoverflow.com/questions/11158476/why-do-float-and-int-have-such-different-maximum-values-even-though-theyre-the,2012-06-22 14:43:18,idish,2790,c#|c++|java,no
2326671,Anyone using Django in the ¡°Enterprise¡±,33,7,15623,https://stackoverflow.com/questions/2326671/anyone-using-django-in-the-enterprise,2010-02-24 14:29:14,,,c#|java|python,no
2504334,Passing data types from Java to C (or vice versa) using JNI,33,1,36127,https://stackoverflow.com/questions/2504334/passing-data-types-from-java-to-c-or-vice-versa-using-jni,Mar 23 '10 at 23:18,user277460,331,c|c++|java,yes
3421300,Passing a byte[] in Java to a function in C through JNI: how to use jarraybyte,33,2,36483,https://stackoverflow.com/questions/3421300/passing-a-byte-in-java-to-a-function-in-c-through-jni-how-to-use-jarraybyte,Aug 6 '10 at 5:50,blutech,331,c|c++|java,yes
16769838,Possible to use break for outer loop?,33,13,15935,https://stackoverflow.com/questions/16769838/possible-to-use-break-for-outer-loop,May 27 '13 at 9:10,3D-kreativ,8043,c|c#|java,no
50398,Calling C# code from Java?,33,10,49990,https://stackoverflow.com/questions/50398/calling-c-sharp-code-from-java,Sep 8 '08 at 18:46,Keith G,4370,c#|c++|java,yes
32820601,Passing JSON data from php to html-data attribute and then to Javascript,33,1,25923,https://stackoverflow.com/questions/32820601/passing-json-data-from-php-to-html-data-attribute-and-then-to-javascript,2015-09-28 10:17:50,Kanav,2285,c|javascript|php,yes
5313641,"Scaling a chat app - short polling vs. long polling (AJAX, PHP)",33,3,17297,https://stackoverflow.com/questions/5313641/scaling-a-chat-app-short-polling-vs-long-polling-ajax-php,2011-03-15 15:02:02,Andy Hin,23.7k,javascript|php|python,no
10008023,How do I access ViewBag from JS,33,5,130458,https://stackoverflow.com/questions/10008023/how-do-i-access-viewbag-from-js,2012-04-04 09:02:32,IAmGroot,13.1k,c|c#|javascript,no
3974796,in c++ main function is the entry point to program how i can change it to an other function?,33,13,40124,https://stackoverflow.com/questions/3974796/in-c-main-function-is-the-entry-point-to-program-how-i-can-change-it-to-an-oth,2010-10-20 04:37:47,Badr,8322,c|c++|java,no
3932346,Direct formula for summing XOR,33,12,9099,https://stackoverflow.com/questions/3932346/direct-formula-for-summing-xor,2010-10-14 10:52:07,Debanjan,331,c|c++|python,no
2593137,Tool for finding C-style Casts,33,9,3214,https://stackoverflow.com/questions/2593137/tool-for-finding-c-style-casts,2010-04-07 14:12:14,waffleman,3707,c|c++|python,no
2085511,wait and notify in C/C++ shared memory,33,6,29463,https://stackoverflow.com/questions/2085511/wait-and-notify-in-c-c-shared-memory,2010-01-18 11:10:34,Sajad Bahmani,16k,c|c++|java,no
1085490,How do C/C++ compilers work?,33,10,24837,https://stackoverflow.com/questions/1085490/how-do-c-c-compilers-work,2009-07-06 05:00:48,Justicle,13.3k,c|c++|java,no
912256,What is faster (x < 0) or (x == -1)?,33,12,5300,https://stackoverflow.com/questions/912256/what-is-faster-x-0-or-x-1,2009-05-26 19:26:02,Nikolay Vyahhi,1222,c|c++|javascript,no
1109995,Do getters and setters impact performance in C++/D/Java?,33,10,12673,https://stackoverflow.com/questions/1109995/do-getters-and-setters-impact-performance-in-c-d-java,2009-07-10 14:47:42,alvatar,2960,c|c++|java,no
12738827,How can I call scikit-learn classifiers from Java?,32,6,32377,https://stackoverflow.com/questions/12738827/how-can-i-call-scikit-learn-classifiers-from-java,2012-10-05 02:50:26,Thomas Johnson,7474,c|java|python,yes
5972207,passing string array from java to C with JNI,32,4,43071,https://stackoverflow.com/questions/5972207/passing-string-array-from-java-to-c-with-jni,May 12 '11 at 0:51,masay,906,c|c++|java,yes
3372168,Where to begin with programming for robotics? [closed],32,10,33235,https://stackoverflow.com/questions/3372168/where-to-begin-with-programming-for-robotics,Jul 30 '10 at 13:59,Julio,1665,c|c++|java,no
27297067,Google reCAPTCHA: how to get user response and validate in the server side,32,4,120537,https://stackoverflow.com/questions/27297067/google-recaptcha-how-to-get-user-response-and-validate-in-the-server-side,2014-12-04 14:55:37,curious1,12.4k,java|javascript|php,no
5607253,Syntactic sugar in C/C++,32,10,11715,https://stackoverflow.com/questions/5607253/syntactic-sugar-in-c-c,2011-04-09 19:23:24,BiGYaN,6237,c|c++|javascript,no
5362250,What easy zlib tutorials are there? [closed],32,5,44781,https://stackoverflow.com/questions/5362250/what-easy-zlib-tutorials-are-there,2011-03-19 13:05:56,Paul Manta,26.8k,c|c++|php,no
5358252,Alternative to Eclipse for C and C++ development? [closed],32,14,21236,https://stackoverflow.com/questions/5358252/alternative-to-eclipse-for-c-and-c-development,2011-03-18 21:58:22,¡Ö?imon T¡Ì¡Ýth,32.5k,c|c#|c++,no
4812891,fork() and pipes() in c,32,2,86726,https://stackoverflow.com/questions/4812891/fork-and-pipes-in-c,2011-01-27 04:57:59,nightWatcher,971,c|c++|shell,no
2896879,Windowless OpenGL,32,5,6913,https://stackoverflow.com/questions/2896879/windowless-opengl,2010-05-24 12:16:34,ext,1504,c|c#|c++,no
1451694,Is there a way to diff files from C++?,32,6,18605,https://stackoverflow.com/questions/1451694/is-there-a-way-to-diff-files-from-c,2009-09-20 18:40:22,Matt Fichman,4700,c|c++|python,no
900338,Why can't I use strerror?,32,7,24559,https://stackoverflow.com/questions/900338/why-cant-i-use-strerror,2009-05-22 22:56:08,JamieH,1157,c|c#|c++,no
7593334,How to call C++ from Java?,32,8,53170,https://stackoverflow.com/questions/7593334/how-to-call-c-from-java,2011-09-29 06:30:32,user970500,471,c|c++|java,yes
30679445,Python-like C++ decorators,32,5,11573,https://stackoverflow.com/questions/30679445/python-like-c-decorators,2015-06-06 05:53:30,Artem Selivanov,1372,c|c++|python,no
5955714,"debugging in mixed mode with native C++, managed c++ cli, and c# solution",32,4,25755,https://stackoverflow.com/questions/5955714/debugging-in-mixed-mode-with-native-c-managed-c-cli-and-c-sharp-solution,2011-05-10 19:57:10,jamie,321,c|c#|c++,no
4608876,C# DllImport with C++ boolean function not returning correctly,32,7,20083,https://stackoverflow.com/questions/4608876/c-sharp-dllimport-with-c-boolean-function-not-returning-correctly,2011-01-05 20:31:10,Shammah,581,c|c#|c++,yes
1744888,Cannot Debug Unmanaged Dll from C#,32,4,21364,https://stackoverflow.com/questions/1744888/cannot-debug-unmanaged-dll-from-c-sharp,2009-11-16 21:12:32,QueueHammer,9027,c#|c++|shell,no
8901488,"Android: Java, C or C++?",32,5,25136,https://stackoverflow.com/questions/8901488/android-java-c-or-c,2012-01-17 20:43:33,Evgeni Reznik,894,c|c++|java,no
448258,Calling virtual method in base class constructor,32,9,17014,https://stackoverflow.com/questions/448258/calling-virtual-method-in-base-class-constructor,2009-01-15 20:03:52,Yona,8572,c#|c++|java,no
16647186,Calling C functions in Python,31,4,45817,https://stackoverflow.com/questions/16647186/calling-c-functions-in-python,May 20 '13 at 10:11,Kitchi,1664,c|c++|python,yes
2728093,To use the 'I' prefix for interfaces or not to,31,20,7477,https://stackoverflow.com/questions/2728093/to-use-the-i-prefix-for-interfaces-or-not-to,Apr 28 '10 at 9:12,ng.,6711,c#|java|python,no
359436,C# equivalent to Java's continue <label>?,31,5,15165,https://stackoverflow.com/questions/359436/c-sharp-equivalent-to-javas-continue-label,Dec 11 '08 at 14:01,Epaga,33.6k,c|c#|java,no
24330922,Sending messages with Telegram - APIs or CLI?,31,6,50318,https://stackoverflow.com/questions/24330922/sending-messages-with-telegram-apis-or-cli,Jun 20 '14 at 15:36,Michele,533,javascript|python|shell,no
345794,How to retrieve PHP exec() error responses?,31,7,53200,https://stackoverflow.com/questions/345794/how-to-retrieve-php-exec-error-responses,Dec 6 '08 at 2:39,Matt,3320,php|python|shell,no
6004060,Which templating engine can I use with both JS and PHP? [closed],31,4,14383,https://stackoverflow.com/questions/6004060/which-templating-engine-can-i-use-with-both-js-and-php,2011-05-14 18:43:58,Florian,2961,javascript|php|python,no
44743918,Performance-wise: Is a WPF application better than an Electron one coded wisely? [closed],31,0,11733,https://stackoverflow.com/questions/44743918/performance-wise-is-a-wpf-application-better-than-an-electron-one-coded-wisely,2017-06-25 06:46:13,Mihai,1901,c#|c++|javascript,no
3480362,__doPostBack is not defined,31,26,76208,https://stackoverflow.com/questions/3480362/dopostback-is-not-defined,2010-08-13 20:12:05,jmpena,1289,c#|java|javascript,no
24011332,Will rand() sometimes return the same consecutively?,31,4,4388,https://stackoverflow.com/questions/24011332/will-rand-sometimes-return-the-same-consecutively,2014-06-03 09:16:04,Gohan,2263,c|c++|java,no
16243509,Explanation of C++ FAQ's unsafe macro?,31,4,3771,https://stackoverflow.com/questions/16243509/explanation-of-c-faqs-unsafe-macro,2013-04-26 19:03:27,Gaurav K,2598,c|c++|shell,no
11816571,light-weight C++ image library [closed],31,2,33333,https://stackoverflow.com/questions/11816571/light-weight-c-image-library,2012-08-05 12:50:39,YePhIcK,5317,c|c++|php,no
5463408,"Visual Studio 2010 very slow, unusable",31,11,13035,https://stackoverflow.com/questions/5463408/visual-studio-2010-very-slow-unusable,2011-03-28 18:30:29,,,c|c++|php,no
5283841,Why Compile to an Object File First?,31,5,9310,https://stackoverflow.com/questions/5283841/why-compile-to-an-object-file-first,2011-03-12 16:40:33,tomshafer,625,c|c++|php,no
2795044,Easy framework for OpenGL Shaders in C/C++,31,4,25123,https://stackoverflow.com/questions/2795044/easy-framework-for-opengl-shaders-in-c-c,2010-05-08 17:50:16,Nils,11.6k,c|c++|php,no
24350763,How can C# allow virtual generic methods where C++ can't allow virtual template methods?,31,5,3164,https://stackoverflow.com/questions/24350763/how-can-c-sharp-allow-virtual-generic-methods-where-c-cant-allow-virtual-temp,2014-06-22 11:24:51,gexicide,33.9k,c#|c++|java,no
12231569,is there in C# a method for List<T> like resize in c++ for vector<T>,31,7,36261,https://stackoverflow.com/questions/12231569/is-there-in-c-sharp-a-method-for-listt-like-resize-in-c-for-vectort,2012-09-01 21:30:39,nhtrnm,1117,c|c#|c++,no
935379,JNI Calls different in C vs C++?,31,4,14692,https://stackoverflow.com/questions/935379/jni-calls-different-in-c-vs-c,2009-06-01 15:42:41,Petey B,10.5k,c|c++|java,yes
3925947,What is portability? How is java more portable than other languages? [closed],30,11,32148,https://stackoverflow.com/questions/3925947/what-is-portability-how-is-java-more-portable-than-other-languages,Oct 13 '10 at 16:39,Hari Menon,27.8k,c|c++|java,no
8984287,Execute php code in Python,30,5,60416,https://stackoverflow.com/questions/8984287/execute-php-code-in-python,Jan 24 '12 at 9:12,jiahao,3179,php|python|shell,yes
3478530,What are the fundamental differences between garbage collection in C# and Java?,30,3,3521,https://stackoverflow.com/questions/3478530/what-are-the-fundamental-differences-between-garbage-collection-in-c-sharp-and-j,Aug 13 '10 at 15:47,benstpierre,29.5k,c#|c++|java,no
16689,Java and C# interoperability,30,9,20462,https://stackoverflow.com/questions/16689/java-and-c-sharp-interoperability,Aug 19 '08 at 18:31,,,c#|c++|java,yes
1917935,How does C# compilation get around needing header files?,30,5,6693,https://stackoverflow.com/questions/1917935/how-does-c-sharp-compilation-get-around-needing-header-files,Dec 16 '09 at 21:39,G-Wiz,7001,c|c#|c++,no
8515161,Detecting Device Type in a web application,30,7,76241,https://stackoverflow.com/questions/8515161/detecting-device-type-in-a-web-application,2011-12-15 04:34:37,Rishabh Ohri,1118,c|java|javascript,no
7563791,Is it possible to download a file with HTTP POST?,30,6,47602,https://stackoverflow.com/questions/7563791/is-it-possible-to-download-a-file-with-http-post,2011-09-27 03:08:15,Sean,335,java|javascript|php,no
3066833,How do you expose a C++ class in the V8 Javascript Engine so it can be created using new?,30,3,17877,https://stackoverflow.com/questions/3066833/how-do-you-expose-a-c-class-in-the-v8-javascript-engine-so-it-can-be-created-u,2010-06-18 02:11:10,Steve Hanov,9973,c++|javascript|python,yes
50530113,How to avoid use of goto and break nested loops efficiently [closed],30,14,3103,https://stackoverflow.com/questions/50530113/how-to-avoid-use-of-goto-and-break-nested-loops-efficiently,2018-05-25 13:15:21,rual93,495,c|c++|java,no
2796796,When to use extern ¡°C¡± in simple words? [duplicate],30,7,23590,https://stackoverflow.com/questions/2796796/when-to-use-extern-c-in-simple-words,2010-05-09 06:11:06,Russel,329,c|c#|c++,no
1825720,C++ high precision time measurement in Windows,30,14,53790,https://stackoverflow.com/questions/1825720/c-high-precision-time-measurement-in-windows,2009-12-01 11:58:05,Kelly Elton,3998,c|c#|c++,no
1158374,Portable Compare And Swap (atomic operations) C/C++ library?,30,9,31689,https://stackoverflow.com/questions/1158374/portable-compare-and-swap-atomic-operations-c-c-library,2009-07-21 10:25:22,,,c|c++|php,no
922358,Consistent pseudo-random numbers across platforms,30,6,8874,https://stackoverflow.com/questions/922358/consistent-pseudo-random-numbers-across-platforms,2009-05-28 18:03:45,toastie,1794,c|c++|python,no
900123,"COM, COM+, DCOM, where to start?",30,7,12213,https://stackoverflow.com/questions/900123/com-com-dcom-where-to-start,2009-05-22 21:45:37,no_ripcord,2986,c|c++|shell,no
12128678,Vim: Go to Beginning/End of Next Method,30,4,17383,https://stackoverflow.com/questions/12128678/vim-go-to-beginning-end-of-next-method,2012-08-26 08:25:11,void-pointer,11.6k,c#|c++|java,no
50613010,Passing a C++ object to Python,30,2,2494,https://stackoverflow.com/questions/50613010/passing-a-c-object-to-python,2018-05-30 20:38:19,Totte Karlsson,1306,c|c++|python,yes
30696484,"A + B without arithmetic operators, Python vs C++",30,6,6139,https://stackoverflow.com/questions/30696484/a-b-without-arithmetic-operators-python-vs-c,2015-06-07 17:33:10,laike9m,13.6k,c|c++|python,no
4307187,How To catch python stdout in c++ code,30,3,15957,https://stackoverflow.com/questions/4307187/how-to-catch-python-stdout-in-c-code,2010-11-29 17:54:20,alexpov,1048,c|c++|python,yes
963982,Should I use return/continue statement instead of if-else?,30,13,20292,https://stackoverflow.com/questions/963982/should-i-use-return-continue-statement-instead-of-if-else,2009-06-08 09:03:24,sharptooth,156k,c|c#|c++,no
7466303,"C++, C# and JavaScript on WinRT [closed]",30,6,11181,https://stackoverflow.com/questions/7466303/c-c-sharp-and-javascript-on-winrt,2011-09-19 03:58:10,Anonymous,8398,c#|c++|javascript,no
49824,Java -> Python?,29,5,11457,https://stackoverflow.com/questions/49824/java-python,2008-09-08 14:36:24,jodonnell,45.8k,c#|java|python,no
2958291,Equivalent to GetTickCount() on Linux,29,4,32073,https://stackoverflow.com/questions/2958291/equivalent-to-gettickcount-on-linux,Jun 2 '10 at 13:47,Matt Joiner,93.3k,c|c++|python,no
10771441,Java equivalent of C# system.beep?,29,8,36249,https://stackoverflow.com/questions/10771441/java-equivalent-of-c-sharp-system-beep,May 27 '12 at 3:24,Glen654,982,c#|java|php,no
4428267,Calling C# from C,29,4,17914,https://stackoverflow.com/questions/4428267/calling-c-sharp-from-c,Dec 13 '10 at 11:18,sveerap,741,c|c#|c++,yes
5794030,Interactive shell using PHP,29,8,15929,https://stackoverflow.com/questions/5794030/interactive-shell-using-php,Apr 26 '11 at 17:22,The Dude With A Moustache,331,php|python|shell,yes
31531817,How to get children and id in jQuery Nestable plugin after drag and drop item and update in database?,29,1,12878,https://stackoverflow.com/questions/31531817/how-to-get-children-and-id-in-jquery-nestable-plugin-after-drag-and-drop-item-an,2015-07-21 06:28:50,DMS-KH,2154,javascript|php|shell,no
16525617,How to detect user's timezone?,29,6,54605,https://stackoverflow.com/questions/16525617/how-to-detect-users-timezone,2013-05-13 15:21:37,Dan,1873,c#|javascript|php,no
5045053,"Set cookie wih JS, read with PHP problem",29,5,67973,https://stackoverflow.com/questions/5045053/set-cookie-wih-js-read-with-php-problem,2011-02-18 18:21:12,Andrej,451,c#|javascript|php,yes
22681346,Are compilers built with previous version of themselves protected from code injection?,29,2,1026,https://stackoverflow.com/questions/22681346/are-compilers-built-with-previous-version-of-themselves-protected-from-code-inje,2014-03-27 07:55:01,v.oddou,5608,c|c#|c++,no
8852835,Why is this C code faster than this C++ code ? getting biggest line in file,29,8,4749,https://stackoverflow.com/questions/8852835/why-is-this-c-code-faster-than-this-c-code-getting-biggest-line-in-file,2012-01-13 15:22:41,Alex,1887,c|c++|python,no
1734277,Name of C/C++ stdlib naming convention?,29,6,7292,https://stackoverflow.com/questions/1734277/name-of-c-c-stdlib-naming-convention,2009-11-14 13:49:45,AraK,84.6k,c|c++|php,no
376966,Using C/C++ static libraries from iPhone ObjectiveC Apps,29,4,24038,https://stackoverflow.com/questions/376966/using-c-c-static-libraries-from-iphone-objectivec-apps,2008-12-18 05:20:45,Akusete,10k,c|c#|c++,no
11623157,Enabling Camera Flash While Recording Video,29,4,7252,https://stackoverflow.com/questions/11623157/enabling-camera-flash-while-recording-video,2012-07-24 02:12:39,thepenguin77,399,c|c++|java,no
8080617,Does java really have pointers or not? [closed],29,9,25507,https://stackoverflow.com/questions/8080617/does-java-really-have-pointers-or-not,2011-11-10 13:58:11,Gabriel,2991,c|c++|java,no
17612,How do you place a file in recycle bin instead of delete?,29,3,10160,https://stackoverflow.com/questions/17612/how-do-you-place-a-file-in-recycle-bin-instead-of-delete,2008-08-20 08:43:00,Brian Leahy,31.5k,c#|c++|shell,no
7812178,How do Prefix (++x) and Postfix (x++) operations work?,29,7,16974,https://stackoverflow.com/questions/7812178/how-do-prefix-x-and-postfix-x-operations-work,2011-10-18 18:53:10,GodsCrimeScene,1210,c|c#|c++,no
7650013,Java 1.6 Broken when called by background Symfony task,28,3,2811,https://stackoverflow.com/questions/7650013/java-1-6-broken-when-called-by-background-symfony-task,Oct 4 '11 at 15:06,paaat,535,java|php|shell,no
1511082,Why can't I do ++i++ in C-like languages?,28,7,5248,https://stackoverflow.com/questions/1511082/why-cant-i-do-i-in-c-like-languages,Oct 2 '09 at 18:20,zvolkov,17.3k,c|c#|c++,no
51666736,How do I use a C library in a Rust library compiled to WebAssembly?,28,1,2386,https://stackoverflow.com/questions/51666736/how-do-i-use-a-c-library-in-a-rust-library-compiled-to-webassembly,2020-04-22 08:06:35,olanod,28.7k,c|c++|javascript,no
5999228,Is it possible to interpret a C# expression tree to emit JavaScript?,28,5,3840,https://stackoverflow.com/questions/5999228/is-it-possible-to-interpret-a-c-sharp-expression-tree-to-emit-javascript,2011-05-14 01:19:02,Chris Fulstow,36.9k,c|c#|javascript,no
2921418,Javascript VS C#,28,5,47658,https://stackoverflow.com/questions/2921418/javascript-vs-c-sharp,2010-05-27 13:16:16,Joris,733,c#|javascript|python,no
52498886,How can I get gcc to warn me about ¡°int i = i;¡±,28,3,869,https://stackoverflow.com/questions/52498886/how-can-i-get-gcc-to-warn-me-about-int-i-i,2018-09-25 13:02:50,notnonuninvisible,293,c|c++|python,no
24037595,Is there logical short-circuiting in the C preprocessor?,28,4,3031,https://stackoverflow.com/questions/24037595/is-there-logical-short-circuiting-in-the-c-preprocessor,2014-06-04 12:35:11,not-a-user,3440,c|c++|shell,no
17766550,Ctrl + C interrupt event handling in Linux,28,3,73799,https://stackoverflow.com/questions/17766550/ctrl-c-interrupt-event-handling-in-linux,2013-07-20 20:47:26,mozcelikors,1955,c|c++|shell,no
17203178,Creating PSP Homebrew App - Starting out,28,0,6340,https://stackoverflow.com/questions/17203178/creating-psp-homebrew-app-starting-out,2013-06-19 23:49:04,Chris Hobbs,715,c|c++|javascript,no
15554565,Forcing GCC to perform loop unswitching of memcpy runtime size checks?,28,3,1777,https://stackoverflow.com/questions/15554565/forcing-gcc-to-perform-loop-unswitching-of-memcpy-runtime-size-checks,2013-03-21 17:46:20,Stephen Lin,5000,c|c++|python,no
13654138,What exactly is the difference between ¡°pass by reference¡± in C and in C++?,28,1,25382,https://stackoverflow.com/questions/13654138/what-exactly-is-the-difference-between-pass-by-reference-in-c-and-in-c,2012-11-30 22:30:43,Joseph Mansfield,97.7k,c|c++|java,no
11457328,What is _In_ in C++?,28,3,21173,https://stackoverflow.com/questions/11457328/what-is-in-in-c,2012-07-12 17:29:53,Infinity James,4186,c|c#|c++,no
5378071,Format C/C++ code on save,28,7,5143,https://stackoverflow.com/questions/5378071/format-c-c-code-on-save,2011-03-21 13:14:59,Goulou,618,c|c++|java,no
4615192,Why does the ¡°static¡± keyword have so many meanings in C and C++? [duplicate],28,5,3581,https://stackoverflow.com/questions/4615192/why-does-the-static-keyword-have-so-many-meanings-in-c-and-c,2011-01-06 13:05:35,Oystein,3518,c|c#|c++,no
4290834,How to get a list of video capture devices (web cameras) on linux ( ubuntu )? (C/C++),28,4,64413,https://stackoverflow.com/questions/4290834/how-to-get-a-list-of-video-capture-devices-web-cameras-on-linux-ubuntu-c,2010-11-27 08:58:08,Rella,56.4k,c|c++|python,no
2274428,How to determine how many bytes an integer needs?,28,22,21109,https://stackoverflow.com/questions/2274428/how-to-determine-how-many-bytes-an-integer-needs,2010-02-16 16:26:41,Ben Reeves,6159,c|c#|c++,no
2265038,Is there a lightweight multipart/form-data parser in C or C++? [closed],28,5,12842,https://stackoverflow.com/questions/2265038/is-there-a-lightweight-multipart-form-data-parser-in-c-or-c,2010-02-15 09:49:40,Hongli,17.6k,c|c++|php,no
1373369,Which is faster/preferred: memset or for loop to zero out an array of doubles?,28,18,32488,https://stackoverflow.com/questions/1373369/which-is-faster-preferred-memset-or-for-loop-to-zero-out-an-array-of-doubles,2009-09-03 13:19:07,vehomzzz,36.1k,c|c++|java,no
18268151,Java collections faster than c++ containers?,28,5,4130,https://stackoverflow.com/questions/18268151/java-collections-faster-than-c-containers,2013-08-16 07:35:23,aaronman,16.8k,c|c++|java,no
3245552,Why is Erlang said to be more suited for server side programming in webgames than Java and C++?,28,3,4286,https://stackoverflow.com/questions/3245552/why-is-erlang-said-to-be-more-suited-for-server-side-programming-in-webgames-tha,2010-07-14 11:19:08,ieplugin,601,c|c++|java,no
7204664,pass callback from python to c++ using boost::python,28,1,5932,https://stackoverflow.com/questions/7204664/pass-callback-from-python-to-c-using-boostpython,2011-08-26 12:32:19,Igor Pavlov,295,c|c++|python,yes
1849447,How can you detect if two regular expressions overlap in the strings they can match?,28,3,4611,https://stackoverflow.com/questions/1849447/how-can-you-detect-if-two-regular-expressions-overlap-in-the-strings-they-can-ma,2009-12-04 20:26:42,Joseph Garvin,17.9k,c|c++|python,no
2256,Mapping Stream data to data structures in C#,28,4,7290,https://stackoverflow.com/questions/2256/mapping-stream-data-to-data-structures-in-c-sharp,2008-08-05 13:11:14,geocoin,1191,c|c#|c++,no
17307761,Is there a Java equivalent to Python's Easy String Splicing?,27,8,49882,https://stackoverflow.com/questions/17307761/is-there-a-java-equivalent-to-pythons-easy-string-splicing,2013-06-25 21:21:47,rory,1485,java|python|shell,no
27683764,What is a PyObject in Python?,27,2,13524,https://stackoverflow.com/questions/27683764/what-is-a-pyobject-in-python,Dec 29 '14 at 5:18,eric,3818,c|c++|python,no
1376312,What's the equivalent of Java's enum in C#? [duplicate],27,6,11956,https://stackoverflow.com/questions/1376312/whats-the-equivalent-of-javas-enum-in-c,Sep 3 '09 at 22:31,Nosrama,13.4k,c|c#|java,no
4223917,C# equivalent of C sscanf [duplicate],27,5,40548,https://stackoverflow.com/questions/4223917/c-sharp-equivalent-of-c-sscanf,Nov 19 '10 at 10:02,Shamim Hafiz,18.8k,c|c#|c++,no
28933925,Docker timeout for container?,27,4,15878,https://stackoverflow.com/questions/28933925/docker-timeout-for-container,Mar 9 '15 at 1:24,Joel Murphy,2334,c|python|shell,no
9724404,Random floating point double in Inclusive Range,27,13,23295,https://stackoverflow.com/questions/9724404/random-floating-point-double-in-inclusive-range,2020-04-07 11:28:05,maerics,126k,c|java|javascript,no
1786522,How different are the semantics between Python and JavaScript?,27,6,15532,https://stackoverflow.com/questions/1786522/how-different-are-the-semantics-between-python-and-javascript,2009-11-23 22:30:41,Steve,1689,java|javascript|python,no
5793414,Mechanize and Javascript,27,5,27719,https://stackoverflow.com/questions/5793414/mechanize-and-javascript,2011-04-26 16:32:32,Jeff Klip,271,java|javascript|python,no
2611415,Parsing Twitter API Datestamp,27,6,20794,https://stackoverflow.com/questions/2611415/parsing-twitter-api-datestamp,2010-04-09 22:39:49,Chris Armstrong,3325,java|javascript|php,no
16629163,got an unexpected answer from the x?y:z expression,27,6,1268,https://stackoverflow.com/questions/16629163/got-an-unexpected-answer-from-the-xyz-expression,2013-05-18 21:31:56,cao lei,641,c|c++|php,no
13328278,Eclipse (C/C++) Error: Job found still running after platform shutdown,27,3,22078,https://stackoverflow.com/questions/13328278/eclipse-c-c-error-job-found-still-running-after-platform-shutdown,2012-11-11 03:17:31,Puzzler3141,1522,c|c++|java,no
8814705,How to Check if the function exists in C/C++,27,8,45329,https://stackoverflow.com/questions/8814705/how-to-check-if-the-function-exists-in-c-c,2012-01-11 05:41:24,Whoami,11.5k,c|c++|shell,no
8249669,How do take a screenshot correctly with xlib?,27,3,14248,https://stackoverflow.com/questions/8249669/how-do-take-a-screenshot-correctly-with-xlib,2011-11-23 22:01:59,Lalaland,7874,c|c++|shell,no
8057892,Epoll on regular files,27,2,7529,https://stackoverflow.com/questions/8057892/epoll-on-regular-files,2011-11-08 22:19:50,Cartesius00,20.6k,c|c#|c++,no
6416117,Simple object detection using OpenCV and machine learning,27,1,58140,https://stackoverflow.com/questions/6416117/simple-object-detection-using-opencv-and-machine-learning,2011-06-20 19:06:06,hfingler,1728,c|c++|python,no
5497014,A recommendation for a good programming book in Threads and Concurrency in c\c++ [closed],27,3,14313,https://stackoverflow.com/questions/5497014/a-recommendation-for-a-good-programming-book-in-threads-and-concurrency-in-c-c,2011-03-31 08:20:09,Asher Saban,4203,c|c++|java,no
5356050,Simulating nested functions in C++,27,8,16606,https://stackoverflow.com/questions/5356050/simulating-nested-functions-in-c,2011-03-18 18:04:44,Paul McCutcheon,273,c|c#|c++,no
5079635,How can i use tesseract ocr(or any other free ocr) in small c++ project?,27,5,23503,https://stackoverflow.com/questions/5079635/how-can-i-use-tesseract-ocror-any-other-free-ocr-in-small-c-project,2011-02-22 14:50:35,Marko29,921,c|c++|shell,no
1413171,What is ¡°strip¡± (GCC application) used for?,27,3,28974,https://stackoverflow.com/questions/1413171/what-is-strip-gcc-application-used-for,2009-09-11 20:44:34,Carlos Aguilera,273,c|c++|java,no
796364,Fast Cross-Platform C/C++ Image Processing Libraries,27,11,34884,https://stackoverflow.com/questions/796364/fast-cross-platform-c-c-image-processing-libraries,2009-04-28 05:42:35,The Unknown,16.6k,c|c#|c++,no
3231,C/C++ library for reading MIDI signals from a USB MIDI device,27,3,25261,https://stackoverflow.com/questions/3231/c-c-library-for-reading-midi-signals-from-a-usb-midi-device,2008-08-06 09:51:06,David,13.7k,c|c++|java,no
15293232,How to design an algorithm to calculate countdown style maths number puzzle,27,9,15363,https://stackoverflow.com/questions/15293232/how-to-design-an-algorithm-to-calculate-countdown-style-maths-number-puzzle,2013-03-08 11:44:41,drlobo,1909,c++|java|python,no
2108467,Is Short Circuit Evaluation guaranteed In C++ as it is in Java?,27,2,9324,https://stackoverflow.com/questions/2108467/is-short-circuit-evaluation-guaranteed-in-c-as-it-is-in-java,2010-01-21 10:37:11,Cheok Yan Cheng,49.5k,c|c++|java,no
397263,When to use pointers and when not to?,27,5,7681,https://stackoverflow.com/questions/397263/when-to-use-pointers-and-when-not-to,2008-12-29 07:04:47,,,c|c++|java,no
42585210,Extending setuptools extension to use CMake in setup.py?,27,2,8877,https://stackoverflow.com/questions/42585210/extending-setuptools-extension-to-use-cmake-in-setup-py,2017-03-03 17:37:17,loneraver,752,c|c++|python,no
23622923,Is it acceptable practice to unit-test a program in a different language?,27,5,3463,https://stackoverflow.com/questions/23622923/is-it-acceptable-practice-to-unit-test-a-program-in-a-different-language,2014-05-13 04:40:07,WCGPR0,711,c++|java|python,yes
16962430,Calling Python script from C++ and using its output,27,2,67909,https://stackoverflow.com/questions/16962430/calling-python-script-from-c-and-using-its-output,2013-06-06 12:44:00,learner,1043,c++|python|shell,yes
5539557,Boost and Python 3.x,27,6,34206,https://stackoverflow.com/questions/5539557/boost-and-python-3-x,2011-04-04 13:58:33,BenjaminB,1679,c++|python|shell,no
6337807,Is memory encrypted?,27,6,1409,https://stackoverflow.com/questions/6337807/is-memory-encrypted,2011-06-14 00:13:46,Tom F,789,c#|c++|php,no
1733484,Unit testing real-time / concurrent software [duplicate],27,6,2891,https://stackoverflow.com/questions/1733484/unit-testing-real-time-concurrent-software,2009-11-14 06:25:24,Joonas Pulakka,34.3k,c|c++|java,no
14047979,executing Python script in PHP and exchanging data between the two,26,4,59430,https://stackoverflow.com/questions/14047979/executing-python-script-in-php-and-exchanging-data-between-the-two,Dec 27 '12 at 0:30,Neta Meta,3568,php|python|shell,yes
842609,Why does C# not allow const and static on the same line?,26,5,13581,https://stackoverflow.com/questions/842609/why-does-c-sharp-not-allow-const-and-static-on-the-same-line,May 9 '09 at 3:51,Cuga,16.3k,c|c#|java,no
5316500,Java equivalent of Invariant Culture,26,2,7630,https://stackoverflow.com/questions/5316500/java-equivalent-of-invariant-culture,Mar 15 '11 at 18:49,Josh Clark,585,c|c#|java,no
9497729,Difference between a Pure Abstract class and an Interface [closed],26,6,6295,https://stackoverflow.com/questions/9497729/difference-between-a-pure-abstract-class-and-an-interface,Feb 29 '12 at 10:53,sji,1650,c#|c++|java,no
1366599,Throwing a JavaScript exception from C++ code using Google V8,26,2,7131,https://stackoverflow.com/questions/1366599/throwing-a-javascript-exception-from-c-code-using-google-v8,2009-09-02 09:08:54,Etan,15k,c++|javascript|shell,yes
25446628,AJAX jQuery refresh div every 5 seconds,26,5,175930,https://stackoverflow.com/questions/25446628/ajax-jquery-refresh-div-every-5-seconds,2014-08-22 12:04:33,user3838972,301,java|javascript|php,yes
6153453,What method would be best to build this complex graph,26,5,951,https://stackoverflow.com/questions/6153453/what-method-would-be-best-to-build-this-complex-graph,2011-05-27 14:10:04,bpeterson76,12.5k,c|javascript|php,no
18261338,Get chrome's console log,26,7,33956,https://stackoverflow.com/questions/18261338/get-chromes-console-log,2013-08-15 20:35:19,Alon Shmiel,5504,c#|java|javascript,no
35445883,C wrapper for C++ class with stack allocation,26,7,1710,https://stackoverflow.com/questions/35445883/c-wrapper-for-c-class-with-stack-allocation,2016-02-17 00:46:21,Pavel Strakhov,34.1k,c|c#|c++,no
14312970,Arrays passed by reference by default?,26,3,36552,https://stackoverflow.com/questions/14312970/arrays-passed-by-reference-by-default,2013-01-14 03:23:19,johnbakers,21.9k,c|c++|java,no
11253827,Too many fonts when enumerating with EnumFontFamiliesEx function,26,4,4888,https://stackoverflow.com/questions/11253827/too-many-fonts-when-enumerating-with-enumfontfamiliesex-function,2012-06-28 22:30:13,James Johnston,8650,c|c++|shell,no
9052088,"Why int i=400*400/400 gives result 72, is datatype circular?",26,3,3144,https://stackoverflow.com/questions/9052088/why-int-i-400400-400-gives-result-72-is-datatype-circular,2012-01-29 09:08:53,Imran Rana,10.8k,c|c++|java,no
7100529,Why is memset() incorrectly initializing int?,26,9,11136,https://stackoverflow.com/questions/7100529/why-is-memset-incorrectly-initializing-int,2011-08-17 22:57:19,Ahmad,279,c|c++|shell,no
6685457,Header file inclusion static analysis tools?,26,8,8884,https://stackoverflow.com/questions/6685457/header-file-inclusion-static-analysis-tools,2011-07-13 20:48:44,fbrereto,33.8k,c|c++|python,no
5135854,Make a file pointer read/write to an in-memory location,26,4,25716,https://stackoverflow.com/questions/5135854/make-a-file-pointer-read-write-to-an-in-memory-location,2011-02-27 20:49:29,Leo Izen,3941,c|c++|java,no
4986844,What does ¡°cdecl¡± stand for?,26,4,11598,https://stackoverflow.com/questions/4986844/what-does-cdecl-stand-for,2011-02-13 21:00:13,fredoverflow,229k,c|c++|java,no
3763960,Purpose of C/C++ Prototypes,26,6,16518,https://stackoverflow.com/questions/3763960/purpose-of-c-c-prototypes,2010-09-21 19:58:02,pythonnewbie,311,c|c++|python,no
2281739,Automatically adding Enter/Exit Function Logs to a Project,26,5,14616,https://stackoverflow.com/questions/2281739/automatically-adding-enter-exit-function-logs-to-a-project,2010-02-17 15:06:20,Benji Mizrahi,2024,c|c++|php,no
789913,array offset calculations in multi dimensional array (column vs row major),26,6,37724,https://stackoverflow.com/questions/789913/array-offset-calculations-in-multi-dimensional-array-column-vs-row-major,2009-04-25 23:13:42,mrwes,571,c|c++|php,no
361648,How do you make linux GUI's?,26,11,13999,https://stackoverflow.com/questions/361648/how-do-you-make-linux-guis,2008-12-12 01:37:08,John T,21.9k,c|c++|java,no
2995926,Why is there no parameter contra-variance for overriding?,26,6,4399,https://stackoverflow.com/questions/2995926/why-is-there-no-parameter-contra-variance-for-overriding,2010-06-08 08:55:35,Oak,23.9k,c|c++|java,no
2863836,Do Java programs ever crash?,26,12,4034,https://stackoverflow.com/questions/2863836/do-java-programs-ever-crash,2010-05-19 08:15:39,Satbir,5752,c|c++|java,no
8933263,How do I wrap a C++ class with Cython?,26,4,14991,https://stackoverflow.com/questions/8933263/how-do-i-wrap-a-c-class-with-cython,2012-01-19 21:05:27,Endophage,18.4k,c|c++|python,yes
4241415,Import C++ function into Python program,26,5,41224,https://stackoverflow.com/questions/4241415/import-c-function-into-python-program,2010-11-22 01:00:05,Nick,269,c|c++|python,yes
18150396,Import a C++ .lib and .h file into a C# project?,26,3,54281,https://stackoverflow.com/questions/18150396/import-a-c-lib-and-h-file-into-a-c-sharp-project,2013-08-09 15:32:19,Dan James Palmer,1976,c|c#|c++,yes
10670953,How do I get the raw Android camera buffer in C using JNI?,25,3,15255,https://stackoverflow.com/questions/10670953/how-do-i-get-the-raw-android-camera-buffer-in-c-using-jni,May 20 '12 at 5:14,Nick,4540,c|c++|java,no
26285133,Who sends a SIGKILL to my process mysteriously on ubuntu server,25,3,10374,https://stackoverflow.com/questions/26285133/who-sends-a-sigkill-to-my-process-mysteriously-on-ubuntu-server,Oct 9 '14 at 18:05,Howy,803,c|java|shell,no
1268174,PHP's strtotime() in Java,25,5,11601,https://stackoverflow.com/questions/1268174/phps-strtotime-in-java,Aug 12 '09 at 19:19,User1,33.7k,c|java|php,no
2077870,How to load a C# dll in python?,25,4,61252,https://stackoverflow.com/questions/2077870/how-to-load-a-c-sharp-dll-in-python,Jan 16 '10 at 15:38,aF.,55.4k,c#|c++|python,yes
19665491,How do I get an ECDSA public key from just a Bitcoin signature? ¡­ SEC1 4.1.6 key recovery for curves over (mod p)-fields,25,2,8978,https://stackoverflow.com/questions/19665491/how-do-i-get-an-ecdsa-public-key-from-just-a-bitcoin-signature-sec1-4-1-6-k,Oct 29 '13 at 17:44,goodguys_activate,51.7k,c#|c++|python,no
129989,How to call Java code from C#?,25,4,38630,https://stackoverflow.com/questions/129989/how-to-call-java-code-from-c,Sep 24 '08 at 21:07,,,c#|c++|java,yes
161231,How do you force constructor signatures and static methods?,25,9,14470,https://stackoverflow.com/questions/161231/how-do-you-force-constructor-signatures-and-static-methods,Oct 2 '08 at 7:42,Sklivvz,27.8k,c|c#|java,no
3266223,"Python over JavaScript? (Facts, please) [closed]",25,12,64752,https://stackoverflow.com/questions/3266223/python-over-javascript-facts-please,2010-07-16 15:06:53,Latze,1695,java|javascript|python,no
43827637,How to use Ajax and JSON for making dropdown menu?,25,6,3784,https://stackoverflow.com/questions/43827637/how-to-use-ajax-and-json-for-making-dropdown-menu,2017-05-07 03:51:25,Kardo,1288,c|javascript|php,yes
33932055,Exclude/hide some columns while export datatable,25,4,51257,https://stackoverflow.com/questions/33932055/exclude-hide-some-columns-while-export-datatable,2015-11-26 06:37:16,angel,345,java|javascript|php,no
7411313,"Does Javascript support the short ternary (rather, variation of) as in PHP?",25,3,6794,https://stackoverflow.com/questions/7411313/does-javascript-support-the-short-ternary-rather-variation-of-as-in-php,2011-09-14 04:39:24,Dan Lugg,17.7k,javascript|php|python,no
35517341,Why sizeof built in types except char is compiler dependent in C & C++?,25,3,2820,https://stackoverflow.com/questions/35517341/why-sizeof-built-in-types-except-char-is-compiler-dependent-in-c-c,2016-02-20 00:05:21,Ccyan,813,c|c++|java,no
23141654,Is it undefined behaviour to allocate overlarge stack structures?,25,4,518,https://stackoverflow.com/questions/23141654/is-it-undefined-behaviour-to-allocate-overlarge-stack-structures,2014-04-17 19:19:32,nneonneo,147k,c|c#|c++,no
15779185,How to list on-the-fly all the functions/symbols available in C code on a Linux architecture?,25,5,6396,https://stackoverflow.com/questions/15779185/how-to-list-on-the-fly-all-the-functions-symbols-available-in-c-code-on-a-linux,2013-04-03 04:58:15,0x90,31.9k,c|c#|c++,no
11257455,how to find the source of some macros,25,8,11301,https://stackoverflow.com/questions/11257455/how-to-find-the-source-of-some-macros,2012-06-29 07:03:46,basketballnewbie,1205,c|c++|python,no
9009333,How to check if the program is run from a console?,25,5,9774,https://stackoverflow.com/questions/9009333/how-to-check-if-the-program-is-run-from-a-console,2012-01-25 19:54:20,Kos,62.6k,c|c#|c++,no
7622699,What is the ascii value of EOF in c.?,25,7,83129,https://stackoverflow.com/questions/7622699/what-is-the-ascii-value-of-eof-in-c,2011-10-01 20:16:56,Patel Nik,261,c|c++|java,no
7018228,How do I redirect output to a file with CreateProcess?,25,5,33997,https://stackoverflow.com/questions/7018228/how-do-i-redirect-output-to-a-file-with-createprocess,2011-08-10 21:43:24,Paul Manta,26.8k,c|c++|shell,no
2404439,How do I bit shift a long by more than 32 bits? [duplicate],25,7,38200,https://stackoverflow.com/questions/2404439/how-do-i-bit-shift-a-long-by-more-than-32-bits,2010-03-08 20:20:06,,,c|c++|java,no
365782,How do I best handle dynamic multi-dimensional arrays in C/C++?,25,10,26692,https://stackoverflow.com/questions/365782/how-do-i-best-handle-dynamic-multi-dimensional-arrays-in-c-c,2008-12-13 21:38:32,Ari Ronen,2162,c|c++|java,no
4138168,What happens when I throw a C++ exception from a native Java method?,25,5,10666,https://stackoverflow.com/questions/4138168/what-happens-when-i-throw-a-c-exception-from-a-native-java-method,2010-11-09 20:19:21,Idan K,19k,c|c++|java,yes
2035838,What language do they build other languages with?,25,8,1307,https://stackoverflow.com/questions/2035838/what-language-do-they-build-other-languages-with,2010-01-10 02:30:07,ajsie,67.6k,c|c++|java,no
11729368,Build systems in Sublime Text,25,4,79390,https://stackoverflow.com/questions/11729368/build-systems-in-sublime-text,2012-07-30 20:51:50,guillaume8375,447,c++|python|shell,no
15599127,c# equivalent for c++ vector or deque,25,4,23864,https://stackoverflow.com/questions/15599127/c-sharp-equivalent-for-c-vector-or-deque,2013-03-24 13:39:11,Ivaylo Strandjev,62.1k,c#|c++|java,no
1146574,How do I code a progress bar for Windows 7 to also update itself on the taskbar?,25,4,14980,https://stackoverflow.com/questions/1146574/how-do-i-code-a-progress-bar-for-windows-7-to-also-update-itself-on-the-taskbar,2009-07-18 02:54:10,Goyuix,21.3k,c#|c++|shell,no
2278228,OpenCV Image Processing ¡ª C++ vs C vs Python,25,4,7164,https://stackoverflow.com/questions/2278228/opencv-image-processing-c-vs-c-vs-python,2010-02-17 04:04:40,Hortitude,12.3k,c|c++|python,no
18237432,How to rewrite complicated lines of C++ code (nested ternary operator),25,7,20958,https://stackoverflow.com/questions/18237432/how-to-rewrite-complicated-lines-of-c-code-nested-ternary-operator,2013-08-14 16:38:22,invisiblerhino,770,c|c#|c++,no
2429479,How do I perform an unsigned right shift (>>> in Java) in C/C++?,24,2,16093,https://stackoverflow.com/questions/2429479/how-do-i-perform-an-unsigned-right-shift-in-java-in-c-c,Mar 11 '10 at 23:40,changed,1865,c|c++|java,no
3933197,"how to declare variable type, C style in python",24,7,66574,https://stackoverflow.com/questions/3933197/how-to-declare-variable-type-c-style-in-python,Oct 14 '10 at 12:44,Guillermo Siliceo Trueba,2845,c|java|python,no
3429139,Why doesn't Java have automatic properties like C#? [closed],24,5,15963,https://stackoverflow.com/questions/3429139/why-doesnt-java-have-automatic-properties-like-c,,,,c#|c++|java,no
10109738,Why does default == implementation not call Equals? [duplicate],24,6,3103,https://stackoverflow.com/questions/10109738/why-does-default-implementation-not-call-equals,Apr 11 '12 at 16:08,SiberianGuy,21.2k,c|c#|java,no
47875815,Is there an Object spread syntax in python 2.7x like in Javascript?,24,2,9125,https://stackoverflow.com/questions/47875815/is-there-an-object-spread-syntax-in-python-2-7x-like-in-javascript,2017-12-18 20:18:51,Matthew Harwood,14.2k,javascript|php|python,no
28057338,Understanding execute async script in Selenium,24,2,26644,https://stackoverflow.com/questions/28057338/understanding-execute-async-script-in-selenium,2015-01-20 23:52:52,alecxe,392k,java|javascript|python,no
4278350,Resources for C++ programmer to learn JS [closed],24,5,15965,https://stackoverflow.com/questions/4278350/resources-for-c-programmer-to-learn-js,2010-11-25 14:55:30,SunnyShah,22.9k,c++|java|javascript,no
13695028,Vertically align div's but keeping horizontal position intact,24,10,1127,https://stackoverflow.com/questions/13695028/vertically-align-divs-but-keeping-horizontal-position-intact,2012-12-04 02:06:53,stUrb,5368,c|javascript|php,no
35869564,CMake on Windows,24,1,44244,https://stackoverflow.com/questions/35869564/cmake-on-windows,2016-03-08 14:07:25,Jo¡Ì?o Abrantes,3501,c|c++|shell,no
28631167,Transitioning from C `goto` error handling paradigm to C++ exception handling paradigm,24,4,3572,https://stackoverflow.com/questions/28631167/transitioning-from-c-goto-error-handling-paradigm-to-c-exception-handling-pa,2015-02-20 14:20:55,Vilhelm Gray,9418,c|c++|java,no
24682518,Is it necessary to lock an array that is *only written to* from one thread and *only read from* another?,24,10,4575,https://stackoverflow.com/questions/24682518/is-it-necessary-to-lock-an-array-that-is-only-written-to-from-one-thread-and,2014-07-10 17:11:24,Chani,4271,c|c++|java,no
13130713,How do I compile for Windows XP with Visual Studio 2012?,24,3,48595,https://stackoverflow.com/questions/13130713/how-do-i-compile-for-windows-xp-with-visual-studio-2012,2012-10-29 22:41:30,WiperWoper,318,c|c#|c++,no
11007494,"How to delete all files in a folder, but not delete the folder using NIX standard libraries?",24,8,51505,https://stackoverflow.com/questions/11007494/how-to-delete-all-files-in-a-folder-but-not-delete-the-folder-using-nix-standar,2012-06-13 02:32:33,Finding Nemo 2 is happening.,1480,c|c++|shell,no
10999131,Can you use thread local variables inside a class or structure,24,7,24024,https://stackoverflow.com/questions/10999131/can-you-use-thread-local-variables-inside-a-class-or-structure,2012-06-12 14:49:49,pythonic,16.8k,c|c++|python,no
10554266,Eclipse C/C++ Shows Errors but Compiles?,24,9,20801,https://stackoverflow.com/questions/10554266/eclipse-c-c-shows-errors-but-compiles,2012-05-11 15:23:33,SuperTron,3873,c|c++|java,no
10356165,Avoid recompilation with git and make,24,5,5567,https://stackoverflow.com/questions/10356165/avoid-recompilation-with-git-and-make,2012-04-27 18:45:59,owagh,3136,c|c++|shell,no
9846523,Explanation of CUDA C and C++,24,5,19595,https://stackoverflow.com/questions/9846523/explanation-of-cuda-c-and-c,2012-03-23 21:10:15,Tianxiang Xiong,3469,c|c++|python,no
8830619,"difference between CV_RETR_LIST,CV_RETR_TREE,CV_RETR_EXTERNAL?",24,2,20645,https://stackoverflow.com/questions/8830619/difference-between-cv-retr-list-cv-retr-tree-cv-retr-external,2012-01-12 05:39:22,ATG,647,c|c++|python,no
8619831,Three.js ported to native code?,24,7,7227,https://stackoverflow.com/questions/8619831/three-js-ported-to-native-code,2011-12-23 19:19:26,slf,22k,c|c++|javascript,no
5057268,Which Clang compiler should I download?,24,3,9566,https://stackoverflow.com/questions/5057268/which-clang-compiler-should-i-download,2011-02-20 13:21:41,Nawaz,316k,c|c++|shell,no
4894120,What does ¡°for(;;)¡± mean?,24,5,38532,https://stackoverflow.com/questions/4894120/what-does-for-mean,2011-02-04 02:56:48,sas4740,3130,c|c++|php,no
3644293,Are there tools that help organizing #includes?,24,6,1762,https://stackoverflow.com/questions/3644293/are-there-tools-that-help-organizing-includes,2010-09-04 22:56:35,Frank,56k,c|c++|java,no
3118582,How do I find the current system timezone?,24,12,49836,https://stackoverflow.com/questions/3118582/how-do-i-find-the-current-system-timezone,2010-06-25 13:58:51,alex tingle,5949,c|c++|shell,no
1833484,C++ frontend only compiler (convert C++ to C),24,7,10456,https://stackoverflow.com/questions/1833484/c-frontend-only-compiler-convert-c-to-c,2009-12-02 15:08:08,Tim Ring,1716,c|c++|javascript,yes
906599,Why can't I use fopen?,24,6,20552,https://stackoverflow.com/questions/906599/why-cant-i-use-fopen,2009-05-25 12:46:16,JamieH,1157,c|c#|c++,no
13964608,Calling into a saved java object via JNI from a different thread,24,1,8620,https://stackoverflow.com/questions/13964608/calling-into-a-saved-java-object-via-jni-from-a-different-thread,2012-12-20 02:56:40,Drake Amara,2262,c|c++|java,yes
3207155,Java vs. C++ for building a GUI which has a C++ backend [closed],24,11,17152,https://stackoverflow.com/questions/3207155/java-vs-c-for-building-a-gui-which-has-a-c-backend,2010-07-08 19:24:20,sparkFinder,2866,c#|c++|java,no
14887378,How to return array from C++ function to Python using ctypes,24,2,18562,https://stackoverflow.com/questions/14887378/how-to-return-array-from-c-function-to-python-using-ctypes,2013-02-15 02:09:58,dolby,543,c|c++|python,yes
828989,Dump facility in C++ like var_dump() in PHP?,24,6,24427,https://stackoverflow.com/questions/828989/dump-facility-in-c-like-var-dump-in-php,2009-05-06 10:29:30,Duncan Benoit,2967,c|c++|php,no
3134416,Why should an API return 'void'?,24,7,2874,https://stackoverflow.com/questions/3134416/why-should-an-api-return-void,2010-06-28 16:56:19,JBRWilkinson,4696,c#|c++|python,no
276884,Learning C# after C++,24,5,27441,https://stackoverflow.com/questions/276884/learning-c-sharp-after-c,2008-11-10 02:06:00,Cristi¡Ì¡ãn Romo,8986,c|c#|c++,no
23369503,Get size of terminal window (rows/columns),24,6,31216,https://stackoverflow.com/questions/23369503/get-size-of-terminal-window-rows-columns,2014-04-29 15:52:17,Vittorio Romeo,80.3k,c|c++|shell,no
36298111,Is it possible to use sun.misc.Unsafe to call C functions without JNI?,23,2,4536,https://stackoverflow.com/questions/36298111/is-it-possible-to-use-sun-misc-unsafe-to-call-c-functions-without-jni,Mar 30 '16 at 1:35,FinnTheHuman,1005,c|c++|java,yes
4600501,Is the PHP language resultantly C?,23,3,10996,https://stackoverflow.com/questions/4600501/is-the-php-language-resultantly-c,Jan 5 '11 at 3:10,avon_verma,1113,c|c++|php,no
873809,How to execute a Java program from C#?,23,7,61902,https://stackoverflow.com/questions/873809/how-to-execute-a-java-program-from-c,May 17 '09 at 2:51,7wp,11.9k,c#|java|shell,yes
7842547,Request Parameter Losing Plus Sign,23,3,25165,https://stackoverflow.com/questions/7842547/request-parameter-losing-plus-sign,2011-10-20 21:35:21,Snowy Coder Girl,4974,java|javascript|php,no
43589663,How to handle translation for texts inside a .js of a WP theme,23,5,1922,https://stackoverflow.com/questions/43589663/how-to-handle-translation-for-texts-inside-a-js-of-a-wp-theme,2017-04-24 13:36:44,tikimti-mvrht,242,java|javascript|php,no
20899274,How to refresh page on back button click?,23,10,100432,https://stackoverflow.com/questions/20899274/how-to-refresh-page-on-back-button-click,2014-01-03 08:11:07,CodeManiak,1705,java|javascript|php,no
8471945,How can you use php in a javascript function [duplicate],23,9,157206,https://stackoverflow.com/questions/8471945/how-can-you-use-php-in-a-javascript-function,2011-12-12 09:03:24,fosho,1424,c++|javascript|php,no
6106402,PHP vs JavaScript For Dynamic HTML Pages,23,6,54578,https://stackoverflow.com/questions/6106402/php-vs-javascript-for-dynamic-html-pages,2011-05-24 06:12:57,Eric,1911,java|javascript|php,no
50146540,"In C and C++, is an expression using the comma operator like ¡°a = b, ++a;¡± undefined?",23,2,2527,https://stackoverflow.com/questions/50146540/in-c-and-c-is-an-expression-using-the-comma-operator-like-a-b-a-undef,2018-05-03 03:34:43,Roflcopter4,612,c|c++|java,no
22545029,Makefile: How to correctly include header file and its directory?,23,4,105128,https://stackoverflow.com/questions/22545029/makefile-how-to-correctly-include-header-file-and-its-directory,2014-03-20 21:03:01,tonga,10.3k,c|c++|javascript,no
18488598,Fork and core dump with threads,23,4,4566,https://stackoverflow.com/questions/18488598/fork-and-core-dump-with-threads,2013-08-28 12:57:14,Kerrek SB,415k,c|c++|java,no
15970486,Are the Optimization Keywords in C and C++ Reasonable?,23,8,1580,https://stackoverflow.com/questions/15970486/are-the-optimization-keywords-in-c-and-c-reasonable,2013-04-12 11:42:59,Louis Jackman,941,c|c++|java,no
5888398,¡°Deep¡± header dependency analysis,23,1,5492,https://stackoverflow.com/questions/5888398/deep-header-dependency-analysis,2011-05-04 18:48:05,Reinderien,7518,c|c++|python,no
5614222,Parse double precision IEEE floating-point on a C compiler with no double precision type,23,4,2417,https://stackoverflow.com/questions/5614222/parse-double-precision-ieee-floating-point-on-a-c-compiler-with-no-double-precis,2011-04-10 19:41:44,baalexander,2511,c|c++|java,no
4102423,Efficiently implementing floored / euclidean integer division,23,6,2078,https://stackoverflow.com/questions/4102423/efficiently-implementing-floored-euclidean-integer-division,2010-11-04 23:43:54,Vladimir Panteleev,23.6k,c|c++|php,no
3111859,How many passes over the code does gcc use?,23,8,5706,https://stackoverflow.com/questions/3111859/how-many-passes-over-the-code-does-gcc-use,2010-06-24 16:24:37,Lazer,75.2k,c|c#|c++,no
1990932,Two 'main' functions in C/C++,23,16,51782,https://stackoverflow.com/questions/1990932/two-main-functions-in-c-c,2010-01-02 08:00:13,kuppusamy,263,c|c#|c++,no
1559695,Implementing the derivative in C/C++,23,8,53946,https://stackoverflow.com/questions/1559695/implementing-the-derivative-in-c-c,2009-10-13 11:40:35,vehomzzz,36.1k,c|c++|shell,no
167199,What C/C++ tools can check for buffer overflows? [closed],23,14,20613,https://stackoverflow.com/questions/167199/what-c-c-tools-can-check-for-buffer-overflows,2008-10-03 14:40:07,MrValdez,8037,c|c++|javascript,no
8097244,What is the difference between delegate in c# and function pointer in c++? [duplicate],23,2,17998,https://stackoverflow.com/questions/8097244/what-is-the-difference-between-delegate-in-c-sharp-and-function-pointer-in-c,2011-11-11 16:49:14,Riporter,340,c|c#|c++,no
3240263,"Sharing an enum from C#, C++/CLI, and C++",23,3,18073,https://stackoverflow.com/questions/3240263/sharing-an-enum-from-c-c-cli-and-c,2010-07-13 18:34:23,Brent Arias,25.2k,c|c#|c++,no
651048,Concurrency: Are Python extensions written in C/C++ affected by the Global Interpreter Lock?,23,4,5833,https://stackoverflow.com/questions/651048/concurrency-are-python-extensions-written-in-c-c-affected-by-the-global-inter,2009-03-16 16:00:10,,,c|c++|python,yes
3326261,Is there a PHP implementation that targets the JVM (akin to JRuby and Jython)?,22,2,8186,https://stackoverflow.com/questions/3326261/is-there-a-php-implementation-that-targets-the-jvm-akin-to-jruby-and-jython,Jul 24 '10 at 18:12,NullUserException,74.7k,java|javascript|php,no
2295942,Python's equivalent to PHP's strip_tags?,22,7,11846,https://stackoverflow.com/questions/2295942/pythons-equivalent-to-phps-strip-tags,Feb 19 '10 at 11:38,Viet,15.9k,javascript|php|python,no
2701077,Does Java have ¡°properties¡± that work the same way properties work in C#?,22,5,5721,https://stackoverflow.com/questions/2701077/does-java-have-properties-that-work-the-same-way-properties-work-in-c,Apr 23 '10 at 18:33,tyrone302,605,c#|c++|java,no
8204595,What's the method representation in memory?,22,3,3096,https://stackoverflow.com/questions/8204595/whats-the-method-representation-in-memory,Nov 20 '11 at 20:47,Emiswelt,3474,c#|c++|java,no
1592724,Best/quickest way to learn Java for a seasoned .NET/C# and C++ developer [closed],22,6,9946,https://stackoverflow.com/questions/1592724/best-quickest-way-to-learn-java-for-a-seasoned-net-c-and-c-developer,Oct 20 '09 at 5:59,Kevin,285,c#|c++|java,no
150403,Desktop Applications: Architectural Frameworks?,22,13,10203,https://stackoverflow.com/questions/150403/desktop-applications-architectural-frameworks,Sep 29 '08 at 20:02,Christophe Herreman,15.1k,c#|java|php,no
2464478,Open source C compiler in C#? [closed],22,4,7189,https://stackoverflow.com/questions/2464478/open-source-c-compiler-in-c,Mar 17 '10 at 17:37,Dinah,47k,c|c#|c++,no
20291543,Can't execute shell script from python subprocess: permission denied,22,2,37401,https://stackoverflow.com/questions/20291543/cant-execute-shell-script-from-python-subprocess-permission-denied,Nov 29 '13 at 18:26,Quanquan Liu,1107,java|python|shell,no
5882650,How to execute a shell script in PHP?,22,4,124951,https://stackoverflow.com/questions/5882650/how-to-execute-a-shell-script-in-php,May 4 '11 at 11:30,Rakesh,68.6k,java|php|shell,yes
4210797,Translating C to JavaScript [closed],22,2,30873,https://stackoverflow.com/questions/4210797/translating-c-to-javascript,2019-11-11 14:38:17,janesconference,5855,c|java|javascript,no
23674744,What is the equivalent of python any() and all() functions in JavaScript?,22,3,7067,https://stackoverflow.com/questions/23674744/what-is-the-equivalent-of-python-any-and-all-functions-in-javascript,2014-05-15 09:49:19,Workonphp,1343,javascript|php|python,no
33247662,How to bypass cloudflare bot/ddos protection in Scrapy?,22,3,31666,https://stackoverflow.com/questions/33247662/how-to-bypass-cloudflare-bot-ddos-protection-in-scrapy,2015-10-20 22:07:24,Kulbi,833,javascript|php|python,no
1687437,How to call C++ functions/methods via JavaScript,22,8,26445,https://stackoverflow.com/questions/1687437/how-to-call-c-functions-methods-via-javascript,2009-11-06 12:58:15,Alex Ivasyuv,7224,c++|javascript|python,yes
15593759,Timestamp between Javascript and PHP,22,3,32062,https://stackoverflow.com/questions/15593759/timestamp-between-javascript-and-php,2013-03-24 00:36:01,indapublic,1904,java|javascript|php,no
5639142,Javascript/PHP Family Tree Builder with Multiple Parents [closed],22,6,29531,https://stackoverflow.com/questions/5639142/javascript-php-family-tree-builder-with-multiple-parents,2011-04-12 17:20:59,Explosion Pills,171k,java|javascript|php,no
4298078,Why we should use PHP?,22,10,31112,https://stackoverflow.com/questions/4298078/why-we-should-use-php,2010-11-28 17:43:30,narayanpatra,5359,java|javascript|php,no
3982608,Differences between C# and JavaScript Regular Expressions? [closed],22,2,14006,https://stackoverflow.com/questions/3982608/differences-between-c-sharp-and-javascript-regular-expressions,2010-10-20 21:46:03,Michael Stum,163k,c#|javascript|shell,no
22081738,How does this algorithm to count the number of set bits in a 32-bit integer work?,22,3,5366,https://stackoverflow.com/questions/22081738/how-does-this-algorithm-to-count-the-number-of-set-bits-in-a-32-bit-integer-work,2014-02-27 22:16:37,Gaith,814,c|c++|java,no
11734604,¡°if¡± block without curly braces makes subsequent ¡°else if¡± nested,22,5,28566,https://stackoverflow.com/questions/11734604/if-block-without-curly-braces-makes-subsequent-else-if-nested,2012-07-31 06:48:34,iammilind,60.2k,c|c++|python,no
11522485,Why are standard string functions faster than my custom string functions?,22,6,3423,https://stackoverflow.com/questions/11522485/why-are-standard-string-functions-faster-than-my-custom-string-functions,2012-07-17 12:31:18,,,c|c++|php,no
8733178,Most accurate way to do a combined multiply-and-divide operation in 64-bit?,22,10,4828,https://stackoverflow.com/questions/8733178/most-accurate-way-to-do-a-combined-multiply-and-divide-operation-in-64-bit,2012-01-04 19:59:47,user541686,183k,c|c++|java,no
7902894,Error when configuring gmp,22,2,13883,https://stackoverflow.com/questions/7902894/error-when-configuring-gmp,2011-10-26 12:56:35,Matteo Monti,6702,c|c++|shell,no
3636715,Cross platform sound API for games? [closed],22,11,28342,https://stackoverflow.com/questions/3636715/cross-platform-sound-api-for-games,2010-09-03 14:27:12,jmasterx,45.6k,c|c++|php,no
1570917,Extracting C / C++ function prototypes,22,8,19499,https://stackoverflow.com/questions/1570917/extracting-c-c-function-prototypes,2009-10-15 08:01:23,Peter,108k,c|c++|python,no
1455190,How to access MySQL from multiple threads concurrently,22,4,21173,https://stackoverflow.com/questions/1455190/how-to-access-mysql-from-multiple-threads-concurrently,2009-09-21 15:41:05,Isak Savo,31.7k,c|c++|java,no
6584269,Android ndk : Problem for call of Java method from c++ with jni,22,2,19886,https://stackoverflow.com/questions/6584269/android-ndk-problem-for-call-of-java-method-from-c-with-jni,2011-07-05 14:25:44,Crisic,801,c|c++|java,yes
8700491,What is stored on heap and what is stored on stack? [closed],22,6,23889,https://stackoverflow.com/questions/8700491/what-is-stored-on-heap-and-what-is-stored-on-stack,2012-01-02 11:54:14,Amogh Talpallikar,11.6k,c|c++|java,no
16515099,Saving a stream while playing it using LibVLC,22,5,13944,https://stackoverflow.com/questions/16515099/saving-a-stream-while-playing-it-using-libvlc,2013-05-13 04:56:09,Nawaz,316k,c|c++|python,no
2898422,Calling an overridden method from a parent class ctor,22,2,7154,https://stackoverflow.com/questions/2898422/calling-an-overridden-method-from-a-parent-class-ctor,2010-05-24 16:16:12,Vaibhav Bajpai,14.4k,c#|c++|java,no
9884080,fastest packing of data in Python (and Java),21,6,7813,https://stackoverflow.com/questions/9884080/fastest-packing-of-data-in-python-and-java,2012-03-27 05:57:37,Will,66.2k,c|java|python,no
6653961,Is string interning really useful?,21,7,3572,https://stackoverflow.com/questions/6653961/is-string-interning-really-useful,2011-07-11 17:25:55,Mason Wheeler,76.2k,c#|java|python,no
1951421,How to parse a C header file?,21,4,26912,https://stackoverflow.com/questions/1951421/how-to-parse-a-c-header-file,Dec 23 '09 at 8:36,waffleman,3687,c|c++|python,no
12142174,Run a python script with arguments,21,2,27663,https://stackoverflow.com/questions/12142174/run-a-python-script-with-arguments,Aug 27 '12 at 12:40,Bram W.,1339,c|python|shell,no
22589868,Call python code from c via cython,21,3,7765,https://stackoverflow.com/questions/22589868/call-python-code-from-c-via-cython,Mar 23 '14 at 10:51,pius,1636,c|python|shell,yes
2792623,"Reading and parsing email from Gmail using C#, C++ or Python",21,6,23442,https://stackoverflow.com/questions/2792623/reading-and-parsing-email-from-gmail-using-c-c-or-python,May 8 '10 at 1:46,jpnavarini,733,c#|c++|python,no
3435809,Is it OK to copy & paste unit-tests when the logic is basically the same?,21,9,2843,https://stackoverflow.com/questions/3435809/is-it-ok-to-copy-paste-unit-tests-when-the-logic-is-basically-the-same,Aug 8 '10 at 19:44,devoured elysium,85.8k,c#|java|php,no
10632975,"Static class/method/property in unit test, stop it or not",21,5,34932,https://stackoverflow.com/questions/10632975/static-class-method-property-in-unit-test-stop-it-or-not,May 17 '12 at 9:25,Pingpong,5828,c#|java|php,no
4788374,Writing a Basic Shell,21,6,76147,https://stackoverflow.com/questions/4788374/writing-a-basic-shell,Jan 24 '11 at 23:25,Bobby S,3656,c|c++|shell,no
7176981,How to use HTML and CSS as a Java application GUI?,21,6,60897,https://stackoverflow.com/questions/7176981/how-to-use-html-and-css-as-a-java-application-gui,2011-08-24 14:17:47,Guillaume Mass¡Ì?,6708,c++|java|javascript,no
4591318,Templating system for both Python and Javascript?,21,3,4489,https://stackoverflow.com/questions/4591318/templating-system-for-both-python-and-javascript,2011-01-04 07:03:39,nickbaum,543,java|javascript|python,no
13780188,"Reliable way to detect browser , version and plattfom in php",21,2,5849,https://stackoverflow.com/questions/13780188/reliable-way-to-detect-browser-version-and-plattfom-in-php,2012-12-08 17:54:47,Jeffrey Nicholson Carr¡Ì?,2334,java|javascript|php,no
6976053,XSS - Which HTML Tags and Attributes can trigger Javascript Events?,21,4,10010,https://stackoverflow.com/questions/6976053/xss-which-html-tags-and-attributes-can-trigger-javascript-events,2011-08-07 21:54:49,Alix Axel,137k,java|javascript|php,no
4665960,"Most efficient way to display a 1x1 GIF (tracking pixel, web beacon)",21,4,13683,https://stackoverflow.com/questions/4665960/most-efficient-way-to-display-a-1x1-gif-tracking-pixel-web-beacon,2011-01-12 06:32:07,Yahel,35.3k,javascript|php|python,no
4365738,How to access PHP session variables from jQuery function in a .js file?,21,7,127954,https://stackoverflow.com/questions/4365738/how-to-access-php-session-variables-from-jquery-function-in-a-js-file,2010-12-06 11:08:32,Ahmad Farid,12.4k,c|javascript|php,yes
2379224,How can I use a JavaScript variable as a PHP variable? [duplicate],21,7,200338,https://stackoverflow.com/questions/2379224/how-can-i-use-a-javascript-variable-as-a-php-variable,2010-03-04 12:33:21,Selom,661,javascript|php|shell,no
10694341,What is the use of window.external?,21,2,31722,https://stackoverflow.com/questions/10694341/what-is-the-use-of-window-external,2012-05-22 00:27:50,user1054625,441,c#|java|javascript,no
4338570,Minifying and combining files in .net,21,7,13159,https://stackoverflow.com/questions/4338570/minifying-and-combining-files-in-net,2010-12-02 18:39:53,amateur,39.2k,c#|javascript|php,no
1677325,Working example for JavaScriptResult in asp.net mvc,21,3,45336,https://stackoverflow.com/questions/1677325/working-example-for-javascriptresult-in-asp-net-mvc,2009-11-04 23:11:16,Ravinder Singh,834,c#|java|javascript,no
38998,Can I stop .NET eating IDs?,21,10,1583,https://stackoverflow.com/questions/38998/can-i-stop-net-eating-ids,2008-09-02 08:09:24,markedup,1107,c#|java|javascript,no
28339981,At what stage does an if/else become better than a switch case? Does it?,21,4,2255,https://stackoverflow.com/questions/28339981/at-what-stage-does-an-if-else-become-better-than-a-switch-case-does-it,2015-02-05 09:09:16,Suvarna Pattayil,4817,c|c++|python,no
20059532,Are all functions in C/C++ assumed to return?,21,7,1320,https://stackoverflow.com/questions/20059532/are-all-functions-in-c-c-assumed-to-return,2013-11-18 22:42:08,Peter Alexander,49.1k,c|c++|java,no
17788529,"Why are UNIX file descriptors not implemented by their own type, especially in C++? [closed]",21,3,1795,https://stackoverflow.com/questions/17788529/why-are-unix-file-descriptors-not-implemented-by-their-own-type-especially-in-c,2013-07-22 13:12:22,allicoder,285,c|c++|java,no
9788572,Ways to implement a JSON RESTful service in C/C++,21,10,34247,https://stackoverflow.com/questions/9788572/ways-to-implement-a-json-restful-service-in-c-c,2012-03-20 14:18:26,jllodra,1052,c|c++|java,no
9349470,"what's the difference between `fseek`, `lseek`, `seekg`, `seekp`?",21,1,19431,https://stackoverflow.com/questions/9349470/whats-the-difference-between-fseek-lseek-seekg-seekp,2012-02-19 13:16:48,Alcott,14.8k,c|c++|shell,no
4362501,Any good reason why assignment operator isn't a sequence point?,21,3,2807,https://stackoverflow.com/questions/4362501/any-good-reason-why-assignment-operator-isnt-a-sequence-point,2010-12-06 01:30:17,¡Ö?imon T¡Ì¡Ýth,32.5k,c|c++|java,no
3913009,Is there any alternative for printf?,21,4,5549,https://stackoverflow.com/questions/3913009/is-there-any-alternative-for-printf,2010-10-12 09:01:34,ereOn,46k,c|c++|python,no
2705947,With Eclipse: How to add include paths and libraries for all your C/C++ project,21,8,50706,https://stackoverflow.com/questions/2705947/with-eclipse-how-to-add-include-paths-and-libraries-for-all-your-c-c-project,2010-04-24 20:07:03,Walidix,1077,c|c++|shell,no
1822667,How can I share HWND between 32 and 64 bit applications in Win x64?,21,5,9974,https://stackoverflow.com/questions/1822667/how-can-i-share-hwnd-between-32-and-64-bit-applications-in-win-x64,2009-11-30 21:56:50,Marc Durdin,1301,c|c++|php,no
1067278,Generate C wrapper from C++?,21,5,6552,https://stackoverflow.com/questions/1067278/generate-c-wrapper-from-c,2009-07-01 04:30:39,numeric,455,c|c++|python,no
422594,Derivatives in C/C++?,21,11,30988,https://stackoverflow.com/questions/422594/derivatives-in-c-c,2009-01-07 23:18:54,alanc10n,4376,c|c++|python,no
78184,How do I create RAW TCP/IP packets in C++?,21,11,36132,https://stackoverflow.com/questions/78184/how-do-i-create-raw-tcp-ip-packets-in-c,2008-09-16 23:02:11,,,c|c++|python,no
20427759,Image processing and extraction of characters,21,4,17451,https://stackoverflow.com/questions/20427759/image-processing-and-extraction-of-characters,2013-12-06 15:33:13,jkushner,7997,c#|c++|java,no
15167867,extern ¡°Java¡± block in GCC,21,2,2068,https://stackoverflow.com/questions/15167867/extern-java-block-in-gcc,2013-03-01 22:22:28,Ihar,305,c|c++|java,no
17955377,"Possible to convert C# get,set code to C++",21,3,3560,https://stackoverflow.com/questions/17955377/possible-to-convert-c-sharp-get-set-code-to-c,2013-07-30 19:09:09,user2577497,469,c#|c++|java,no
10799685,How to pass strings from C# to C++ (and from C++ to C#) using DLLImport?,21,3,31476,https://stackoverflow.com/questions/10799685/how-to-pass-strings-from-c-sharp-to-c-and-from-c-to-c-using-dllimport,2012-05-29 12:58:42,Jsncrdnl,2626,c|c#|c++,yes
4411279,Haskell typeclasses and C++ template classes,21,5,3171,https://stackoverflow.com/questions/4411279/haskell-typeclasses-and-c-template-classes,2010-12-10 16:53:21,Rafael S. Calsaverini,11.8k,c|c#|c++,no
3041946,How to integer-divide round negative numbers *down*?,21,14,8980,https://stackoverflow.com/questions/3041946/how-to-integer-divide-round-negative-numbers-down,2010-06-15 00:58:10,Conrad Albrecht,1628,c|c#|c++,no
13517618,'import' in Java vs. '#include' in C/C++,21,9,17258,https://stackoverflow.com/questions/13517618/import-in-java-vs-include-in-c-c,2012-11-22 17:32:20,Eamon Moloney,1653,c|c++|java,no
3114593,What puzzles me¡­Are .NET languages the mainstream languages for Windows (standalone) applications?,21,11,1205,https://stackoverflow.com/questions/3114593/what-puzzles-me-are-net-languages-the-mainstream-languages-for-windows-stand,2010-06-24 23:17:45,Aperture,2047,c|c#|c++,no
471000,Jython and python modules,20,4,17175,https://stackoverflow.com/questions/471000/jython-and-python-modules,2009-01-22 21:57:46,Geo,81.6k,c|java|python,yes
2673839,JNI - native method with ByteBuffer parameter,20,1,20690,https://stackoverflow.com/questions/2673839/jni-native-method-with-bytebuffer-parameter,Apr 20 '10 at 9:06,Arek,2826,c|c++|java,no
3224288,What are the advantages of using Virtual Machine compilation (eg. JVM) over natively compiled languages?,20,8,13980,https://stackoverflow.com/questions/3224288/what-are-the-advantages-of-using-virtual-machine-compilation-eg-jvm-over-nati,Jul 11 '10 at 19:08,barlop,9120,c|c++|java,no
3644417,"python format datetime with ¡°st¡±, ¡°nd¡±, ¡°rd¡±, ¡°th¡± (english ordinal suffix) like PHP's ¡°S¡±",20,6,16891,https://stackoverflow.com/questions/3644417/python-format-datetime-with-st-nd-rd-th-english-ordinal-suffix-like,Sep 4 '10 at 23:42,Alexander Bird,30.7k,javascript|php|python,no
1401527,"How do I programmatically check whether an image (PNG, JPEG, or GIF) is corrupted?",20,5,21006,https://stackoverflow.com/questions/1401527/how-do-i-programmatically-check-whether-an-image-png-jpeg-or-gif-is-corrupte,Sep 9 '09 at 19:15,Joel Verhagen,4619,c|php|python,no
4977125,Passing value from PHP script to Python script,20,2,34134,https://stackoverflow.com/questions/4977125/passing-value-from-php-script-to-python-script,Feb 12 '11 at 8:28,stackVidec,261,php|python|shell,yes
1250412,How Do I Build My First PHP Extension in C on Linux GCC?,20,2,14116,https://stackoverflow.com/questions/1250412/how-do-i-build-my-first-php-extension-in-c-on-linux-gcc,Aug 9 '09 at 2:25,Volomike,20k,c|c++|php,no
6219773,Is there any keyword in Java which is similar to the 'AS' keyword of C# [duplicate],20,3,12458,https://stackoverflow.com/questions/6219773/is-there-any-keyword-in-java-which-is-similar-to-the-as-keyword-of-c-sharp,Jun 2 '11 at 20:06,Anubhav Ranjan,1403,c#|java|shell,no
460446,How do virtual functions work in C# and Java?,20,6,30175,https://stackoverflow.com/questions/460446/how-do-virtual-functions-work-in-c-sharp-and-java,Jan 20 '09 at 8:21,Naveen,66.8k,c#|c++|java,no
17456579,What is the C# equivalent to Java's Throwable?,20,2,10310,https://stackoverflow.com/questions/17456579/what-is-the-c-sharp-equivalent-to-javas-throwable,Jul 3 '13 at 19:30,JohnOsborne,795,c#|c++|java,no
2517557,Automatically creating C# wrappers from c headers?,20,2,10585,https://stackoverflow.com/questions/2517557/automatically-creating-c-sharp-wrappers-from-c-headers,Mar 25 '10 at 16:50,Winner,243,c|c#|c++,no
2495632,Easiest way to generate P/Invoke code?,20,2,15148,https://stackoverflow.com/questions/2495632/easiest-way-to-generate-p-invoke-code,Mar 22 '10 at 20:50,Ope,730,c|c#|c++,no
1253122,Why does subprocess.Popen() with shell=True work differently on Linux vs Windows?,20,3,20228,https://stackoverflow.com/questions/1253122/why-does-subprocess-popen-with-shell-true-work-differently-on-linux-vs-windows,Aug 10 '09 at 4:39,Ben Hoyt,8628,c|python|shell,no
8268356,Assign JavaScript variable to Java Variable in JSP,20,7,136298,https://stackoverflow.com/questions/8268356/assign-javascript-variable-to-java-variable-in-jsp,2011-11-25 11:20:32,,,java|javascript|php,yes
32607089,How should I run NodeJS from a Java application?,20,4,8087,https://stackoverflow.com/questions/32607089/how-should-i-run-nodejs-from-a-java-application,2015-09-16 11:16:49,pupeno,246k,java|javascript|python,no
17376831,"Android webview +javascript not showing output in android 4.0.x,3.x",20,5,5369,https://stackoverflow.com/questions/17376831/android-webview-javascript-not-showing-output-in-android-4-0-x-3-x,2013-06-29 04:54:01,Venkatesh S,5068,c|java|javascript,no
17508444,How to POST the data from a modal form of Bootstrap?,20,3,119871,https://stackoverflow.com/questions/17508444/how-to-post-the-data-from-a-modal-form-of-bootstrap,2013-07-07 01:13:44,Indradhanush Gupta,3349,javascript|php|python,no
29165155,Calling JavaScript from C++ with node.js,20,3,6546,https://stackoverflow.com/questions/29165155/calling-javascript-from-c-with-node-js,2015-03-20 11:11:14,plasmacel,7021,c++|javascript|shell,yes
33326699,Passing (laravel) Array in Javascript,20,8,28856,https://stackoverflow.com/questions/33326699/passing-laravel-array-in-javascript,2015-10-25 05:58:19,senty,9199,c|javascript|php,yes
2566972,"JavaScript QR Code Reader - can it be done? Or, Remote Service?",20,5,22735,https://stackoverflow.com/questions/2566972/javascript-qr-code-reader-can-it-be-done-or-remote-service,2010-04-02 13:51:49,Myk,6035,java|javascript|php,no
67734,Execute JavaScript from within a C# assembly,20,6,14366,https://stackoverflow.com/questions/67734/execute-javascript-from-within-a-c-sharp-assembly,2008-09-15 22:50:40,ScottKoon,3353,c#|java|javascript,yes
47063552,Can I call a std::function from C?,20,5,3357,https://stackoverflow.com/questions/47063552/can-i-call-a-stdfunction-from-c,2017-11-01 20:57:14,Stuart K,2909,c|c++|javascript,no
42365507,Does this self-assignment do something sensible?,20,4,4176,https://stackoverflow.com/questions/42365507/does-this-self-assignment-do-something-sensible,2017-02-21 11:01:17,Fabian,3181,c|c#|c++,no
39284525,Does ¡°&¡± vs. ¡°&&¡± actually make a difference for compile-time flags?,20,3,2440,https://stackoverflow.com/questions/39284525/does-vs-actually-make-a-difference-for-compile-time-flags,2016-09-02 04:51:20,Catsunami,499,c|c++|java,no
22159183,Android NDK / JNI - undefined reference to function defined in custom header file,20,2,22712,https://stackoverflow.com/questions/22159183/android-ndk-jni-undefined-reference-to-function-defined-in-custom-header-fil,2014-03-03 22:46:08,Pink Jazz,754,c|c++|java,no
19913446,Why should the system() function be avoided in C and C++?,20,3,8775,https://stackoverflow.com/questions/19913446/why-should-the-system-function-be-avoided-in-c-and-c,2013-11-11 18:40:16,Shubham,835,c|c++|shell,no
18706587,How to check if given number is divisible of 15 in fastest way?,20,6,30894,https://stackoverflow.com/questions/18706587/how-to-check-if-given-number-is-divisible-of-15-in-fastest-way,2013-09-09 20:35:29,,,c|c++|shell,no
18058018,Are const variables placed in read-only memory? [duplicate],20,9,7545,https://stackoverflow.com/questions/18058018/are-const-variables-placed-in-read-only-memory,2013-08-05 12:21:26,Oleksiy,28k,c|c#|c++,no
10939158,OpenMP performance,20,3,7583,https://stackoverflow.com/questions/10939158/openmp-performance,2012-06-07 20:12:24,Alex,1742,c|c++|python,no
8496182,"Calculating pow(a,b) mod n",20,13,63833,https://stackoverflow.com/questions/8496182/calculating-powa-b-mod-n,2011-12-13 21:08:08,Moein Hosseini,3943,c|c++|php,no
7700400,What's a good hash function for English words?,20,4,31914,https://stackoverflow.com/questions/7700400/whats-a-good-hash-function-for-english-words,2011-10-08 23:20:09,Mike G,4269,c|c++|java,no
4920066,how to use c/cpp library/functions in android,20,2,19172,https://stackoverflow.com/questions/4920066/how-to-use-c-cpp-library-functions-in-android,2011-02-07 10:13:55,Hiren Dabhi,3452,c|c++|java,no
3476590,Would it break the language or existing code if we'd add safe signed/unsigned compares to C/C++?,20,6,1046,https://stackoverflow.com/questions/3476590/would-it-break-the-language-or-existing-code-if-wed-add-safe-signed-unsigned-co,2010-08-13 12:04:33,Nordic Mainframe,24.3k,c|c++|python,no
3182299,How do event listeners work?,20,4,8200,https://stackoverflow.com/questions/3182299/how-do-event-listeners-work,2010-07-05 21:43:00,jmasterx,45.6k,c|c++|java,no
1269480,"Globbing in C++/C, on Windows",20,5,11327,https://stackoverflow.com/questions/1269480/globbing-in-c-c-on-windows,2009-08-13 00:42:25,Paul Nathan,37.3k,c|c++|shell,no
1036625,Differentiate between a unix directory and file in C and C++,20,4,19754,https://stackoverflow.com/questions/1036625/differentiate-between-a-unix-directory-and-file-in-c-and-c,2009-06-24 06:03:49,Shree,3757,c|c++|shell,no
109317,Why use c strings in c++?,20,18,7191,https://stackoverflow.com/questions/109317/why-use-c-strings-in-c,2008-09-20 20:45:24,Jason Baker,165k,c|c++|python,no
23258357,What's the trade-off between using GetPrimitiveArrayCritical and Get<PrimitiveType>ArrayRegion?,20,3,4789,https://stackoverflow.com/questions/23258357/whats-the-trade-off-between-using-getprimitivearraycritical-and-getprimitivety,2014-04-24 01:48:44,keelar,5094,c|c++|java,no
16503735,Is number comparison faster than string comparison?,20,5,16838,https://stackoverflow.com/questions/16503735/is-number-comparison-faster-than-string-comparison,2013-05-12 02:50:26,FirstName LastName,589,c|c++|java,no
36526708,"Comparing Python, Numpy, Numba and C++ for matrix multiplication",20,4,6034,https://stackoverflow.com/questions/36526708/comparing-python-numpy-numba-and-c-for-matrix-multiplication,2016-04-10 06:39:18,JD80121,445,c|c++|python,no
20205358,How do I stream an openCV video to an HTML webpage?,20,3,30422,https://stackoverflow.com/questions/20205358/how-do-i-stream-an-opencv-video-to-an-html-webpage,2013-11-25 23:08:16,PyroAVR,637,c++|javascript|python,no
18360245,python/c++ - Compiling shared library with cmake and installing with distutils,20,2,13204,https://stackoverflow.com/questions/18360245/python-c-compiling-shared-library-with-cmake-and-installing-with-distutils,2013-08-21 14:30:54,orentago,548,c|c++|python,no
5710441,call Cython function from C++,20,3,8970,https://stackoverflow.com/questions/5710441/call-cython-function-from-c,2011-04-19 00:57:06,Adam,15k,c|c++|python,no
22926046,Unable to reproduce: C++ Vector performance advantages over C# List performance,20,2,4117,https://stackoverflow.com/questions/22926046/unable-to-reproduce-c-vector-performance-advantages-over-c-sharp-list-perform,2014-04-08 01:32:31,Gangadhar Chowdary Payyavula,555,c#|c++|java,no
10109590,Unable to find an entry point when calling C++ dll in C#,20,3,28159,https://stackoverflow.com/questions/10109590/unable-to-find-an-entry-point-when-calling-c-dll-in-c-sharp,2012-04-11 15:58:05,King Chan,3796,c|c#|c++,yes
1087771,Do I need to synchronize thread access to an int?,20,8,7384,https://stackoverflow.com/questions/1087771/do-i-need-to-synchronize-thread-access-to-an-int,2009-07-06 15:57:31,Martin Harris,26.6k,c|c#|c++,no
7497199,Why did Google choose Java for the Android Operating System? [closed],19,2,9202,https://stackoverflow.com/questions/7497199/why-did-google-choose-java-for-the-android-operating-system,2011-09-21 09:02:44,Paul-Sebastian Manole,1383,c++|java|python,no
2264157,Library to render Directed Graphs (similar to graphviz) on Google App Engine,19,4,7632,https://stackoverflow.com/questions/2264157/library-to-render-directed-graphs-similar-to-graphviz-on-google-app-engine,2010-02-15 05:23:31,rsideb,841,java|javascript|python,no
397867,Port of Random generator from C to Java?,19,6,22253,https://stackoverflow.com/questions/397867/port-of-random-generator-from-c-to-java,Dec 29 '08 at 15:08,martinus,16.3k,c|c++|java,no
1296162,How can I read a python pickle database/file from C?,19,3,20869,https://stackoverflow.com/questions/1296162/how-can-i-read-a-python-pickle-database-file-from-c,Aug 18 '09 at 20:02,Phillip Whelan,1630,c|c++|python,yes
31145163,"Possible to autogenerate Cython bindings around a large, existing C library?",19,1,1701,https://stackoverflow.com/questions/31145163/possible-to-autogenerate-cython-bindings-around-a-large-existing-c-library,Jun 30 '15 at 17:58,timlukins,2526,c|c++|python,no
3272017,SWIG Python bindings to native code not working with OpenCV 2.1,19,1,671,https://stackoverflow.com/questions/3272017/swig-python-bindings-to-native-code-not-working-with-opencv-2-1,Jul 17 '10 at 15:04,TH.,1560,c|c++|python,no
28951359,Is PHP's password_verify() safe against extremely long passwords (DoS attack)?,19,1,1835,https://stackoverflow.com/questions/28951359/is-phps-password-verify-safe-against-extremely-long-passwords-dos-attack,Mar 9 '15 at 20:42,Sliq,13.5k,c|c#|php,no
13592037,PHP. Extension. Call existing PHP function,19,1,4314,https://stackoverflow.com/questions/13592037/php-extension-call-existing-php-function,Nov 27 '12 at 19:58,nkamm,649,c|c#|php,no
2090765,Encryption compatible between Android and C#,19,5,21246,https://stackoverflow.com/questions/2090765/encryption-compatible-between-android-and-c-sharp,Jan 19 '10 at 3:00,Jess,38.4k,c#|java|python,yes
8378521,Are C# and Java Grammars LALR(x)?,19,3,3137,https://stackoverflow.com/questions/8378521/are-c-sharp-and-java-grammars-lalrx,Dec 4 '11 at 20:55,Gupta,7584,c#|c++|java,no
2259323,Java Equivalent of Reflection.Emit,19,2,3460,https://stackoverflow.com/questions/2259323/java-equivalent-of-reflection-emit,Feb 13 '10 at 22:26,,,c#|java|python,no
17385779,How do I load a javascript file into the DOM using selenium?,19,2,32155,https://stackoverflow.com/questions/17385779/how-do-i-load-a-javascript-file-into-the-dom-using-selenium,2013-06-29 23:52:55,Nate L,316,java|javascript|python,no
1703888,Commenting JavaScript functions ¨¢ la Python Docstrings,19,2,4934,https://stackoverflow.com/questions/1703888/commenting-javascript-functions-%c3%a1-la-python-docstrings,2009-11-09 21:18:49,Boldewyn,73.7k,javascript|python|shell,no
41875728,Pass a JavaScript array as argument to a WebAssembly function,19,3,12000,https://stackoverflow.com/questions/41875728/pass-a-javascript-array-as-argument-to-a-webassembly-function,2017-01-26 14:28:58,sebpiq,6304,c|c++|javascript,no
31581051,Browser-based client-side scraping,19,4,12211,https://stackoverflow.com/questions/31581051/browser-based-client-side-scraping,2015-07-23 07:41:05,eozzy,55.6k,java|javascript|php,no
11796340,Transform Javascript XPath in valid PHP query() XPath | normalize JS XPath --> PHP,19,3,812,https://stackoverflow.com/questions/11796340/transform-javascript-xpath-in-valid-php-query-xpath-normalize-js-xpath-p,2012-08-03 13:06:50,Pentium10,183k,java|javascript|php,no
1886740,PHP Remove JavaScript,19,7,47661,https://stackoverflow.com/questions/1886740/php-remove-javascript,2009-12-11 09:02:35,Saxtor,319,java|javascript|php,no
1238347,PHP: Show yes/no confirmation dialog,19,13,192203,https://stackoverflow.com/questions/1238347/php-show-yes-no-confirmation-dialog,2009-08-06 11:37:15,,,java|javascript|php,no
31903594,Typedef struct in C Vs C++,19,2,23253,https://stackoverflow.com/questions/31903594/typedef-struct-in-c-vs-c,2015-08-09 11:12:36,Achyut Rastogi,589,c|c++|java,no
25750844,How can I shuffle bits efficiently?,19,7,5903,https://stackoverflow.com/questions/25750844/how-can-i-shuffle-bits-efficiently,2014-09-09 17:46:29,fredoverflow,229k,c|c++|php,no
13094690,How many spaces for tab character(\t)?,19,3,89970,https://stackoverflow.com/questions/13094690/how-many-spaces-for-tab-character-t,2012-10-26 21:28:40,Chao Zhang,1242,c|c++|shell,no
11951729,Ordering of boolean values,19,7,6693,https://stackoverflow.com/questions/11951729/ordering-of-boolean-values,2012-08-14 11:55:07,Tom,5514,c|c++|php,no
10943033,Why are strings in C++ usually terminated with '\0'?,19,5,44870,https://stackoverflow.com/questions/10943033/why-are-strings-in-c-usually-terminated-with-0,2012-06-08 04:22:05,Kingfisher Phuoc,7139,c|c++|java,no
9423341,Why is the executable so big? (Why isn't dead code removed?),19,1,642,https://stackoverflow.com/questions/9423341/why-is-the-executable-so-big-why-isnt-dead-code-removed,2012-02-23 23:50:48,user541686,183k,c|c#|c++,no
8737566,Rolling One's Own Keyboard/Input system in C/C++,19,2,8348,https://stackoverflow.com/questions/8737566/rolling-ones-own-keyboard-input-system-in-c-c,2012-01-05 04:15:57,zeboidlund,8499,c|c++|shell,no
8250064,Fastest way to write & compile a C/C++ program in Windows,19,10,51725,https://stackoverflow.com/questions/8250064/fastest-way-to-write-compile-a-c-c-program-in-windows,2011-11-23 22:39:30,Felix Dombek,10.8k,c|c++|python,no
6133957,Image downsampling algorithms,19,6,23963,https://stackoverflow.com/questions/6133957/image-downsampling-algorithms,2011-05-26 05:10:30,sleeping.ninja,547,c|c++|python,no
3561234,Where can I start with programmable Hardware?,19,9,7167,https://stackoverflow.com/questions/3561234/where-can-i-start-with-programmable-hardware,2010-08-24 21:37:13,Toby Allen,10.4k,c|c#|c++,no
3476675,How does a variable in C/C++ work?,19,10,2156,https://stackoverflow.com/questions/3476675/how-does-a-variable-in-c-c-work,2010-08-13 12:17:32,Hugo,307,c|c++|java,no
3130104,Thinking in C++?,19,11,6440,https://stackoverflow.com/questions/3130104/thinking-in-c,2010-06-28 04:45:14,,,c|c++|java,no
3113583,How could one implement C++ virtual functions in C [duplicate],19,4,11473,https://stackoverflow.com/questions/3113583/how-could-one-implement-c-virtual-functions-in-c,2010-06-24 20:20:00,,,c|c#|c++,no
2118245,Is there any emulator programming tutorial or guide? [duplicate],19,2,34345,https://stackoverflow.com/questions/2118245/is-there-any-emulator-programming-tutorial-or-guide,2010-01-22 15:24:11,Petruza,9911,c|c++|javascript,no
1420685,C: Good Habits re: Transitioning to C++,19,13,5704,https://stackoverflow.com/questions/1420685/c-good-habits-re-transitioning-to-c,2009-09-14 10:12:24,Ande Turner,6452,c|c++|java,no
988588,Is using unsigned integer overflow good practice?,19,12,7442,https://stackoverflow.com/questions/988588/is-using-unsigned-integer-overflow-good-practice,2009-06-12 19:29:23,user122147,1213,c|c++|python,no
330374,long long implementation in 32 bit machine,19,5,18929,https://stackoverflow.com/questions/330374/long-long-implementation-in-32-bit-machine,2008-12-01 09:30:18,chappar,6479,c|c++|python,no
55826255,How can I make QScintilla auto-indent like SublimeText?,19,2,503,https://stackoverflow.com/questions/55826255/how-can-i-make-qscintilla-auto-indent-like-sublimetext,2019-04-24 09:02:37,BPL,8957,c#|c++|python,no
43516792,"Call Python or Lua from C++ to evaluate an expression, calculating unknown variables only if needed",19,12,1204,https://stackoverflow.com/questions/43516792/call-python-or-lua-from-c-to-evaluate-an-expression-calculating-unknown-varia,2017-04-20 10:22:23,cateof,5872,c|c++|python,yes
22023977,Detect if a cube and a cone intersect each other?,19,4,3855,https://stackoverflow.com/questions/22023977/detect-if-a-cube-and-a-cone-intersect-each-other,2014-02-25 19:16:43,Vincent,47.2k,c|c++|python,no
8689828,"Libtorrent - Given a magnet link, how do you generate a torrent file?",19,4,8541,https://stackoverflow.com/questions/8689828/libtorrent-given-a-magnet-link-how-do-you-generate-a-torrent-file,2011-12-31 18:29:47,ciferkey,1783,c++|java|python,no
35366368,Does UuidCreate use a CSPRNG?,19,1,1529,https://stackoverflow.com/questions/35366368/does-uuidcreate-use-a-csprng,2016-02-12 15:31:37,SilverlightFox,27.1k,c#|c++|java,no
3334645,How to change programming layout after setting it at the first execution?,19,2,16873,https://stackoverflow.com/questions/3334645/how-to-change-programming-layout-after-setting-it-at-the-first-execution,2010-07-26 12:10:39,tunnuz,20.7k,c#|c++|javascript,no
2719985,calling managed c# functions from unmanaged c++,19,4,24363,https://stackoverflow.com/questions/2719985/calling-managed-c-sharp-functions-from-unmanaged-c,2010-04-27 09:17:58,user186246,1677,c|c#|c++,yes
2557551,How get list of local network computers?,19,6,36498,https://stackoverflow.com/questions/2557551/how-get-list-of-local-network-computers,2010-04-01 01:05:03,KindDragon,5466,c#|c++|shell,no
954321,Is it possible to share an enum declaration between C# and unmanaged C++?,19,5,14639,https://stackoverflow.com/questions/954321/is-it-possible-to-share-an-enum-declaration-between-c-sharp-and-unmanaged-c,2009-06-05 04:55:28,sean e,11k,c|c#|c++,yes
35113197,Finding anonymous enums with libclang,19,1,1159,https://stackoverflow.com/questions/35113197/finding-anonymous-enums-with-libclang,2016-01-31 11:16:09,Andrew Walker,34.3k,c|c++|python,no
2982325,Quantifying the Performance of Garbage Collection vs. Explicit Memory Management,19,6,1990,https://stackoverflow.com/questions/2982325/quantifying-the-performance-of-garbage-collection-vs-explicit-memory-management,2010-06-05 22:17:47,EmbeddedProg,797,c#|c++|java,no
51121875,How to run Docker with python and Java?,18,8,16778,https://stackoverflow.com/questions/51121875/how-to-run-docker-with-python-and-java,2018-07-01 09:04:12,pajamas,918,java|python|shell,no
5995485,Backpropagation through time,18,8,2758,https://stackoverflow.com/questions/5995485/backpropagation-through-time,2011-05-13 17:16:42,em70,5878,c#|java|python,no
12600296,Dynamically compiled language vs statically compiled language [closed],18,4,11152,https://stackoverflow.com/questions/12600296/dynamically-compiled-language-vs-statically-compiled-language,Sep 26 '12 at 11:05,Geek,22.3k,c|c++|java,no
10200691,"Java vs C floating point: ¡°x * x¡± differs from ¡°pow(x,2)¡±?",18,2,2787,https://stackoverflow.com/questions/10200691/java-vs-c-floating-point-x-x-differs-from-powx-2,Apr 17 '12 at 23:32,mark,1288,c|c++|java,no
8225847,PHP - Equivalent for Python PDB(Debugger) in PHP? [closed],18,3,2598,https://stackoverflow.com/questions/8225847/php-equivalent-for-python-pdbdebugger-in-php,Nov 22 '11 at 11:12,Andr¡Ì?,20.2k,php|python|shell,no
38285881,Python's equivalent to null-conditional operator introduced in C# 6,18,4,4955,https://stackoverflow.com/questions/38285881/pythons-equivalent-to-null-conditional-operator-introduced-in-c-sharp-6,Jul 9 '16 at 20:03,Andrey Grachev,870,c|c#|python,no
7453248,Longest Consecutive Sequence in an Unsorted Array [duplicate],18,8,16267,https://stackoverflow.com/questions/7453248/longest-consecutive-sequence-in-an-unsorted-array,Sep 17 '11 at 7:33,Anoop Menon,589,c#|c++|python,no
1551742,What is the equivalent to System.nanoTime() in .NET?,18,7,21665,https://stackoverflow.com/questions/1551742/what-is-the-equivalent-to-system-nanotime-in-net,Oct 11 '09 at 20:53,Lazlo,7558,c|c#|java,no
2907372,Why does C# not implement GetHashCode for Collections?,18,7,9774,https://stackoverflow.com/questions/2907372/why-does-c-sharp-not-implement-gethashcode-for-collections,May 25 '10 at 18:27,Peterdk,13.9k,c|c#|java,no
8907267,Is there any code or algorithm for signature recognition?,18,5,11475,https://stackoverflow.com/questions/8907267/is-there-any-code-or-algorithm-for-signature-recognition,Jan 18 '12 at 8:39,Bobs,21.3k,c#|java|shell,no
21108994,Cross Platform Desktop Application - Windows+Mac+Linux,18,6,28861,https://stackoverflow.com/questions/21108994/cross-platform-desktop-application-windowsmaclinux,Jan 14 '14 at 8:36,Hossain Alhaidari,661,c#|java|javascript,no
3521013,Moving from .NET to Java [duplicate],18,5,11391,https://stackoverflow.com/questions/3521013/moving-from-net-to-java,Aug 19 '10 at 10:52,Jamie,613,c#|java|python,no
6162911,XXX image recognition software/algorithm [duplicate],18,0,5893,https://stackoverflow.com/questions/6162911/xxx-image-recognition-software-algorithm,May 28 '11 at 16:32,jm666,51.2k,java|javascript|python,no
973240,"Why are methods virtual by default in Java, but non-virtual by default in C#? [closed]",18,6,4405,https://stackoverflow.com/questions/973240/why-are-methods-virtual-by-default-in-java-but-non-virtual-by-default-in-c,Jun 10 '09 at 0:58,SNA,6808,c#|c++|java,no
209804,What reason is there for C# or Java having lambdas?,18,8,5954,https://stackoverflow.com/questions/209804/what-reason-is-there-for-c-sharp-or-java-having-lambdas,Oct 16 '08 at 18:56,WolfmanDragon,7349,c#|c++|java,no
41026418,Volatile variables,18,2,573,https://stackoverflow.com/questions/41026418/volatile-variables,Dec 7 '16 at 20:07,1.01011E+13,181,c|c#|shell,no
18955417,Compare two HTML sources and display visual differences [closed],18,6,28821,https://stackoverflow.com/questions/18955417/compare-two-html-sources-and-display-visual-differences,2013-09-23 09:03:35,roger_that,7823,java|javascript|python,no
5969549,Features of JavaScript that C developers fail to take advantage of? [closed],18,9,746,https://stackoverflow.com/questions/5969549/features-of-javascript-that-c-developers-fail-to-take-advantage-of,2019-11-08 12:00:10,Vivian River,27.5k,c|c++|javascript,no
29987323,How do I send data from JS to Python with Flask?,18,1,41687,https://stackoverflow.com/questions/29987323/how-do-i-send-data-from-js-to-python-with-flask,2015-05-01 13:01:46,Sneaky Beaver,415,javascript|php|python,yes
19561188,Simulating linux terminal in browser,18,2,29045,https://stackoverflow.com/questions/19561188/simulating-linux-terminal-in-browser,2013-10-24 08:48:26,DevC,5705,javascript|python|shell,no
643565,Anyone use Pyjamas (pyjs) python to javascript compiler (like GWT..) [closed],18,4,5030,https://stackoverflow.com/questions/643565/anyone-use-pyjamas-pyjs-python-to-javascript-compiler-like-gwt,2009-03-13 16:33:22,,,java|javascript|python,no
21459042,Can I use dynamic content in a Bootstrap popover?,18,5,43948,https://stackoverflow.com/questions/21459042/can-i-use-dynamic-content-in-a-bootstrap-popover,2014-01-30 14:23:27,Steve Joiner,353,c|javascript|php,no
12149451,How can I record a user's voice using Javascript/PHP? [closed],18,3,21677,https://stackoverflow.com/questions/12149451/how-can-i-record-a-users-voice-using-javascript-php,2012-08-27 20:52:03,day0,447,java|javascript|php,no
647969,Detect exact OS version from browser,18,11,56296,https://stackoverflow.com/questions/647969/detect-exact-os-version-from-browser,2009-03-15 15:19:51,Roy Peleg,940,java|javascript|php,no
346620,What are unit tests and why should I care?,18,8,1299,https://stackoverflow.com/questions/346620/what-are-unit-tests-and-why-should-i-care,2008-12-06 19:11:21,Pim Jager,30.5k,javascript|php|shell,no
26498808,Javascript Object in C#,18,3,13688,https://stackoverflow.com/questions/26498808/javascript-object-in-c-sharp,2014-10-22 00:58:15,user3789335,205,c#|java|javascript,no
6938667,toFixed function in c#,18,2,17686,https://stackoverflow.com/questions/6938667/tofixed-function-in-c-sharp,2011-08-04 09:00:27,Minh Nguyen,1723,c|c#|javascript,no
48882796,Will it be feasible to use gcc's function multi-versioning without code changes?,18,0,916,https://stackoverflow.com/questions/48882796/will-it-be-feasible-to-use-gccs-function-multi-versioning-without-code-changes,2018-02-20 10:14:56,Alexander,473,c|c++|shell,no
48030393,Is there a performance degradation / penalty in using pure C library in C++ code?,18,3,2034,https://stackoverflow.com/questions/48030393/is-there-a-performance-degradation-penalty-in-using-pure-c-library-in-c-code,2017-12-30 02:26:28,John Doe,303,c|c++|python,no
39413264,"How to separate digits in numeric constants (i.e. 10,000) in C or C++ code [duplicate]",18,2,1184,https://stackoverflow.com/questions/39413264/how-to-separate-digits-in-numeric-constants-i-e-10-000-in-c-or-c-code,2016-09-09 13:56:16,Igorzovisk,484,c|c++|java,no
29505121,CMake zlib build on Windows,18,3,19470,https://stackoverflow.com/questions/29505121/cmake-zlib-build-on-windows,2015-04-08 02:55:16,elveatles,863,c|c++|shell,no
24237756,How to call a C++ constructor from a C-File,18,1,2186,https://stackoverflow.com/questions/24237756/how-to-call-a-c-constructor-from-a-c-file,2014-06-16 06:30:33,user3085931,1559,c|c++|java,no
20746755,When does C/C++ have to be compiled? [closed],18,4,3503,https://stackoverflow.com/questions/20746755/when-does-c-c-have-to-be-compiled,2013-12-23 15:46:23,Nathan Kinsey,215,c|c++|shell,no
18308330,How can you test how many instructions per second your computer can do?,18,5,8417,https://stackoverflow.com/questions/18308330/how-can-you-test-how-many-instructions-per-second-your-computer-can-do,2013-08-19 07:17:54,ordinary,4835,c|c++|php,no
15319967,Exact decimal datatype for C++?,18,7,17476,https://stackoverflow.com/questions/15319967/exact-decimal-datatype-for-c,2013-03-10 07:30:16,dtech,42.5k,c|c++|php,no
12982884,C/C++ optimizing away checks to see if a function has already been run before,18,11,4417,https://stackoverflow.com/questions/12982884/c-c-optimizing-away-checks-to-see-if-a-function-has-already-been-run-before,2012-10-19 21:45:14,umps,1015,c|c++|java,no
8385824,Bytewise reading of memory: ¡°signed char *¡± vs ¡°unsigned char *¡±,18,5,6434,https://stackoverflow.com/questions/8385824/bytewise-reading-of-memory-signed-char-vs-unsigned-char,2011-12-05 13:09:45,Philip,5387,c|c++|shell,no
5231096,Time complexity of power() [duplicate],18,6,20492,https://stackoverflow.com/questions/5231096/time-complexity-of-power,2011-03-08 10:19:19,Debanjan,183,c|c++|java,no
3915113,Standard library tags,18,5,1941,https://stackoverflow.com/questions/3915113/standard-library-tags,2010-10-12 13:20:27,,,c|c++|python,no
3506504,C code changes terminal text color; how to restore defaults? Linux,18,3,19764,https://stackoverflow.com/questions/3506504/c-code-changes-terminal-text-color-how-to-restore-defaults-linux,2010-08-17 20:07:38,jasper77,1423,c|c++|shell,no
3093632,Why must C/C++ string literal declarations be single-line?,18,10,5601,https://stackoverflow.com/questions/3093632/why-must-c-c-string-literal-declarations-be-single-line,2010-06-22 13:40:11,Rizo,2453,c|c++|python,no
2302969,Convert a float to a string,18,9,63395,https://stackoverflow.com/questions/2302969/convert-a-float-to-a-string,2010-02-20 17:19:21,SIVA,411,c|c++|java,no
1961238,Can anyone recommend a good C/C++ RESTful framework [closed],18,2,13693,https://stackoverflow.com/questions/1961238/can-anyone-recommend-a-good-c-c-restful-framework,2009-12-25 14:31:55,Stick it to THE MAN,5401,c|c#|c++,no
1409305,Best Practices: Should I create a typedef for byte in C or C++?,18,6,14456,https://stackoverflow.com/questions/1409305/best-practices-should-i-create-a-typedef-for-byte-in-c-or-c,2009-09-11 06:32:23,Dan O,3802,c|c#|c++,no
1185063,"Memory barriers in userspace? (Linux, x86-64)",18,8,11136,https://stackoverflow.com/questions/1185063/memory-barriers-in-userspace-linux-x86-64,2009-07-26 17:25:21,,,c|c++|php,no
850774,How to determine the hardware (CPU and RAM) on a machine?,18,11,30211,https://stackoverflow.com/questions/850774/how-to-determine-the-hardware-cpu-and-ram-on-a-machine,2009-05-12 01:37:52,Robert Gould,64.3k,c|c++|php,no
30974105,Memory Mapped file in C++ read in Java,18,2,1644,https://stackoverflow.com/questions/30974105/memory-mapped-file-in-c-read-in-java,2015-06-22 07:21:03,rst,2191,c#|c++|java,yes
463240,What is the best way to pass information from java to c++?,18,8,5696,https://stackoverflow.com/questions/463240/what-is-the-best-way-to-pass-information-from-java-to-c,2009-01-20 21:38:45,Alex,6301,c|c++|java,yes
38898459,Debugging Python and C++ exposed by boost together,18,2,2914,https://stackoverflow.com/questions/38898459/debugging-python-and-c-exposed-by-boost-together,2016-08-11 13:57:43,Chan Kim,2675,c++|python|shell,no
8897294,Swig python - c++ how to use type int8_t,18,1,4820,https://stackoverflow.com/questions/8897294/swig-python-c-how-to-use-type-int8-t,2012-01-17 15:31:48,Stefano,3635,c|c++|python,yes
5524780,"I want to wait on both a file descriptor and a mutex, what's the recommended way to do this?",18,8,8163,https://stackoverflow.com/questions/5524780/i-want-to-wait-on-both-a-file-descriptor-and-a-mutex-whats-the-recommended-way,2011-04-02 17:41:20,Omnifarious,49.2k,c|c++|python,no
2847617,How do you extend python with C++?,18,3,12363,https://stackoverflow.com/questions/2847617/how-do-you-extend-python-with-c,2010-05-17 08:36:37,andrewrk,25.7k,c|c++|python,yes
27728875,Difference between ¡°C++ void Pointer¡± and ¡°C# var¡±,18,4,3399,https://stackoverflow.com/questions/27728875/difference-between-c-void-pointer-and-c-var,2015-01-01 06:49:29,FaizanHussainRabbani,2736,c|c#|c++,no
13275264,Sharing variables between C# and C++,18,3,17022,https://stackoverflow.com/questions/13275264/sharing-variables-between-c-sharp-and-c,2012-11-07 17:47:32,888,2741,c|c#|c++,yes
11257690,.net native extension for node.js,18,3,7482,https://stackoverflow.com/questions/11257690/net-native-extension-for-node-js,2012-06-29 07:21:22,Evgeniy Berezovsky,15.3k,c#|c++|javascript,no
2659513,How to get source code of a Windows executable?,18,7,127306,https://stackoverflow.com/questions/2659513/how-to-get-source-code-of-a-windows-executable,2010-04-17 18:37:12,Ali Demirci,4296,c#|c++|java,no
15038174,Generate Random numbers without using any external functions,18,9,17679,https://stackoverflow.com/questions/15038174/generate-random-numbers-without-using-any-external-functions,2013-02-23 07:18:12,Usha,334,c|c++|java,no
15634970,What makes a template different from a generic?,18,6,3750,https://stackoverflow.com/questions/15634970/what-makes-a-template-different-from-a-generic,2013-03-26 10:40:07,Eva,3629,c#|c++|java,no
6329583,How to reliably generate Ethernet frame errors in software?,17,1,6859,https://stackoverflow.com/questions/6329583/how-to-reliably-generate-ethernet-frame-errors-in-software,Jun 13 '11 at 11:06,brice,20.5k,c|java|python,no
1580223,Java-like Collections in PHP,17,7,18773,https://stackoverflow.com/questions/1580223/java-like-collections-in-php,Oct 16 '09 at 20:28,ivmos,1048,java|php|python,no
5460011,Web application admin generators [closed],17,9,4677,https://stackoverflow.com/questions/5460011/web-application-admin-generators,Mar 28 '11 at 13:55,Frosty Z,18.8k,javascript|php|python,no
3319211,Can't get ¡°Syntastic¡± vim plugin to work,17,2,9968,https://stackoverflow.com/questions/3319211/cant-get-syntastic-vim-plugin-to-work,Jul 23 '10 at 14:40,Somebody still uses you MS-DOS,11.8k,javascript|php|python,no
2411893,Recognize numbers in images,17,1,39206,https://stackoverflow.com/questions/2411893/recognize-numbers-in-images,Mar 9 '10 at 19:23,svens,10.3k,c#|c++|java,no
12184843,Why did Java and C# add intrinsic lock to every object?,17,4,906,https://stackoverflow.com/questions/12184843/why-did-java-and-c-sharp-add-intrinsic-lock-to-every-object,Aug 29 '12 at 19:03,Elazar Leibovich,28.8k,c#|c++|java,no
7727876,Any CPU dependent on C++/CLI dependent on native C dll (any cpu for c++/cli),17,1,11984,https://stackoverflow.com/questions/7727876/any-cpu-dependent-on-c-cli-dependent-on-native-c-dll-any-cpu-for-c-cli,Oct 11 '11 at 14:43,nche,997,c|c#|c++,no
20124327,php shell_exec() command is not working,17,8,70673,https://stackoverflow.com/questions/20124327/php-shell-exec-command-is-not-working,Nov 21 '13 at 14:58,user3018038,173,php|python|shell,yes
4017757,Encode/obfuscate HTTP parameters,17,6,16087,https://stackoverflow.com/questions/4017757/encode-obfuscate-http-parameters,2010-10-25 18:44:39,OscarRyz,180k,java|javascript|php,no
54568053,How can I perform operations in JavaScript just like we do pipeline of operations in Java streams?,17,7,1488,https://stackoverflow.com/questions/54568053/how-can-i-perform-operations-in-javascript-just-like-we-do-pipeline-of-operation,2019-02-07 07:11:48,Jaspreet Jolly,1027,c|java|javascript,no
26772793,org.openqa.selenium.UnhandledAlertException: unexpected alert open,17,10,70818,https://stackoverflow.com/questions/26772793/org-openqa-selenium-unhandledalertexception-unexpected-alert-open,2014-11-06 06:07:40,Shantanu Nandan,1270,c#|java|javascript,no
11853423,Why does Java code need to be compiled but JavaScript code does not,17,4,13805,https://stackoverflow.com/questions/11853423/why-does-java-code-need-to-be-compiled-but-javascript-code-does-not,2012-08-07 20:15:35,Victor,14.3k,c|java|javascript,no
9138159,Rhino and concurrent access to javax.script.ScriptEngine,17,3,4726,https://stackoverflow.com/questions/9138159/rhino-and-concurrent-access-to-javax-script-scriptengine,2012-02-04 03:28:31,Mike Baranczak,7819,c|java|javascript,no
36607394,Error: Opening Robot Framework log failed,17,8,26802,https://stackoverflow.com/questions/36607394/error-opening-robot-framework-log-failed,2016-04-13 19:05:56,dharpatel,227,java|javascript|python,no
44185843,javascript dependencies in python project,17,3,1400,https://stackoverflow.com/questions/44185843/javascript-dependencies-in-python-project,2017-05-25 16:51:29,Ilya V. Schurov,6053,javascript|python|shell,yes
42434845,Passing a JS ArrayBuffer or TypedArray to Emscripten w/o Copying,17,1,2864,https://stackoverflow.com/questions/42434845/passing-a-js-arraybuffer-or-typedarray-to-emscripten-w-o-copying,2017-02-24 09:18:49,Adi Shavit,14.3k,c|c++|javascript,no
42513339,Add video to user's ¡°Watch Later¡± playlist on YouTube,17,3,2223,https://stackoverflow.com/questions/42513339/add-video-to-users-watch-later-playlist-on-youtube,2017-02-28 15:56:40,Henrik Petterson,6317,javascript|php|shell,no
33142163,How to optimize the ajax requests in Jquery? [closed],17,8,8974,https://stackoverflow.com/questions/33142163/how-to-optimize-the-ajax-requests-in-jquery,2015-10-15 07:15:19,,,javascript|php|shell,no
17515869,Websocket complications,17,2,662,https://stackoverflow.com/questions/17515869/websocket-complications,2013-07-07 20:06:44,Witold Kowelski,906,javascript|php|shell,no
12896985,Regex modifier /u in JavaScript?,17,3,23713,https://stackoverflow.com/questions/12896985/regex-modifier-u-in-javascript,2012-10-15 13:47:26,Scott,5099,java|javascript|php,no
5421952,How to match multiple words in regex,17,3,34077,https://stackoverflow.com/questions/5421952/how-to-match-multiple-words-in-regex,2011-03-24 15:55:59,UpHelix,4526,c|javascript|php,no
1973343,regular expressions - same for all languages?,17,4,7846,https://stackoverflow.com/questions/1973343/regular-expressions-same-for-all-languages,2009-12-29 07:14:53,ajsie,67.6k,c#|javascript|php,no
31167222,Debug Java Script with Visual Studio 2015 on Chrome or Firefox,17,4,34319,https://stackoverflow.com/questions/31167222/debug-java-script-with-visual-studio-2015-on-chrome-or-firefox,2015-07-01 16:47:00,mrh,867,c#|java|javascript,no
21325211,How to avoid page refresh after button click event in asp.net,17,11,185795,https://stackoverflow.com/questions/21325211/how-to-avoid-page-refresh-after-button-click-event-in-asp-net,2014-01-24 05:37:33,user3230677,195,c#|java|javascript,no
8134170,C# version of Javascript Date.getTime(),17,8,21245,https://stackoverflow.com/questions/8134170/c-sharp-version-of-javascript-date-gettime,2011-11-15 09:33:54,Michael,417,c#|java|javascript,no
29308174,How to profile from the command line on Mac OS X?,17,2,7534,https://stackoverflow.com/questions/29308174/how-to-profile-from-the-command-line-on-mac-os-x,2015-03-27 18:53:52,prosseek,144k,c|c++|python,no
25918462,Why LD_LIBRARY_PATH is BAD and the correct way to load dynamic libraries,17,2,5126,https://stackoverflow.com/questions/25918462/why-ld-library-path-is-bad-and-the-correct-way-to-load-dynamic-libraries,2014-09-18 17:03:59,skd,1508,c|c++|shell,no
24672792,What happens in this code? (Executing a char buffer),17,2,749,https://stackoverflow.com/questions/24672792/what-happens-in-this-code-executing-a-char-buffer,2014-07-10 09:20:39,asquared,360,c|c++|shell,no
24665856,What is a Delphi DCU file?,17,3,13742,https://stackoverflow.com/questions/24665856/what-is-a-delphi-dcu-file,2014-07-10 00:47:04,magnus,2943,c|c++|java,no
20736648,How to prevent output screen from disappear in Visual Studio 2013 C++ Compiler,17,10,92927,https://stackoverflow.com/questions/20736648/how-to-prevent-output-screen-from-disappear-in-visual-studio-2013-c-compiler,2013-12-23 03:36:09,user3128376,934,c|c++|python,no
20636859,Random number generator - why seed every time,17,7,22046,https://stackoverflow.com/questions/20636859/random-number-generator-why-seed-every-time,2013-12-17 14:33:04,user2991252,757,c|c++|java,no
11376368,OpenCV: C++ and C performance comparison,17,7,14434,https://stackoverflow.com/questions/11376368/opencv-c-and-c-performance-comparison,2012-07-07 15:43:16,ArtemStorozhuk,8342,c|c++|java,no
10503737,Is increment an integer atomic in x86? [duplicate],17,4,19740,https://stackoverflow.com/questions/10503737/is-increment-an-integer-atomic-in-x86,2012-05-08 17:48:08,pythonic,16.8k,c|c++|python,no
7937602,C and C++ programming on Ubuntu 11.10 [closed],17,10,10670,https://stackoverflow.com/questions/7937602/c-and-c-programming-on-ubuntu-11-10,2011-10-29 07:38:36,George Bora,1521,c|c++|java,no
7818496,Blog software written in C or C++ [closed],17,1,2233,https://stackoverflow.com/questions/7818496/blog-software-written-in-c-or-c,2011-10-19 08:29:31,,,c|c++|php,no
5870284,Can I use parameters for the table name in sqlite3?,17,2,13989,https://stackoverflow.com/questions/5870284/can-i-use-parameters-for-the-table-name-in-sqlite3,2011-05-03 13:35:47,Gui13,11.5k,c|c++|python,no
4860086,ptrdiff_t too small?,17,5,1801,https://stackoverflow.com/questions/4860086/ptrdiff-t-too-small,2011-02-01 07:43:36,user541686,183k,c|c++|java,no
3099638,The difference between unsigned long and UINT64,17,5,41953,https://stackoverflow.com/questions/3099638/the-difference-between-unsigned-long-and-uint64,2010-06-23 07:17:11,Liran,770,c|c#|c++,no
2329581,C++ Pointers. How to assign value to a pointer struct?,17,6,64718,https://stackoverflow.com/questions/2329581/c-pointers-how-to-assign-value-to-a-pointer-struct,2010-02-24 21:14:34,user69514,23.2k,c|c++|java,no
1917718,Are multiple conditional operators in this situation a good idea?,17,21,3754,https://stackoverflow.com/questions/1917718/are-multiple-conditional-operators-in-this-situation-a-good-idea,2009-12-16 21:03:51,Lucas,6098,c|c++|java,no
1739102,Concatenating strings in macros - C++,17,2,31986,https://stackoverflow.com/questions/1739102/concatenating-strings-in-macros-c,2009-11-15 22:33:00,Switch,4346,c|c++|shell,no
487114,C/C++ Header file documentation [closed],17,5,14060,https://stackoverflow.com/questions/487114/c-c-header-file-documentation,2009-01-28 10:15:19,Laserallan,10.1k,c|c++|java,no
154245,Editing a text buffer [closed],17,11,6738,https://stackoverflow.com/questions/154245/editing-a-text-buffer,2008-09-30 18:06:54,Tim Ring,1716,c|c#|c++,no
11621449,Send C++ string to Java via JNI,17,4,23832,https://stackoverflow.com/questions/11621449/send-c-string-to-java-via-jni,2012-07-23 22:26:29,AeroBuffalo,1056,c|c++|java,yes
4049580,What is the difference between type casting and type conversion in C++ or Java?,17,8,23775,https://stackoverflow.com/questions/4049580/what-is-the-difference-between-type-casting-and-type-conversion-in-c-or-java,2010-10-29 06:40:28,Jagan,3791,c|c++|java,no
3515618,Different styles of flow of program?,17,8,1606,https://stackoverflow.com/questions/3515618/different-styles-of-flow-of-program,2010-08-18 18:54:37,,,c++|java|python,no
1806964,"Is there equivalent of <? extends T>, <? super T> in C++?",17,5,16491,https://stackoverflow.com/questions/1806964/is-there-equivalent-of-extends-t-super-t-in-c,2009-11-27 05:43:22,user855,16k,c#|c++|java,no
46661455,Multiply doubles in Python with same precision as C++,17,4,2122,https://stackoverflow.com/questions/46661455/multiply-doubles-in-python-with-same-precision-as-c,2017-10-10 07:58:29,Nicolas,1610,c|c++|python,no
36682832,Export Tensorflow graphs from Python for use in C++,17,3,3628,https://stackoverflow.com/questions/36682832/export-tensorflow-graphs-from-python-for-use-in-c,2016-04-17 22:18:13,Sander,369,c|c++|python,yes
13990317,"Generate python bindings, what methods/programs to use [closed]",17,6,7662,https://stackoverflow.com/questions/13990317/generate-python-bindings-what-methods-programs-to-use,2012-12-21 12:35:39,ceorron,967,c|c++|python,no
6243891,Writing a virtual webcam?,17,1,12581,https://stackoverflow.com/questions/6243891/writing-a-virtual-webcam,2011-06-05 15:37:25,aloogobi,169,c|c++|python,no
2198972,"Is there an API for Wireshark, to develop programs/plugins that interact with it/enhance it? [closed]",17,7,16957,https://stackoverflow.com/questions/2198972/is-there-an-api-for-wireshark-to-develop-programs-plugins-that-interact-with-it,2010-02-04 10:43:04,jim,191,c|c++|python,no
20394115,C# vs. C++ performance ¡ª why doesn't .NET perform the most basic optimizations (like dead code elimination)?,17,1,2635,https://stackoverflow.com/questions/20394115/c-sharp-vs-c-performance-why-doesnt-net-perform-the-most-basic-optimizat,2013-12-05 07:38:06,user541686,183k,c|c#|c++,no
8922608,Android NDK - write only in C/C++,17,2,10140,https://stackoverflow.com/questions/8922608/android-ndk-write-only-in-c-c,2012-01-19 07:45:40,Aristarhys,1914,c|c++|java,no
4203724,Performance gains in re-writing C# code in C/C++,17,9,2232,https://stackoverflow.com/questions/4203724/performance-gains-in-re-writing-c-sharp-code-in-c-c,2010-11-17 11:03:45,Miguel,3156,c|c#|c++,no
21868594,youtube-dl in Android [duplicate],16,1,7183,https://stackoverflow.com/questions/21868594/youtube-dl-in-android,2014-02-19 00:35:37,sn0ep,3461,c|java|python,no
10568358,jython multithreading,16,3,5072,https://stackoverflow.com/questions/10568358/jython-multithreading,2012-05-13 00:02:20,nassio,605,c|java|python,no
3481273,IDE(s) for Polyglot programming,16,5,1617,https://stackoverflow.com/questions/3481273/ides-for-polyglot-programming,Aug 13 '10 at 23:28,Arthur Ulfeldt,86k,c|java|python,no
4180836,Using Cython for game development?,16,6,7779,https://stackoverflow.com/questions/4180836/using-cython-for-game-development,Nov 15 '10 at 1:46,Liam,1247,c|c++|python,no
24062830,Best way to package a Python library that includes a C shared library?,16,3,3826,https://stackoverflow.com/questions/24062830/best-way-to-package-a-python-library-that-includes-a-c-shared-library,Jun 5 '14 at 14:26,obeattie,2820,c|python|shell,yes
17328276,"Why, in general, are nested block comments NOT allowed? [closed]",16,3,3107,https://stackoverflow.com/questions/17328276/why-in-general-are-nested-block-comments-not-allowed,Jun 26 '13 at 18:57,DiegoDD,1278,java|javascript|php,no
2773914,C & PHP: Storing settings in an integer using bitwise operators?,16,3,4802,https://stackoverflow.com/questions/2773914/c-php-storing-settings-in-an-integer-using-bitwise-operators,May 5 '10 at 14:07,John Coates,458,c|php|python,no
14633695,How to install Python for .NET on Windows,16,5,31979,https://stackoverflow.com/questions/14633695/how-to-install-python-for-net-on-windows,Jan 31 '13 at 19:33,user441521,5822,c#|python|shell,no
44740205,Integrate Python based TensorFlow into a .NET application [closed],16,1,16837,https://stackoverflow.com/questions/44740205/integrate-python-based-tensorflow-into-a-net-application,Jun 24 '17 at 19:30,boot4life,4032,c|c#|python,no
14952818,"Display 1,2,3,4,5,6,8,10,11 as 1-6,8,10-11",16,10,9743,https://stackoverflow.com/questions/14952818/display-1-2-3-4-5-6-8-10-11-as-1-6-8-10-11,Feb 19 '13 at 8:18,Billa,4666,c|c#|java,no
9752375,Which Windows GUI frameworks are currently worth learning? [closed],16,4,43479,https://stackoverflow.com/questions/9752375/which-windows-gui-frameworks-are-currently-worth-learning,Mar 17 '12 at 17:56,Dave,464,c#|java|javascript,no
10010979,Java is scaling much worse than C# over many cores?,16,4,1114,https://stackoverflow.com/questions/10010979/java-is-scaling-much-worse-than-c-sharp-over-many-cores,Apr 4 '12 at 12:20,mezamorphic,12.5k,c#|c++|java,no
4878012,Reading Guitar Pro files,16,2,9740,https://stackoverflow.com/questions/4878012/reading-guitar-pro-files,Feb 2 '11 at 17:58,Joachim VR,2212,c#|c++|java,no
1060049,Why the performance difference between C# (quite a bit slower) and Win32/C?,16,7,1890,https://stackoverflow.com/questions/1060049/why-the-performance-difference-between-c-sharp-quite-a-bit-slower-and-win32-c,Jun 29 '09 at 19:29,Steve,161,c|c#|c++,no
10237983,Upload to PHP server from c sharp client application,16,2,17887,https://stackoverflow.com/questions/10237983/upload-to-php-server-from-c-sharp-client-application,Apr 19 '12 at 22:51,Fawzan Izy,1217,c|c#|php,yes
484355,Does it make sense to rewrite Perl and shell scripts in java?,16,20,3763,https://stackoverflow.com/questions/484355/does-it-make-sense-to-rewrite-perl-and-shell-scripts-in-java,Jan 27 '09 at 17:28,MCS,19.5k,java|python|shell,no
17329028,Eclipse kepler - Disable javascript validation,16,8,26325,https://stackoverflow.com/questions/17329028/eclipse-kepler-disable-javascript-validation,2013-06-26 19:42:07,jan,3315,java|javascript|php,no
8733179,What is the equivalent of Java's System.out.println() in Javascript?,16,8,112806,https://stackoverflow.com/questions/8733179/what-is-the-equivalent-of-javas-system-out-println-in-javascript,2012-01-04 19:59:51,J¡Ì?r¡Ì?me Verstrynge,49.3k,java|javascript|shell,no
26785759,JavaScript-like Object data type in Java?,16,3,12078,https://stackoverflow.com/questions/26785759/javascript-like-object-data-type-in-java,2014-11-06 17:33:58,Anon,191,c|java|javascript,no
18637676,How can I parse ASCII Art to HTML using Java or Javascript? [closed],16,4,2576,https://stackoverflow.com/questions/18637676/how-can-i-parse-ascii-art-to-html-using-java-or-javascript,2013-09-05 13:28:13,appshare.co,50.7k,c++|java|javascript,no
5656897,Is there any statistical library for javascript? [closed],16,5,11318,https://stackoverflow.com/questions/5656897/is-there-any-statistical-library-for-javascript,2011-04-13 23:30:58,Orhun Alp Oral,614,java|javascript|python,no
8595037,How can I use the same regular expression in different programming languages?,16,3,1112,https://stackoverflow.com/questions/8595037/how-can-i-use-the-same-regular-expression-in-different-programming-languages,2011-12-21 19:12:18,Coderer,19.8k,java|javascript|python,no
1330498,What is cross browser support for JavaScript 1.7's new features? Specifically array comprehensions and the ¡°let¡± statement,16,3,6987,https://stackoverflow.com/questions/1330498/what-is-cross-browser-support-for-javascript-1-7s-new-features-specifically-ar,2009-08-25 19:41:34,,,javascript|php|python,no
30207912,Interactive plots in Jupyter (IPython) notebook with draggable points that call Python code when dragged,16,2,3272,https://stackoverflow.com/questions/30207912/interactive-plots-in-jupyter-ipython-notebook-with-draggable-points-that-call,2015-05-13 07:06:26,David Ketcheson,2595,javascript|python|shell,no
4174635,Is it possible to execute server-side javascript from a *Python* Google App Engine instance?,16,4,1237,https://stackoverflow.com/questions/4174635/is-it-possible-to-execute-server-side-javascript-from-a-python-google-app-engi,2010-11-13 20:51:50,kamens,10.8k,java|javascript|python,yes
29308441,Using JavaScript to display Laravel's Variable,16,8,46553,https://stackoverflow.com/questions/29308441/using-javascript-to-display-laravels-variable,2015-03-27 19:10:20,Sylar,7532,java|javascript|php,no
12813580,how to assign php array values to javascript array,16,5,56226,https://stackoverflow.com/questions/12813580/how-to-assign-php-array-values-to-javascript-array,2012-10-10 06:52:42,KRA,251,c|javascript|php,yes
15281099,Visual Studio changing the way Ctrl-K-D works,16,3,35390,https://stackoverflow.com/questions/15281099/visual-studio-changing-the-way-ctrl-k-d-works,2013-03-07 20:29:07,Mark Pieszak - Trilon.io,39.8k,c#|c++|javascript,no
9567715,How to detect Javascript execution in WebBrowser control,16,3,10708,https://stackoverflow.com/questions/9567715/how-to-detect-javascript-execution-in-webbrowser-control,2012-03-05 13:48:37,Gabber,4201,c#|c++|javascript,no
6485908,Basic Dual Contouring Theory,16,1,12098,https://stackoverflow.com/questions/6485908/basic-dual-contouring-theory,2011-06-26 18:31:45,Muzz5,473,c#|javascript|python,no
1850639,Fix for google-code-prettify w/ c#,16,4,2863,https://stackoverflow.com/questions/1850639/fix-for-google-code-prettify-w-c-sharp,2009-12-05 00:54:22,Mike Valenty,8377,c#|java|javascript,no
29366782,Understanding char array[] and string,16,6,2938,https://stackoverflow.com/questions/29366782/understanding-char-array-and-string,2015-03-31 10:45:19,KajolK,203,c|c#|c++,no
28243549,Prevent PLT (procedure linkage table) breakpoints in GDB,16,4,1989,https://stackoverflow.com/questions/28243549/prevent-plt-procedure-linkage-table-breakpoints-in-gdb,2015-01-30 19:51:45,istarus,161,c|c++|python,no
21777430,What does ¡°high involuntary context¡± switches mean?,16,2,5946,https://stackoverflow.com/questions/21777430/what-does-high-involuntary-context-switches-mean,2014-02-14 10:55:28,Ashwin,1822,c|c++|php,no
17645447,How to pass command line arguments to a c program,16,4,26709,https://stackoverflow.com/questions/17645447/how-to-pass-command-line-arguments-to-a-c-program,2013-07-15 01:16:09,,,c|c++|shell,no
16042940,"Robust, fast complex polygon (with holes) triangulation c/c++ library with permissive license [closed]",16,3,25298,https://stackoverflow.com/questions/16042940/robust-fast-complex-polygon-with-holes-triangulation-c-c-library-with-permi,2013-04-16 17:03:41,raptor,739,c|c++|php,no
12493496,C / C++ UTF-8 upper/lower case conversions,16,5,10191,https://stackoverflow.com/questions/12493496/c-c-utf-8-upper-lower-case-conversions,2012-09-19 11:07:58,b.buchhold,3702,c|c++|python,no
11632219,C preprocessor macro specialisation based on an argument,16,7,12352,https://stackoverflow.com/questions/11632219/c-preprocessor-macro-specialisation-based-on-an-argument,2012-07-24 13:44:16,gwiazdorrr,5642,c|c++|shell,no
11532144,How to detect IP address change on OSX programmatically in C or C++,16,1,7588,https://stackoverflow.com/questions/11532144/how-to-detect-ip-address-change-on-osx-programmatically-in-c-or-c,2012-07-17 23:12:50,reza,4626,c|c++|python,no
10775600,How to Simulate Pinch on BlackBerry 10 Simulator ?,16,2,1031,https://stackoverflow.com/questions/10775600/how-to-simulate-pinch-on-blackberry-10-simulator,2012-05-27 16:43:44,,,c|c++|javascript,no
10403588,Adding opencv processing to gstreamer application,16,3,18935,https://stackoverflow.com/questions/10403588/adding-opencv-processing-to-gstreamer-application,2012-05-01 20:06:05,Roman,1100,c|c++|shell,no
9008044,Efficient way to count number of swaps to insertion sort an array of integers in increasing order,16,6,14806,https://stackoverflow.com/questions/9008044/efficient-way-to-count-number-of-swaps-to-insertion-sort-an-array-of-integers-in,2012-01-25 18:22:23,Anil Kumar Arya,2753,c|c++|java,no
8795871,How to link against debug versions of libc and libstdc++ in GCC?,16,2,5081,https://stackoverflow.com/questions/8795871/how-to-link-against-debug-versions-of-libc-and-libstdc-in-gcc,2012-01-09 22:11:49,Kerrek SB,415k,c|c++|shell,no
8303801,How can I generate C wrappers over C++ API using SWIG? [duplicate],16,1,4730,https://stackoverflow.com/questions/8303801/how-can-i-generate-c-wrappers-over-c-api-using-swig,2011-11-28 23:19:53,piokuc,21.6k,c|c++|python,no
7461152,Is it possible to compile a C/C++ source code that executes in all Linux distributions without recompilation?,16,3,2508,https://stackoverflow.com/questions/7461152/is-it-possible-to-compile-a-c-c-source-code-that-executes-in-all-linux-distrib,2011-09-18 11:27:45,Amir Saniyan,10.1k,c|c++|java,no
7213062,Bit counting in a contiguous memory chunk,16,8,2171,https://stackoverflow.com/questions/7213062/bit-counting-in-a-contiguous-memory-chunk,2011-08-27 07:12:16,Bhaskar,2019,c|c#|c++,no
7130726,How to write a hello world kernel?,16,4,4809,https://stackoverflow.com/questions/7130726/how-to-write-a-hello-world-kernel,2011-08-20 08:43:24,Dnyanesh Gate,1002,c|c++|shell,no
6226443,7-Zip: Any good tutorials? [closed],16,1,13143,https://stackoverflow.com/questions/6226443/7-zip-any-good-tutorials,2011-06-03 11:19:30,Paul Manta,26.8k,c|c++|shell,no
5778449,How to set gcc 4.3 default specs file?,16,3,8535,https://stackoverflow.com/questions/5778449/how-to-set-gcc-4-3-default-specs-file,2011-04-25 12:45:41,Gary,161,c|c++|shell,no
4040835,How do I write a simple regular expression pattern matching function in C or C++?,16,9,26715,https://stackoverflow.com/questions/4040835/how-do-i-write-a-simple-regular-expression-pattern-matching-function-in-c-or-c,2010-10-28 07:52:07,Tracy,1869,c|c++|shell,no
3855051,How is Assembly used in the modern day (with C/C++ for example)?,16,6,15051,https://stackoverflow.com/questions/3855051/how-is-assembly-used-in-the-modern-day-with-c-c-for-example,2010-10-04 12:07:09,flump,161,c|c#|c++,no
3602079,Is there a more efficient way to get the length of a 32bit integer in bytes?,16,14,1598,https://stackoverflow.com/questions/3602079/is-there-a-more-efficient-way-to-get-the-length-of-a-32bit-integer-in-bytes,2010-08-30 16:02:49,raisyn,4064,c|c++|php,no
3062746,Special simple random number generator,16,7,26919,https://stackoverflow.com/questions/3062746/special-simple-random-number-generator,2010-06-17 14:48:46,psihodelia,25.2k,c|c++|java,no
2628164,Do console apps run faster than GUI apps? [closed],16,9,3833,https://stackoverflow.com/questions/2628164/do-console-apps-run-faster-than-gui-apps,2010-04-13 08:50:50,Omair Iqbal,1710,c|c++|shell,no
2528457,Static variables in C and C++,16,5,30883,https://stackoverflow.com/questions/2528457/static-variables-in-c-and-c,2010-03-27 07:03:28,Naveen,67.1k,c|c++|java,no
2020568,Seeking code stub generator (from header files) [closed],16,5,9335,https://stackoverflow.com/questions/2020568/seeking-code-stub-generator-from-header-files,2010-01-07 13:27:26,Mawg says reinstate Monica,33.1k,c|c++|php,no
837265,Why is there no ^^ operator in C/C++?,16,7,1610,https://stackoverflow.com/questions/837265/why-is-there-no-operator-in-c-c,2009-05-07 22:00:53,Zifre,24.4k,c|c++|java,no
824512,Why are empty expressions legal in C/C++?,16,11,10118,https://stackoverflow.com/questions/824512/why-are-empty-expressions-legal-in-c-c,2009-05-05 11:43:07,sharkin,11.2k,c|c#|c++,no
478298,How do I write a C++ program that will easily compile in Linux and Windows?,16,9,6748,https://stackoverflow.com/questions/478298/how-do-i-write-a-c-program-that-will-easily-compile-in-linux-and-windows,2009-01-25 21:11:22,Unknown,41.9k,c|c++|java,no
464560,How to use #include directive correctly?,16,9,20020,https://stackoverflow.com/questions/464560/how-to-use-include-directive-correctly,2009-01-21 09:22:40,MainID,24.4k,c|c++|php,no
237542,Getting base name of the source file at compile time,16,13,8523,https://stackoverflow.com/questions/237542/getting-base-name-of-the-source-file-at-compile-time,2008-10-26 04:15:34,Imbue,3587,c|c++|shell,no
7886719,"Merging interfaces, without merging",16,6,1985,https://stackoverflow.com/questions/7886719/merging-interfaces-without-merging,2011-10-25 08:38:31,Martin Kristiansen,8292,c|c++|java,no
7541916,Invoke Java from C++,16,2,9573,https://stackoverflow.com/questions/7541916/invoke-java-from-c,2011-09-24 21:04:21,Hunter McMillen,49.7k,c|c++|java,yes
4860493,Persistent Hash Table Implementation,16,4,4782,https://stackoverflow.com/questions/4860493/persistent-hash-table-implementation,2011-02-01 08:46:07,ManRow,161,c|c++|java,no
4664899,Wrapping C/C++ inside Java,16,8,34755,https://stackoverflow.com/questions/4664899/wrapping-c-c-inside-java,2011-01-12 02:44:44,,,c|c++|java,yes
36678375,What is the simplest way to make object detector on C++ with Fast/Faster-RCNN?,16,1,5622,https://stackoverflow.com/questions/36678375/what-is-the-simplest-way-to-make-object-detector-on-c-with-fast-faster-rcnn,2016-04-17 15:18:42,Alex,10.6k,c|c++|python,no
34366428,Diffie-Hellman (to RC4) with Wincrypt From Python,16,2,675,https://stackoverflow.com/questions/34366428/diffie-hellman-to-rc4-with-wincrypt-from-python,2015-12-19 01:50:53,Jeremy,163,c++|java|python,no
19356628,Boost.python vs Cython for C++/python interface,16,1,4273,https://stackoverflow.com/questions/19356628/boost-python-vs-cython-for-c-python-interface,2013-10-14 08:54:03,carmellose,3843,c|c++|python,no
15573557,call C++ using Eigen Library function in python,16,1,3743,https://stackoverflow.com/questions/15573557/call-c-using-eigen-library-function-in-python,2013-03-22 15:02:14,Ys¡Ì?e,173,c|c++|python,yes
6163053,How to create loop templates in php,16,4,5790,https://stackoverflow.com/questions/6163053/how-to-create-loop-templates-in-php,2011-05-28 16:59:50,Sujit Agarwal,11.4k,c|c++|php,no
39647911,How To Properly Handle Passwords In C#,16,3,2548,https://stackoverflow.com/questions/39647911/how-to-properly-handle-passwords-in-c-sharp,2016-09-22 20:00:43,Michel Feinstein,8653,c|c#|c++,no
18851705,C# equivalent of 64-bit unsigned long long in C++,16,4,24055,https://stackoverflow.com/questions/18851705/c-sharp-equivalent-of-64-bit-unsigned-long-long-in-c,2013-09-17 13:47:02,Gags,585,c#|c++|java,no
10583215,Add an int to a char in c# to move its ascii value up (just like in c++),16,1,24140,https://stackoverflow.com/questions/10583215/add-an-int-to-a-char-in-c-sharp-to-move-its-ascii-value-up-just-like-in-c,2012-05-14 12:20:09,Programer,915,c|c#|c++,no
562620,What advantages are there to developing a Win32 app in C++ over a .NET app in C#?,16,9,2837,https://stackoverflow.com/questions/562620/what-advantages-are-there-to-developing-a-win32-app-in-c-over-a-net-app-in-c,2009-02-18 20:11:41,Joshua Carmody,12.3k,c#|c++|java,no
20901884,Piping (or command chaining) with QProcess,16,4,16088,https://stackoverflow.com/questions/20901884/piping-or-command-chaining-with-qprocess,2014-01-03 10:51:01,Konstantin Ivanov,225,c++|python|shell,no
1461331,Writing my own shell¡­ stuck on pipes?,16,9,17180,https://stackoverflow.com/questions/1461331/writing-my-own-shell-stuck-on-pipes,2009-09-22 17:06:29,1.0101E+11,1738,c|c++|shell,no
35079548,How to call Shell script or python script in from a Atom electron app,16,3,19626,https://stackoverflow.com/questions/35079548/how-to-call-shell-script-or-python-script-in-from-a-atom-electron-app,2016-01-29 08:03:08,supersuraccoon,1441,javascript|python|shell,no
16606872,Calling python method from C++ (or C) callback,16,3,13201,https://stackoverflow.com/questions/16606872/calling-python-method-from-c-or-c-callback,2013-05-17 10:31:23,Chaitanya,2875,c|c++|python,yes
13445568,Python ctypes: how to free memory? Getting invalid pointer error,16,2,10832,https://stackoverflow.com/questions/13445568/python-ctypes-how-to-free-memory-getting-invalid-pointer-error,2012-11-18 23:06:48,sn¡Ì¡Çreven,1764,c|c++|python,yes
3998368,Calling a non-void function without using its return value. What actually happens?,16,5,3011,https://stackoverflow.com/questions/3998368/calling-a-non-void-function-without-using-its-return-value-what-actually-happen,2010-10-22 15:29:08,DomenicDatti,639,c#|c++|java,no
29656649,Split a list into two sublists in all possible ways,15,4,2414,https://stackoverflow.com/questions/29656649/split-a-list-into-two-sublists-in-all-possible-ways,2015-04-15 17:16:55,LeoTietz,309,c|java|python,no
8848285,Python in Desktop Application Development,15,2,13733,https://stackoverflow.com/questions/8848285/python-in-desktop-application-development,2012-01-13 09:21:45,Haikal Nashuha,2586,c|java|python,no
3356554,IPC (inter process communication) between python and java,15,6,13671,https://stackoverflow.com/questions/3356554/ipc-inter-process-communication-between-python-and-java,2010-07-28 19:16:33,Adam Fraser,5379,c|java|python,yes
709036,"Why do languages like Java use hierarchical package names, while Python does not? [closed]",15,8,4678,https://stackoverflow.com/questions/709036/why-do-languages-like-java-use-hierarchical-package-names-while-python-does-not,2009-04-02 09:45:13,cdleary,59.2k,java|javascript|python,no
7774037,Filling the data in an Android bitmap as quickly as possible from C,15,2,2938,https://stackoverflow.com/questions/7774037/filling-the-data-in-an-android-bitmap-as-quickly-as-possible-from-c,Oct 14 '11 at 22:00,Goz,56.6k,c|c++|java,no
15293604,Import constants from .h file into python,15,4,19801,https://stackoverflow.com/questions/15293604/import-constants-from-h-file-into-python,Mar 8 '13 at 12:04,Manila Thrilla,497,c|c++|python,yes
11713701,How to debug C extensions for Python on Windows,15,4,8217,https://stackoverflow.com/questions/11713701/how-to-debug-c-extensions-for-python-on-windows,Jul 29 '12 at 22:59,pyrospade,6716,c|c++|python,yes
11607387,Is there a C/C++ API for python pandas? [closed],15,3,14894,https://stackoverflow.com/questions/11607387/is-there-a-c-c-api-for-python-pandas,Jul 23 '12 at 6:24,THM,605,c|c++|python,no
7041172,PIL's colour space conversion YCbCr -> RGB,15,1,16294,https://stackoverflow.com/questions/7041172/pils-colour-space-conversion-ycbcr-rgb,Aug 12 '11 at 14:00,wim,238k,c|php|python,no
44109274,execinfo.h missing when installing xgboost in Cygwin,15,1,1499,https://stackoverflow.com/questions/44109274/execinfo-h-missing-when-installing-xgboost-in-cygwin,May 22 '17 at 9:23,harrison4,5252,c|c++|python,no
12870,Arrays of Arrays in Java,15,12,1237,https://stackoverflow.com/questions/12870/arrays-of-arrays-in-java,Aug 15 '08 at 23:07,Bruce the Hoon,1596,c|java|php,no
10304680,"stringByEvaluatingJavascriptFromString (iOS method, what is Android equivalent?)",15,1,7424,https://stackoverflow.com/questions/10304680/stringbyevaluatingjavascriptfromstring-ios-method-what-is-android-equivalent,Apr 24 '12 at 19:27,rjfellman,175,java|javascript|php,no
41465332,Incompatibility with Mysql 5.7(Expression #1 of ORDER BY clause is not in SELECT list),15,6,11317,https://stackoverflow.com/questions/41465332/incompatibility-with-mysql-5-7expression-1-of-order-by-clause-is-not-in-select,Jan 4 '17 at 13:45,Suriya Kumar,527,java|javascript|php,no
4116596,Converting Python Code to PHP,15,6,27358,https://stackoverflow.com/questions/4116596/converting-python-code-to-php,Nov 7 '10 at 5:18,Kirk Ouimet,21.5k,c|php|python,yes
2001405,Strategy for cross-language (java and c#) object serialization,15,9,8978,https://stackoverflow.com/questions/2001405/strategy-for-cross-language-java-and-c-object-serialization,Jan 4 '10 at 18:56,Lee Warner,2293,c#|c++|java,yes
4233112,What is a unified type system?,15,2,9594,https://stackoverflow.com/questions/4233112/what-is-a-unified-type-system,Nov 20 '10 at 14:09,Tom Pa¡Ö?ourek,6728,c#|c++|java,no
3441719,Does having lots of methods on a class increase the overhead of that class's object?,15,2,1143,https://stackoverflow.com/questions/3441719/does-having-lots-of-methods-on-a-class-increase-the-overhead-of-that-classs-obj,Aug 9 '10 at 15:46,Chris Barry,4360,c#|java|shell,no
18836120,Using C/inline assembly in C#,15,3,30175,https://stackoverflow.com/questions/18836120/using-c-inline-assembly-in-c-sharp,Sep 16 '13 at 19:49,Tigress,165,c|c#|c++,yes
31478746,Build TagLib# DLL from source and make it COM Visible to PHP,15,2,598,https://stackoverflow.com/questions/31478746/build-taglib-dll-from-source-and-make-it-com-visible-to-php,Jul 17 '15 at 14:57,e-Learner,507,c#|c++|php,no
11040337,How to manage external JS/CSS libraries on GitHub [closed],15,5,2692,https://stackoverflow.com/questions/11040337/how-to-manage-external-js-css-libraries-on-github,2012-06-14 19:49:24,Mahoni,5295,java|javascript|python,no
16454939,Regex to validate International email,15,4,5578,https://stackoverflow.com/questions/16454939/regex-to-validate-international-email,2013-05-09 05:23:47,KD.,1894,java|javascript|python,no
21123539,Element after jquery.show and WebDriverException: unknown error: cannot focus element,15,3,25184,https://stackoverflow.com/questions/21123539/element-after-jquery-show-and-webdriverexception-unknown-error-cannot-focus-el,2014-01-14 20:39:37,Eduardo Fabricio,1788,java|javascript|python,yes
23375321,Is Twisted's Deferred the same as a Promise in JavaScript?,15,1,2329,https://stackoverflow.com/questions/23375321/is-twisteds-deferred-the-same-as-a-promise-in-javascript,2014-04-29 21:08:56,e-nouri,2248,java|javascript|python,no
21849858,What can I use to implement Telegram messages in my website?,15,5,29313,https://stackoverflow.com/questions/21849858/what-can-i-use-to-implement-telegram-messages-in-my-website,2014-02-18 09:49:49,naoxink,579,javascript|php|python,no
10333098,UTF-8 safe equivalent of ord or charCodeAt() in PHP,15,5,20261,https://stackoverflow.com/questions/10333098/utf-8-safe-equivalent-of-ord-or-charcodeat-in-php,2012-04-26 12:09:29,Rila,167,c|javascript|php,no
3609005,"Simple Javascript encrypt, PHP decrypt with shared secret key",15,5,39446,https://stackoverflow.com/questions/3609005/simple-javascript-encrypt-php-decrypt-with-shared-secret-key,2010-08-31 12:28:51,Majid Fouladpour,24.8k,c|javascript|php,yes
1161536,Where/when we use JSON?,15,9,9418,https://stackoverflow.com/questions/1161536/where-when-we-use-json,2009-07-21 20:16:57,coderex,23.2k,java|javascript|php,no
27458502,How to run interactive shell command inside node.js?,15,3,13119,https://stackoverflow.com/questions/27458502/how-to-run-interactive-shell-command-inside-node-js,2014-12-13 11:54:31,Wunsch Punsch,306,javascript|python|shell,yes
12482856,Proper Way to Convert JSON Date to .NET DateTime During Deserialization,15,6,57345,https://stackoverflow.com/questions/12482856/proper-way-to-convert-json-date-to-net-datetime-during-deserialization,2012-09-18 18:29:14,Bob Horn,29.5k,c#|java|javascript,yes
9406648,How to embed Razor C# code in a .js file?,15,6,27757,https://stackoverflow.com/questions/9406648/how-to-embed-razor-c-sharp-code-in-a-js-file,2012-02-23 03:17:12,Kenet Jervet,289,c#|java|javascript,yes
3290350,Super fuzzy name checking?,15,6,2911,https://stackoverflow.com/questions/3290350/super-fuzzy-name-checking,2010-07-20 13:22:05,Jon Phenow,3274,c#|javascript|php,no
57625038,Huge speed difference between identical c and c++ programs,15,3,457,https://stackoverflow.com/questions/57625038/huge-speed-difference-between-identical-c-and-c-programs,2019-08-23 11:03:03,MrPuzzler,309,c|c++|shell,no
43134570,"If I do not pass enough parameters when calling a function in a DLL, what will happen?",15,1,1787,https://stackoverflow.com/questions/43134570/if-i-do-not-pass-enough-parameters-when-calling-a-function-in-a-dll-what-will-h,2017-03-31 07:09:48,Frank,153,c|c#|c++,no
40961527,Checking if a key is down in MS-DOS (C/C++),15,4,2855,https://stackoverflow.com/questions/40961527/checking-if-a-key-is-down-in-ms-dos-c-c,2016-12-04 17:36:41,CrizerPL,277,c|c++|shell,no
28758917,clang/clang++ doesn't find C/C++ headers in windows?,15,3,12940,https://stackoverflow.com/questions/28758917/clang-clang-doesnt-find-c-c-headers-in-windows,2015-02-27 06:32:26,CodeMan,319,c|c++|shell,no
27887026,return {0} from a function in C?,15,1,765,https://stackoverflow.com/questions/27887026/return-0-from-a-function-in-c,2015-01-11 12:27:06,sramij,4241,c|c++|php,no
21416022,Is it correct to compare a double to zero if you previously initialized it to zero?,15,1,3001,https://stackoverflow.com/questions/21416022/is-it-correct-to-compare-a-double-to-zero-if-you-previously-initialized-it-to-ze,2014-01-28 20:24:06,HAL9000,3082,c|c++|java,no
21272744,Why do people use #ifdef for feature flag tests?,15,2,5025,https://stackoverflow.com/questions/21272744/why-do-people-use-ifdef-for-feature-flag-tests,2014-01-22 01:58:30,Ben Voigt,254k,c|c++|shell,no
18543228,Statically linking a C library with a Haskell library,15,1,1275,https://stackoverflow.com/questions/18543228/statically-linking-a-c-library-with-a-haskell-library,2013-08-31 00:27:30,Deech,2143,c|c++|javascript,no
16482269,"Non - blocking RPC invocation, using gSoap",15,4,1511,https://stackoverflow.com/questions/16482269/non-blocking-rpc-invocation-using-gsoap,2013-05-10 12:27:32,Kiril Kirov,34.6k,c|c++|python,no
12040214,Mixing C++ code from different compilers,15,5,1551,https://stackoverflow.com/questions/12040214/mixing-c-code-from-different-compilers,2012-08-20 15:06:56,James Johnston,8650,c|c++|python,no
10964477,How to install cmake on Windows 64 bit,15,3,24915,https://stackoverflow.com/questions/10964477/how-to-install-cmake-on-windows-64-bit,2012-06-09 20:48:44,pythonic,16.8k,c|c++|python,no
10775087,What things (or in what cases) can make C++ slower than C ?,15,7,5000,https://stackoverflow.com/questions/10775087/what-things-or-in-what-cases-can-make-c-slower-than-c,2012-05-27 15:24:51,user1002288,4374,c|c++|php,no
10568250,Is there a fast in-memory queue I can use that swaps items as it reaches a certain size?,15,2,939,https://stackoverflow.com/questions/10568250/is-there-a-fast-in-memory-queue-i-can-use-that-swaps-items-as-it-reaches-a-certa,2012-05-12 23:40:09,Lostsoul,20.1k,c|c++|java,no
8802831,gcc rounding difference between versions,15,4,1520,https://stackoverflow.com/questions/8802831/gcc-rounding-difference-between-versions,2012-01-10 11:50:56,dbr,148k,c|c++|python,no
7731742,Square detection doesn't find squares,15,2,15157,https://stackoverflow.com/questions/7731742/square-detection-doesnt-find-squares,2011-10-11 19:57:36,Marco L.,1319,c|c++|php,no
7107825,Using Hardware Performance Counters in Linux,15,4,7497,https://stackoverflow.com/questions/7107825/using-hardware-performance-counters-in-linux,2011-08-18 13:01:52,MetallicPriest,24.4k,c|c++|php,no
7084741,Less-Than Vs. Equal-To For Efficiency C/C++,15,7,7351,https://stackoverflow.com/questions/7084741/less-than-vs-equal-to-for-efficiency-c-c,2011-08-16 20:40:37,John Humphreys - w00te,30.7k,c|c++|javascript,no
6260917,Why there is no compiler error when return statement is not present?,15,7,3876,https://stackoverflow.com/questions/6260917/why-there-is-no-compiler-error-when-return-statement-is-not-present,2011-06-07 05:24:02,iammilind,60.2k,c|c++|java,no
5939077,Chaining Bool values give opposite result to expected,15,5,2728,https://stackoverflow.com/questions/5939077/chaining-bool-values-give-opposite-result-to-expected,2011-05-09 15:29:33,17Twenty,227,c|c++|python,no
5132939,How to do AES decryption using OpenSSL,15,1,32599,https://stackoverflow.com/questions/5132939/how-to-do-aes-decryption-using-openssl,2011-02-27 11:29:26,St¡Ì?phane,16.7k,c|c++|java,no
4459987,Convert float to string without losing precision,15,10,14736,https://stackoverflow.com/questions/4459987/convert-float-to-string-without-losing-precision,2010-12-16 10:55:55,Rajesh Subramanian,811,c|c#|c++,no
3774858,Artificially Limit C/C++ Memory Usage,15,5,5445,https://stackoverflow.com/questions/3774858/artificially-limit-c-c-memory-usage,2010-09-23 01:41:42,Paul,2559,c|c++|shell,no
3714041,Why does this makefile execute a target on 'make clean',15,4,3805,https://stackoverflow.com/questions/3714041/why-does-this-makefile-execute-a-target-on-make-clean,2010-09-15 01:18:35,Will MacDonagh,355,c|c++|javascript,no
3534070,What does ¡°#define STR(a) #a¡± do?,15,4,5711,https://stackoverflow.com/questions/3534070/what-does-define-stra-a-do,2010-08-20 19:09:07,Vitor Baptista,1415,c|c++|java,no
3060577,Can the dirtiness of pages of a mmap be found from userspace?,15,5,1511,https://stackoverflow.com/questions/3060577/can-the-dirtiness-of-pages-of-a-mmap-be-found-from-userspace,2010-06-17 09:52:48,fadedbee,36.4k,c|c++|python,no
2806160,How do I determine which C/C++ compiler to use?,15,7,20958,https://stackoverflow.com/questions/2806160/how-do-i-determine-which-c-c-compiler-to-use,2010-05-10 20:20:24,,,c|c++|java,no
1542220,ASCII ¡°graphics¡± library?,15,4,7594,https://stackoverflow.com/questions/1542220/ascii-graphics-library,2009-10-09 07:01:30,hpy,1357,c|c++|javascript,no
1439172,testing code in C C++ [closed],15,12,6241,https://stackoverflow.com/questions/1439172/testing-code-in-c-c,2009-09-17 14:16:54,Tim,76.9k,c|c++|java,no
779338,Suggestions of excellent examples of real C/C++ code [closed],15,10,13582,https://stackoverflow.com/questions/779338/suggestions-of-excellent-examples-of-real-c-c-code,2009-04-22 21:36:35,k1udge,181,c|c++|java,no
499780,Is PThread a good choice for multi-platorm C/C++ multi-threading program?,15,5,11106,https://stackoverflow.com/questions/499780/is-pthread-a-good-choice-for-multi-platorm-c-c-multi-threading-program,2009-01-31 23:18:04,RogerV,3528,c|c++|java,no
329950,Rationale behind return 0 as default value in C/C++,15,13,6430,https://stackoverflow.com/questions/329950/rationale-behind-return-0-as-default-value-in-c-c,2008-12-01 03:27:16,Marcelo MD,1719,c|c++|shell,no
19180108,Cannot run program ¡°\ndk-build.cmd¡±: Launching failed,15,3,8464,https://stackoverflow.com/questions/19180108/cannot-run-program-ndk-build-cmd-launching-failed,2013-10-04 11:29:47,TheLittleNaruto,7806,c|c++|java,no
12073325,Performance and memory usage in Java arrays vs C++ arrays,15,3,4822,https://stackoverflow.com/questions/12073325/performance-and-memory-usage-in-java-arrays-vs-c-arrays,2012-08-22 12:36:44,Arpssss,3590,c|c++|java,no
9097181,Creation of Arrays in Java (The C++ Style),15,5,1461,https://stackoverflow.com/questions/9097181/creation-of-arrays-in-java-the-c-style,2012-02-01 14:10:19,hasankamal,217,c|c++|java,no
6751825,Simplest way to pass float[][] to C++ via JNI,15,2,12382,https://stackoverflow.com/questions/6751825/simplest-way-to-pass-float-to-c-via-jni,2011-07-19 18:01:47,Haris Hasan,27.9k,c|c++|java,yes
5298421,Why doesn't java support pass by reference like C++,15,2,7260,https://stackoverflow.com/questions/5298421/why-doesnt-java-support-pass-by-reference-like-c,2011-03-14 12:13:28,Searock,5248,c#|c++|java,no
5039903,Is programming against interfaces in Java the same concept as using header files in C/C++?,15,7,6235,https://stackoverflow.com/questions/5039903/is-programming-against-interfaces-in-java-the-same-concept-as-using-header-files,2011-02-18 10:00:49,asmaier,8997,c|c++|java,no
48123074,Fatal error in extension: PyThreadState_Get: no current thread,15,3,1895,https://stackoverflow.com/questions/48123074/fatal-error-in-extension-pythreadstate-get-no-current-thread,2018-01-06 00:22:37,kdheepak,1009,c++|python|shell,no
36407608,Recognize the characters of license plate,15,1,7800,https://stackoverflow.com/questions/36407608/recognize-the-characters-of-license-plate,2016-04-04 16:06:44,Boidil,199,c|c++|python,no
24872225,A simple example of using cmake to build a Windows DLL,15,1,14663,https://stackoverflow.com/questions/24872225/a-simple-example-of-using-cmake-to-build-a-windows-dll,2014-07-21 18:32:37,The Red Gator in Virginia,248,c|c++|python,no
24492327,Python Embedding in C++ : ImportError: No module named pyfunction,15,5,11373,https://stackoverflow.com/questions/24492327/python-embedding-in-c-importerror-no-module-named-pyfunction,2014-06-30 14:21:59,user3000805,247,c|c++|python,yes
18515275,Can Cython code be compiled to a dll so C++ application can call it?,15,2,1614,https://stackoverflow.com/questions/18515275/can-cython-code-be-compiled-to-a-dll-so-c-application-can-call-it,2013-08-29 15:36:55,AZ.,6413,c|c++|python,no
9620268,Boost.Python custom exception class,15,2,3092,https://stackoverflow.com/questions/9620268/boost-python-custom-exception-class,2012-03-08 15:34:38,Johan R¡Ì?de,17.7k,c|c++|python,yes
8265608,Why is python's dict implemented as hash table whereas std::map is tree-based?,15,4,5229,https://stackoverflow.com/questions/8265608/why-is-pythons-dict-implemented-as-hash-table-whereas-stdmap-is-tree-based,2011-11-25 06:47:39,eugene,30.5k,c++|java|python,no
3654652,Why does the Python/C API crash on PyRun_SimpleFile?,15,7,14107,https://stackoverflow.com/questions/3654652/why-does-the-python-c-api-crash-on-pyrun-simplefile,2010-09-06 22:37:58,Sion Sheevok,3639,c|c++|python,yes
3334170,Is there Python Clang wrapper in the vein of pygccxml which wraps GCC-XML?,15,1,1530,https://stackoverflow.com/questions/3334170/is-there-python-clang-wrapper-in-the-vein-of-pygccxml-which-wraps-gcc-xml,2010-07-26 10:57:41,jkp,66.8k,c|c++|python,no
2584595,Building a python module and linking it against a MacOSX framework,15,5,5814,https://stackoverflow.com/questions/2584595/building-a-python-module-and-linking-it-against-a-macosx-framework,2010-04-06 12:01:41,madflo,272,c|c++|python,no
15822788,How to call a C++ API from C#,15,2,7072,https://stackoverflow.com/questions/15822788/how-to-call-a-c-api-from-c-sharp,2013-04-04 22:23:57,AK_,7242,c|c#|c++,yes
13239912,Differences between switch statements in C# and C++,15,4,3540,https://stackoverflow.com/questions/13239912/differences-between-switch-statements-in-c-sharp-and-c,2012-11-05 20:32:14,Abraham,1039,c|c#|c++,no
3162643,Proper Trigonometry For Rotating A Point Around The Origin,15,3,20751,https://stackoverflow.com/questions/3162643/proper-trigonometry-for-rotating-a-point-around-the-origin,2010-07-02 00:57:37,Joshua,5833,c|c#|c++,no
2867758,How to generate a LONG guid?,15,9,8936,https://stackoverflow.com/questions/2867758/how-to-generate-a-long-guid,2010-05-19 17:07:26,Ron,171,c#|c++|java,no
741054,Mapping between stl C++ and C# containers[duplicate],15,4,11708,https://stackoverflow.com/questions/741054/mapping-between-stl-c-and-c-sharp-containers,2009-04-12 00:29:04,tato,4668,c#|c++|java,no
3513793,Convert a number from Base B1 to Base B2 without using any intermediate base,15,7,9161,https://stackoverflow.com/questions/3513793/convert-a-number-from-base-b1-to-base-b2-without-using-any-intermediate-base,2010-08-18 15:31:48,Kumar Alok,2134,c|c++|java,no
32045648,Accessing JVM from python,14,4,9304,https://stackoverflow.com/questions/32045648/accessing-jvm-from-python,2015-08-17 08:17:33,Abhishek Bhatia,7186,c++|java|python,no
27267391,Running a .py file from Java,14,5,70802,https://stackoverflow.com/questions/27267391/running-a-py-file-from-java,2014-12-03 08:59:26,Jose Ramon,4797,c|java|python,yes
2215318,Difference Between Modulus Implementation in Python Vs Java,14,4,5315,https://stackoverflow.com/questions/2215318/difference-between-modulus-implementation-in-python-vs-java,2010-02-07 00:16:41,Cerin,46k,c|java|python,no
702861,Executing Java programs through Python [closed],14,2,30803,https://stackoverflow.com/questions/702861/executing-java-programs-through-python,2009-03-31 20:20:32,,,java|python|shell,no
4355682,Tutorial on C pointers and arrays from a Java standpoint,14,4,653,https://stackoverflow.com/questions/4355682/tutorial-on-c-pointers-and-arrays-from-a-java-standpoint,Dec 4 '10 at 20:30,Jan,370,c|c++|java,no
14883853,ctypes return a string from c function,14,5,16618,https://stackoverflow.com/questions/14883853/ctypes-return-a-string-from-c-function,Feb 14 '13 at 20:53,Thane Brimhall,7440,c|java|python,no
12429061,Why is Python faster than C when concatenating two strings?,14,2,916,https://stackoverflow.com/questions/12429061/why-is-python-faster-than-c-when-concatenating-two-strings,Sep 14 '12 at 17:10,Marcus,5967,c|c#|python,no
21012348,Cython: how to make an python object as a property of cython class,14,2,5251,https://stackoverflow.com/questions/21012348/cython-how-to-make-an-python-object-as-a-property-of-cython-class,Jan 9 '14 at 5:37,w00d,4746,c|c++|python,no
6587407,What are the different options for interfacing C (or C++) with Python?,14,2,1066,https://stackoverflow.com/questions/6587407/what-are-the-different-options-for-interfacing-c-or-c-with-python,Jul 5 '11 at 18:48,Charles Brunet,17k,c|c++|python,yes
743402,Unserialize in Java a serialized php object,14,15,23892,https://stackoverflow.com/questions/743402/unserialize-in-java-a-serialized-php-object,Apr 13 '09 at 9:03,Hypnus,161,java|javascript|php,yes
2068286,Music Recognition and Signal Processing,14,9,8754,https://stackoverflow.com/questions/2068286/music-recognition-and-signal-processing,Jan 14 '10 at 23:21,Alix Axel,136k,c#|php|python,no
9597803,PHP list() equivalent in Python,14,1,5017,https://stackoverflow.com/questions/9597803/php-list-equivalent-in-python,Mar 7 '12 at 8:07,Drew,1426,c|php|python,no
41020068,Running python script in Laravel,14,3,19152,https://stackoverflow.com/questions/41020068/running-python-script-in-laravel,Dec 7 '16 at 14:31,Carriane Lastimoso,153,php|python|shell,yes
8217269,Decrypting strings in Python that were encrypted with MCRYPT_RIJNDAEL_256 in PHP,14,3,15856,https://stackoverflow.com/questions/8217269/decrypting-strings-in-python-that-were-encrypted-with-mcrypt-rijndael-256-in-php,Nov 21 '11 at 19:19,dharmesh,245,php|python|shell,yes
23129054,Integration of python in C# Application,14,3,36963,https://stackoverflow.com/questions/23129054/integration-of-python-in-c-sharp-application,Apr 17 '14 at 9:12,Xeun,786,c|c#|python,yes
20705027,Selenium Webdriver + PhantomJS remains at about:blank for a specific site,14,5,12049,https://stackoverflow.com/questions/20705027/selenium-webdriver-phantomjs-remains-at-aboutblank-for-a-specific-site,Dec 20 '13 at 13:46,Vikas Ojha,5260,c#|javascript|python,no
2271104,Class vs. Interface,14,10,25020,https://stackoverflow.com/questions/2271104/class-vs-interface,Feb 16 '10 at 6:52,hartanto,159,c#|java|shell,no
13323099,Java inheritance vs. C# inheritance,14,4,3208,https://stackoverflow.com/questions/13323099/java-inheritance-vs-c-sharp-inheritance,Nov 10 '12 at 14:55,prosseek,143k,c|c#|java,no
2893484,Implementing a Stack using Test-Driven Development,14,5,1988,https://stackoverflow.com/questions/2893484/implementing-a-stack-using-test-driven-development,May 23 '10 at 21:16,devoured elysium,85.8k,c#|c++|java,no
2646434,problems with Console.SetOut in Release Mode?,14,4,1888,https://stackoverflow.com/questions/2646434/problems-with-console-setout-in-release-mode,Apr 15 '10 at 14:59,Matt Jacobsen,5494,c|c#|c++,no
5221669,php to C# converter [closed],14,7,62223,https://stackoverflow.com/questions/5221669/php-to-c-sharp-converter,Mar 7 '11 at 15:43,SOF User,6577,c#|c++|php,no
48320322,.NET: file uploading to server using http,14,2,3642,https://stackoverflow.com/questions/48320322/net-file-uploading-to-server-using-http,Jan 18 '18 at 11:32,DirtyBit,14.6k,c#|java|php,yes
25465700,Python: subprocess call with shell=False not working,14,4,16449,https://stackoverflow.com/questions/25465700/python-subprocess-call-with-shell-false-not-working,Aug 23 '14 at 19:35,Tanay,2184,java|python|shell,no
352837,How to add file extensions based on file type on Linux/Unix?,14,5,12223,https://stackoverflow.com/questions/352837/how-to-add-file-extensions-based-on-file-type-on-linux-unix,Dec 9 '08 at 14:10,Palmin,2472,javascript|python|shell,no
38519643,Failed to load native library 'libnative-platform.so' for Linux amd64,14,5,10117,https://stackoverflow.com/questions/38519643/failed-to-load-native-library-libnative-platform-so-for-linux-amd64,Jul 22 '16 at 6:30,Andrew Quebe,2133,java|php|shell,no
8389033,Implementation of multiple pipes in C,14,6,56039,https://stackoverflow.com/questions/8389033/implementation-of-multiple-pipes-in-c,Dec 5 '11 at 17:08,mkab,853,c|c++|shell,no
22953136,Alternative of if-else and switch statements,14,10,6549,https://stackoverflow.com/questions/22953136/alternative-of-if-else-and-switch-statements,2014-04-09 05:00:36,Shrikant Kakani,1351,c#|java|javascript,no
12182121,Escaping javascript string in java,14,3,17269,https://stackoverflow.com/questions/12182121/escaping-javascript-string-in-java,2012-08-29 16:08:19,A_Elric,2227,java|javascript|php,yes
23930541,Warn the user before session timeout,14,7,27298,https://stackoverflow.com/questions/23930541/warn-the-user-before-session-timeout,2014-05-29 09:53:58,user3509911,179,c|java|javascript,no
3362859,Scraping websites with Javascript enabled?,14,6,17957,https://stackoverflow.com/questions/3362859/scraping-websites-with-javascript-enabled,2010-07-29 13:18:43,user216171,1520,java|javascript|python,no
38509815,¡°Almost Equal¡± in Jasmine,14,2,3236,https://stackoverflow.com/questions/38509815/almost-equal-in-jasmine,2016-07-21 16:39:13,alecxe,392k,java|javascript|python,no
38316402,How to save a canvas as PNG in Selenium?,14,1,6760,https://stackoverflow.com/questions/38316402/how-to-save-a-canvas-as-png-in-selenium,2016-07-11 21:19:30,Clone,2113,java|javascript|python,no
41239190,Result of -1%7 is different in javascript(-1) and python(6),14,5,778,https://stackoverflow.com/questions/41239190/result-of-17-is-different-in-javascript-1-and-python6,2016-12-20 09:44:31,Syed Suhail Ahmed,617,c|javascript|python,no
24913699,¡°The owner of this website has banned your access based on your browser's signature¡± ¡­ on a url request in a python program,14,2,23772,https://stackoverflow.com/questions/24913699/the-owner-of-this-website-has-banned-your-access-based-on-your-browsers-signat,2014-07-23 14:47:01,BERNARD Julien,189,javascript|php|python,no
11068645,How to generate a new map for jvectormap jquery plugin?,14,2,10026,https://stackoverflow.com/questions/11068645/how-to-generate-a-new-map-for-jvectormap-jquery-plugin,2012-06-17 03:08:54,pahko,1953,javascript|python|shell,no
32599082,How can I check in real time if a user is logged in?,14,12,3668,https://stackoverflow.com/questions/32599082/how-can-i-check-in-real-time-if-a-user-is-logged-in,2015-09-16 03:04:15,DevWL,10.6k,java|javascript|php,no
22038593,onClick function of an input type=¡°button¡± not working,14,4,147729,https://stackoverflow.com/questions/22038593/onclick-function-of-an-input-type-button-not-working,2014-02-26 10:30:44,kirk,212,javascript|php|python,no
15755076,How to combine JMVC (javascript-mvc) and server side MVC together,14,3,5607,https://stackoverflow.com/questions/15755076/how-to-combine-jmvc-javascript-mvc-and-server-side-mvc-together,2013-04-02 02:29:50,ncm,1715,java|javascript|php,no
11853063,Why aren't PHP files used for (custom) CSS and JS?,14,8,2111,https://stackoverflow.com/questions/11853063/why-arent-php-files-used-for-custom-css-and-js,2012-08-07 19:52:02,Jeff Noel,6746,java|javascript|php,no
8594310,how mature is HTML+CSS now in relation to generating reports for printing?,14,3,4912,https://stackoverflow.com/questions/8594310/how-mature-is-htmlcss-now-in-relation-to-generating-reports-for-printing,2011-12-21 18:05:38,pragmatic_programmer,2920,java|javascript|php,no
3682198,Writing a chat application [closed],14,5,3578,https://stackoverflow.com/questions/3682198/writing-a-chat-application,2010-09-10 04:06:40,Isamtron,563,java|javascript|php,no
7096772,How do I implement tab completion in node.js shell?,14,3,3375,https://stackoverflow.com/questions/7096772/how-do-i-implement-tab-completion-in-node-js-shell,2011-08-17 17:10:18,Dr McKay,2380,java|javascript|shell,no
41905074,Google Analytics Embed API Server Side Authorization not rendering the charts with C#,14,1,1921,https://stackoverflow.com/questions/41905074/google-analytics-embed-api-server-side-authorization-not-rendering-the-charts-wi,2017-01-28 00:19:43,Patrick,3457,c#|javascript|python,no
30313846,How to create a simple Object with properties in C# like with javascript,14,2,30451,https://stackoverflow.com/questions/30313846/how-to-create-a-simple-object-with-properties-in-c-sharp-like-with-javascript,2015-05-18 22:34:46,sgarcia.dev,4023,c|c#|javascript,no
15196381,How can I display a messagebox in ASP.NET?,14,13,288816,https://stackoverflow.com/questions/15196381/how-can-i-display-a-messagebox-in-asp-net,2013-03-04 07:14:19,Freelancer,8641,c#|java|javascript,no
14456049,How to centrally maintain a mathematical formula in C# (web) so it can be changed if needed?,14,5,912,https://stackoverflow.com/questions/14456049/how-to-centrally-maintain-a-mathematical-formula-in-c-sharp-web-so-it-can-be-c,2013-01-22 10:11:45,Ramanpreet Singh,840,c#|java|javascript,no
4416705,Javascript functions inside ASP.NET User Control,14,3,50829,https://stackoverflow.com/questions/4416705/javascript-functions-inside-asp-net-user-control,2010-12-11 12:34:05,Anton,8231,c#|java|javascript,no
2848359,how to write javascript in asp.net in code behind using C#,14,8,64726,https://stackoverflow.com/questions/2848359/how-to-write-javascript-in-asp-net-in-code-behind-using-c-sharp,2010-05-17 10:48:58,Eyla,4991,c#|java|javascript,yes
547327,How to make TinyMCE work inside an UpdatePanel?,14,12,19657,https://stackoverflow.com/questions/547327/how-to-make-tinymce-work-inside-an-updatepanel,2009-02-13 19:24:57,jpsimard-nyx,7474,c#|javascript|php,no
62925107,What is the best rational approximation to pi using a 64-bit numerator and denominator?,14,1,370,https://stackoverflow.com/questions/62925107/what-is-the-best-rational-approximation-to-pi-using-a-64-bit-numerator-and-denom,2020-07-15 23:16:08,,,c|c++|python,no
55604029,Should I always use size_t when indexing arrays?,14,2,1127,https://stackoverflow.com/questions/55604029/should-i-always-use-size-t-when-indexing-arrays,2019-04-10 02:49:25,Agust¡Ì¡Ùn Nieto Garc¡Ì¡Ùa,496,c|c++|java,no
37817651,Calling fork before main,14,3,592,https://stackoverflow.com/questions/37817651/calling-fork-before-main,2016-06-14 16:36:57,user6285020,149,c|c++|shell,no
32917033,How to get environment of a program while debugging it in GDB,14,2,14014,https://stackoverflow.com/questions/32917033/how-to-get-environment-of-a-program-while-debugging-it-in-gdb,2015-10-02 22:58:01,punekr12,435,c|c++|shell,no
32752446,"Using compiler prefix command(s) with CMake (distcc, ccache)",14,2,8064,https://stackoverflow.com/questions/32752446/using-compiler-prefix-commands-with-cmake-distcc-ccache,2015-09-24 02:36:19,ideasman42,26.3k,c|c++|shell,no
30493198,Example why someone should use triple-pointers in C/C++?,14,6,16344,https://stackoverflow.com/questions/30493198/example-why-someone-should-use-triple-pointers-in-c-c,2015-05-27 21:09:39,aGer,426,c|c++|java,no
29449340,"Clion: auto documenting functions, classes",14,2,8767,https://stackoverflow.com/questions/29449340/clion-auto-documenting-functions-classes,2015-04-04 17:25:57,leon22,4141,c|c#|c++,no
24049367,How do I get the disk drive serial number in C/C++,14,5,33101,https://stackoverflow.com/questions/24049367/how-do-i-get-the-disk-drive-serial-number-in-c-c,2014-06-04 23:40:07,The Mask,15.2k,c|c#|c++,no
19697152,"What is POSIX, any other interface standards which can replace it? [closed]",14,1,9307,https://stackoverflow.com/questions/19697152/what-is-posix-any-other-interface-standards-which-can-replace-it,2013-10-31 02:00:35,harris,1267,c|c++|shell,no
17909417,Strings in static memory instances count,14,4,390,https://stackoverflow.com/questions/17909417/strings-in-static-memory-instances-count,2013-07-28 14:51:26,triclosan,4910,c|c++|shell,no
17648266,SOLID principles implementation for C,14,4,5777,https://stackoverflow.com/questions/17648266/solid-principles-implementation-for-c,2013-07-15 06:51:18,Oscar Castiblanco,1513,c|c#|c++,no
15916672,"library to work with historical (big) dates and time (eg, 11,043 BC)?",14,2,288,https://stackoverflow.com/questions/15916672/library-to-work-with-historical-big-dates-and-time-eg-11-043-bc,2013-04-10 03:57:50,manking,347,c|c++|python,no
14740132,Using -1 to initialize an unsigned in { } initialization of struct or array,14,7,3029,https://stackoverflow.com/questions/14740132/using-1-to-initialize-an-unsigned-in-initialization-of-struct-or-array,2013-02-06 22:30:41,Krazy Glew,6252,c|c++|python,no
14685798,Is there an equivalent of python's virtualenv for C/C++ programs?,14,4,7626,https://stackoverflow.com/questions/14685798/is-there-an-equivalent-of-pythons-virtualenv-for-c-c-programs,2013-02-04 11:26:36,chmike,16.4k,c|c++|python,no
12695943,Are bit flags using ints in C/C++ actually safe?,14,4,1139,https://stackoverflow.com/questions/12695943/are-bit-flags-using-ints-in-c-c-actually-safe,2012-10-02 18:19:04,Christian Convey,1010,c|c++|python,no
11005822,The named loop idiom : dangerous?,14,2,1962,https://stackoverflow.com/questions/11005822/the-named-loop-idiom-dangerous,2012-06-12 22:32:59,Fr¡Ì?d¡Ì?ric Terrazzoni,1900,c|c++|java,no
10896778,how to get return value of an exe called by ShellExecute,14,1,21151,https://stackoverflow.com/questions/10896778/how-to-get-return-value-of-an-exe-called-by-shellexecute,2012-06-05 11:49:29,2vision2,4535,c|c++|shell,no
10853985,Programmatically getting system boot up time in c++ (windows),14,5,13590,https://stackoverflow.com/questions/10853985/programmatically-getting-system-boot-up-time-in-c-windows,2012-06-01 16:22:22,Eximius,187,c|c#|c++,no
9826504,Embedded programming ¡­ very beginning [closed],14,7,4780,https://stackoverflow.com/questions/9826504/embedded-programming-very-beginning,2012-03-22 16:27:49,nuno,1644,c|c++|javascript,no
9405985,Linux 3.0: Executing child process with piped stdin/stdout,14,3,32376,https://stackoverflow.com/questions/9405985/linux-3-0-executing-child-process-with-piped-stdin-stdout,2012-02-23 01:45:47,Andrew Tomazos,55.6k,c|c++|shell,no
9362728,ASCII Art comments in C/C++ headers and code files,14,5,10955,https://stackoverflow.com/questions/9362728/ascii-art-comments-in-c-c-headers-and-code-files,2012-02-20 14:28:06,Gui13,11.5k,c|c++|php,no
6882124,How to Run a cuda code using remote Desktop?,14,8,14019,https://stackoverflow.com/questions/6882124/how-to-run-a-cuda-code-using-remote-desktop,2011-07-30 08:56:53,lizz,143,c|c++|shell,no
5915125,fftshift/ifftshift C/C++ source code [closed],14,10,19884,https://stackoverflow.com/questions/5915125/fftshift-ifftshift-c-c-source-code,2011-05-06 17:50:34,Derek,10.5k,c|c++|java,no
4645458,Defining a static array into a C or C++ source file,14,5,50545,https://stackoverflow.com/questions/4645458/defining-a-static-array-into-a-c-or-c-source-file,2011-01-10 09:51:11,VansFannel,40.2k,c|c++|java,no
3706917,How to prevent a Linux program from running more than once?,14,7,9801,https://stackoverflow.com/questions/3706917/how-to-prevent-a-linux-program-from-running-more-than-once,2010-09-14 07:42:16,Jan Deinhard,16.8k,c|c++|shell,no
3605970,Is C still being widely used in game engines?,14,4,7254,https://stackoverflow.com/questions/3605970/is-c-still-being-widely-used-in-game-engines,2010-08-31 04:10:02,Julien Lebot,3074,c|c++|python,no
2926066,"In C or C++, is there a way to extend a class without inheritance?",14,5,5655,https://stackoverflow.com/questions/2926066/in-c-or-c-is-there-a-way-to-extend-a-class-without-inheritance,2010-05-28 01:02:14,paul simmons,5108,c|c#|c++,no
2681259,How to deprecate a macro in GCC?,14,4,5599,https://stackoverflow.com/questions/2681259/how-to-deprecate-a-macro-in-gcc,2010-04-21 08:15:26,Eric,141,c|c++|javascript,no
1382529,Calling C++ (not C) from Common Lisp?,14,5,7374,https://stackoverflow.com/questions/1382529/calling-c-not-c-from-common-lisp,2009-09-05 05:16:46,Jay,9106,c|c++|python,no
608631,Should every C or C++ file have an associated header file? ,14,15,14167,https://stackoverflow.com/questions/608631/should-every-c-or-c-file-have-an-associated-header-file,2009-03-03 23:06:34,Vicky,10.4k,c|c++|java,no
544928,Reading ¡°integer¡± size bytes from a char* array.,14,9,28677,https://stackoverflow.com/questions/544928/reading-integer-size-bytes-from-a-char-array,2009-02-13 06:34:30,kal,25.2k,c|c++|java,no
513009,Is there something that I can do in C but I can't do in C++?,14,21,6536,https://stackoverflow.com/questions/513009/is-there-something-that-i-can-do-in-c-but-i-cant-do-in-c,2009-02-04 19:58:59,yusuf,3441,c|c++|shell,no
12133875,Virtual Functions during Construction. Why Java is different than C++,14,6,1428,https://stackoverflow.com/questions/12133875/virtual-functions-during-construction-why-java-is-different-than-c,2012-08-26 21:00:04,Efi MK,913,c#|c++|java,no
32386768,Precision difference when printing Python and C++ doubles,14,3,1716,https://stackoverflow.com/questions/32386768/precision-difference-when-printing-python-and-c-doubles,2015-09-03 23:05:41,nh2,21.5k,c|c++|python,no
22055196,how to pass numpy array to Cython function correctly?,14,1,9120,https://stackoverflow.com/questions/22055196/how-to-pass-numpy-array-to-cython-function-correctly,2014-02-26 22:48:33,,,c|c++|python,no
16200997,Why doesn't #include <Python.h> work?,14,6,21251,https://stackoverflow.com/questions/16200997/why-doesnt-include-python-h-work,2013-04-24 19:56:01,Curious,5123,c|c++|python,yes
16065183,Convert a std::vector to a NumPy array without copying data,14,2,7565,https://stackoverflow.com/questions/16065183/convert-a-stdvector-to-a-numpy-array-without-copying-data,2013-04-17 16:17:38,Milliams,1356,c|c++|python,yes
10113586,"How can I parse macros in C++ code, using CLANG as the parser and Python as the scripting language?",14,2,3727,https://stackoverflow.com/questions/10113586/how-can-i-parse-macros-in-c-code-using-clang-as-the-parser-and-python-as-the,2012-04-11 20:39:02,warmbeach,308,c|c++|python,no
9050985,How to define a Python metaclass with Boost.Python?,14,1,1279,https://stackoverflow.com/questions/9050985/how-to-define-a-python-metaclass-with-boost-python,2012-01-29 04:37:47,Paul Manta,26.8k,c|c++|python,no
4465329,C / C++ equivalents to the Python Standard Library,14,5,2488,https://stackoverflow.com/questions/4465329/c-c-equivalents-to-the-python-standard-library,2010-12-16 21:00:12,gotgenes,32.1k,c|c++|python,no
4025913,Differences Between Python and C++ Constructors,14,3,2004,https://stackoverflow.com/questions/4025913/differences-between-python-and-c-constructors,2010-10-26 16:49:58,Zeke,1674,c++|java|python,no
9936280,Can PHP and C++ pass data between each other?,14,11,6603,https://stackoverflow.com/questions/9936280/can-php-and-c-pass-data-between-each-other,2012-03-30 02:39:42,Leo Jiang,17.2k,c|c++|php,yes
492307,Uploading big files over HTTP,14,8,13208,https://stackoverflow.com/questions/492307/uploading-big-files-over-http,2009-01-29 16:17:59,Roel,17.8k,c++|java|php,no
1110682,Extending PHP with C++?,14,3,10013,https://stackoverflow.com/questions/1110682/extending-php-with-c,2009-07-10 16:48:52,ryeguy,58.7k,c|c++|php,yes
6334283,declspec and stdcall vs declspec only,14,4,12379,https://stackoverflow.com/questions/6334283/declspec-and-stdcall-vs-declspec-only,2011-06-13 18:03:58,ilyaw77,897,c|c#|c++,no
3908140,Google's Protocol Buffers in c#,14,1,4352,https://stackoverflow.com/questions/3908140/googles-protocol-buffers-in-c-sharp,2010-10-11 16:34:34,photo_tom,7102,c#|c++|java,no
3659044,Comparison of C++ STL collections and C# collections?,14,1,9672,https://stackoverflow.com/questions/3659044/comparison-of-c-stl-collections-and-c-sharp-collections,2010-09-07 13:27:26,Scott Stafford,38.9k,c|c#|c++,no
2636958,Create unmanaged c++ object in c#,14,3,15528,https://stackoverflow.com/questions/2636958/create-unmanaged-c-object-in-c-sharp,2010-04-14 11:34:52,Evgeny007,602,c|c#|c++,yes
2595770,Exposing an ISO C++ class to C#,14,3,3303,https://stackoverflow.com/questions/2595770/exposing-an-iso-c-class-to-c-sharp,2010-04-07 20:42:00,Stick it to THE MAN,5401,c|c#|c++,yes
2483045,Creating a C# DLL and using it from unmanaged C++,14,8,6376,https://stackoverflow.com/questions/2483045/creating-a-c-sharp-dll-and-using-it-from-unmanaged-c,2010-03-20 12:48:44,Mr. Boy,50k,c|c#|c++,yes
2466622,What is better for a student programming in C++ to learn for writing GUI: C# vs QT? [closed],14,7,800,https://stackoverflow.com/questions/2466622/what-is-better-for-a-student-programming-in-c-to-learn-for-writing-gui-c-shar,2010-03-17 23:20:50,flashnik,1760,c#|c++|java,no
2360649,GC with C# and C++ in same solution,14,7,1192,https://stackoverflow.com/questions/2360649/gc-with-c-sharp-and-c-in-same-solution,2010-03-02 03:04:07,Michael Covelli,1841,c|c#|c++,no
1648689,How to code Jon Skeet's Singleton in C++?,14,3,3249,https://stackoverflow.com/questions/1648689/how-to-code-jon-skeets-singleton-in-c,2009-10-30 08:56:29,AndersK,33k,c#|c++|java,no
6439140,int((0.1+0.7)*10) = 7 in several languages. How to prevent this?,14,7,5186,https://stackoverflow.com/questions/6439140/int0-10-710-7-in-several-languages-how-to-prevent-this,2011-06-22 11:36:24,cypher,6494,javascript|php|python,no
3211914,Elegantly check if a given date is yesterday,14,11,10037,https://stackoverflow.com/questions/3211914/elegantly-check-if-a-given-date-is-yesterday,2010-07-09 10:53:33,Aistina,11.5k,c#|javascript|php,no
20720186,How does subtracting the character '0' from a char change it into an int?,14,4,5151,https://stackoverflow.com/questions/20720186/how-does-subtracting-the-character-0-from-a-char-change-it-into-an-int,2013-12-21 14:48:55,Coffee Maker,1415,c|c++|java,no
12418838,How to compile static library with -fPIC from boost.python,14,2,7300,https://stackoverflow.com/questions/12418838/how-to-compile-static-library-with-fpic-from-boost-python,2012-09-14 05:51:36,simon,489,c|c++|python,no
1827406,How much does the order of case labels affect the efficiency of switch statements?,14,9,2269,https://stackoverflow.com/questions/1827406/how-much-does-the-order-of-case-labels-affect-the-efficiency-of-switch-statement,2009-12-01 16:41:43,Jon Seigel,11.6k,c|c#|c++,no
5638321,Why child process returns exit status = 32512 in unix?,14,2,27368,https://stackoverflow.com/questions/5638321/why-child-process-returns-exit-status-32512-in-unix,2011-04-12 16:09:53,Mihran Hovsepyan,9860,c|c++|shell,no
8181344,Calling C# method within a Java program,14,2,5126,https://stackoverflow.com/questions/8181344/calling-c-sharp-method-within-a-java-program,2011-11-18 11:01:49,HashimR,3299,c#|c++|java,yes
6972111,Does new always allocate on the heap in C++ / C# / Java,14,9,13572,https://stackoverflow.com/questions/6972111/does-new-always-allocate-on-the-heap-in-c-c-sharp-java,2011-08-07 10:12:00,Alex,8739,c#|c++|java,no
4647277,count class instances for every derived class,14,7,4736,https://stackoverflow.com/questions/4647277/count-class-instances-for-every-derived-class,2011-01-10 13:22:38,peenut,2905,c#|c++|java,no
30429786,Dependency Algorithm - find a minimum set of packages to install,13,10,2723,https://stackoverflow.com/questions/30429786/dependency-algorithm-find-a-minimum-set-of-packages-to-install,2015-05-25 00:30:03,KLi,188,c|java|python,no
7403966,Most efficient way to build a 1-d array/list/vector of unknown length using Cython? Or should this never be done?,13,3,7696,https://stackoverflow.com/questions/7403966/most-efficient-way-to-build-a-1-d-array-list-vector-of-unknown-length-using-cyth,Sep 13 '11 at 14:56,mdscruggs,1092,c|c++|python,no
2563978,Rewriting Live TCP/IP (Layer 4) (i.e. Socket Layer) Streams,13,7,4708,https://stackoverflow.com/questions/2563978/rewriting-live-tcp-ip-layer-4-i-e-socket-layer-streams,,,,c|php|python,no
1675181,Get str repr with double quotes Python,13,4,10315,https://stackoverflow.com/questions/1675181/get-str-repr-with-double-quotes-python,Nov 4 '09 at 16:55,fortran,63.8k,c|javascript|python,no
54812971,Programming: Minimum steps required to convert a binary number to zero,13,5,3771,https://stackoverflow.com/questions/54812971/programming-minimum-steps-required-to-convert-a-binary-number-to-zero,Feb 21 '19 at 17:29,roger_that,7703,java|javascript|php,no
4537099,Unable to exchange data encrypted with AES-256 between Java and PHP,13,4,16165,https://stackoverflow.com/questions/4537099/unable-to-exchange-data-encrypted-with-aes-256-between-java-and-php,Dec 27 '10 at 6:57,LZZ,133,c#|java|php,yes
6056977,Is it possible to automatically convert java code to PHP?,13,5,28872,https://stackoverflow.com/questions/6056977/is-it-possible-to-automatically-convert-java-code-to-php,May 19 '11 at 10:06,yura,13.9k,c++|java|php,no
6759650,Why does the Blowfish output in Java and PHP differ by only 2 chars?,13,3,2285,https://stackoverflow.com/questions/6759650/why-does-the-blowfish-output-in-java-and-php-differ-by-only-2-chars,Jul 20 '11 at 9:22,Pentium10,182k,c|java|php,no
10853747,Log line numbers of executed java code,13,5,937,https://stackoverflow.com/questions/10853747/log-line-numbers-of-executed-java-code,Jun 1 '12 at 16:05,DanB91,931,java|php|shell,no
1781617,To understand: From PHP Array to Python?,13,4,10393,https://stackoverflow.com/questions/1781617/to-understand-from-php-array-to-python,Nov 23 '09 at 7:34,kn3l,15.1k,php|python|shell,no
173246,"Parsing and generating Microsoft Office 2007 files (.docx, .xlsx, .pptx)",13,4,17126,https://stackoverflow.com/questions/173246/parsing-and-generating-microsoft-office-2007-files-docx-xlsx-pptx,Oct 6 '08 at 5:07,DV.,4355,php|python|shell,no
1425303,PHP equivalent for a python decorator?,13,5,11108,https://stackoverflow.com/questions/1425303/php-equivalent-for-a-python-decorator,Sep 15 '09 at 5:36,Fragsworth,26.1k,java|php|python,no
10418231,How does PHP handle variables?,13,2,450,https://stackoverflow.com/questions/10418231/how-does-php-handle-variables,May 2 '12 at 16:50,tobia.zanarella,1126,c|c++|php,no
37950525,Using deep learning models from TensorFlow in other language environments [closed],13,1,12231,https://stackoverflow.com/questions/37950525/using-deep-learning-models-from-tensorflow-in-other-language-environments,Jun 21 '16 at 17:06,Alex Alifimoff,1643,c#|c++|python,no
3631176,Why are many developers opposed to using the ¡°protected¡± modifier in OOP?,13,12,2463,https://stackoverflow.com/questions/3631176/why-are-many-developers-opposed-to-using-the-protected-modifier-in-oop,Sep 2 '10 at 20:53,Ben McCormack,28.8k,c#|java|shell,no
9806170,Covariance and Contravariance in C#,13,4,1917,https://stackoverflow.com/questions/9806170/covariance-and-contravariance-in-c-sharp,Mar 21 '12 at 14:02,Edwin Dalorzo,66.2k,c|c#|java,no
33593767,What Design Pattern to use to implement transaction or chaining mechanism,13,2,8616,https://stackoverflow.com/questions/33593767/what-design-pattern-to-use-to-implement-transaction-or-chaining-mechanism,Nov 8 '15 at 12:09,Jacobian,7039,c|c#|java,no
2314193,Are there any working implementations of the rolling hash function used in the Rabin-Karp string search algorithm?,13,3,4041,https://stackoverflow.com/questions/2314193/are-there-any-working-implementations-of-the-rolling-hash-function-used-in-the-r,Feb 22 '10 at 21:08,c14ppy,247,c|c#|java,no
231159,Use ¡°greater than or equals¡± or just ¡°greater than¡±,13,8,40106,https://stackoverflow.com/questions/231159/use-greater-than-or-equals-or-just-greater-than,Oct 23 '08 at 19:41,Guy,57.5k,c|c#|c++,no
18092200,int promotion to unsigned int in C and C#,13,3,1471,https://stackoverflow.com/questions/18092200/int-promotion-to-unsigned-int-in-c-and-c-sharp,Aug 6 '13 at 23:28,David Klempfner,6087,c|c#|c++,no
2544389,How to share sessions between PHP and ASP.net application?,13,7,14620,https://stackoverflow.com/questions/2544389/how-to-share-sessions-between-php-and-asp-net-application,Mar 30 '10 at 10:22,citronas,17.2k,c#|php|python,no
277170,Is there a good Python GUI shell?,13,8,12762,https://stackoverflow.com/questions/277170/is-there-a-good-python-gui-shell,Nov 10 '08 at 6:02,Marcos Lara,1815,c#|python|shell,no
10821597,How to kill Django runserver sub processes from a bash script?,13,2,3497,https://stackoverflow.com/questions/10821597/how-to-kill-django-runserver-sub-processes-from-a-bash-script,May 30 '12 at 17:51,jjt,1163,javascript|python|shell,no
19246065,Python in Emacs shell-mode turns on stty echo and breaks C-d,13,2,1154,https://stackoverflow.com/questions/19246065/python-in-emacs-shell-mode-turns-on-stty-echo-and-breaks-c-d,Oct 8 '13 at 11:06,Nick Barnes,181,c++|python|shell,no
39968033,Determining whether a Java program has been launched from an interactive shell,13,1,260,https://stackoverflow.com/questions/39968033/determining-whether-a-java-program-has-been-launched-from-an-interactive-shell,Oct 10 '16 at 23:02,Bass,3701,c|java|shell,no
8540343,Open link from Android Webview in normal browser as popup,13,2,19000,https://stackoverflow.com/questions/8540343/open-link-from-android-webview-in-normal-browser-as-popup,2011-12-16 21:26:05,MartijnG,775,java|javascript|php,no
421419,Good choice for a lightweight checksum algorithm?,13,9,16819,https://stackoverflow.com/questions/421419/good-choice-for-a-lightweight-checksum-algorithm,2009-01-07 18:21:34,Andrzej Doyle,95.5k,c|java|javascript,no
19725203,How to populate dropdownlist with JSON data as ajax response in jQuery,13,7,85240,https://stackoverflow.com/questions/19725203/how-to-populate-dropdownlist-with-json-data-as-ajax-response-in-jquery,2013-11-01 10:44:30,kits,161,java|javascript|php,no
58952564,"Error: Unable to determine the current character, it is not a string, number, array, or object in react-native for android",13,8,9179,https://stackoverflow.com/questions/58952564/error-unable-to-determine-the-current-character-it-is-not-a-string-number-ar,2019-11-20 10:50:39,yashatreya,439,java|javascript|shell,no
9747314,Tutorials for Mozilla Rhino,13,2,14439,https://stackoverflow.com/questions/9747314/tutorials-for-mozilla-rhino,2012-03-17 04:40:13,Abhinav Kulshreshtha,1978,java|javascript|php,no
24577613,Use a jar in JavaScript through Java ScriptEngine,13,1,5308,https://stackoverflow.com/questions/24577613/use-a-jar-in-javascript-through-java-scriptengine,2014-07-04 15:41:16,Kyle Bridenstine,3497,java|javascript|python,yes
38913788,JavaFx view pdf in Popup without using JxBrowser Plugin,13,1,488,https://stackoverflow.com/questions/38913788/javafx-view-pdf-in-popup-without-using-jxbrowser-plugin,2016-08-12 08:49:50,Bipin Kareparambil,436,java|javascript|php,no
12399462,Rhino print function,13,4,16987,https://stackoverflow.com/questions/12399462/rhino-print-function,2012-09-13 04:32:09,Greg Pagendam-Turner,1606,java|javascript|shell,no
40673265,Firebase Service worker not found while using GWT (404 Error),13,4,15574,https://stackoverflow.com/questions/40673265/firebase-service-worker-not-found-while-using-gwt-404-error,2016-11-18 09:18:11,Roman,295,java|javascript|shell,no
351298,Best source code formatter for Javascript? [closed],13,7,31715,https://stackoverflow.com/questions/351298/best-source-code-formatter-for-javascript,2008-12-08 23:11:06,thebossman,4158,java|javascript|python,no
11495557,Java applets - is it a wrong choice today?,13,6,8733,https://stackoverflow.com/questions/11495557/java-applets-is-it-a-wrong-choice-today,2012-07-15 20:57:48,Dinesh,3905,c++|java|javascript,no
48143233,how to plot multiple time series in chartjs where each time series has different times,13,2,18063,https://stackoverflow.com/questions/48143233/how-to-plot-multiple-time-series-in-chartjs-where-each-time-series-has-different,2018-01-08 01:34:56,achyrd,187,javascript|php|python,no
28085848,How to crop and upload photo using cropit jquery plugin with php,13,2,12948,https://stackoverflow.com/questions/28085848/how-to-crop-and-upload-photo-using-cropit-jquery-plugin-with-php,2015-01-22 10:01:21,this.Tony,241,javascript|php|shell,no
26233127,Long polling PHP returns 2 results instead of one,13,12,1382,https://stackoverflow.com/questions/26233127/long-polling-php-returns-2-results-instead-of-one,2014-10-07 09:45:47,Akar,3692,java|javascript|php,no
26203453,jQuery generate unique IDs,13,7,47542,https://stackoverflow.com/questions/26203453/jquery-generate-unique-ids,2014-10-05 14:19:51,Mia,362,c|javascript|php,no
15205437,jQuery Mobile: How to correctly submit form data,13,4,43637,https://stackoverflow.com/questions/15205437/jquery-mobile-how-to-correctly-submit-form-data,2013-03-04 15:47:48,user2001897,3586,javascript|php|shell,no
7013643,urlencode() from PHP in JavaScript?,13,6,16285,https://stackoverflow.com/questions/7013643/urlencode-from-php-in-javascript,2011-08-10 15:41:12,daGrevis,18.7k,c|javascript|php,no
2748757,Why is there a large difference in readability between the C# and ECMAScript specifications?,13,7,1556,https://stackoverflow.com/questions/2748757/why-is-there-a-large-difference-in-readability-between-the-c-sharp-and-ecmascrip,2010-05-01 03:18:41,ChaosPandion,71.6k,c|c#|javascript,no
34397585,Time left until Windows suspend,13,2,373,https://stackoverflow.com/questions/34397585/time-left-until-windows-suspend,2015-12-21 14:06:58,Eduardo Po¡Ì?o,1532,c|c++|java,no
33491687,Difference between double pointer and array of pointers,13,3,3600,https://stackoverflow.com/questions/33491687/difference-between-double-pointer-and-array-of-pointers,2015-11-03 05:03:35,Rakesh kumar,342,c|c++|java,no
32330293,How to share memory between linux program and windows program running through Wine (same computer)?,13,2,2098,https://stackoverflow.com/questions/32330293/how-to-share-memory-between-linux-program-and-windows-program-running-through-wi,2015-09-01 11:20:22,hl037_,2269,c|c++|php,no
27768429,Implementation of string pattern matching using Suffix Array and LCP(-LR),13,4,4552,https://stackoverflow.com/questions/27768429/implementation-of-string-pattern-matching-using-suffix-array-and-lcp-lr,2015-01-04 17:43:46,Paddre,698,c|c++|java,no
23505212,"Floating Point, is an equality comparison enough to prevent division by zero?",13,2,495,https://stackoverflow.com/questions/23505212/floating-point-is-an-equality-comparison-enough-to-prevent-division-by-zero,2014-05-06 21:55:31,Anne Quinn,10.2k,c|c#|c++,no
18422123,SDL embed image inside program executable,13,3,4091,https://stackoverflow.com/questions/18422123/sdl-embed-image-inside-program-executable,2013-08-24 19:08:51,Scott,388,c|c++|python,no
13893085,posix_spawnp and piping child output to a string,13,1,5155,https://stackoverflow.com/questions/13893085/posix-spawnp-and-piping-child-output-to-a-string,2012-12-15 14:32:30,rubenvb,66.9k,c|c++|shell,no
12818978,meaning of (number) & (-number),13,3,5302,https://stackoverflow.com/questions/12818978/meaning-of-number-number,2012-10-10 12:07:52,Aseem Goyal,2395,c|c#|c++,no
12710336,Can compiler sometimes cache variable declared as volatile,13,10,3020,https://stackoverflow.com/questions/12710336/can-compiler-sometimes-cache-variable-declared-as-volatile,2012-10-03 14:10:35,pythonic,16.8k,c|c++|python,no
8683060,Finding the most common three-item sequence in a very large file,13,5,2889,https://stackoverflow.com/questions/8683060/finding-the-most-common-three-item-sequence-in-a-very-large-file,2011-12-30 19:12:00,user1002288,4374,c|c++|shell,no
6427977,Intel TBB will work on AMD processors? [duplicate],13,3,8026,https://stackoverflow.com/questions/6427977/intel-tbb-will-work-on-amd-processors,2011-06-21 15:34:01,Rella,56.4k,c|c++|php,no
5838894,How to build Google RE2 for Windows?,13,4,3552,https://stackoverflow.com/questions/5838894/how-to-build-google-re2-for-windows,2011-04-30 01:40:42,user536232,615,c|c++|python,no
5542037,Avoiding overflow in integer multiplication followed by division,13,4,3365,https://stackoverflow.com/questions/5542037/avoiding-overflow-in-integer-multiplication-followed-by-division,2011-04-04 17:22:52,Juraj Blaho,12.5k,c|c#|c++,no
4739388,make an integer even,13,8,5838,https://stackoverflow.com/questions/4739388/make-an-integer-even,2011-01-19 18:53:48,Jo¡Ì?o Portela,5293,c|c++|java,no
4124182,C/C++ encrypt/decrypt with public key,13,3,16513,https://stackoverflow.com/questions/4124182/c-c-encrypt-decrypt-with-public-key,2010-11-08 13:20:04,peoro,23.3k,c|c++|java,no
3653218,Linux tool to check spelling of comments in c/c++ source code,13,3,2388,https://stackoverflow.com/questions/3653218/linux-tool-to-check-spelling-of-comments-in-c-c-source-code,2010-09-06 17:23:21,adf88,3841,c|c++|python,no
3041925,Is Objective-C++ a totally different language from Objective-C?,13,6,1809,https://stackoverflow.com/questions/3041925/is-objective-c-a-totally-different-language-from-objective-c,2010-06-15 00:52:20,Jake Petroules,21.1k,c|c#|c++,no
2728761,"Points, Lines, and Polygons on Spheres with C/C++ [closed]",13,3,2675,https://stackoverflow.com/questions/2728761/points-lines-and-polygons-on-spheres-with-c-c,2010-04-28 10:53:06,user327684,163,c|c++|php,no
2617359,cross platform keyboard/mouse input recommendation [closed],13,3,6813,https://stackoverflow.com/questions/2617359/cross-platform-keyboard-mouse-input-recommendation,2010-04-11 14:32:50,Jay,12.2k,c|c++|php,no
2495420,Is there any LAME C++ wrapper\simplifier (working on Linux Mac and Win from pure code)?,13,4,21501,https://stackoverflow.com/questions/2495420/is-there-any-lame-c-wrapper-simplifier-working-on-linux-mac-and-win-from-pure,2010-03-22 20:19:38,Rella,56.4k,c|c++|shell,no
874052,Properties file library for C (or C++),13,4,25771,https://stackoverflow.com/questions/874052/properties-file-library-for-c-or-c,2009-05-17 07:01:10,JamieH,1157,c|c++|java,no
637371,Option Parsers for C/C++? [duplicate],13,6,19287,https://stackoverflow.com/questions/637371/option-parsers-for-c-c,2009-03-12 04:32:14,Paul Wicks,53.1k,c|c++|shell,no
437279,"Is it safe to use getenv() in static initializers, that is, before main()?",13,3,1988,https://stackoverflow.com/questions/437279/is-it-safe-to-use-getenv-in-static-initializers-that-is-before-main,2009-01-12 22:32:35,Don Wakefield,8205,c|c++|shell,no
304784,Difference between using fork/execvp and system call,13,5,7562,https://stackoverflow.com/questions/304784/difference-between-using-fork-execvp-and-system-call,2008-11-20 09:37:43,foo,205,c|c++|shell,no
209603,Steps to make a LED blink from a C/C++ program?,13,7,55017,https://stackoverflow.com/questions/209603/steps-to-make-a-led-blink-from-a-c-c-program,2008-10-16 17:55:34,Brian R. Bondy,302k,c|c++|shell,no
69250,Why does a C/C++ program often have optimization turned off in debug mode?,13,6,3548,https://stackoverflow.com/questions/69250/why-does-a-c-c-program-often-have-optimization-turned-off-in-debug-mode,2008-09-16 03:51:07,Benoit,33.5k,c|c++|java,no
27779,MFC resources / links,13,7,2554,https://stackoverflow.com/questions/27779/mfc-resources-links,2008-08-26 11:28:43,JamesSugrue,14k,c|c#|c++,no
20026243,Find 2 missing numbers in an array of integers with two missing values,13,12,26956,https://stackoverflow.com/questions/20026243/find-2-missing-numbers-in-an-array-of-integers-with-two-missing-values,2013-11-17 01:52:56,ordinary,4835,c|c++|java,no
18888152,difference between Strings in C++ and Java,13,6,11670,https://stackoverflow.com/questions/18888152/difference-between-strings-in-c-and-java,2013-09-19 07:01:35,TheLostMind,34.3k,c|c++|java,no
17203094,Java deserialization in C++,13,3,1638,https://stackoverflow.com/questions/17203094/java-deserialization-in-c,2013-06-19 23:37:53,user888379,837,c|c++|java,yes
4574479,What are the alternatives to public fields?,13,12,1514,https://stackoverflow.com/questions/4574479/what-are-the-alternatives-to-public-fields,2011-01-01 15:17:35,James,205,c#|c++|java,no
3691940,Finding the median value of an array?,13,9,61913,https://stackoverflow.com/questions/3691940/finding-the-median-value-of-an-array,2010-09-11 17:33:24,Steffan Harris,7777,c#|c++|java,no
2224092,What data-structure should I use to create my own ¡°BigInteger¡± class?,13,10,3751,https://stackoverflow.com/questions/2224092/what-data-structure-should-i-use-to-create-my-own-biginteger-class,2010-02-08 19:01:23,Fifa89,161,c|c++|java,no
42125084,Accessing OpenCV CUDA Functions from Python (No PyCUDA),13,4,17916,https://stackoverflow.com/questions/42125084/accessing-opencv-cuda-functions-from-python-no-pycuda,2017-02-08 22:45:39,ostrumvulpes,473,c++|java|python,no
12809496,Does it make sense to modify in-place AND return a copy?,13,2,397,https://stackoverflow.com/questions/12809496/does-it-make-sense-to-modify-in-place-and-return-a-copy,2012-10-09 22:46:57,Mark Ransom,260k,c|c++|python,no
10298371,Cython and C++ inheritance,13,3,4354,https://stackoverflow.com/questions/10298371/cython-and-c-inheritance,2012-04-24 13:00:28,ascobol,6868,c|c++|python,no
5081678,Handling default parameters in cython,13,1,6006,https://stackoverflow.com/questions/5081678/handling-default-parameters-in-cython,2011-02-22 17:34:29,amicitas,10k,c|c++|python,no
4881377,How to parse C++ source in Python? [closed],13,7,5350,https://stackoverflow.com/questions/4881377/how-to-parse-c-source-in-python,2011-02-02 23:59:01,DarenW,15.3k,c++|java|python,no
32981114,How to build a mixed (C++ + C#) solution with Travis CI?,13,2,1824,https://stackoverflow.com/questions/32981114/how-to-build-a-mixed-c-c-solution-with-travis-ci,2015-10-06 22:54:43,DuckQueen,990,c#|c++|java,no
20827111,C# vs C++ ternary operator,13,2,561,https://stackoverflow.com/questions/20827111/c-sharp-vs-c-ternary-operator,2013-12-29 16:06:56,Michael,203,c|c#|c++,no
12324223,Does having old commented code and a lot of whitespaces in code slow down performance?,13,4,4347,https://stackoverflow.com/questions/12324223/does-having-old-commented-code-and-a-lot-of-whitespaces-in-code-slow-down-perfor,2012-09-07 19:27:13,user1632018,2279,c#|c++|javascript,no
11123899,Passing a C# class object in and out of a C++ DLL class,13,3,17075,https://stackoverflow.com/questions/11123899/passing-a-c-sharp-class-object-in-and-out-of-a-c-dll-class,2012-06-20 16:23:40,Bryan A,1315,c#|c++|shell,yes
8433135,How to know if a ¡°.exe¡± process was written with C++ or C#? [duplicate],13,4,10548,https://stackoverflow.com/questions/8433135/how-to-know-if-a-exe-process-was-written-with-c-or-c,2011-12-08 15:12:31,Diogo,1387,c|c#|c++,no
2931288,Edit characters in a String in C#,13,11,6220,https://stackoverflow.com/questions/2931288/edit-characters-in-a-string-in-c-sharp,2010-05-28 17:46:10,Robben_Ford_Fan_boy,7204,c|c#|c++,no
2618138,Introduction to C# for C/C++ users,13,7,10694,https://stackoverflow.com/questions/2618138/introduction-to-c-sharp-for-c-c-users,2010-04-11 18:16:09,Ronny Brendel,4463,c#|c++|shell,no
2179270,"Pass C# string to C++ and pass C++ result (string, char*.. whatever) to C#",13,5,30270,https://stackoverflow.com/questions/2179270/pass-c-sharp-string-to-c-and-pass-c-result-string-char-whatever-to-c-s,2010-02-01 18:58:37,Smjert,285,c|c#|c++,yes
1628434,null objects vs. empty objects,13,11,14195,https://stackoverflow.com/questions/1628434/null-objects-vs-empty-objects,2009-10-27 02:20:10,¡Ì¨º¨C¡Þn,10.4k,c#|c++|java,no
600639,Why does C# compile much faster than C++? [duplicate],13,3,6588,https://stackoverflow.com/questions/600639/why-does-c-sharp-compile-much-faster-than-c,2009-03-01 22:09:23,,,c|c#|c++,no
919542,Does anyone know any train timetable API service? [closed],13,8,11870,https://stackoverflow.com/questions/919542/does-anyone-know-any-train-timetable-api-service,2009-05-28 07:04:18,Strae,16.5k,javascript|php|python,no
35560449,Parentheses around return values - why?,13,4,5105,https://stackoverflow.com/questions/35560449/parentheses-around-return-values-why,2016-02-22 17:49:56,Frank Puffer,7658,c|c++|java,no
101267,Is there any way to define a constant value to Java at compile time,13,7,6601,https://stackoverflow.com/questions/101267/is-there-any-way-to-define-a-constant-value-to-java-at-compile-time,2008-09-19 11:50:35,GKelly,3475,c|c++|java,no
32389977,Import Error: No module name libstdcxx,13,4,11430,https://stackoverflow.com/questions/32389977/import-error-no-module-name-libstdcxx,2015-09-04 04:16:56,toantruong,385,c|c++|python,no
26134455,How to get reference count of a PyObject?,13,1,3908,https://stackoverflow.com/questions/26134455/how-to-get-reference-count-of-a-pyobject,2014-10-01 05:05:58,DLunin,880,c|c++|python,no
14698086,GDB-Python scripting: any samples iterating through C/C++ struct fields,13,1,7184,https://stackoverflow.com/questions/14698086/gdb-python-scripting-any-samples-iterating-through-c-c-struct-fields,2013-02-05 00:13:44,minghua,4055,c|c++|python,no
1427002,Calling Py_Finalize() from C,13,3,3929,https://stackoverflow.com/questions/1427002/calling-py-finalize-from-c,2009-09-15 12:51:46,Voo,26.1k,c|c++|python,yes
6122797,Phonetic characters to speech,13,6,2847,https://stackoverflow.com/questions/6122797/phonetic-characters-to-speech,2011-05-25 10:13:34,Predator,1241,c|c#|c++,no
38066640,What is the Python equivalent of Java's UnsupportedOperationException?,12,2,2701,https://stackoverflow.com/questions/38066640/what-is-the-python-equivalent-of-javas-unsupportedoperationexception,2016-06-28 03:37:50,erwaman,2431,c|java|python,no
32348453,Python Counter alternative for Java,12,2,3209,https://stackoverflow.com/questions/32348453/python-counter-alternative-for-java,2015-09-02 08:41:52,nikosdi,1808,c|java|python,no
16447410,How to execute Python script from Java?,12,4,61376,https://stackoverflow.com/questions/16447410/how-to-execute-python-script-from-java,2013-05-08 18:10:40,Biribu,2979,java|python|shell,yes
9375661,Exactly the same behavior between Java String.getBytes() and Python string -> bytes?,12,3,14603,https://stackoverflow.com/questions/9375661/exactly-the-same-behavior-between-java-string-getbytes-and-python-string-by,2012-02-21 10:12:06,Sandro Munda,34.6k,c|java|python,no
7799610,exceptions + signaling end-of-iterator: why is it bad in Java and normal in Python?,12,7,1397,https://stackoverflow.com/questions/7799610/exceptions-signaling-end-of-iterator-why-is-it-bad-in-java-and-normal-in-pyth,2011-10-17 21:10:47,Jason S,165k,c#|java|python,no
3346970,Starting with Android: Java or Python (SL4A),12,5,11675,https://stackoverflow.com/questions/3346970/starting-with-android-java-or-python-sl4a,2010-07-27 19:04:54,Mad Scientist,15.9k,c++|java|python,no
1714624,Is there any library to deserialize with python which is serialized with java,12,7,7433,https://stackoverflow.com/questions/1714624/is-there-any-library-to-deserialize-with-python-which-is-serialized-with-java,2009-11-11 11:33:19,Prabu,2234,java|javascript|python,yes
3473754,Convert .c to .java [closed],12,7,71223,https://stackoverflow.com/questions/3473754/convert-c-to-java,Aug 13 '10 at 3:49,Aymon Fournier,3894,c|c++|java,no
4838221,Why are compiled Java class files smaller than C compiled files?,12,9,3429,https://stackoverflow.com/questions/4838221/why-are-compiled-java-class-files-smaller-than-c-compiled-files,Jan 29 '11 at 17:15,Ahmad Soboh,624,c|c++|java,no
845183,Convert static windows library to dll,12,3,8576,https://stackoverflow.com/questions/845183/convert-static-windows-library-to-dll,May 10 '09 at 11:50,jb.,18.8k,c|c++|java,no
5102186,Wireless API for Linux in C or Java,12,2,15141,https://stackoverflow.com/questions/5102186/wireless-api-for-linux-in-c-or-java,Feb 24 '11 at 8:35,Dimitri,7071,c|java|php,no
19684155,Java equivalent of #ifdef that allows non-compilable code,12,5,9941,https://stackoverflow.com/questions/19684155/java-equivalent-of-ifdef-that-allows-non-compilable-code,Oct 30 '13 at 13:51,Jashaszun,8795,c|c++|java,no
9439869,comparing python with c/fortran,12,8,7878,https://stackoverflow.com/questions/9439869/comparing-python-with-c-fortran,Feb 25 '12 at 0:12,armando,1038,c|c#|python,no
1494372,asn.1 parser in C/Python,12,7,21949,https://stackoverflow.com/questions/1494372/asn-1-parser-in-c-python,Sep 29 '09 at 19:06,elventear,301,c|c++|python,no
17532371,PyImport_Import fails (returns NULL),12,4,9177,https://stackoverflow.com/questions/17532371/pyimport-import-fails-returns-null,Jul 8 '13 at 17:15,Alexander,573,c|c++|python,no
14341549,Passing a set of NumPy arrays into C function for input and output,12,2,4970,https://stackoverflow.com/questions/14341549/passing-a-set-of-numpy-arrays-into-c-function-for-input-and-output,Jan 15 '13 at 15:54,apl,123,c|c++|python,yes
3789881,Create and call python function from string via C API,12,3,8691,https://stackoverflow.com/questions/3789881/create-and-call-python-function-from-string-via-c-api,Sep 24 '10 at 18:28,alanc10n,4366,c|c++|python,yes
6878303,Scoring a string based on how English-like it is,12,5,2661,https://stackoverflow.com/questions/6878303/scoring-a-string-based-on-how-english-like-it-is,Jul 29 '11 at 19:51,Seth,558,c|java|python,no
29922723,Calling C function from Python (No Return Value),12,1,908,https://stackoverflow.com/questions/29922723/calling-c-function-from-python-no-return-value,Apr 28 '15 at 14:55,AJ-B29,215,c|c++|python,yes
4463252,When to use GWT and when to not,12,4,5360,https://stackoverflow.com/questions/4463252/when-to-use-gwt-and-when-to-not,Dec 16 '10 at 16:51,christophmccann,3973,java|javascript|php,no
32805491,"Can't connect through WiFi, but possible through Mobile Data",12,2,1805,https://stackoverflow.com/questions/32805491/cant-connect-through-wifi-but-possible-through-mobile-data,Sep 27 '15 at 7:14,theapache64,6038,java|javascript|php,no
3560757,PHP equivalent to Python's enumerate()?,12,7,7409,https://stackoverflow.com/questions/3560757/php-equivalent-to-pythons-enumerate,Aug 24 '10 at 20:29,davidscolgan,6548,c|php|python,no
2532477,"mod_cgi , mod_fastcgi, mod_scgi , mod_wsgi, mod_python, FLUP. I don't know how many more. what is mod_php equivalent?",12,4,4889,https://stackoverflow.com/questions/2532477/mod-cgi-mod-fastcgi-mod-scgi-mod-wsgi-mod-python-flup-i-dont-know-how-m,Mar 28 '10 at 9:56,claws,44.3k,java|php|python,no
6030853,Is it possible to create PHP extensions in Haskell?,12,2,951,https://stackoverflow.com/questions/6030853/is-it-possible-to-create-php-extensions-in-haskell,May 17 '11 at 12:36,Anupam Jain,7023,c|php|shell,no
39405252,How to save plots from multiple python scripts using an interactive C# process command?,12,1,620,https://stackoverflow.com/questions/39405252/how-to-save-plots-from-multiple-python-scripts-using-an-interactive-c-sharp-proc,Sep 9 '16 at 6:36,Ramkumar,440,c#|python|shell,no
17342367,"Field initializer accessing `this`: invalid in C#, valid in Java? [closed]",12,5,809,https://stackoverflow.com/questions/17342367/field-initializer-accessing-this-invalid-in-c-valid-in-java,Jun 27 '13 at 11:49,Cristian Diaconescu,30.3k,c|c#|java,no
21951711,How to pass a JNI C# class into Java or handle this situation?,12,6,3728,https://stackoverflow.com/questions/21951711/how-to-pass-a-jni-c-sharp-class-into-java-or-handle-this-situation,Feb 22 '14 at 8:20,tweetypi,16.7k,c#|c++|java,yes
21145293,Can not run Java Applets in Internet Explorer 11 using JRE 7u51,12,26,225876,https://stackoverflow.com/questions/21145293/can-not-run-java-applets-in-internet-explorer-11-using-jre-7u51,Jan 15 '14 at 18:20,David,1212,c#|java|javascript,no
12451626,Why are there local variables in stack-based IL bytecode,12,2,1842,https://stackoverflow.com/questions/12451626/why-are-there-local-variables-in-stack-based-il-bytecode,Sep 16 '12 at 23:38,Daniel A.A. Pelsmaeker,37k,c|c#|java,no
2407617,Confusing If Statement?,12,13,1048,https://stackoverflow.com/questions/2407617/confusing-if-statement,Mar 9 '10 at 8:43,NetSide,3489,c#|c++|java,no
912965,What are the pros and cons of checked exception? [closed],12,10,3519,https://stackoverflow.com/questions/912965/what-are-the-pros-and-cons-of-checked-exception,May 26 '09 at 21:55,crauscher,6078,c|c#|java,no
14509855,Commenting out whole file,12,2,2917,https://stackoverflow.com/questions/14509855/commenting-out-whole-file,Jan 24 '13 at 20:10,Zar,6072,c|c#|java,no
1973579,Why doesn't Java have method delegates?,12,9,2929,https://stackoverflow.com/questions/1973579/why-doesnt-java-have-method-delegates,Dec 29 '09 at 8:40,Blessed Geek,18.5k,c#|c++|java,no
1846221,A way to catch up to modern programming techniques,12,8,5582,https://stackoverflow.com/questions/1846221/a-way-to-catch-up-to-modern-programming-techniques,Dec 4 '09 at 10:53,Damion Lee,121,c|c#|java,no
127869,SAX vs XmlTextReader - SAX in C#,12,4,12673,https://stackoverflow.com/questions/127869/sax-vs-xmltextreader-sax-in-c-sharp,Sep 24 '08 at 15:26,cgreeno,29k,c#|java|javascript,no
6825023,"Should I use 'long' instead of 'int' on 64-bits in langs with fixed type size (like Java, C#)",12,3,8004,https://stackoverflow.com/questions/6825023/should-i-use-long-instead-of-int-on-64-bits-in-langs-with-fixed-type-size-l,Jul 26 '11 at 3:43,Alexander Malakhov,2679,c#|c++|java,no
7565673,Generics in Scala: implementing an interface/trait twice?,12,2,1265,https://stackoverflow.com/questions/7565673/generics-in-scala-implementing-an-interface-trait-twice,Sep 27 '11 at 7:37,Eyvind,4875,c|c#|java,no
6223102,is java byte the same as C# byte?,12,4,8130,https://stackoverflow.com/questions/6223102/is-java-byte-the-same-as-c-sharp-byte,Jun 3 '11 at 4:55,Sergey,10k,c#|c++|java,no
5979484,Class.forName() equivalent in .NET?,12,4,6044,https://stackoverflow.com/questions/5979484/class-forname-equivalent-in-net,May 12 '11 at 14:24,mihsathe,7398,c|c#|java,no
18193915,Is the win32 api obsolete? [closed],12,4,2804,https://stackoverflow.com/questions/18193915/is-the-win32-api-obsolete,Aug 12 '13 at 18:20,c_programmer_jim,219,c|c#|c++,no
11528436,Displaying a table in PHP with repeated columns,12,14,2699,https://stackoverflow.com/questions/11528436/displaying-a-table-in-php-with-repeated-columns,Jul 17 '12 at 18:14,hidden,2978,c#|java|php,no
3505453,Rewrite Rijndael 256 C# Encryption Code in PHP,12,4,7243,https://stackoverflow.com/questions/3505453/rewrite-rijndael-256-c-sharp-encryption-code-in-php,Aug 17 '10 at 17:59,Derek Armstrong,129,c|c#|php,no
2027484,Determine whether process output is being redirected in C/C++,12,3,3904,https://stackoverflow.com/questions/2027484/determine-whether-process-output-is-being-redirected-in-c-c,Jan 8 '10 at 12:22,Edu Felipe,8942,c|c++|shell,no
930169,What's a good way to write batch scripts in C#?,12,5,1481,https://stackoverflow.com/questions/930169/whats-a-good-way-to-write-batch-scripts-in-c,May 30 '09 at 17:32,scobi,13.2k,c#|python|shell,no
164105,Testing onbeforeunload events from Selenium,12,4,3231,https://stackoverflow.com/questions/164105/testing-onbeforeunload-events-from-selenium,2008-10-02 19:24:47,Moss Collum,2972,java|javascript|python,no
48850974,Selenium: Scroll to end of page in dynamically loading webpage,12,4,12265,https://stackoverflow.com/questions/48850974/selenium-scroll-to-end-of-page-in-dynamically-loading-webpage,2018-02-18 11:08:56,Johannes Mols,523,java|javascript|python,no
31670822,Java vs JavaScript split behavior,12,3,2463,https://stackoverflow.com/questions/31670822/java-vs-javascript-split-behavior,2015-07-28 08:14:17,KAD,10.1k,c|java|javascript,no
13546187,How to match any combination of letters using regex?,12,6,14664,https://stackoverflow.com/questions/13546187/how-to-match-any-combination-of-letters-using-regex,2012-11-24 22:16:58,John_Sheares,1364,c|java|javascript,no
4840245,MVC or Rest or Both,12,4,16686,https://stackoverflow.com/questions/4840245/mvc-or-rest-or-both,2011-01-29 23:55:28,thecountofzero,363,java|javascript|php,no
8630412,Does Google V8 work in similar way to Java Virtual Machine? [closed],12,3,3359,https://stackoverflow.com/questions/8630412/does-google-v8-work-in-similar-way-to-java-virtual-machine,2011-12-25 16:19:37,Haldir87,305,c++|java|javascript,no
4639892,What's the difference between Java 6's built-in version of Rhino and the Rhino package direct from Mozilla?,12,1,4276,https://stackoverflow.com/questions/4639892/whats-the-difference-between-java-6s-built-in-version-of-rhino-and-the-rhino-p,2011-01-09 15:09:43,Jeremy Privett,4329,java|javascript|shell,no
10079573,Server sent events + Java with Spring MVC,12,3,14630,https://stackoverflow.com/questions/10079573/server-sent-events-java-with-spring-mvc,2012-04-09 20:40:47,Agustin Lopez,1285,java|javascript|php,no
30689526,How to call python script from NodeJs,12,4,48019,https://stackoverflow.com/questions/30689526/how-to-call-python-script-from-nodejs,2015-06-07 02:34:35,GPrathap,5162,javascript|python|shell,yes
9307291,Difference between statement and function,12,3,10003,https://stackoverflow.com/questions/9307291/difference-between-statement-and-function,2012-02-16 07:38:11,Alexander.Kazakov,255,c|javascript|python,no
45767032,Selenium/python: extract text from a dynamically-loading webpage after every scroll,12,6,2430,https://stackoverflow.com/questions/45767032/selenium-python-extract-text-from-a-dynamically-loading-webpage-after-every-scr,2017-08-19 02:22:24,jruf003,696,javascript|php|python,no
31567870,Emscripten: emmake generating .js files,12,1,1072,https://stackoverflow.com/questions/31567870/emscripten-emmake-generating-js-files,2015-07-22 15:41:38,Josiah,2509,c|c++|javascript,no
43229335,Add video to user's Favorite/Like playlist on YouTube,12,1,1179,https://stackoverflow.com/questions/43229335/add-video-to-users-favorite-like-playlist-on-youtube,2017-04-05 11:03:43,Henrik Petterson,6317,javascript|php|shell,no
34701341,Closures: Equivalent of PHP ¡°use¡± keyword or C++ capture list in Javascript or a transpiler language,12,6,1350,https://stackoverflow.com/questions/34701341/closures-equivalent-of-php-use-keyword-or-c-capture-list-in-javascript-or-a,2016-01-10 02:22:20,Edgar Villegas Alvarado,17.2k,c++|javascript|php,no
30016855,Magento - reloadPrice() modifications,12,2,648,https://stackoverflow.com/questions/30016855/magento-reloadprice-modifications,2015-05-03 17:13:33,Phillip,3805,c|javascript|php,no
11735960,Optimize JavaScript CSS download,12,4,1189,https://stackoverflow.com/questions/11735960/optimize-javascript-css-download,2012-07-31 08:23:02,rohitnaidu19,623,java|javascript|php,no
8745467,Programmatically create image from web-page or a single DIV,12,6,33149,https://stackoverflow.com/questions/8745467/programmatically-create-image-from-web-page-or-a-single-div,2012-01-05 15:57:29,AlenBer,729,java|javascript|php,no
7730948,Commenting interpreted code and performance,12,9,1922,https://stackoverflow.com/questions/7730948/commenting-interpreted-code-and-performance,2011-10-11 18:48:47,Ed Heal,53.8k,javascript|php|shell,no
47855094,How to debug Azure Cosmos DB Stored Procedures?,12,1,4162,https://stackoverflow.com/questions/47855094/how-to-debug-azure-cosmos-db-stored-procedures,2017-12-17 12:27:00,MAK,467,c#|java|javascript,no
45427223,Click on pseudo element using Selenium,12,3,13871,https://stackoverflow.com/questions/45427223/click-on-pseudo-element-using-selenium,2017-08-01 00:33:14,Jand,337,c#|javascript|python,no
36455533,C# Selenium access browser log,12,2,8233,https://stackoverflow.com/questions/36455533/c-sharp-selenium-access-browser-log,2016-04-06 15:23:54,Clarkie235,123,c#|javascript|python,no
32608231,Custom Validator not firing if control has not been filled in,12,6,1940,https://stackoverflow.com/questions/32608231/custom-validator-not-firing-if-control-has-not-been-filled-in,2015-09-16 12:10:37,Sam,958,c#|java|javascript,no
19096677,"ASP.Net 4.0, JavaScript Not Outputted in IE 11",12,3,8638,https://stackoverflow.com/questions/19096677/asp-net-4-0-javascript-not-outputted-in-ie-11,2013-09-30 14:23:17,Karthik,241,c#|java|javascript,no
8647747,Writing a managed wrapper for Chromium [closed],12,2,2458,https://stackoverflow.com/questions/8647747/writing-a-managed-wrapper-for-chromium,2011-12-27 18:03:31,JesseBuesking,6020,c#|c++|javascript,no
8473261,How to disable a button after 1st click,12,9,70427,https://stackoverflow.com/questions/8473261/how-to-disable-a-button-after-1st-click,2011-12-12 11:00:04,Ishan,3678,c|c#|javascript,no
7024419,How to prevent XSS (Cross Site Scripting) whilst allowing HTML input,12,5,21018,https://stackoverflow.com/questions/7024419/how-to-prevent-xss-cross-site-scripting-whilst-allowing-html-input,2011-08-11 10:38:37,Peter Bridger,8083,c#|javascript|php,no
33721001,Hanging of XShmPutImage event notification,12,2,1058,https://stackoverflow.com/questions/33721001/hanging-of-xshmputimage-event-notification,2015-11-15 14:49:33,johnfound,6453,c|c++|javascript,no
28592721,"1,000,000,000 calculations per microsecond?",12,3,1594,https://stackoverflow.com/questions/28592721/1-000-000-000-calculations-per-microsecond,2015-02-18 19:56:27,thephpdev,1041,c|c++|php,no
24127705,"Why can't we declare an array, say of int data type, of any size within the memory limit?",12,3,1376,https://stackoverflow.com/questions/24127705/why-cant-we-declare-an-array-say-of-int-data-type-of-any-size-within-the-memo,2014-06-09 19:41:05,Aditya Bahuguna,591,c|c++|shell,no
19245486,Ternary expression which ¡°does nothing¡± (noop) if the condition is false?,12,10,6356,https://stackoverflow.com/questions/19245486/ternary-expression-which-does-nothing-noop-if-the-condition-is-false,2013-10-08 10:39:53,LearnCocos2D,63.5k,c|c#|c++,no
18361696,How can we call a function with ¡°parameter=value¡± in C++?,12,6,503,https://stackoverflow.com/questions/18361696/how-can-we-call-a-function-with-parameter-value-in-c,2013-08-21 15:33:22,Hank,489,c|c++|python,no
16708148,"PIC ignored for target (all code is position independent), useless warning",12,4,5401,https://stackoverflow.com/questions/16708148/fpic-ignored-for-target-all-code-is-position-independent-useless-warning,2013-05-23 07:36:09,Devolus,17.5k,c|c++|shell,no
16304804,¡°Dual-target¡± MinGW-w64 isn't really dual-target?,12,2,5074,https://stackoverflow.com/questions/16304804/dual-target-mingw-w64-isnt-really-dual-target,2013-04-30 16:32:16,user541686,183k,c|c++|shell,no
13856975,How to sort file names with numbers and alphabets in order in C?,12,6,8094,https://stackoverflow.com/questions/13856975/how-to-sort-file-names-with-numbers-and-alphabets-in-order-in-c,2012-12-13 09:39:57,indira,5957,c|c++|python,no
13356497,System call interrupted by a signal still has to be completed,12,3,4193,https://stackoverflow.com/questions/13356497/system-call-interrupted-by-a-signal-still-has-to-be-completed,2012-11-13 06:38:23,Shamdor,2619,c|c++|php,no
13348439,How can you print instruction in llvm,12,2,5466,https://stackoverflow.com/questions/13348439/how-can-you-print-instruction-in-llvm,2012-11-12 17:28:07,pythonic,16.8k,c|c++|python,no
13134310,Digit-increasing number test,12,12,2792,https://stackoverflow.com/questions/13134310/digit-increasing-number-test,2012-10-30 07:15:32,nebula,3602,c|c++|python,no
12954196,how to access a body of POST request using fastcgi C/C++ application,12,2,12349,https://stackoverflow.com/questions/12954196/how-to-access-a-body-of-post-request-using-fastcgi-c-c-application,2012-10-18 12:05:32,user1495653,123,c|c++|php,no
8826989,Automatic tool for checking code conventions for C/C++ [closed],12,8,6800,https://stackoverflow.com/questions/8826989/automatic-tool-for-checking-code-conventions-for-c-c,2012-01-11 21:35:11,Shiroko,1387,c|c++|shell,no
8388385,Compile-time assert on datatype sizes,12,5,8083,https://stackoverflow.com/questions/8388385/compile-time-assert-on-datatype-sizes,2011-12-05 16:23:44,Seva Alekseyev,54.5k,c|c++|shell,no
8061864,Jsoup like parser for C++/C? [closed],12,2,3413,https://stackoverflow.com/questions/8061864/jsoup-like-parser-for-c-c,2011-11-09 07:56:03,newbie,22.3k,c|c#|c++,no
7215476,Translating source code into a foreign language,12,4,4279,https://stackoverflow.com/questions/7215476/translating-source-code-into-a-foreign-language,2011-08-27 15:27:02,Lo¡Ì?c F¡Ì?vrier,6564,c|c++|python,no
6021942,C/C++: goto into the for loop,12,7,9685,https://stackoverflow.com/questions/6021942/c-c-goto-into-the-for-loop,2011-05-16 18:52:25,Sergey,121,c|c#|c++,no
5858646,Optimizing variable-length encoding,12,6,3079,https://stackoverflow.com/questions/5858646/optimizing-variable-length-encoding,2011-05-02 14:51:45,Alexandre Hamez,6343,c|c++|shell,no
5364063,How to check if window is ¡°Always on top¡±?,12,2,7808,https://stackoverflow.com/questions/5364063/how-to-check-if-window-is-always-on-top,2011-03-19 18:41:41,Kaije,2281,c|c#|c++,no
4385155,Setting my lib for LD_PRELOAD makes some processes produce loader errors,12,2,9479,https://stackoverflow.com/questions/4385155/setting-my-lib-for-ld-preload-makes-some-processes-produce-loader-errors,2010-12-08 07:33:16,nakiya,12.6k,c|c++|shell,no
4152052,Is there an easy way to make gcc omit crtbegin.o/crtend.o?,12,2,4757,https://stackoverflow.com/questions/4152052/is-there-an-easy-way-to-make-gcc-omit-crtbegin-o-crtend-o,2010-11-11 06:58:29,R.. GitHub STOP HELPING ICE,187k,c|c++|shell,no
2783612,Listing C/C++ functions (Code analysis in Unix),12,5,5203,https://stackoverflow.com/questions/2783612/listing-c-c-functions-code-analysis-in-unix,2010-05-06 18:51:00,jond3k,848,c|c++|php,no
2379595,Simple libtool alternative?,12,4,1916,https://stackoverflow.com/questions/2379595/simple-libtool-alternative,2010-03-04 13:34:15,Kasper Peeters,1442,c|c++|java,no
2256647,is it possible in C or C++ to create a function inside another?,12,15,5602,https://stackoverflow.com/questions/2256647/is-it-possible-in-c-or-c-to-create-a-function-inside-another,2010-02-13 06:00:31,make,707,c|c++|python,no
1830836,How to draw the graph in framebuffer using c language..?,12,3,17652,https://stackoverflow.com/questions/1830836/how-to-draw-the-graph-in-framebuffer-using-c-language,2009-12-02 05:34:02,Rahul,121,c|c++|php,no
1706868,How do I start to use multithread programming?,12,11,16506,https://stackoverflow.com/questions/1706868/how-do-i-start-to-use-multithread-programming,2009-11-10 10:09:04,Vijay,57k,c|c++|java,no
304537,Does anyone know of a C/C++ Unix QR-Code library? [closed],12,3,27523,https://stackoverflow.com/questions/304537/does-anyone-know-of-a-c-c-unix-qr-code-library,2008-11-20 07:14:26,Robert Gould,64.3k,c|c++|java,no
82993,Windows CD Burning API,12,4,11700,https://stackoverflow.com/questions/82993/windows-cd-burning-api,2008-09-17 13:12:02,QAZ,4534,c|c++|shell,no
19113719,JNI- FindClass function returns null,12,3,34610,https://stackoverflow.com/questions/19113719/jni-findclass-function-returns-null,2013-10-01 10:21:06,STiGMa,746,c++|java|shell,no
16979726,Check integer is bit rotation of another integer,12,7,661,https://stackoverflow.com/questions/16979726/check-integer-is-bit-rotation-of-another-integer,2013-06-07 08:38:19,,,c#|c++|java,no
16939349,"Convert char* to jstring in JNI, when char* is passed using va_arg",12,3,45622,https://stackoverflow.com/questions/16939349/convert-char-to-jstring-in-jni-when-char-is-passed-using-va-arg,2013-06-05 11:58:01,user2358330,327,c|c++|java,no
10212851,Can I reference C++ objects in Java Code using JNI?,12,3,10237,https://stackoverflow.com/questions/10212851/can-i-reference-c-objects-in-java-code-using-jni,2012-04-18 15:34:38,redhotspike,1008,c++|java|python,yes
8722320,Is the Java Native Interface (JNI) affected by C++ ABI compatibility issues?,12,1,1974,https://stackoverflow.com/questions/8722320/is-the-java-native-interface-jni-affected-by-c-abi-compatibility-issues,2012-01-04 05:15:11,John V.,333,c|c++|java,yes
7536439,Casting a C++ long type to a JNI jlong,12,2,18056,https://stackoverflow.com/questions/7536439/casting-a-c-long-type-to-a-jni-jlong,2011-09-24 01:48:49,lost_bits1110,2240,c|c++|java,no
6655338,Where are static class variables stored in memory?,12,3,15367,https://stackoverflow.com/questions/6655338/where-are-static-class-variables-stored-in-memory,2011-07-11 19:25:09,tskuzzy,33.6k,c|c++|java,no
5561869,Why semicolon is not required after a curled bracket?,12,12,5039,https://stackoverflow.com/questions/5561869/why-semicolon-is-not-required-after-a-curled-bracket,2011-04-06 05:29:11,,,c#|c++|java,no
3356200,Using Java to wrap over C++,12,6,19126,https://stackoverflow.com/questions/3356200/using-java-to-wrap-over-c,2010-07-28 18:34:43,sparkFinder,2866,c|c++|java,yes
2657819,What does ¡°|=¡± operation mean in C++?,12,8,645,https://stackoverflow.com/questions/2657819/what-does-operation-mean-in-c,2010-04-17 08:50:01,Reem,1249,c|c++|java,no
135112,Java Developer meets Objective-C on Mac OS,12,6,3836,https://stackoverflow.com/questions/135112/java-developer-meets-objective-c-on-mac-os,2008-09-25 18:34:23,Ryan Delucchi,7408,c|c++|java,no
36832,"Virtual functions in constructors, why do languages differ?",12,6,3732,https://stackoverflow.com/questions/36832/virtual-functions-in-constructors-why-do-languages-differ,2008-08-31 12:37:24,Motti,95.2k,c#|c++|java,no
49653205,Pybind11 or Boost.Python or neither-,12,2,4836,https://stackoverflow.com/questions/49653205/pybind11-or-boost-python-or-neither,2018-04-04 14:07:42,user2723494,740,c|c++|python,no
37731787,Compile and use python-openzwave with open-zwave in non-standard location,12,2,1278,https://stackoverflow.com/questions/37731787/compile-and-use-python-openzwave-with-open-zwave-in-non-standard-location,2016-06-09 16:42:51,LA_,17.2k,c|c++|python,no
18771282,Numpy C++ program always gives segfault (most likely misuse of syntax or types),12,1,714,https://stackoverflow.com/questions/18771282/numpy-c-program-always-gives-segfault-most-likely-misuse-of-syntax-or-types,2013-09-12 18:00:57,Alex Eftimiades,2209,c|c++|python,no
18058744,Passing a numpy pointer (dtype=np.bool) to C++,12,1,3690,https://stackoverflow.com/questions/18058744/passing-a-numpy-pointer-dtype-np-bool-to-c,2013-08-05 12:56:56,lilei123,165,c|c++|python,yes
16885344,How to handle C++ return type std::vector<int> in Python ctypes?,12,3,11813,https://stackoverflow.com/questions/16885344/how-to-handle-c-return-type-stdvectorint-in-python-ctypes,2013-06-02 17:25:30,PascalVKooten,16.9k,c|c++|python,yes
12392703,What Is The Cleanest Way to Call A Python Function From C++ with a SWIG Wrapped Object,12,3,6991,https://stackoverflow.com/questions/12392703/what-is-the-cleanest-way-to-call-a-python-function-from-c-with-a-swig-wrapped,2012-09-12 16:34:13,Craig Wright,1455,c++|python|shell,yes
5756813,Simple but fast IPC method for a Python and C++ application?,12,5,14645,https://stackoverflow.com/questions/5756813/simple-but-fast-ipc-method-for-a-python-and-c-application,2011-04-22 15:11:57,Mr. Shickadance,4855,c|c++|python,yes
5265637,SWIG wrapped vector of vectors (C++ to python) - how to recognise the inner vector as a proxy object?,12,1,5031,https://stackoverflow.com/questions/5265637/swig-wrapped-vector-of-vectors-c-to-python-how-to-recognise-the-inner-vect,2011-03-10 20:39:08,Danny S,443,c|c++|python,yes
3299067,How do I make a nasty C++ program scriptable with Python and/or Lua? [closed],12,5,1821,https://stackoverflow.com/questions/3299067/how-do-i-make-a-nasty-c-program-scriptable-with-python-and-or-lua,2010-07-21 12:18:53,Manuel,129,c|c++|python,no
26880663,C++ QT vs C# .NET for Windows Development [closed],12,2,21572,https://stackoverflow.com/questions/26880663/c-qt-vs-c-sharp-net-for-windows-development,2014-11-12 06:29:47,Loocid,4380,c#|c++|java,no
23471161,Critical error detected c0000374 - C++ dll returns pointer off allocated memory to C#,12,3,75590,https://stackoverflow.com/questions/23471161/critical-error-detected-c0000374-c-dll-returns-pointer-off-allocated-memory,2014-05-05 11:18:09,2i3r,323,c|c#|c++,no
17822096,Why ¡°using namespace¡± directive is accepted coding practice in C#?,12,5,2223,https://stackoverflow.com/questions/17822096/why-using-namespace-directive-is-accepted-coding-practice-in-c,2013-07-23 22:28:51,Soham,381,c#|c++|java,no
15563698,Can't Create Or Open Web Sites in Visual Studio 2012 Ultimate SP1 x64,12,1,10901,https://stackoverflow.com/questions/15563698/cant-create-or-open-web-sites-in-visual-studio-2012-ultimate-sp1-x64,2013-03-22 05:59:14,user2197888,149,c#|c++|java,no
12343095,"C++ style templates in C#, possible in any way?",12,2,1698,https://stackoverflow.com/questions/12343095/c-style-templates-in-c-possible-in-any-way,2012-09-09 21:20:49,Vittorio Romeo,80.3k,c#|c++|java,no
8534917,Export dll method from C++ to C#. Why I need: ¡° extern ¡±C¡° ¡±,12,4,15059,https://stackoverflow.com/questions/8534917/export-dll-method-from-c-to-c-why-i-need-extern-c,2011-12-16 13:33:41,Pedro77,4595,c|c#|c++,yes
6917713,How to step into unmanaged C++ library from my C++/CLI code,12,2,5986,https://stackoverflow.com/questions/6917713/how-to-step-into-unmanaged-c-library-from-my-c-cli-code,2011-08-02 19:48:07,Arne Lund,2166,c|c#|c++,yes
4741035,How do I DllExport a C++ Class for use in a C# Application,12,5,23350,https://stackoverflow.com/questions/4741035/how-do-i-dllexport-a-c-class-for-use-in-a-c-sharp-application,2011-01-19 21:34:32,Toymakerii,1431,c|c#|c++,no
3150477,C++ and C# interoperability : P/Invoke vs C++/CLI,12,4,5652,https://stackoverflow.com/questions/3150477/c-and-c-sharp-interoperability-p-invoke-vs-c-cli,2010-06-30 14:58:41,prosseek,144k,c|c#|c++,no
1208153,C# generics compared to C++ templates [duplicate],12,5,10414,https://stackoverflow.com/questions/1208153/c-sharp-generics-compared-to-c-templates,2009-07-30 17:38:44,Bjarke Freund-Hansen,22.5k,c#|c++|java,no
1190062,Passing an operator along with other parameters,12,3,16822,https://stackoverflow.com/questions/1190062/passing-an-operator-along-with-other-parameters,2009-07-27 19:17:50,user32848,249,c|c#|c++,no
15311100,Josephus sequence,12,5,6493,https://stackoverflow.com/questions/15311100/josephus-sequence,2013-03-09 13:16:22,CDT,7469,c|c++|java,no
13957362,C/C++ Interoperability Naming Conventions with C#,12,3,811,https://stackoverflow.com/questions/13957362/c-c-interoperability-naming-conventions-with-c-sharp,2012-12-19 17:00:15,Matthew Layton,30.3k,c|c#|c++,yes
3699784,Making UI for console application [closed],12,4,18524,https://stackoverflow.com/questions/3699784/making-ui-for-console-application,2010-09-13 11:00:29,David Weng,3847,c|c#|c++,no
482955,Why was constness removed from Java and C#?,12,5,809,https://stackoverflow.com/questions/482955/why-was-constness-removed-from-java-and-c,2009-01-27 10:49:20,Hosam Aly,37.8k,c#|c++|java,no
34607271,Is it possible to download apk from google play programmatically to PC?,11,5,9554,https://stackoverflow.com/questions/34607271/is-it-possible-to-download-apk-from-google-play-programmatically-to-pc,2016-01-05 08:35:01,jiajia guo,292,java|javascript|python,no
16580665,Node.JS Regex engine fails on large input,11,3,886,https://stackoverflow.com/questions/16580665/node-js-regex-engine-fails-on-large-input,2013-05-16 06:44:00,UltraInstinct,36.4k,java|javascript|python,no
12362417,Same consistent-hashing algorithm implementation for Java and Python program,11,7,11227,https://stackoverflow.com/questions/12362417/same-consistent-hashing-algorithm-implementation-for-java-and-python-program,2012-09-11 03:38:49,superche,703,c|java|python,no
11597892,Simulate Key Press at hardware level - Windows,11,4,11234,https://stackoverflow.com/questions/11597892/simulate-key-press-at-hardware-level-windows,2012-07-22 05:08:11,Anti Earth,3892,c#|java|python,no
6873077,Streaming or custom Jar in Hadoop,11,1,2185,https://stackoverflow.com/questions/6873077/streaming-or-custom-jar-in-hadoop,2011-07-29 12:29:35,Ruggiero Spearman,5925,c++|java|python,no
3373817,Building a compiler or interpreter using Python [closed],11,3,3108,https://stackoverflow.com/questions/3373817/building-a-compiler-or-interpreter-using-python,2010-07-30 17:10:21,Steve Shaner,115,c#|java|python,no
20041347,NDK vs JAVA performance [closed],11,2,13058,https://stackoverflow.com/questions/20041347/ndk-vs-java-performance,Nov 18 '13 at 6:20,yarin,465,c|c++|java,no
10064068,Using a bitwise & inside an if statement,11,2,7197,https://stackoverflow.com/questions/10064068/using-a-bitwise-inside-an-if-statement,Apr 8 '12 at 15:43,user1310650,145,c|c++|java,no
634963,A good bank of recursion solutions in C/C++/Java/C# [closed],11,7,20656,https://stackoverflow.com/questions/634963/a-good-bank-of-recursion-solutions-in-c-c-java-c,,,,c|c++|java,no
15064173,Non-Toy Software Transactional Memory for C or Java,11,3,1718,https://stackoverflow.com/questions/15064173/non-toy-software-transactional-memory-for-c-or-java,Feb 25 '13 at 9:50,Riccardo T.,8431,c|c++|java,no
8872821,Using FUSE library with Java; trying to replicate hello.c example,11,2,3731,https://stackoverflow.com/questions/8872821/using-fuse-library-with-java-trying-to-replicate-hello-c-example,Jan 15 '12 at 19:53,Etienne Perot,3960,c|c++|java,no
2348967,C/C++ versus Java/C# in high-performance applications,11,5,1827,https://stackoverflow.com/questions/2348967/c-c-versus-java-c-in-high-performance-applications,,,,c|c++|java,no
37936045,How can use CFFI to call an existing C function given the source code?,11,1,3336,https://stackoverflow.com/questions/37936045/how-can-use-cffi-to-call-an-existing-c-function-given-the-source-code,Jun 21 '16 at 5:11,detly,25.6k,c|c++|python,no
15576136,Passing 3-dimensional numpy array to C,11,4,7357,https://stackoverflow.com/questions/15576136/passing-3-dimensional-numpy-array-to-c,Mar 22 '13 at 17:09,DaveTheScientist,2671,c|php|python,yes
12696520,Cython and fortran - how to compile together without f2py,11,3,3832,https://stackoverflow.com/questions/12696520/cython-and-fortran-how-to-compile-together-without-f2py,Oct 2 '12 at 18:59,tehwalrus,2321,c|python|shell,no
10524842,C program is faster as Python subprocess,11,2,463,https://stackoverflow.com/questions/10524842/c-program-is-faster-as-python-subprocess,May 9 '12 at 22:14,scry,1150,c|python|shell,no
2525518,Writing code translator from Python to C? [closed],11,4,8709,https://stackoverflow.com/questions/2525518/writing-code-translator-from-python-to-c,Mar 26 '10 at 17:50,bodacydo,58.3k,c|c++|python,no
6626167,Build a PyObject* from a C function?,11,1,3459,https://stackoverflow.com/questions/6626167/build-a-pyobject-from-a-c-function,Jul 8 '11 at 14:47,Manux,3103,c|c++|python,no
2494468,How to create an application which embeds and runs Python code without local Python installation?,11,6,4162,https://stackoverflow.com/questions/2494468/how-to-create-an-application-which-embeds-and-runs-python-code-without-local-pyt,Mar 22 '10 at 17:43,Robert,858,c|c++|python,no
12897070,How can I run PHP code within a Java application? [duplicate],11,1,18874,https://stackoverflow.com/questions/12897070/how-can-i-run-php-code-within-a-java-application,Oct 15 '12 at 13:51,Edmund Gentle,576,java|javascript|php,no
6080780,"Matlab, PHP & Java",11,6,1481,https://stackoverflow.com/questions/6080780/matlab-php-java,May 21 '11 at 9:12,Rasmus,7052,java|php|shell,no
4942,How to sell Python to a client/boss/person [closed],11,8,1102,https://stackoverflow.com/questions/4942/how-to-sell-python-to-a-client-boss-person,Aug 7 '08 at 16:43,Teifion,93.5k,c++|php|python,no
2040108,Opensource Online IDE [closed],11,7,9428,https://stackoverflow.com/questions/2040108/opensource-online-ide,Jan 11 '10 at 5:39,eozzy,55.2k,javascript|php|python,no
1311789,How nicely does Python 'flow' with HTML as compared to PHP?,11,5,4715,https://stackoverflow.com/questions/1311789/how-nicely-does-python-flow-with-html-as-compared-to-php,Aug 21 '09 at 13:00,Tony Stark,20.7k,java|php|python,no
10168779,Web programming Python [closed],11,5,2972,https://stackoverflow.com/questions/10168779/web-programming-python,Apr 16 '12 at 4:38,Jelly,121,c|php|python,no
3084303,Is it possible to use Python with php,11,4,24266,https://stackoverflow.com/questions/3084303/is-it-possible-to-use-python-with-php,Jun 21 '10 at 11:41,,,php|python|shell,yes
6964392,Speed comparison with Project Euler: C vs Python vs Erlang vs Haskell,679,18,137921,https://stackoverflow.com/questions/6964392/speed-comparison-with-project-euler-c-vs-python-vs-erlang-vs-haskell,Aug 6 '11 at 2:34,Hyperboreus,28.8k,c|c++|python|shell,no
2346806,What is a segmentation fault?,622,14,618148,https://stackoverflow.com/questions/2346806/what-is-a-segmentation-fault,2010-02-27 09:23:14,Rajendra Uppal,15.4k,c|c++|java|php,no
2649334,Difference between static and shared libraries?,573,8,227605,https://stackoverflow.com/questions/2649334/difference-between-static-and-shared-libraries,2010-04-15 22:08:01,Mohit Deshpande,46.9k,c|c++|javascript|python,no
145270,Calling C/C++ from Python?,534,16,438300,https://stackoverflow.com/questions/145270/calling-c-c-from-python,2008-09-28 05:34:20,shoosh,67.8k,c|c++|java|python,yes
150355,Programmatically find the number of cores on a machine,477,19,206078,https://stackoverflow.com/questions/150355/programmatically-find-the-number-of-cores-on-a-machine,2008-09-29 19:51:45,hazzen,15.7k,c|c++|python|shell,no
1903954,"Is there a standard sign function (signum, sgn) in C/C++?",417,21,376420,https://stackoverflow.com/questions/1903954/is-there-a-standard-sign-function-signum-sgn-in-c-c,2009-12-14 22:27:15,batty,6372,c|c++|javascript|shell,no
20772893,How to detect a Christmas Tree? [closed],382,10,23303,https://stackoverflow.com/questions/20772893/how-to-detect-a-christmas-tree,2013-12-25 12:40:55,karlphillip,85.6k,c++|java|php|python,no
162941,Why use pointers? [closed],368,17,255644,https://stackoverflow.com/questions/162941/why-use-pointers,2008-10-02 15:19:20,,,c|c#|c++|java,no
17944,How to round up the result of integer division?,340,16,200607,https://stackoverflow.com/questions/17944/how-to-round-up-the-result-of-integer-division,Aug 20 '08 at 13:27,Ian Nelson,48.9k,c#|c++|java|python,no
7075938,Making a private method public to unit test it¡­good idea?,304,33,40894,https://stackoverflow.com/questions/7075938/making-a-private-method-public-to-unit-test-it-good-idea,Aug 16 '11 at 9:11,jcvandan,13.1k,c|c#|c++|java,no
32195949,Why does NaN - NaN == 0.0 with the Intel C++ Compiler?,302,3,26264,https://stackoverflow.com/questions/32195949/why-does-nan-nan-0-0-with-the-intel-c-compiler,2015-08-25 05:11:50,imallett,12.7k,c|c++|javascript|python,no
1942298,"Wrapping a C library in Python: C, Cython or ctypes?",284,12,75383,https://stackoverflow.com/questions/1942298/wrapping-a-c-library-in-python-c-cython-or-ctypes,Dec 21 '09 at 20:05,balpha,43.7k,c|c++|python|shell,yes
564,What is the difference between an int and an Integer in Java and C#?,264,26,241080,https://stackoverflow.com/questions/564/what-is-the-difference-between-an-int-and-an-integer-in-java-and-c,Aug 2 '08 at 21:47,CodingWithoutComments,32.2k,c|c#|c++|java,no
5168718,"What blocks Ruby, Python to get Javascript V8 speed? [closed]",261,11,77730,https://stackoverflow.com/questions/5168718/what-blocks-ruby-python-to-get-javascript-v8-speed,2011-03-02 14:20:15,Greg Dan,6008,c|java|javascript|python,no
1195206,Is there a Java equivalent or methodology for the typedef keyword in C++?,249,12,116890,https://stackoverflow.com/questions/1195206/is-there-a-java-equivalent-or-methodology-for-the-typedef-keyword-in-c,2009-07-28 16:23:22,bn.,6743,c|c#|c++|java,no
3683602,Single quotes vs. double quotes in C or C++,215,12,144520,https://stackoverflow.com/questions/3683602/single-quotes-vs-double-quotes-in-c-or-c,2010-09-10 09:43:39,Vishwanath Dalvi,30.2k,c|c++|java|php,no
203616,Why does C# not provide the C++ style 'friend' keyword? [closed],210,22,57152,https://stackoverflow.com/questions/203616/why-does-c-sharp-not-provide-the-c-style-friend-keyword,2008-10-15 03:23:43,Ash,56.3k,c|c#|c++|java,no
295224,What are major differences between C# and Java?,209,7,186999,https://stackoverflow.com/questions/295224/what-are-major-differences-between-c-sharp-and-java,Nov 17 '08 at 10:07,Enes,3841,c|c#|c++|java,no
500493,C++ equivalent of java's instanceof,204,6,154819,https://stackoverflow.com/questions/500493/c-equivalent-of-javas-instanceof,2009-02-01 09:32:48,Yuval Adam,144k,c|c++|java|python,no
222414,Asynchronous shell exec in PHP,199,13,165944,https://stackoverflow.com/questions/222414/asynchronous-shell-exec-in-php,Oct 21 '08 at 16:02,AdamTheHutt,6589,javascript|php|python|shell,yes
20679642,What does (x ^ 0x1) != 0 mean?,182,17,20969,https://stackoverflow.com/questions/20679642/what-does-x-0x1-0-mean,2013-12-19 10:49:02,KodeWarrior,3340,c|c#|c++|python,no
42308,Tool to track #include dependencies [closed],179,10,70519,https://stackoverflow.com/questions/42308/tool-to-track-include-dependencies,2008-09-03 18:58:35,Agnel Kurian,52k,c|c++|php|python,no
198199,How do you reverse a string in place in C or C++?,174,30,316161,https://stackoverflow.com/questions/198199/how-do-you-reverse-a-string-in-place-in-c-or-c,2008-10-13 16:36:21,,,c|c#|c++|java,no
205689,Class with single method ¡ª best approach?,173,15,83843,https://stackoverflow.com/questions/205689/class-with-single-method-best-approach,Oct 15 '08 at 17:41,JW.,46.3k,c|c#|c++|java,no
5595418,Joins are for lazy people?,169,21,7383,https://stackoverflow.com/questions/5595418/joins-are-for-lazy-people,Apr 8 '11 at 13:02,Bastien Vandamme,14.1k,c|c#|c++|java,no
2484980,Why is volatile not considered useful in multithreaded C or C++ programming?,165,9,58364,https://stackoverflow.com/questions/2484980/why-is-volatile-not-considered-useful-in-multithreaded-c-or-c-programming,2010-03-20 22:10:27,Michael Ekstrand,25.4k,c|c#|c++|java,no
11738939,Never seen before C++ for loop,164,12,16012,https://stackoverflow.com/questions/11738939/never-seen-before-c-for-loop,2012-07-31 11:19:35,Thomas,2022,c|c#|c++|php,no
1610030,Why does flowing off the end of a non-void function without returning a value not produce a compiler error?,162,9,46664,https://stackoverflow.com/questions/1610030/why-does-flowing-off-the-end-of-a-non-void-function-without-returning-a-value-no,2009-10-22 21:21:24,Catskul,14.9k,c|c#|c++|java,no
11792207,Why does the default parameterless constructor go away when you create one with parameters,162,11,14904,https://stackoverflow.com/questions/11792207/why-does-the-default-parameterless-constructor-go-away-when-you-create-one-with,2012-08-03 08:38:04,olagjo,2036,c|c#|c++|java,no
5069104,Fastest method of screen capturing on Windows,161,14,169318,https://stackoverflow.com/questions/5069104/fastest-method-of-screen-capturing-on-windows,2011-02-21 17:22:51,someguy,6370,c|c#|c++|php,no
36347,What are the differences between ¡°generic¡± types in C++ and Java?,155,13,93926,https://stackoverflow.com/questions/36347/what-are-the-differences-between-generic-types-in-c-and-java,2008-08-30 21:14:27,popopome,11k,c|c#|c++|java,no
6971886,Exotic architectures the standards committees care about,155,7,12869,https://stackoverflow.com/questions/6971886/exotic-architectures-the-standards-committees-care-about,2011-08-07 09:30:54,Yakov Galka,55.5k,c|c++|java|php,no
93260,A free tool to check C/C++ source code against a set of coding standards? [closed],151,12,118432,https://stackoverflow.com/questions/93260/a-free-tool-to-check-c-c-source-code-against-a-set-of-coding-standards,2008-09-18 14:50:24,Drealmer,5218,c|c++|java|python,no
3136594,Naming convention - underscore in C++ and C# variables,149,19,168398,https://stackoverflow.com/questions/3136594/naming-convention-underscore-in-c-and-c-sharp-variables,2010-06-28 22:26:25,Stan,30.8k,c|c#|c++|shell,no
384502,What is the bit size of long on 64-bit Windows?,138,7,186128,https://stackoverflow.com/questions/384502/what-is-the-bit-size-of-long-on-64-bit-windows,2008-12-21 14:10:43,,,c|c#|c++|java,no
36621845,Why can't C functions be name-mangled?,136,9,11917,https://stackoverflow.com/questions/36621845/why-cant-c-functions-be-name-mangled,2016-04-14 11:34:17,Engineer999,2869,c|c#|c++|java,no
15966812,User recognition without cookies or local storage,133,12,34957,https://stackoverflow.com/questions/15966812/user-recognition-without-cookies-or-local-storage,2013-04-12 08:42:53,slash197,8646,c|java|javascript|php,no
3430757,What is the ¡°volatile¡± keyword used for?,130,8,54724,https://stackoverflow.com/questions/3430757/what-is-the-volatile-keyword-used-for,Aug 7 '10 at 14:19,Mircea,2959,c|c#|c++|java,no
1042110,Using scanf() in C++ programs is faster than using cin?,127,12,82527,https://stackoverflow.com/questions/1042110/using-scanf-in-c-programs-is-faster-than-using-cin,2009-06-25 03:58:38,zeroDivisible,3573,c|c++|java|php,no
35817,How to escape os.system() calls?,124,10,95379,https://stackoverflow.com/questions/35817/how-to-escape-os-system-calls,Aug 30 '08 at 9:27,Tom,34k,c|javascript|python|shell,no
8763497,"How to drive C#, C++ or Java compiler to compute 1+2+3+¡­+1000 at compile time?",122,13,8613,https://stackoverflow.com/questions/8763497/how-to-drive-c-c-or-java-compiler-to-compute-123-1000-at-compile-time,2012-01-06 19:40:49,Gupta,7584,c|c#|c++|java,no
1312922,Detect if stdin is a terminal or pipe?,119,6,36586,https://stackoverflow.com/questions/1312922/detect-if-stdin-is-a-terminal-or-pipe,2009-08-21 16:22:14,Mike McQuaid,8826,c|c++|python|shell,no
9059187,Equivalent C++ to Python generator pattern,118,12,49757,https://stackoverflow.com/questions/9059187/equivalent-c-to-python-generator-pattern,2012-01-30 03:58:56,Noah Watkins,4886,c|c#|c++|python,no
995255,Why is Multiple Inheritance not allowed in Java or C#?,115,17,76426,https://stackoverflow.com/questions/995255/why-is-multiple-inheritance-not-allowed-in-java-or-c,Jun 15 '09 at 9:49,Abdulsattar Mohammed,8468,c|c#|c++|java,no
4624536,"Which one will execute faster, if (flag==0) or if (0==flag)?",111,16,24754,https://stackoverflow.com/questions/4624536/which-one-will-execute-faster-if-flag-0-or-if-0-flag,2011-01-07 10:23:36,Vishwanath Dalvi,30.2k,c|c++|javascript|php,no
2737539,Python 3 Online Interpreter / Shell [closed],108,2,107151,https://stackoverflow.com/questions/2737539/python-3-online-interpreter-shell,Apr 29 '10 at 13:12,deamon,73.7k,c++|java|python|shell,no
814934,Why C# implements methods as non-virtual by default?,105,9,13221,https://stackoverflow.com/questions/814934/why-c-sharp-implements-methods-as-non-virtual-by-default,May 2 '09 at 14:28,Burcu Dogan,8851,c|c#|c++|java,no
3064926,How to write log base(2) in c/c++,99,14,215301,https://stackoverflow.com/questions/3064926/how-to-write-log-base2-in-c-c,2010-06-17 19:25:51,russell,3358,c|c#|c++|java,no
9249357,Difference between namespace in C# and package in Java,98,6,85637,https://stackoverflow.com/questions/9249357/difference-between-namespace-in-c-sharp-and-package-in-java,Feb 12 '12 at 14:00,Mazzy,10.6k,c|c#|c++|java,no
4167304,Why should casting be avoided? [closed],97,14,18205,https://stackoverflow.com/questions/4167304/why-should-casting-be-avoided,2010-11-12 17:19:14,LoudNPossiblyWrong,3655,c|c#|c++|java,no
7884705,Efficiency of premature return in a function,97,11,4027,https://stackoverflow.com/questions/7884705/efficiency-of-premature-return-in-a-function,2011-10-25 04:26:44,Philip Guin,1418,c|c#|c++|java,no
126,How would you access Object properties from within an object method? [closed],96,18,16082,https://stackoverflow.com/questions/126/how-would-you-access-object-properties-from-within-an-object-method,Aug 1 '08 at 16:10,cmcculloh,41.9k,c#|c++|java|php,no
686483,C# vs C - Big performance difference,94,13,78980,https://stackoverflow.com/questions/686483/c-sharp-vs-c-big-performance-difference,Mar 26 '09 at 16:22,John,4962,c|c#|c++|java,no
32132574,Does ¡°Undefined Behavior¡± really permit *anything* to happen? [duplicate],94,9,7384,https://stackoverflow.com/questions/32132574/does-undefined-behavior-really-permit-anything-to-happen,2015-08-21 04:53:14,Kyle Strand,13.4k,c|c#|c++|java,no
370258,Real World Example of the Strategy Pattern,94,17,74249,https://stackoverflow.com/questions/370258/real-world-example-of-the-strategy-pattern,Dec 16 '08 at 1:29,,,c|c#|java|shell,no
2533563,"Why are dates calculated from January 1st, 1970?",94,7,75086,https://stackoverflow.com/questions/2533563/why-are-dates-calculated-from-january-1st-1970,2010-03-28 16:18:46,Vijay Shanker Dubey,3778,c|java|php|python,no
8273047,JavaScript function similar to Python range(),94,23,58919,https://stackoverflow.com/questions/8273047/javascript-function-similar-to-python-range,2011-11-25 18:33:19,clwen,15.6k,java|javascript|php|python,no
682608,Implementing C# for the JVM,90,9,25628,https://stackoverflow.com/questions/682608/implementing-c-sharp-for-the-jvm,Mar 25 '09 at 17:25,Rob,5002,c#|java|javascript|python,yes
26330425,What makes Java easier to parse than C?,90,1,5807,https://stackoverflow.com/questions/26330425/what-makes-java-easier-to-parse-than-c,Oct 12 '14 at 21:58,korrok,1761,c|c#|c++|java,no
680097,"I've heard i++ isn't thread safe, is ++i thread-safe?",90,16,23264,https://stackoverflow.com/questions/680097/ive-heard-i-isnt-thread-safe-is-i-thread-safe,2009-03-25 03:09:18,samoz,49.7k,c|c#|c++|java,no
13773686,Why shouldn't an Android app be written in C/C++ because you ¡°simply prefer to program in C/C++¡±? [closed],85,7,96960,https://stackoverflow.com/questions/13773686/why-shouldnt-an-android-app-be-written-in-c-c-because-you-simply-prefer-to-p,2012-12-08 01:57:53,Logan Besecker,2313,c|c++|java|python,no
17352469,How can I build a model to distinguish tweets about Apple (Inc.) from tweets about apple (fruit)?,84,13,16199,https://stackoverflow.com/questions/17352469/how-can-i-build-a-model-to-distinguish-tweets-about-apple-inc-from-tweets-abo,2013-06-27 20:20:59,SAL,896,c|java|php|python,no
55375,Extending an enum via inheritance,83,15,84220,https://stackoverflow.com/questions/55375/extending-an-enum-via-inheritance,Sep 10 '08 at 21:39,alastairs,6219,c|c#|c++|java,no
3347001,do¡­while' vs. 'while',83,27,108567,https://stackoverflow.com/questions/3347001/do-while-vs-while,2010-07-27 19:09:10,mphair,1110,c|c#|c++|python,no
1042902,Most elegant way to generate prime numbers [closed],83,25,67661,https://stackoverflow.com/questions/1042902/most-elegant-way-to-generate-prime-numbers,Jun 25 '09 at 9:35,David Johnstone,22.3k,c|c#|java|python,no
348630,How can I download all emails with attachments from Gmail?,83,13,61308,https://stackoverflow.com/questions/348630/how-can-i-download-all-emails-with-attachments-from-gmail,2008-12-08 03:57:49,,,java|php|python|shell,no
6855624,Plus sign in query string,80,9,82726,https://stackoverflow.com/questions/6855624/plus-sign-in-query-string,2011-07-28 07:48:23,domlao,13.8k,c#|c++|javascript|php,no
26980713,Solve Cross Origin Resource Sharing with Flask,80,8,125055,https://stackoverflow.com/questions/26980713/solve-cross-origin-resource-sharing-with-flask,2014-11-17 19:48:26,Matteo,6262,c|javascript|php|python,yes
6942150,Why FolderBrowserDialog dialog does not scroll to selected folder?,74,14,43221,https://stackoverflow.com/questions/6942150/why-folderbrowserdialog-dialog-does-not-scroll-to-selected-folder,Aug 4 '11 at 13:19,Munawar,2402,c|c#|c++|shell,no
4971926,Launch Failed. Binary not found. CDT on Eclipse Helios,74,13,201521,https://stackoverflow.com/questions/4971926/launch-failed-binary-not-found-cdt-on-eclipse-helios,2011-02-11 17:09:51,rogcg,10.1k,c|c++|java|php,no
2394017,Remove comments from C/C++ code,72,12,61759,https://stackoverflow.com/questions/2394017/remove-comments-from-c-c-code,2010-03-06 20:29:08,Mike,51k,c|c++|java|python,no
13604137,Definition of int64_t,70,5,121650,https://stackoverflow.com/questions/13604137/definition-of-int64-t,2012-11-28 11:35:13,clstaudt,16k,c|c#|c++|java,no
5694706,Py_Initialize fails - unable to load the file system codec,70,14,117811,https://stackoverflow.com/questions/5694706/py-initialize-fails-unable-to-load-the-file-system-codec,2011-04-17 16:22:37,Anton,1346,c|c++|python|shell,yes
296650,"Performance comparison of Thrift, Protocol Buffers, JSON, EJB, other?",69,8,61556,https://stackoverflow.com/questions/296650/performance-comparison-of-thrift-protocol-buffers-json-ejb-other,2008-11-17 19:48:44,Parand,85.7k,c++|java|php|python,no
18157523,Why would you use the keyword const if you already know variable should be constant?,69,11,5963,https://stackoverflow.com/questions/18157523/why-would-you-use-the-keyword-const-if-you-already-know-variable-should-be-const,2013-08-10 00:37:45,FutureSci,1612,c|c#|c++|java,no
2268562,What are intrinsics?,69,4,29122,https://stackoverflow.com/questions/2268562/what-are-intrinsics,2010-02-15 20:02:16,Scott J,2842,c|c++|javascript|php,no
5144794,What does stream mean? What are its characteristics?,68,5,18581,https://stackoverflow.com/questions/5144794/what-does-stream-mean-what-are-its-characteristics,2011-02-28 16:39:43,Kashif,2470,c|c#|c++|java,no
1749597,how do aim bots in fps games work?,68,6,45707,https://stackoverflow.com/questions/1749597/how-do-aim-bots-in-fps-games-work,2009-11-17 15:21:38,user105033,15.7k,c|c#|c++|shell,no
1153577,Integrate Python And C++,67,11,94303,https://stackoverflow.com/questions/1153577/integrate-python-and-c,2009-07-20 13:28:04,Nathan Campos,25.6k,c|c++|java|python,yes
12820312,Equivalent to PHP function number_format in jquery/javascript,66,13,82262,https://stackoverflow.com/questions/12820312/equivalent-to-php-function-number-format-in-jquery-javascript,2012-10-10 13:18:58,RONE,4881,c|c++|javascript|php,no
24693694,Is there an equivalent to the ¡°for ¡­ else¡± Python loop in C++?,66,14,18294,https://stackoverflow.com/questions/24693694/is-there-an-equivalent-to-the-for-else-python-loop-in-c,2014-07-11 08:50:37,Delgan,13.6k,c|c++|javascript|python,no
2340730,Are there C++ equivalents for the Protocol Buffers delimited I/O functions in Java?,65,11,26786,https://stackoverflow.com/questions/2340730/are-there-c-equivalents-for-the-protocol-buffers-delimited-i-o-functions-in-ja,2010-02-26 09:58:27,tzaman,39.6k,c#|c++|java|python,no
5208268,Very small programs to improve programming skills? [closed],65,13,45150,https://stackoverflow.com/questions/5208268/very-small-programs-to-improve-programming-skills,Mar 6 '11 at 2:33,Blackbinary,3514,c|java|python|shell,no
48426,How could I graphically display the memory layout from a .map file? [closed],63,2,22595,https://stackoverflow.com/questions/48426/how-could-i-graphically-display-the-memory-layout-from-a-map-file,2008-09-07 13:26:57,JeffV,45k,c|c#|c++|python,no
93692,Which Javascript engine would you embed in your application? [closed],63,10,48141,https://stackoverflow.com/questions/93692/which-javascript-engine-would-you-embed-in-your-application,2008-09-18 15:40:08,Robert Gould,64.3k,c|c++|java|javascript,no
9544182,Why are strings immutable in many programming languages? [duplicate],62,4,14745,https://stackoverflow.com/questions/9544182/why-are-strings-immutable-in-many-programming-languages,2012-03-03 06:51:49,snowfox,1208,c#|c++|java|python,no
5963266,Call c function from Java,61,11,85331,https://stackoverflow.com/questions/5963266/call-c-function-from-java,May 11 '11 at 11:11,Ali Irawan,1964,c|c++|java|shell,yes
6457130,"Pre & post increment operator behavior in C, C++, Java, & C# [duplicate]",60,6,15956,https://stackoverflow.com/questions/6457130/pre-post-increment-operator-behavior-in-c-c-java-c-sharp,2011-06-23 16:03:21,Nick,5596,c|c#|c++|java,no
304752,How to estimate the thread context switching overhead?,59,9,42026,https://stackoverflow.com/questions/304752/how-to-estimate-the-thread-context-switching-overhead,2008-11-20 09:21:23,Ignas Limanauskas,2256,c|c#|c++|java,no
6914524,How to generate CMakeLists.txt?,59,7,86174,https://stackoverflow.com/questions/6914524/how-to-generate-cmakelists-txt,2011-08-02 15:28:45,celavek,4727,c|c++|php|python,no
1089662,Python: Inflate and Deflate implementations,58,2,48687,https://stackoverflow.com/questions/1089662/python-inflate-and-deflate-implementations,Jul 6 '09 at 23:24,Demi,5837,c|c#|java|python,yes
7219541,What is the difference between semicolons in JavaScript and in Python?,58,6,6569,https://stackoverflow.com/questions/7219541/what-is-the-difference-between-semicolons-in-javascript-and-in-python,2011-08-28 07:12:05,wong2,26.9k,c|java|javascript|python,no
135834,Python: SWIG vs ctypes,57,10,24029,https://stackoverflow.com/questions/135834/python-swig-vs-ctypes,2008-09-25 20:29:27,Kevin Little,10.7k,c|c++|java|python,yes
12018245,Regular expression to validate username,57,9,74787,https://stackoverflow.com/questions/12018245/regular-expression-to-validate-username,Aug 18 '12 at 11:39,mohsen dorparasti,6664,java|javascript|php|python,no
1717049,Tell bots apart from human visitors for stats?,57,15,19551,https://stackoverflow.com/questions/1717049/tell-bots-apart-from-human-visitors-for-stats,2009-11-11 18:07:30,Pekka,408k,java|javascript|php|python,no
6215782,Do unused functions get optimized out?,54,8,29242,https://stackoverflow.com/questions/6215782/do-unused-functions-get-optimized-out,2011-06-02 14:19:54,Paul Manta,26.8k,c|c#|c++|java,no
31412537,numpy-like package for node,53,9,25083,https://stackoverflow.com/questions/31412537/numpy-like-package-for-node,2015-07-14 16:40:06,Claude,5717,c|c++|javascript|python,no
9427356,How to compile Clang on Windows,53,4,41118,https://stackoverflow.com/questions/9427356/how-to-compile-clang-on-windows,2012-02-24 08:04:31,Seth Carnegie,68.5k,c|c++|python|shell,no
943280,Difference between static in C and static in C++??,52,5,33554,https://stackoverflow.com/questions/943280/difference-between-static-in-c-and-static-in-c,2009-06-03 06:06:06,sourabh jaiswal,1150,c|c#|c++|java,no
1860615,Code with undefined behavior in C#,52,7,4547,https://stackoverflow.com/questions/1860615/code-with-undefined-behavior-in-c-sharp,2009-12-07 15:15:23,luvieere,34.9k,c|c#|c++|java,no
5103443,How to check what shared libraries are loaded at run time for a given process?,52,8,52116,https://stackoverflow.com/questions/5103443/how-to-check-what-shared-libraries-are-loaded-at-run-time-for-a-given-process,2011-02-24 10:36:10,B¨C¨¤¨C?¨C¡Ü¨C¡Ç¡ª?,55.3k,c|c++|java|shell,no
7925931,Can Mustache Templates do template extension?,52,9,26305,https://stackoverflow.com/questions/7925931/can-mustache-templates-do-template-extension,2011-10-28 06:37:33,Chris W.,30.4k,java|javascript|php|python,no
5584602,Determine timezone from latitude/longitude without using web services like Geonames.org,52,17,44691,https://stackoverflow.com/questions/5584602/determine-timezone-from-latitude-longitude-without-using-web-services-like-geona,2011-04-07 16:45:16,Jacek Francuz,2290,java|javascript|php|python,no
11430773,How to use JavaScript with Selenium WebDriver Java,51,8,255704,https://stackoverflow.com/questions/11430773/how-to-use-javascript-with-selenium-webdriver-java,2012-07-11 10:34:25,Ripon Al Wasim,32.8k,c#|java|javascript|python,yes
1444961,Is there a good Python library that can parse C++? [closed],51,13,27173,https://stackoverflow.com/questions/1444961/is-there-a-good-python-library-that-can-parse-c,2009-09-18 14:35:40,csbrooks,623,c|c++|python|shell,no
390992,JavaScript parser in Python [closed],51,5,56651,https://stackoverflow.com/questions/390992/javascript-parser-in-python,2008-12-24 07:56:36,Claudiu,200k,c|java|javascript|python,no
3049,How do I configure and communicate with a serial port? [closed],49,10,12436,https://stackoverflow.com/questions/3049/how-do-i-configure-and-communicate-with-a-serial-port,2008-08-06 03:19:19,Greg Case,42.1k,c#|c++|java|shell,no
1637581,C++ MFC vs .NET?,49,11,44755,https://stackoverflow.com/questions/1637581/c-mfc-vs-net,2009-10-28 14:24:58,magol,5516,c|c#|c++|java,no
5179202,gcc -g :what will happen,49,7,49455,https://stackoverflow.com/questions/5179202/gcc-g-what-will-happen,2011-03-03 10:05:27,Vijay,57k,c|c++|php|shell,no
2654480,Writing BMP image in pure c/c++ without other libraries,47,11,134958,https://stackoverflow.com/questions/2654480/writing-bmp-image-in-pure-c-c-without-other-libraries,2010-04-16 16:11:39,den bardadym,2451,c|c#|c++|java,no
20513071,Performance Tradeoff - When is MATLAB better/slower than C/C++,47,9,54972,https://stackoverflow.com/questions/20513071/performance-tradeoff-when-is-matlab-better-slower-than-c-c,2013-12-11 07:29:47,Loves Probability,759,c|c++|java|python,no
2135788,What do C and Assembler actually compile to? [closed],47,12,21248,https://stackoverflow.com/questions/2135788/what-do-c-and-assembler-actually-compile-to,2010-01-25 21:28:52,lamas,4289,c|c++|java|shell,no
6787015,How can I install various Python libraries in Jython?,47,4,41201,https://stackoverflow.com/questions/6787015/how-can-i-install-various-python-libraries-in-jython,2011-07-22 07:39:34,Mirage,27.6k,c|java|python|shell,yes
2108172,"C++ Namespaces, comparison to Java packages",46,7,27182,https://stackoverflow.com/questions/2108172/c-namespaces-comparison-to-java-packages,2010-01-21 09:42:39,Mr. Boy,50k,c|c#|c++|java,no
4202687,Using Assembly Language in C/C++,46,13,15387,https://stackoverflow.com/questions/4202687/using-assembly-language-in-c-c,2010-11-17 08:33:59,Srikar Appalaraju,63.5k,c|c#|c++|shell,no
2539458,"C++ ¡ª return x,y; What is the point?",46,18,24125,https://stackoverflow.com/questions/2539458/c-return-x-y-what-is-the-point,2010-03-29 16:11:58,Earlz,55.8k,c|c++|java|python,no
1671682,The reading list for scientific programmer [closed],46,17,13975,https://stackoverflow.com/questions/1671682/the-reading-list-for-scientific-programmer,2009-11-04 04:32:56,leon ,4391,c|c++|java|python,no
9589,any good tool for makefile generation? [closed],46,10,50875,https://stackoverflow.com/questions/9589/any-good-tool-for-makefile-generation,2008-08-13 08:47:36,Serge,7414,c|c++|python|shell,no
2128619,Run Java class file from PHP script on a website,46,5,84829,https://stackoverflow.com/questions/2128619/run-java-class-file-from-php-script-on-a-website,Jan 24 '10 at 20:18,tree-hacker,4771,java|javascript|php|python,yes
4383250,Why should I use foreach instead of for (int i=0; i<length; i++) in loops?,45,18,31651,https://stackoverflow.com/questions/4383250/why-should-i-use-foreach-instead-of-for-int-i-0-ilength-i-in-loops,Dec 8 '10 at 0:57,MedicineMan,13.1k,c|c#|c++|java,no
7367976,Calling a C# library from python,44,4,71425,https://stackoverflow.com/questions/7367976/calling-a-c-sharp-library-from-python,Sep 9 '11 at 22:10,ychuri,511,c#|c++|python|shell,yes
8847899,How to draw text using only OpenGL methods?,44,6,122126,https://stackoverflow.com/questions/8847899/how-to-draw-text-using-only-opengl-methods,2012-01-13 08:44:07,sathish v,451,c|c#|c++|php,no
8422775,Why does C need ¡°struct¡± keyword and not C++?,43,6,13684,https://stackoverflow.com/questions/8422775/why-does-c-need-struct-keyword-and-not-c,2011-12-07 21:24:43,John Humphreys - w00te,30.7k,c|c#|c++|java,no
3309685,Understanding the MVC Pattern,43,10,8535,https://stackoverflow.com/questions/3309685/understanding-the-mvc-pattern,Jul 22 '10 at 14:04,devoured elysium,85.8k,c|c#|java|php,no
2513525,bitwise not operator ,43,10,50567,https://stackoverflow.com/questions/2513525/bitwise-not-operator,2010-03-25 06:39:49,Sawyer,13.9k,c|c++|java|javascript,no
24991803,Where is hex code of the ¡°EOF¡± character?,43,7,67622,https://stackoverflow.com/questions/24991803/where-is-hex-code-of-the-eof-character,2014-07-28 09:06:39,,,c|c++|java|shell,no
4705790,Keeping all libraries in the Arduino sketch directory,43,9,39959,https://stackoverflow.com/questions/4705790/keeping-all-libraries-in-the-arduino-sketch-directory,2011-01-16 14:09:49,Adam Haile,28.5k,c|c++|javascript|php,no
2828648,How to pass a multidimensional array to a function in C and C++,42,12,82718,https://stackoverflow.com/questions/2828648/how-to-pass-a-multidimensional-array-to-a-function-in-c-and-c,2010-05-13 16:50:15,Moeb,9471,c|c++|java|python,no
2395158,"Linker error: ¡°linker input file unused because linking not done¡±, undefined reference to a function in that file",42,1,128942,https://stackoverflow.com/questions/2395158/linker-error-linker-input-file-unused-because-linking-not-done-undefined-ref,2010-03-07 04:17:07,Lyndon White,22.9k,c|c++|javascript|python,no
958806,Java's interactive shell like ipython,41,9,16104,https://stackoverflow.com/questions/958806/javas-interactive-shell-like-ipython,Jun 6 '09 at 1:51,Ross,1843,c++|java|python|shell,no
2910587,delete vs NULL vs free in c++,40,6,27998,https://stackoverflow.com/questions/2910587/delete-vs-null-vs-free-in-c,2010-05-26 06:34:33,hero,411,c|c#|c++|java,no
500006,What is the purpose of anonymous { } blocks in C style languages?,40,17,6297,https://stackoverflow.com/questions/500006/what-is-the-purpose-of-anonymous-blocks-in-c-style-languages,2009-02-01 01:48:27,user61106,419,c|c#|c++|java,no
39474,How to get IntelliSense to reliably work in Visual Studio 2008,40,12,44865,https://stackoverflow.com/questions/39474/how-to-get-intellisense-to-reliably-work-in-visual-studio-2008,2008-09-02 13:13:36,Mark Ingram,63.3k,c|c#|c++|shell,no
11703432,Eclipse C++ : ¡°Program ¡±g++¡° not found in PATH¡±,40,22,241474,https://stackoverflow.com/questions/11703432/eclipse-c-program-g-not-found-in-path,2012-07-28 18:00:20,LCJ,20.1k,c|c++|java|shell,no
77086,"Which is faster, python webpages or php webpages? [closed]",39,10,58031,https://stackoverflow.com/questions/77086/which-is-faster-python-webpages-or-php-webpages,Sep 16 '08 at 21:05,Echo says Reinstate Monica,3577,c#|c++|php|python,no
249009,Do you use curly braces for additional scoping? [closed],39,13,9734,https://stackoverflow.com/questions/249009/do-you-use-curly-braces-for-additional-scoping,2008-10-30 01:29:42,blizpasta,2526,c|c#|c++|java,no
17036059,Why does JavaScript appear to be 4 times faster than C++?,39,5,56298,https://stackoverflow.com/questions/17036059/why-does-javascript-appear-to-be-4-times-faster-than-c,2013-06-11 03:28:10,streaver91,672,c|c++|java|javascript,no
10202306,"python bindings, how does it work?",39,2,42905,https://stackoverflow.com/questions/10202306/python-bindings-how-does-it-work,Apr 18 '12 at 3:20,ashim,19.1k,c|c++|java|python,yes
1452235,Does an R compiler to C/C++ exist?,39,5,22126,https://stackoverflow.com/questions/1452235/does-an-r-compiler-to-c-c-exist,2009-09-20 22:50:22,Shane,89.7k,c|c++|java|python,no
2853316,Disadvantage of OOP? [closed],39,18,16212,https://stackoverflow.com/questions/2853316/disadvantage-of-oop,2010-05-17 22:21:21,bragboy,31.3k,c|c++|java|python,no
2625520,"Java and C#, how close are they? [closed]",38,5,58002,https://stackoverflow.com/questions/2625520/java-and-c-how-close-are-they,Apr 12 '10 at 21:17,prosseek,143k,c#|c++|java|python,no
22459356,ASP.NET Web Api vs Node.js,38,4,41916,https://stackoverflow.com/questions/22459356/asp-net-web-api-vs-node-js,2014-03-17 16:05:23,Itay Weiss,658,c#|javascript|php|python,no
524548,Regular expression to detect semi-colon terminated C++ for & while loops,38,10,109856,https://stackoverflow.com/questions/524548/regular-expression-to-detect-semi-colon-terminated-c-for-while-loops,2009-02-07 20:43:52,Thomi,11k,c|c++|javascript|python,no
7372592,Python: How can I execute a jar file through a python script,38,4,86454,https://stackoverflow.com/questions/7372592/python-how-can-i-execute-a-jar-file-through-a-python-script,2011-09-10 15:08:22,Dimitra Micha,1641,c|java|python|shell,yes
11397731,Communication between lexer and parser,37,5,3366,https://stackoverflow.com/questions/11397731/communication-between-lexer-and-parser,2012-07-09 15:00:47,fredoverflow,229k,c|c#|c++|java,no
313778,generate dependencies for a makefile for a project in C/C++,37,5,48992,https://stackoverflow.com/questions/313778/generate-dependencies-for-a-makefile-for-a-project-in-c-c,2008-11-24 09:49:58,Nathan Fellman,104k,c|c++|javascript|shell,no
30388170,Sending a C++ array to Python and back (Extending C++ with Numpy),37,4,28562,https://stackoverflow.com/questions/30388170/sending-a-c-array-to-python-and-back-extending-c-with-numpy,2015-05-22 04:03:33,rowman,925,c|c++|php|python,yes
2352623,Is there an online code coloring service? [closed],36,7,7080,https://stackoverflow.com/questions/2352623/is-there-an-online-code-coloring-service,2010-02-28 20:52:39,Sarfraz,345k,c#|java|javascript|php,no
430424,Are there any macros to determine if my code is being compiled to Windows? [duplicate],36,11,56658,https://stackoverflow.com/questions/430424/are-there-any-macros-to-determine-if-my-code-is-being-compiled-to-windows,2009-01-10 02:30:03,batty,6372,c|c#|c++|shell,no
16384339,"Node.js, PHP, Javascript Confusion [duplicate]",35,2,12861,https://stackoverflow.com/questions/16384339/node-js-php-javascript-confusion,2013-05-05 12:05:24,Orvyl,2034,c#|javascript|php|python,no
45459909,Viable options for running NodeJS on Android (Aug 2017),35,5,7635,https://stackoverflow.com/questions/45459909/viable-options-for-running-nodejs-on-android-aug-2017,2017-08-02 11:41:07,Arnold Schrijver,2235,c++|java|javascript|python,no
838929,Naming: Why should named constants be all uppercase in C++/Java?,35,15,35256,https://stackoverflow.com/questions/838929/naming-why-should-named-constants-be-all-uppercase-in-c-java,2009-05-08 09:05:20,Mnementh,45.9k,c|c#|c++|java,no
476968,Using a java library from python,35,6,51355,https://stackoverflow.com/questions/476968/using-a-java-library-from-python,2009-01-25 00:41:22,Jim,910,c|c++|java|python,yes
2028464,Logic differences in C and Java,35,1,2425,https://stackoverflow.com/questions/2028464/logic-differences-in-c-and-java,,,,c|c++|java|python,no
2109807,Going from C# to Java [closed],34,10,15339,https://stackoverflow.com/questions/2109807/going-from-c-sharp-to-java,Jan 21 '10 at 14:15,Jla,10.8k,c#|c++|java|shell,no
6896533,"Fast divisibility tests (by 2,3,4,5,.., 16)?",34,16,16764,https://stackoverflow.com/questions/6896533/fast-divisibility-tests-by-2-3-4-5-16,2011-08-01 09:32:56,psihodelia,25.2k,c|c++|python|shell,no
1579719,Variable number of parameters in function in C++,33,8,75153,https://stackoverflow.com/questions/1579719/variable-number-of-parameters-in-function-in-c,2009-10-16 18:43:56,AndreyAkinshin,16.4k,c|c#|c++|java,no
10410023,String.Format alternative in C++ [duplicate],33,7,116880,https://stackoverflow.com/questions/10410023/string-format-alternative-in-c,2012-05-02 08:15:26,user1240679,5649,c|c#|c++|python,no
4175194,How do I add Eclipse C++ to Eclipse classic?,33,3,64725,https://stackoverflow.com/questions/4175194/how-do-i-add-eclipse-c-to-eclipse-classic,2010-11-13 23:04:38,Portaljacker,3042,c|c++|java|php,no
1205383,Listing serial (COM) ports on Windows?,33,8,49537,https://stackoverflow.com/questions/1205383/listing-serial-com-ports-on-windows,Jul 30 '09 at 9:08,Eli Bendersky,216k,c|c++|python|shell,no
6962156,Is there a way to not wait for a system() command to finish? (in c) [duplicate],33,5,53505,https://stackoverflow.com/questions/6962156/is-there-a-way-to-not-wait-for-a-system-command-to-finish-in-c,2011-08-05 20:21:05,gh4x,708,c|c++|python|shell,no
153491,Automated Python to Java translation [closed],32,4,100078,https://stackoverflow.com/questions/153491/automated-python-to-java-translation,2008-09-30 15:13:05,Victor Noagbodji,525,c#|java|javascript|python,no
793071,How to start using and developing on Ubuntu Linux? [closed],32,9,44680,https://stackoverflow.com/questions/793071/how-to-start-using-and-developing-on-ubuntu-linux,,,,c#|java|php|shell,no
56347,"Iterators in C++ (stl) vs Java, is there a conceptual difference?",32,9,12534,https://stackoverflow.com/questions/56347/iterators-in-c-stl-vs-java-is-there-a-conceptual-difference,2008-09-11 11:50:24,JeffV,45k,c|c#|c++|java,no
2532907,Combining C++ and C#,31,3,34238,https://stackoverflow.com/questions/2532907/combining-c-and-c-sharp,2010-03-28 12:42:47,cam,7547,c|c#|c++|java,yes
6171552,popen simultaneous read and write [duplicate],31,8,23674,https://stackoverflow.com/questions/6171552/popen-simultaneous-read-and-write,2011-05-30 01:27:52,Lee,311,c|c#|c++|python,no
6142193,C interpreter written in javascript,31,5,9613,https://stackoverflow.com/questions/6142193/c-interpreter-written-in-javascript,2020-07-11 21:59:18,Lo¡Ì?c F¡Ì?vrier,6564,c|c++|java|javascript,no
2323516,Unsigned modulos: alternative approach?,31,12,813,https://stackoverflow.com/questions/2323516/unsigned-modulos-alternative-approach,2010-02-24 03:35:34,LiraNuna,54.1k,c|c++|java|javascript,no
29457319,What is the reason behind having only one return value in C++ and Java?,31,10,5412,https://stackoverflow.com/questions/29457319/what-is-the-reason-behind-having-only-one-return-value-in-c-and-java,2015-04-05 12:34:04,Joop,2906,c|c++|java|python,no
50781569,How to register C++ React Native module in Android,30,1,796,https://stackoverflow.com/questions/50781569/how-to-register-c-react-native-module-in-android,2018-06-10 07:44:11,bjornd,20k,c|c++|java|javascript,no
2747721,Getters and Setters are bad OO design? [duplicate],29,13,11744,https://stackoverflow.com/questions/2747721/getters-and-setters-are-bad-oo-design,Apr 30 '10 at 21:10,Julio,5428,c#|c++|java|shell,no
409688,Multithreaded paranoia,29,9,2010,https://stackoverflow.com/questions/409688/multithreaded-paranoia,2009-01-03 19:42:32,deft_code,49.2k,c|c#|c++|java,no
530741,What's the difference between a procedural program and an object oriented program? [closed],29,17,50907,https://stackoverflow.com/questions/530741/whats-the-difference-between-a-procedural-program-and-an-object-oriented-progra,2009-02-10 01:08:38,,,c|c++|java|python,no
343865,How to convert from UTM to LatLng in python or Javascript,29,10,42581,https://stackoverflow.com/questions/343865/how-to-convert-from-utm-to-latlng-in-python-or-javascript,2008-12-05 13:42:34,Staale,23.3k,c|java|javascript|python,no
2934809,Is there any reason to prefer UTF-16 over UTF-8?,28,7,5987,https://stackoverflow.com/questions/2934809/is-there-any-reason-to-prefer-utf-16-over-utf-8,May 29 '10 at 11:27,Oak,23.8k,c#|c++|java|javascript,no
6369919,How to embed V8 in a Java application?,28,3,25483,https://stackoverflow.com/questions/6369919/how-to-embed-v8-in-a-java-application,2011-06-16 09:44:57,Stephan,36.1k,c++|java|javascript|shell,yes
567682,"Online compilers/runtime for Java, C++, Python and ObjC? [closed]",28,9,36087,https://stackoverflow.com/questions/567682/online-compilers-runtime-for-java-c-python-and-objc,2009-02-19 23:10:31,PlagueHammer,42.1k,c++|java|php|python,no
1546694,What is inlining?,28,10,18954,https://stackoverflow.com/questions/1546694/what-is-inlining,2009-10-10 00:39:19,Roger,3441,c|c#|c++|java,no
1355803,Why is the C++ syntax so complicated? [closed],28,10,12260,https://stackoverflow.com/questions/1355803/why-is-the-c-syntax-so-complicated,2009-08-31 04:37:26,Iceland_jack,3358,c|c#|c++|python,no
30092754,How to capture the screen with the ¡°Tool Tips¡±?,28,2,1592,https://stackoverflow.com/questions/30092754/how-to-capture-the-screen-with-the-tool-tips,2015-05-07 05:40:17,paul,455,c|c#|c++|shell,no
31050113,How to extract the source filename without path and suffix at compile time?,28,4,18104,https://stackoverflow.com/questions/31050113/how-to-extract-the-source-filename-without-path-and-suffix-at-compile-time,2015-06-25 12:14:57,Joe,2450,c|c++|java|php,no
2151567,Eclipse: C/C++ Plugin Download Link?,28,12,52121,https://stackoverflow.com/questions/2151567/eclipse-c-c-plugin-download-link,2010-01-28 00:56:30,Nick Heiner,105k,c|c++|java|php,no
3632160,How to make a PHP extension,28,4,21329,https://stackoverflow.com/questions/3632160/how-to-make-a-php-extension,2010-09-03 00:03:04,Mark Lalor,7118,c|c++|php|shell,no
20382278,Is there an equivalent of Python's `pass` in c++ std11?,28,6,40347,https://stackoverflow.com/questions/20382278/is-there-an-equivalent-of-pythons-pass-in-c-std11,2013-12-04 17:45:18,Tommy,8895,c|c++|python|shell,no
316410,Is there a good NumPy clone for Jython? [closed],28,4,11388,https://stackoverflow.com/questions/316410/is-there-a-good-numpy-clone-for-jython,2008-11-25 05:06:34,jbrogdon,641,c|java|javascript|python,no
2147346,Could somebody explain SOLR requestHandlers and responseWriters in detail?,28,1,9509,https://stackoverflow.com/questions/2147346/could-somebody-explain-solr-requesthandlers-and-responsewriters-in-detail,Jan 27 '10 at 13:55,,,java|javascript|php|python,no
3208927,Large scale Machine Learning [closed],27,8,2964,https://stackoverflow.com/questions/3208927/large-scale-machine-learning,2010-07-08 23:58:02,user387263,281,c++|java|php|python,no
1331821,Fixed-width Floating-Point Numbers in C/C++,27,6,9513,https://stackoverflow.com/questions/1331821/fixed-width-floating-point-numbers-in-c-c,2009-08-26 00:55:26,Imagist,16k,c|c#|c++|java,no
5373171,Readability a=b=c or a=c; b=c;?,27,3,44384,https://stackoverflow.com/questions/5373171/readability-a-b-c-or-a-c-b-c,2011-03-21 02:12:01,Yuan,2380,c|c#|c++|java,no
106033,How do I call a .NET assembly from C/C++?,27,9,20138,https://stackoverflow.com/questions/106033/how-do-i-call-a-net-assembly-from-c-c,2008-09-19 22:06:37,cwick,23.6k,c|c#|c++|shell,no
2484892,Fastest algorithm to check if a number is pandigital?,27,18,16859,https://stackoverflow.com/questions/2484892/fastest-algorithm-to-check-if-a-number-is-pandigital,Mar 20 '10 at 21:43,medopal,9077,c|c#|java|python,no
58500806,Is void *function() a pointer to function or a function returning a void*?,27,4,2809,https://stackoverflow.com/questions/58500806/is-void-function-a-pointer-to-function-or-a-function-returning-a-void,2019-10-22 09:10:33,user9515151,283,c|c++|java|python,no
4676171,JSON schema validation,27,5,17756,https://stackoverflow.com/questions/4676171/json-schema-validation,2011-01-13 02:18:59,deft_code,49.2k,c|c++|javascript|python,no
8281345,"How to get the current Linux process ID from the command line a in shell-agnostic, language-agnostic way",27,6,46107,https://stackoverflow.com/questions/8281345/how-to-get-the-current-linux-process-id-from-the-command-line-a-in-shell-agnosti,Nov 26 '11 at 20:20,Johnny Utahh,1968,c|c++|python|shell,no
24270624,Why is the C++ standard library bundled with the compiler instead of the os?,27,5,2831,https://stackoverflow.com/questions/24270624/why-is-the-c-standard-library-bundled-with-the-compiler-instead-of-the-os,2014-06-17 18:12:00,NlightNFotis,8431,c|c++|python|shell,no
650377,JavaScript (Rhino) use library or include other scripts,27,4,21551,https://stackoverflow.com/questions/650377/javascript-rhino-use-library-or-include-other-scripts,2009-03-16 13:14:48,Ayman,10k,java|javascript|php|shell,no
10813346,"Pass, return and convert to vectors list of lists over JNI",26,4,14940,https://stackoverflow.com/questions/10813346/pass-return-and-convert-to-vectors-list-of-lists-over-jni,2012-05-30 09:17:36,George,884,c++|java|javascript|shell,yes
1247968,"Fast C++ program, C# GUI, possible? [closed]",26,12,22662,https://stackoverflow.com/questions/1247968/fast-c-program-c-sharp-gui-possible,2009-08-08 04:25:44,Jonathon Reinhart,110k,c|c#|c++|java,no
502435,Should I wrap all my c++ code in its own namespace?,26,8,4892,https://stackoverflow.com/questions/502435/should-i-wrap-all-my-c-code-in-its-own-namespace,2009-02-02 07:24:22,Abtin Forouzandeh,4751,c|c#|c++|java,no
18018289,Changing bool values to opposite of the initial value,26,7,57657,https://stackoverflow.com/questions/18018289/changing-bool-values-to-opposite-of-the-initial-value,2013-08-02 13:37:10,user1046403,435,c|c#|c++|javascript,no
1437327,Saving to disk an in-memory database,26,3,21516,https://stackoverflow.com/questions/1437327/saving-to-disk-an-in-memory-database,2009-09-17 07:53:26,Giancarlo,4005,c|c#|c++|shell,no
421951,Running/Interpreting C on top of the JVM?,26,5,7581,https://stackoverflow.com/questions/421951/running-interpreting-c-on-top-of-the-jvm,Jan 7 '09 at 20:33,amitkaz,2642,c|c++|java|javascript,no
12790337,Generating a random DAG,26,9,15555,https://stackoverflow.com/questions/12790337/generating-a-random-dag,2012-10-08 22:26:33,Utkarsh Srivastav,2269,c|c++|javascript|python,no
9747468,Why Was the GObject System Created? [closed],26,4,5948,https://stackoverflow.com/questions/9747468/why-was-the-gobject-system-created,2012-03-17 05:10:49,ApprenticeHacker,18.5k,c|c++|javascript|python,no
2771266,Semicolon in C++?,26,9,4856,https://stackoverflow.com/questions/2771266/semicolon-in-c,2010-05-05 07:24:09,SysAdmin,4952,c|c++|javascript|python,no
3762605,ANSI C equivalent of try/catch?,25,8,10044,https://stackoverflow.com/questions/3762605/ansi-c-equivalent-of-try-catch,2010-09-21 16:56:58,aiden,259,c|c#|c++|java,no
2147572,C# to C++ 'Gotchas',25,14,2126,https://stackoverflow.com/questions/2147572/c-sharp-to-c-gotchas,2010-01-27 14:27:27,George Johnston,29.3k,c|c#|c++|java,yes
9607062,Library to check if two regular expressions are equal/isomorphic [closed],25,2,1262,https://stackoverflow.com/questions/9607062/library-to-check-if-two-regular-expressions-are-equal-isomorphic,2012-03-07 18:27:01,user1255384,303,c|c++|java|python,no
10691429,Should I stop using OpenCV? [closed],25,7,9581,https://stackoverflow.com/questions/10691429/should-i-stop-using-opencv,2012-05-21 19:32:59,jlengrand,9773,c|c++|javascript|python,no
5626188,"ctags ignore lists for libc6, libstdc++ and boost",25,4,2206,https://stackoverflow.com/questions/5626188/ctags-ignore-lists-for-libc6-libstdc-and-boost,2011-04-11 19:05:25,Robert S. Barnes,35.9k,c|c++|php|python,no
7699912,Clean and type-safe state machine implementation in a statically typed language?,25,11,2693,https://stackoverflow.com/questions/7699912/clean-and-type-safe-state-machine-implementation-in-a-statically-typed-language,Oct 8 '11 at 21:34,megazord,3110,c|c++|python|shell,no
1953731,"Python, PyTables, Java - tying all together",25,4,3134,https://stackoverflow.com/questions/1953731/python-pytables-java-tying-all-together,2009-12-23 16:14:12,I82Much,24.6k,c|java|python|shell,yes
29855098,Is there a built-in javascript function similar to os.path.join?,25,8,19902,https://stackoverflow.com/questions/29855098/is-there-a-built-in-javascript-function-similar-to-os-path-join,2015-04-24 18:39:10,aensm,2555,java|javascript|php|python,no
4174521,How to implement a chat room using Jquery/PHP?,25,10,31793,https://stackoverflow.com/questions/4174521/how-to-implement-a-chat-room-using-jquery-php,2010-11-13 20:26:48,Click Upvote,224k,java|javascript|php|python,no
16704729,What is the purpose of ¡°finally¡± in try/catch/finally,24,10,5741,https://stackoverflow.com/questions/16704729/what-is-the-purpose-of-finally-in-try-catch-finally,2013-05-23 02:32:12,Maxx,3356,c#|c++|java|javascript,no
6727383,dynamically allocated memory after program termination,24,5,7934,https://stackoverflow.com/questions/6727383/dynamically-allocated-memory-after-program-termination,2011-07-17 23:07:57,justin waugh,835,c|c#|c++|java,no
222471,Setting up a Programming Environment in Linux [closed],24,16,15464,https://stackoverflow.com/questions/222471/setting-up-a-programming-environment-in-linux,2008-10-21 16:15:36,,,c|c++|java|python,no
48327567,Removing horizontal underlines,24,4,4914,https://stackoverflow.com/questions/48327567/removing-horizontal-underlines,2018-01-18 17:57:23,Brad Solomon,25.2k,c|c++|java|python,no
6695410,gdb front end to use with vim? [duplicate],24,4,20152,https://stackoverflow.com/questions/6695410/gdb-front-end-to-use-with-vim,2011-07-14 15:04:18,Letholdrus,1131,c|c++|php|python,no
11182765,How can I build my C extensions with MinGW-w64 in Python?,24,4,13931,https://stackoverflow.com/questions/11182765/how-can-i-build-my-c-extensions-with-mingw-w64-in-python,Jun 25 '12 at 2:12,c00kiemonster,17.9k,c|c++|python|shell,yes
115115,Test Automation with Embedded Hardware,24,9,6745,https://stackoverflow.com/questions/115115/test-automation-with-embedded-hardware,2008-09-22 14:24:16,JeffV,45k,c|c++|python|shell,no
34344934,Specify cython output file,24,3,6926,https://stackoverflow.com/questions/34344934/specify-cython-output-file,2015-12-17 21:52:26,Michael WS,1983,c|c++|python|shell,yes
3709870,"How do libraries in different programming languages handle Date & Time, Timestamps & Durations, Leapseconds & -years, DSTs & Timezones, ¡­?",23,6,2061,https://stackoverflow.com/questions/3709870/how-do-libraries-in-different-programming-languages-handle-date-time-timestam,Sep 14 '10 at 14:32,soc,26.8k,c#|c++|java|python,no
20972788,How to invoke external scripts/programs from node.js,23,2,28820,https://stackoverflow.com/questions/20972788/how-to-invoke-external-scripts-programs-from-node-js,2014-01-07 13:23:56,alh,2181,c++|javascript|python|shell,yes
1999282,do this without using an ¡°if¡± | if(s == ¡°value1¡±){¡­} else if(s == ¡°value2¡±) { ¡­},23,18,50261,https://stackoverflow.com/questions/1999282/do-this-without-using-an-if-ifs-value1-else-ifs-value2,Jan 4 '10 at 12:32,Omu,62.3k,c|c#|c++|java,no
29343128,Why does compareTo return an integer,23,5,2639,https://stackoverflow.com/questions/29343128/why-does-compareto-return-an-integer,Mar 30 '15 at 9:52,user2336315,13.4k,c|c#|c++|java,no
1300951,Start learning C# without knowing C?,23,22,12485,https://stackoverflow.com/questions/1300951/start-learning-c-sharp-without-knowing-c,Aug 19 '09 at 16:00,Dharavk,490,c|c#|c++|java,no
4833972,How does SysInternal's ProcessMonitor work?,23,1,6702,https://stackoverflow.com/questions/4833972/how-does-sysinternals-processmonitor-work,2011-01-28 23:19:11,Tom,399,c|c#|c++|php,no
3380628,Fast Arc Cos algorithm?,23,10,21353,https://stackoverflow.com/questions/3380628/fast-arc-cos-algorithm,2010-08-01 03:31:27,jmasterx,45.6k,c|c#|c++|python,no
15967157,MATLAB executable is too slow,23,4,6381,https://stackoverflow.com/questions/15967157/matlab-executable-is-too-slow,Apr 12 '13 at 9:02,user1583647,1165,c|c#|java|php,no
13328658,Are the advantages of Typed Arrays in JavaScript is that they work the same or similar in C?,23,4,11781,https://stackoverflow.com/questions/13328658/are-the-advantages-of-typed-arrays-in-javascript-is-that-they-work-the-same-or-s,2019-11-28 09:40:38,alex,420k,c|c++|java|javascript,no
13975917,Calculate colour temperature in K,23,6,10788,https://stackoverflow.com/questions/13975917/calculate-colour-temperature-in-k,Dec 20 '12 at 15:57,dogmatic69,7465,c|c++|javascript|php,no
24277488,"In python, how to capture the stdout from a c++ shared library to a variable",23,7,10374,https://stackoverflow.com/questions/24277488/in-python-how-to-capture-the-stdout-from-a-c-shared-library-to-a-variable,2014-06-18 05:12:49,UserCool,233,c|c++|python|shell,yes
929988,Equivalent for Python's lambda functions in Java?,22,7,10795,https://stackoverflow.com/questions/929988/equivalent-for-pythons-lambda-functions-in-java,2009-05-30 15:49:17,,,c#|c++|java|python,no
8797597, Timezone Strategy,22,4,5567,https://stackoverflow.com/questions/8797597/timezone-strategy,2012-01-10 01:41:42,Amasuriel,2162,c#|java|javascript|python,no
27481707,Maximum Stack Size for C/C+ Program?,22,4,4657,https://stackoverflow.com/questions/27481707/maximum-stack-size-for-c-c-program,2014-12-15 10:13:16,Pankaj Kumar Thapa,842,c|c#|c++|java,no
3309089,Why do some experienced programmers write comparisons with the value before the variable? [duplicate],22,13,4527,https://stackoverflow.com/questions/3309089/why-do-some-experienced-programmers-write-comparisons-with-the-value-before-the,2010-07-22 13:03:27,Kristian D'Amato,3696,c|c#|c++|java,no
2315095,Do people still write their own data structures and algorithms?,22,12,2870,https://stackoverflow.com/questions/2315095/do-people-still-write-their-own-data-structures-and-algorithms,2010-02-22 23:32:12,devilcrack,294,c|c#|c++|java,no
28605,C on Visual Studio [closed],22,15,57476,https://stackoverflow.com/questions/28605/c-on-visual-studio,2008-08-26 16:59:00,Dinah,47.3k,c|c#|c++|php,no
411254,What are the differences between PHP and Java?,22,4,37099,https://stackoverflow.com/questions/411254/what-are-the-differences-between-php-and-java,Jan 4 '09 at 16:48,Click Upvote,222k,c|c++|java|php,no
12697292,Detecting reflective DLL injection,22,1,5176,https://stackoverflow.com/questions/12697292/detecting-reflective-dll-injection,Oct 2 '12 at 19:53,Mick,12.5k,c|c++|java|python,no
15006048,Dynamically rethrowing self-defined C++ exceptions as Python exceptions using SWIG,22,2,3127,https://stackoverflow.com/questions/15006048/dynamically-rethrowing-self-defined-c-exceptions-as-python-exceptions-using-sw,2013-02-21 15:30:35,tbacker,742,c|c++|java|python,yes
31437922,HTML with PHP - <script>-section code suddenly ends - bug?,22,4,585,https://stackoverflow.com/questions/31437922/html-with-php-script-section-code-suddenly-ends-bug,2015-07-15 18:08:13,michaelbahr,4282,java|javascript|php|shell,yes
1026925,Algorithms for named entity recognition,22,6,9074,https://stackoverflow.com/questions/1026925/algorithms-for-named-entity-recognition,Jun 22 '09 at 12:26,caw,27.8k,java|php|python|shell,no
1854335,"How to create a Java class, similar to a C++ template class?",21,4,60560,https://stackoverflow.com/questions/1854335/how-to-create-a-java-class-similar-to-a-c-template-class,2009-12-06 04:18:52,sivabudh,28.2k,c#|c++|java|python,no
37861600,What language standards allow ignoring null terminators on fixed size arrays?,21,2,860,https://stackoverflow.com/questions/37861600/what-language-standards-allow-ignoring-null-terminators-on-fixed-size-arrays,2016-06-16 14:06:46,Trevor Hickey,30.2k,c|c#|c++|java,no
836705,Why all java methods are implicitly overridable?,21,6,3127,https://stackoverflow.com/questions/836705/why-all-java-methods-are-implicitly-overridable,2009-05-07 19:56:51,Vaibhav Bajpai,14.4k,c|c#|c++|java,no
719124,"Knowing C++, how long does it take to learn Java? [closed]",21,17,29566,https://stackoverflow.com/questions/719124/knowing-c-how-long-does-it-take-to-learn-java,2009-04-05 15:35:35,Dan Hook,5332,c|c#|c++|java,no
1884339,How is C# inspired by C++ more than by Java? [closed],21,18,6172,https://stackoverflow.com/questions/1884339/how-is-c-sharp-inspired-by-c-more-than-by-java,2009-12-10 21:55:41,Mathias,14.2k,c|c#|c++|java,no
22583941,What is the workaround for TCP delayed acknowledgment?,21,7,11394,https://stackoverflow.com/questions/22583941/what-is-the-workaround-for-tcp-delayed-acknowledgment,2014-03-22 21:40:08,Mr. Smith,4264,c|c#|c++|shell,no
2306980,Is there an alternative to HTML Tidy?,21,4,5198,https://stackoverflow.com/questions/2306980/is-there-an-alternative-to-html-tidy,2010-02-21 18:49:12,Lucas,6098,c|c++|java|python,no
21207755,OpenCV (JavaCV) vs OpenCV (C/C++ interfaces),21,3,19796,https://stackoverflow.com/questions/21207755/opencv-javacv-vs-opencv-c-c-interfaces,2014-01-18 17:58:13,Pelican,313,c|c++|java|python,no
6775802,Return value from a Java code,21,6,26758,https://stackoverflow.com/questions/6775802/return-value-from-a-java-code,Jul 21 '11 at 12:10,Monojeet,441,c|c++|java|shell,yes
4111808,C/C++ compiler generating obfuscated code [closed],21,3,11662,https://stackoverflow.com/questions/4111808/c-c-compiler-generating-obfuscated-code,2010-11-06 03:52:18,Dennis Yurichev,1724,c|c++|java|shell,no
1582105,Noob-Ready Cython Tutorials [closed],21,7,8562,https://stackoverflow.com/questions/1582105/noob-ready-cython-tutorials,Oct 17 '09 at 12:33,spearfire,619,c|c++|php|python,no
8842901,OpenCV - closing the image display window,21,8,68057,https://stackoverflow.com/questions/8842901/opencv-closing-the-image-display-window,2012-01-12 21:53:36,penelope,7285,c|c++|php|python,no
2479402,Calling C/C++ library function from PHP,21,5,54408,https://stackoverflow.com/questions/2479402/calling-c-c-library-function-from-php,2010-03-19 17:43:24,Anon. BlackBerry Developer,211,c|c++|php|shell,yes
9390536,How do you even give an (openFST-made) FST input? Where does the output go?,21,2,3961,https://stackoverflow.com/questions/9390536/how-do-you-even-give-an-openfst-made-fst-input-where-does-the-output-go,Feb 22 '12 at 7:11,Sterling,225,c|c++|python|shell,no
3693407,Culling techniques for rendering lots of cubes,21,8,15722,https://stackoverflow.com/questions/3693407/culling-techniques-for-rendering-lots-of-cubes,2010-09-12 01:43:00,jmasterx,45.6k,c|c++|python|shell,no
2177431,Is it possible to do a traceroute in the browser?,21,8,31933,https://stackoverflow.com/questions/2177431/is-it-possible-to-do-a-traceroute-in-the-browser,2010-02-01 14:43:31,Franck,6070,java|javascript|php|shell,no
670104,What are real world examples of when Linked Lists should be used?,20,18,15414,https://stackoverflow.com/questions/670104/what-are-real-world-examples-of-when-linked-lists-should-be-used,Mar 21 '09 at 22:17,leora,151k,c#|java|javascript|python,no
20392243,Run C# code on linux terminal,20,5,70155,https://stackoverflow.com/questions/20392243/run-c-sharp-code-on-linux-terminal,Dec 5 '13 at 5:34,Hedron Dantas,400,c#|php|python|shell,no
6409306,"`Node.js` and/or other Javascript offshoots' performance, stability and speed relative to non-JS frameworks (Rails, Django¡­)",20,3,6102,https://stackoverflow.com/questions/6409306/node-js-and-or-other-javascript-offshoots-performance-stability-and-speed-re,2011-06-20 09:35:38,Spot,7067,c++|javascript|php|python,no
5201329,Does Java make distinction between value type and reference type,20,3,6887,https://stackoverflow.com/questions/5201329/does-java-make-distinction-between-value-type-and-reference-type,Mar 5 '11 at 2:57,user496949,71.8k,c|c#|c++|java,no
3628588,Bus public transport algorithm,20,7,14952,https://stackoverflow.com/questions/3628588/bus-public-transport-algorithm,Sep 2 '10 at 15:21,Daniel Novak,2560,c|c#|c++|java,no
2632601,Why are forward declarations necessary? [duplicate],20,6,5246,https://stackoverflow.com/questions/2632601/why-are-forward-declarations-necessary,2010-04-13 19:32:33,user199421,1552,c|c#|c++|java,no
2960193,What is the difference between NULL in C++ and null in Java?,20,10,10426,https://stackoverflow.com/questions/2960193/what-is-the-difference-between-null-in-c-and-null-in-java,2010-06-02 17:54:58,Stephano,5168,c|c#|c++|java,no
2798858,"Installing PygraphViz on Windows, Python 2.6",20,8,11601,https://stackoverflow.com/questions/2798858/installing-pygraphviz-on-windows-python-2-6,May 9 '10 at 19:24,jbochi,25.8k,c|c#|c++|python,no
1773063,What Python features will excite the interest of a C# developer?,20,13,3006,https://stackoverflow.com/questions/1773063/what-python-features-will-excite-the-interest-of-a-c-sharp-developer,,,,c|c#|c++|python,no
18392803,Reason for precedence of instanceof/is,20,9,656,https://stackoverflow.com/questions/18392803/reason-for-precedence-of-instanceof-is,Aug 23 '13 at 0:21,Voo,26k,c|c#|java|python,no
24038939,What is the difference between non-initialized items in an array in JavaScript vs Java?,20,3,972,https://stackoverflow.com/questions/24038939/what-is-the-difference-between-non-initialized-items-in-an-array-in-javascript-v,2014-06-04 13:35:03,Naeem Shaikh,13.7k,c|c++|java|javascript,no
3315572,Java vs. PHP Speed Comparison [closed],20,6,43992,https://stackoverflow.com/questions/3315572/java-vs-php-speed-comparison,Jul 23 '10 at 5:26,,,c|c++|java|php,no
17892346,How to convert RGB -> YUV -> RGB (both ways),20,3,60122,https://stackoverflow.com/questions/17892346/how-to-convert-rgb-yuv-rgb-both-ways,2013-07-26 23:00:58,Camille Goudeseune,2312,c|c++|java|php,no
429995,How do C and C++ store large objects on the stack?,20,11,9376,https://stackoverflow.com/questions/429995/how-do-c-and-c-store-large-objects-on-the-stack,2009-01-09 22:33:48,Nate879,363,c|c++|java|php,no
21585932,fibonacci works in python but fails in Java,20,6,1091,https://stackoverflow.com/questions/21585932/fibonacci-works-in-python-but-fails-in-java,2014-02-05 18:50:56,eagertoLearn,7642,c|c++|java|python,no
6166155,Is Scala a Functional Programming Language? [closed],20,3,12073,https://stackoverflow.com/questions/6166155/is-scala-a-functional-programming-language,2011-05-29 05:39:31,Rinat Tainov,1437,c|c++|java|python,no
2699538,starting smartcard programming,20,4,13959,https://stackoverflow.com/questions/2699538/starting-smartcard-programming,2010-04-23 14:55:10,hyperboreean,7853,c|c++|java|python,no
1915829,Learning C when you already know C++?,20,10,11525,https://stackoverflow.com/questions/1915829/learning-c-when-you-already-know-c,2009-12-16 16:25:30,KeatsPeeks,17.8k,c|c++|java|python,no
1585137,What happens in assembly language when you call a method/function?,20,11,15447,https://stackoverflow.com/questions/1585137/what-happens-in-assembly-language-when-you-call-a-method-function,2009-10-18 15:20:56,Gordon Gustafson,34.6k,c|c++|javascript|php,no
20579658,How to draw pixels in SDL 2.0?,20,3,37873,https://stackoverflow.com/questions/20579658/how-to-draw-pixels-in-sdl-2-0,2013-12-14 04:25:12,Jordan,555,c|c++|javascript|python,no
38447,Asynchronous Mysql connector,20,7,12127,https://stackoverflow.com/questions/38447/asynchronous-mysql-connector,2008-09-01 21:17:07,Thomas Watnedal,4423,c|c++|php|python,no
19638557,Read a file into a string at compile-time [duplicate],20,3,14297,https://stackoverflow.com/questions/19638557/read-a-file-into-a-string-at-compile-time,2013-10-28 15:18:07,1ace,4712,c|c++|python|shell,no
11693047,How to create a DLL with SWIG from Visual Studio 2010,20,1,13846,https://stackoverflow.com/questions/11693047/how-to-create-a-dll-with-swig-from-visual-studio-2010,2012-07-27 17:50:27,user1449530,377,c|c++|python|shell,no
3501295,"Packing, caching, JS and CSS in PHP that differentiate between development and production environment",20,3,3744,https://stackoverflow.com/questions/3501295/packing-caching-js-and-css-in-php-that-differentiate-between-development-and-p,2010-08-17 10:03:58,Chris Cinelli,3913,java|javascript|php|shell,yes
59175,What's the difference between the inner workings of Java's JVM and .NET's CLR?,19,8,3370,https://stackoverflow.com/questions/59175/whats-the-difference-between-the-inner-workings-of-javas-jvm-and-nets-clr,Sep 12 '08 at 14:49,Steve Duitsman,2620,c#|c++|java|javascript,no
68084,Switching from C# to C++. Any must-reads? [closed],19,12,5472,https://stackoverflow.com/questions/68084/switching-from-c-sharp-to-c-any-must-reads,2008-09-16 00:00:46,Teetow,456,c#|c++|java|php,no
9231688,Is the TAB character bad in source code? [closed],19,6,10413,https://stackoverflow.com/questions/9231688/is-the-tab-character-bad-in-source-code,2012-02-10 17:02:46,Maverick,2951,c++|javascript|php|python,no
645533,Has Java just not kept up? [closed],19,7,889,https://stackoverflow.com/questions/645533/has-java-just-not-kept-up,Mar 14 '09 at 6:35,AngryHacker,52.4k,c|c#|c++|java,no
6989973,When does it make sense to use a public field?,19,10,2934,https://stackoverflow.com/questions/6989973/when-does-it-make-sense-to-use-a-public-field,Aug 8 '11 at 23:58,Justin,8275,c|c#|c++|java,no
10844894,Finding corruption in a linked list,19,6,3074,https://stackoverflow.com/questions/10844894/finding-corruption-in-a-linked-list,2012-06-01 05:30:42,John Baum,2745,c|c#|c++|java,no
9158567,NaN to Bool conversion: True or False?,19,1,3835,https://stackoverflow.com/questions/9158567/nan-to-bool-conversion-true-or-false,2012-02-06 10:15:12,edA-qa mort-ora-y,24.8k,c|c#|c++|java,no
3889460,How to approach debugging a huge not so familiar code base?,19,15,3048,https://stackoverflow.com/questions/3889460/how-to-approach-debugging-a-huge-not-so-familiar-code-base,2010-10-08 09:55:24,Alok Save,185k,c|c#|c++|java,no
3741440,Potential Problem in ¡°Swapping values of two variables without using a third variable¡±,19,8,4869,https://stackoverflow.com/questions/3741440/potential-problem-in-swapping-values-of-two-variables-without-using-a-third-var,2010-09-18 11:08:15,Pattrick ,207,c|c#|c++|java,no
1705724,"For C/C++, When is it beneficial not to use Object Oriented Programming?",19,17,8531,https://stackoverflow.com/questions/1705724/for-c-c-when-is-it-beneficial-not-to-use-object-oriented-programming,2009-11-10 05:04:28,Luis B,1420,c|c#|c++|java,no
14035557,Is there any library to Convert CAD to SVG? [closed],19,2,14473,https://stackoverflow.com/questions/14035557/is-there-any-library-to-convert-cad-to-svg,2012-12-26 03:00:49,Joe SHI,1524,c|c#|c++|java,no
8944681,How does an application launcher update itself?,19,3,4226,https://stackoverflow.com/questions/8944681/how-does-an-application-launcher-update-itself,2012-01-20 16:32:27,TheBuzzSaw,7972,c|c#|c++|java,no
20461907,what is meaning of instance in programming?,19,10,48480,https://stackoverflow.com/questions/20461907/what-is-meaning-of-instance-in-programming,2013-12-09 02:07:17,user3057928,397,c|c++|java|javascript,no
10895243,"printing float, preserving precision",19,8,2447,https://stackoverflow.com/questions/10895243/printing-float-preserving-precision,2012-06-05 10:00:28,fredoverflow,229k,c|c++|java|python,no
1634359,Is there a reverse function for strstr,19,17,27754,https://stackoverflow.com/questions/1634359/is-there-a-reverse-function-for-strstr,2009-10-27 23:43:17,Manav Sharma,943,c|c++|java|python,no
1247778,Is D's scope failure/success/exit necessary?,18,6,3562,https://stackoverflow.com/questions/1247778/is-ds-scope-failure-success-exit-necessary,2009-08-08 02:18:39,,,c#|c++|java|python,no
601558,Multithreading reference? [closed],18,7,4232,https://stackoverflow.com/questions/601558/multithreading-reference,2009-03-02 07:48:41,Ahmed Said,6695,c#|c++|java|python,no
24251336,Import a Public key from somewhere else to CngKey?,18,4,8877,https://stackoverflow.com/questions/24251336/import-a-public-key-from-somewhere-else-to-cngkey,2014-06-16 20:05:14,Josh Handel,1440,c#|c++|javascript|python,no
23920167,Accessing Shadow DOM tree with Selenium,18,9,17919,https://stackoverflow.com/questions/23920167/accessing-shadow-dom-tree-with-selenium,2014-05-28 19:22:12,lambinator,8961,c#|java|javascript|python,no
2792728,When is it appropriate to use error codes?,18,10,3085,https://stackoverflow.com/questions/2792728/when-is-it-appropriate-to-use-error-codes,May 8 '10 at 2:34,Jim Hurne,6310,c|c#|c++|java,no
44341215,Behaviour of arr[i] = i++ and i = i + 1 statements in C and C++,18,5,1996,https://stackoverflow.com/questions/44341215/behaviour-of-arri-i-and-i-i-1-statements-in-c-and-c,2017-06-03 06:51:25,Jayesh,4193,c|c#|c++|java,no
1433632,Is there a Findbugs and / or PMD equivalent for C/C++? [closed],18,5,13026,https://stackoverflow.com/questions/1433632/is-there-a-findbugs-and-or-pmd-equivalent-for-c-c,2009-09-16 15:14:13,Bob Cross,21.6k,c|c#|c++|java,no
353039,How do I do high quality scaling of a image?,18,11,18254,https://stackoverflow.com/questions/353039/how-do-i-do-high-quality-scaling-of-a-image,2008-12-09 15:05:50,Patrick Hogan,1998,c|c#|c++|php,no
1635827,How would one implement Lazy Evaluation in C?,18,9,3448,https://stackoverflow.com/questions/1635827/how-would-one-implement-lazy-evaluation-in-c,Oct 28 '09 at 8:22,nubela,13.5k,c|c#|c++|python,no
29565312,Array bounds checks on 64-bit hardware using hardware memory-protection,18,2,580,https://stackoverflow.com/questions/29565312/array-bounds-checks-on-64-bit-hardware-using-hardware-memory-protection,2015-04-10 15:32:08,Raghupathy,706,c|c++|java|javascript,no
10564670,Is there any way to compile additional code at runtime in C or C++?,18,6,12141,https://stackoverflow.com/questions/10564670/is-there-any-way-to-compile-additional-code-at-runtime-in-c-or-c,2012-05-12 14:39:51,Matt,16.5k,c|c++|java|python,no
1750937,I need high performance. Will there be a difference if I use C or C++?,18,14,1744,https://stackoverflow.com/questions/1750937/i-need-high-performance-will-there-be-a-difference-if-i-use-c-or-c,2009-11-17 18:45:48,Itsik,3802,c|c++|java|python,no
7607865,Something like Apache Zookeeper with no java?,18,3,8744,https://stackoverflow.com/questions/7607865/something-like-apache-zookeeper-with-no-java,2011-09-30 08:34:00,Andrew McGregor,21.9k,c|c++|java|shell,no
551227,Deploying application with Python or another embedded scripting language,18,4,4707,https://stackoverflow.com/questions/551227/deploying-application-with-python-or-another-embedded-scripting-language,2009-02-15 17:12:33,John Smith,4137,c|c++|javascript|python,yes
873976,Fastest C/C++ image resizing library [closed],18,6,30386,https://stackoverflow.com/questions/873976/fastest-c-c-image-resizing-library,2009-05-17 05:46:29,The Unknown,16.6k,c|c++|php|python,no
16790520,Valgrind stack misses a function completely,18,3,1139,https://stackoverflow.com/questions/16790520/valgrind-stack-misses-a-function-completely,2013-05-28 11:08:35,Stasik,2380,c|c++|python|shell,no
79584,Are there any Parsing Expression Grammar (PEG) libraries for Javascript or PHP?,18,7,6464,https://stackoverflow.com/questions/79584/are-there-any-parsing-expression-grammar-peg-libraries-for-javascript-or-php,2008-09-17 03:15:37,Peter J. Wasilko,189,java|javascript|php|python,no
2283234,JavaScript interpretor in Bash,18,8,17035,https://stackoverflow.com/questions/2283234/javascript-interpretor-in-bash,2010-02-17 18:10:24,vivekian2,3227,java|javascript|python|shell,no
353226,Facial recognition/merging software [closed],17,8,12709,https://stackoverflow.com/questions/353226/facial-recognition-merging-software,2008-12-09 15:52:58,thr,17.5k,c#|c++|java|python,no
12342637,"C# equivalent for java arraylist supporting get, set and remove certain Index",17,2,20250,https://stackoverflow.com/questions/12342637/c-sharp-equivalent-for-java-arraylist-supporting-get-set-and-remove-certain-ind,Sep 9 '12 at 20:21,sajad,1765,c|c#|c++|java,no
1140509,How to Find All Callers of a Function in C++?,17,9,10496,https://stackoverflow.com/questions/1140509/how-to-find-all-callers-of-a-function-in-c,2009-07-16 21:46:05,James Thompson,41.6k,c|c#|c++|java,no
13440375,Invoking virtual method in constructor: difference between Java and C++,17,7,5315,https://stackoverflow.com/questions/13440375/invoking-virtual-method-in-constructor-difference-between-java-and-c,2012-11-18 13:07:11,Xiao Jia,3819,c|c#|c++|java,no
3962991,&&= and ||= operators [duplicate],17,6,3025,https://stackoverflow.com/questions/3962991/and-operators,2010-10-18 20:13:13,Armen Tsirunyan,116k,c|c#|c++|java,no
3766340,When do I need the Windows SDK and what is .NET for?,17,2,10294,https://stackoverflow.com/questions/3766340/when-do-i-need-the-windows-sdk-and-what-is-net-for,2010-09-22 04:34:50,Andrew Guenther,1194,c|c#|c++|java,no
22622332,One 'else' for nested 'if' statements,17,16,5553,https://stackoverflow.com/questions/22622332/one-else-for-nested-if-statements,2014-03-24 22:59:21,Micha¡Ö?,1832,c|c#|c++|java,no
646468,How to Rotate a 2D Array of Integers,17,7,16400,https://stackoverflow.com/questions/646468/how-to-rotate-a-2d-array-of-integers,2009-03-14 18:45:45,Brock Woolf,42.8k,c|c#|c++|javascript,no
44843282,"Why are the C# and ECMAScript ISO standards freely available, but not C/C++?",17,2,962,https://stackoverflow.com/questions/44843282/why-are-the-c-sharp-and-ecmascript-iso-standards-freely-available-but-not-c-c,2017-06-30 09:34:59,jotik,14.3k,c|c#|c++|javascript,no
6624503,Call Python from .NET,17,6,25133,https://stackoverflow.com/questions/6624503/call-python-from-net,Jul 8 '11 at 12:35,Tom,3443,c|c#|c++|python,yes
10264054,Assign variable in Java while-loop conditional?,17,4,46372,https://stackoverflow.com/questions/10264054/assign-variable-in-java-while-loop-conditional,Apr 21 '12 at 23:48,LiamRyan,1648,c|c++|java|php,no
1067236,C/C++ testing framework (like JUnit for java) [closed],17,15,19467,https://stackoverflow.com/questions/1067236/c-c-testing-framework-like-junit-for-java,2009-07-01 04:10:50,Milan,13.4k,c|c++|java|php,no
2855884,Use the right tool for the job: embedded programming,17,8,4174,https://stackoverflow.com/questions/2855884/use-the-right-tool-for-the-job-embedded-programming,2010-05-18 09:19:36,EmbeddedProg,797,c|c++|java|python,no
7451619,Is there a JavaScript (ECMAScript) implementation written in Python?,17,6,2669,https://stackoverflow.com/questions/7451619/is-there-a-javascript-ecmascript-implementation-written-in-python,2011-09-17 00:25:36,minhee,4829,c|c++|javascript|python,no
691476,Are singleline if statements or if statements without braces bad practice?,17,12,15652,https://stackoverflow.com/questions/691476/are-singleline-if-statements-or-if-statements-without-braces-bad-practice,Mar 27 '09 at 21:16,unrelativity,3502,c|c++|php|python,no
11000261,How to minify JS in PHP easily¡­Or something else,17,5,48228,https://stackoverflow.com/questions/11000261/how-to-minify-js-in-php-easily-or-something-else,2012-06-12 15:52:51,RickyAYoder,893,java|javascript|php|shell,yes
3121367,PHP script: malicious JavaScript code at the end,17,10,3658,https://stackoverflow.com/questions/3121367/php-script-malicious-javascript-code-at-the-end,2010-06-25 20:52:28,caw,28k,java|javascript|php|shell,yes
4837124,"Stroke Width Transform (SWT) implementation (Java, C#¡­) [closed]",16,2,22059,https://stackoverflow.com/questions/4837124/stroke-width-transform-swt-implementation-java-c,Jan 29 '11 at 13:32,user496607,432,c#|c++|java|python,no
14272425,Why continue to use getters with immutable objects?,16,8,2382,https://stackoverflow.com/questions/14272425/why-continue-to-use-getters-with-immutable-objects,2013-01-11 05:45:03,Alex DiCarlo,4713,c#|c++|java|python,no
4057688,Create automation macro support within an application,16,6,3794,https://stackoverflow.com/questions/4057688/create-automation-macro-support-within-an-application,2010-10-30 07:15:49,Samrat Patil,790,c#|c++|python|shell,no
4750455,When not to use Google Web Toolkit?,16,2,1846,https://stackoverflow.com/questions/4750455/when-not-to-use-google-web-toolkit,2011-01-20 17:29:31,Jas,1091,c#|java|javascript|php,no
16434389,Javascript and C# Cross Compiling and Conversion,16,3,13126,https://stackoverflow.com/questions/16434389/javascript-and-c-sharp-cross-compiling-and-conversion,2013-05-08 06:49:47,TheFlash,95.3k,c#|java|javascript|php,yes
8010691,Are programs written in Java for Android slower than equivalent written in C embedded into Objective-C for iOS?,16,6,10890,https://stackoverflow.com/questions/8010691/are-programs-written-in-java-for-android-slower-than-equivalent-written-in-c-emb,Nov 4 '11 at 14:23,psihodelia,25k,c|c#|c++|java,no
4110037,C/C++ Possible to get a ¡°list¡± of instance members by querying a class?,16,3,4912,https://stackoverflow.com/questions/4110037/c-c-possible-to-get-a-list-of-instance-members-by-querying-a-class,2010-11-05 21:00:26,,,c|c#|c++|java,no
98242,Post increment operator behavior [duplicate],16,10,2186,https://stackoverflow.com/questions/98242/post-increment-operator-behavior,2008-09-19 00:13:26,Benoit,33.5k,c|c#|c++|java,no
2145767,Why can't reference to child Class object refer to the parent Class object?,16,14,15716,https://stackoverflow.com/questions/2145767/why-cant-reference-to-child-class-object-refer-to-the-parent-class-object,2010-01-27 09:40:51,claws,44.6k,c|c#|c++|java,no
588884,Why do compilations take so long? [closed],16,8,3478,https://stackoverflow.com/questions/588884/why-do-compilations-take-so-long,2009-02-26 02:41:21,,,c|c#|c++|python,no
763656,Should we still be optimizing ¡°in the small¡±?,16,22,2654,https://stackoverflow.com/questions/763656/should-we-still-be-optimizing-in-the-small,2009-04-18 15:58:16,Mark Beckwith,1812,c|c++|java|php,no
158232,How do you compile OpenSSL for x64?,16,8,37455,https://stackoverflow.com/questions/158232/how-do-you-compile-openssl-for-x64,2008-10-01 15:30:18,kgriffs,3775,c|c++|java|php,no
9035754,Library for gradient boosting tree,16,5,9380,https://stackoverflow.com/questions/9035754/library-for-gradient-boosting-tree,Jan 27 '12 at 15:30,Michal Illich,1705,c|c++|java|python,no
18647590,Linker Script - Placing a section at the end of a memory region,16,5,11816,https://stackoverflow.com/questions/18647590/linker-script-placing-a-section-at-the-end-of-a-memory-region,2013-09-05 23:33:54,nonsensickle,3980,c|c++|javascript|shell,no
1019707,Sandboxing in Linux,16,12,6533,https://stackoverflow.com/questions/1019707/sandboxing-in-linux,Jun 19 '09 at 19:35,oggy,1785,c|c++|php|python,no
3040904,Save JSON outputted from a URL to a file,16,7,35927,https://stackoverflow.com/questions/3040904/save-json-outputted-from-a-url-to-a-file,2010-06-14 21:03:15,Skizit,35.1k,java|php|python|shell,no
2920044,How can you generate the same MD5 Hashcode in C# and Java?,15,4,25569,https://stackoverflow.com/questions/2920044/how-can-you-generate-the-same-md5-hashcode-in-c-sharp-and-java,May 27 '10 at 9:51,user29964,14.6k,c#|c++|java|php,no
1500584,Performance difference between C++ and C# for mathematics,15,9,7546,https://stackoverflow.com/questions/1500584/performance-difference-between-c-and-c-sharp-for-mathematics,2009-09-30 20:50:30,Steve,10.9k,c#|c++|java|php,no
11802505,How to share business concepts across different programming languages?,15,7,1042,https://stackoverflow.com/questions/11802505/how-to-share-business-concepts-across-different-programming-languages,2012-08-03 20:01:11,Lev,687,c#|c++|php|python,yes
5698649,What is Microsoft's GWT solution for .NET? [closed],15,4,11447,https://stackoverflow.com/questions/5698649/what-is-microsofts-gwt-solution-for-net,2011-04-18 04:53:11,orad,11.8k,c#|java|javascript|php,no
561588,"What is more efficient, i++ or ++i? [duplicate]",15,20,21729,https://stackoverflow.com/questions/561588/what-is-more-efficient-i-or-i,2009-02-18 15:42:42,Berek Bryan,10.3k,c++|java|javascript|php,no
5207948,Click on a javascript link within python?,15,3,11508,https://stackoverflow.com/questions/5207948/click-on-a-javascript-link-within-python,2011-03-06 01:06:14,Lostsoul,20.1k,c++|java|javascript|python,no
4591994,What front-end and back-end technologies do Google and Facebook use? [closed],15,7,16638,https://stackoverflow.com/questions/4591994/what-front-end-and-back-end-technologies-do-google-and-facebook-use,2011-01-04 09:08:27,Famver Tags,1910,c++|java|php|python,no
600651,What is the difference between passing by reference in Java and passing a pointer in C?,15,10,4110,https://stackoverflow.com/questions/600651/what-is-the-difference-between-passing-by-reference-in-java-and-passing-a-pointe,Mar 1 '09 at 22:16,Ziggy,19.7k,c|c#|c++|java,no
5958767,is ¡°Double-Checked Locking is Broken¡± a java-only thing?,15,5,1076,https://stackoverflow.com/questions/5958767/is-double-checked-locking-is-broken-a-java-only-thing,May 11 '11 at 3:01,Pacerier,71.1k,c|c#|c++|java,no
9936011,"If a function returns no value, with a valid return type, is it okay to for the compiler to return garbage?",15,4,7885,https://stackoverflow.com/questions/9936011/if-a-function-returns-no-value-with-a-valid-return-type-is-it-okay-to-for-the,2012-03-30 01:58:28,howtechstuffworks,1505,c|c#|c++|java,no
8557105,How to unset a specific bit in an integer,15,6,23628,https://stackoverflow.com/questions/8557105/how-to-unset-a-specific-bit-in-an-integer,2011-12-19 04:31:32,user705414,16.8k,c|c#|c++|java,no
2082159,How to export C# methods?,15,4,6511,https://stackoverflow.com/questions/2082159/how-to-export-c-sharp-methods,Jan 17 '10 at 18:49,aF.,55.4k,c|c#|c++|python,no
918359,My python program executes faster than my java version of the same program. What gives?,15,20,3452,https://stackoverflow.com/questions/918359/my-python-program-executes-faster-than-my-java-version-of-the-same-program-what,2009-05-27 22:48:42,Blaine Osepchuk,917,c|c++|java|python,no
5419698,What alternative syntax exist for C/C++? (think SPECS or Mirah),15,5,2649,https://stackoverflow.com/questions/5419698/what-alternative-syntax-exist-for-c-c-think-specs-or-mirah,2011-03-24 13:11:12,Erik Engheim,6767,c|c++|java|python,no
5367214,Any simple VAD implementation?,15,3,11329,https://stackoverflow.com/questions/5367214/any-simple-vad-implementation,2011-03-20 07:07:25,Gilad Novik,4196,c|c++|java|python,no
3912298,"Writing a library with C and C++ interfaces, which way to wrap?",15,9,7274,https://stackoverflow.com/questions/3912298/writing-a-library-with-c-and-c-interfaces-which-way-to-wrap,2010-10-12 07:00:21,Jack Kelly,16.6k,c|c++|java|python,no
5975677,What is the best log file format? [closed],15,4,5628,https://stackoverflow.com/questions/5975677/what-is-the-best-log-file-format,2011-05-12 09:02:38,icespace,911,c|c++|java|python,no
640657,What's the difference between C and C++ [closed],15,11,8640,https://stackoverflow.com/questions/640657/whats-the-difference-between-c-and-c,2009-03-12 21:56:08,Dinah,47.3k,c|c++|java|shell,no
20421002,Passing a C++ function to a javascript function in emscripten,15,3,2515,https://stackoverflow.com/questions/20421002/passing-a-c-function-to-a-javascript-function-in-emscripten,2013-12-06 09:59:03,Markus Pilman,2958,c|c++|javascript|php,yes
2941662,creating PHP C/C++ extension modules using SWIG,15,1,1339,https://stackoverflow.com/questions/2941662/creating-php-c-c-extension-modules-using-swig,2010-05-31 06:05:23,morpheous,13.5k,c|c++|php|python,yes
14845491,Emulating a browser to download a file?,15,11,10534,https://stackoverflow.com/questions/14845491/emulating-a-browser-to-download-a-file,Feb 13 '13 at 2:31,showkey,1249,javascript|php|python|shell,no
12594330,JavaFX 2.0 and Qt for cross-platform application,14,5,19294,https://stackoverflow.com/questions/12594330/javafx-2-0-and-qt-for-cross-platform-application,2012-09-26 03:55:37,FooBar,234,c#|c++|java|javascript,no
931502,gaming with c++ or c#? [closed],14,7,18731,https://stackoverflow.com/questions/931502/gaming-with-c-or-c,2009-05-31 06:50:39,Sherif,1110,c#|c++|java|javascript,no
2028298,"What is null in c#, java?",14,9,3323,https://stackoverflow.com/questions/2028298/what-is-null-in-c-java,Jan 8 '10 at 14:51,argh,875,c#|c++|java|php,no
2206844,"Should I use ¡°this¡± to call class properties, members, or methods?",14,15,859,https://stackoverflow.com/questions/2206844/should-i-use-this-to-call-class-properties-members-or-methods,2010-02-05 11:33:09,Benny Jobigan,4429,c#|c++|java|python,no
983399,Create a GUI from a XML schema automatically,14,7,17838,https://stackoverflow.com/questions/983399/create-a-gui-from-a-xml-schema-automatically,2009-06-11 20:14:44,,,c#|c++|java|python,no
33761469,Sending file together with form data via ajax post,14,3,52963,https://stackoverflow.com/questions/33761469/sending-file-together-with-form-data-via-ajax-post,2015-11-17 15:59:13,Akshay,2206,c#|java|javascript|php,yes
2050470,PHP __call equivalent for java,14,5,6261,https://stackoverflow.com/questions/2050470/php-call-equivalent-for-java,Jan 12 '10 at 16:28,Thizzer,14.2k,c#|java|php|python,no
7122723,Will the Compiler Optimize this out,14,7,2895,https://stackoverflow.com/questions/7122723/will-the-compiler-optimize-this-out,Aug 19 '11 at 14:02,MetallicPriest,24.2k,c|c#|c++|java,no
16379143,Check if application is installed in registry,14,6,27749,https://stackoverflow.com/questions/16379143/check-if-application-is-installed-in-registry,May 4 '13 at 21:28,Hyperion,665,c|c#|c++|java,no
2535516,How are delegates in C# better than function pointers in C/C++?,14,4,6750,https://stackoverflow.com/questions/2535516/how-are-delegates-in-c-sharp-better-than-function-pointers-in-c-c,Mar 29 '10 at 2:39,pecker,1747,c|c#|c++|java,no
11758809,What is the optimal algorithm for generating an unbiased random integer within a range?,14,7,5655,https://stackoverflow.com/questions/11758809/what-is-the-optimal-algorithm-for-generating-an-unbiased-random-integer-within-a,2012-08-01 12:05:04,Desmond Hume,6134,c|c#|c++|java,no
19808610,"Android NDK, keeping live C++ objects",14,3,4753,https://stackoverflow.com/questions/19808610/android-ndk-keeping-live-c-objects,2013-11-06 09:44:33,Spook,21.9k,c|c#|c++|java,no
9516926,++i operator difference in C# and C++,14,4,1087,https://stackoverflow.com/questions/9516926/i-operator-difference-in-c-sharp-and-c,2012-03-01 13:18:23,shift66,10.5k,c|c#|c++|java,no
36404736,"Why can a void method in C++ return a void value, but in other languages it cannot?",14,2,651,https://stackoverflow.com/questions/36404736/why-can-a-void-method-in-c-return-a-void-value-but-in-other-languages-it-cann,2016-04-04 13:57:46,Sjoerd,167,c|c#|c++|java,no
19923352,What's the difference of the usage of volatile between C/C++ and C#/Java?,14,3,5889,https://stackoverflow.com/questions/19923352/whats-the-difference-of-the-usage-of-volatile-between-c-c-and-c-java,Nov 12 '13 at 7:31,Thomson,16.8k,c|c#|c++|java,no
5738448,Is float slower than double? Does 64 bit program run faster than 32 bit program?,14,6,5668,https://stackoverflow.com/questions/5738448/is-float-slower-than-double-does-64-bit-program-run-faster-than-32-bit-program,Apr 21 '11 at 1:14,Boba Fet,143,c|c#|c++|java,no
12644437,PHP Encrypt and Windows Decrypt,14,3,3535,https://stackoverflow.com/questions/12644437/php-encrypt-and-windows-decrypt,2012-09-28 17:09:30,Michael Chourdakis,8356,c|c#|c++|php,yes
3162108,A better way to split a string into an array of strings in C/C++ using whitespace as a delimiter,14,7,5434,https://stackoverflow.com/questions/3162108/a-better-way-to-split-a-string-into-an-array-of-strings-in-c-c-using-whitespac,2010-07-01 22:21:48,Hamish Grubijan,9514,c|c#|c++|python,no
4002049,Simple library or implementation for a mathematical expression evaluator [closed],14,7,3112,https://stackoverflow.com/questions/4002049/simple-library-or-implementation-for-a-mathematical-expression-evaluator,2010-10-23 01:44:28,Biwier,367,c|c#|c++|python,no
3581059,Windows Kiosk App,14,5,6738,https://stackoverflow.com/questions/3581059/windows-kiosk-app,Aug 27 '10 at 3:05,Darthg8r,10.2k,c|c#|c++|shell,no
12866172,"Is there a Hello World example for the Google Contacts API in Java, C#, Python or Ruby?",14,1,3428,https://stackoverflow.com/questions/12866172/is-there-a-hello-world-example-for-the-google-contacts-api-in-java-c-python-o,Oct 12 '12 at 19:55,Lernkurve,15.8k,c|c#|java|python,no
9007693,Call C++ library from Java in Android,14,4,13689,https://stackoverflow.com/questions/9007693/call-c-library-from-java-in-android,2012-01-25 18:00:19,Agnel Kurian,52k,c|c++|java|php,yes
3097466,Using NumPy and Cpython with Jython,14,5,18262,https://stackoverflow.com/questions/3097466/using-numpy-and-cpython-with-jython,2010-06-22 21:59:03,gappy,9437,c|c++|java|python,yes
842075,Practical GUI toolkit?,14,11,3049,https://stackoverflow.com/questions/842075/practical-gui-toolkit,2009-05-08 22:25:43,davidhalldor,297,c|c++|java|python,no
8717653,"Computer vision, C++ OR Java",14,6,7475,https://stackoverflow.com/questions/8717653/computer-vision-c-or-java,2012-01-03 19:36:10,adhg,8097,c|c++|java|python,no
4846080,How can I effectively debug C code that's wrapped with JNI in Eclipse? (Android Dev),14,2,13178,https://stackoverflow.com/questions/4846080/how-can-i-effectively-debug-c-code-thats-wrapped-with-jni-in-eclipse-android,Jan 30 '11 at 22:44,Brian D,8183,c|c++|java|shell,no
30573481,path include and src directory makefile,14,3,23267,https://stackoverflow.com/questions/30573481/path-include-and-src-directory-makefile,2015-06-01 12:27:03,iBeyondPower,157,c|c++|javascript|shell,no
14830611,to system() or fork()/exec()?,14,4,21759,https://stackoverflow.com/questions/14830611/to-system-or-fork-exec,2013-02-12 10:42:22,Sparky,2186,c|c++|python|shell,no
21559851,Bitcoin address form validation JavaScript and PHP,14,6,18145,https://stackoverflow.com/questions/21559851/bitcoin-address-form-validation-javascript-and-php,2014-02-04 17:57:12,tim peterson,21.2k,c|javascript|php|python,no
1472128,Advantages of using Rhino (mozilla's rhino),14,5,4114,https://stackoverflow.com/questions/1472128/advantages-of-using-rhino-mozillas-rhino,2009-09-24 14:37:15,Santi,4100,java|javascript|python|shell,no
2328230,How much leeway do I have to leave myself to learn a new language?,13,12,616,https://stackoverflow.com/questions/2328230/how-much-leeway-do-i-have-to-leave-myself-to-learn-a-new-language,2010-02-24 17:53:26,charlie,455,c#|c++|java|python,no
6303896,Magic Methods in JavaScript [duplicate],13,0,17801,https://stackoverflow.com/questions/6303896/magic-methods-in-javascript,2011-06-10 08:34:51,metaforce,1207,c#|javascript|php|python,no
791186,Differences between Java and C# and .NET [closed],13,4,1135,https://stackoverflow.com/questions/791186/differences-between-java-and-c-sharp-and-net,Apr 26 '09 at 16:56,Richard,601,c|c#|c++|java,no
34579264,Do the C# and Java specifications spell out the same behavior on signed integer overflow?,13,1,244,https://stackoverflow.com/questions/34579264/do-the-c-sharp-and-java-specifications-spell-out-the-same-behavior-on-signed-int,Jan 3 '16 at 17:13,Theodoros Chatzigiannakis,26.3k,c|c#|c++|java,no
2741522,How do you mentally handle going from writing managed to non-managed code?,13,12,581,https://stackoverflow.com/questions/2741522/how-do-you-mentally-handle-going-from-writing-managed-to-non-managed-code,2010-04-29 23:59:55,Glenn Sandoval,223,c|c#|c++|java,no
47978171,How to do multiprocessing using Python for .NET on Windows?,13,1,1265,https://stackoverflow.com/questions/47978171/how-to-do-multiprocessing-using-python-for-net-on-windows,Dec 26 '17 at 11:44,sfb,133,c|c#|c++|python,yes
10440323,Recommendations for C/C++ remote message queues,13,6,14364,https://stackoverflow.com/questions/10440323/recommendations-for-c-c-remote-message-queues,2012-05-03 22:44:36,Randall Cook,6222,c|c#|c++|python,no
306212,What Happened To Java (Specifically The Language)? [closed],13,7,2224,https://stackoverflow.com/questions/306212/what-happened-to-java-specifically-the-language,Nov 20 '08 at 17:50,Ben Aston,42.9k,c|c#|java|python,no
17393757,How to retrieve the first decimal digit of number efficiently,13,13,24221,https://stackoverflow.com/questions/17393757/how-to-retrieve-the-first-decimal-digit-of-number-efficiently,2013-06-30 18:53:58,mohit,4118,c|c++|java|javascript,no
229671,C for loop implemented differently than other languages?,13,11,2524,https://stackoverflow.com/questions/229671/c-for-loop-implemented-differently-than-other-languages,2008-10-23 13:16:52,Tristan Havelick,55.4k,c|c++|java|javascript,no
8018843,Macro definition ARRAY_SIZE,13,5,22161,https://stackoverflow.com/questions/8018843/macro-definition-array-size,2011-11-05 07:39:41,Lei Mou,2382,c|c++|java|python,no
2701539,Crash the program with cmd line args,13,5,1070,https://stackoverflow.com/questions/2701539/crash-the-program-with-cmd-line-args,2010-04-23 19:47:10,Quixotic,2296,c|c++|java|python,no
8748,Should I move from C++ to Python? ¡­ Or another language? [closed],13,13,9523,https://stackoverflow.com/questions/8748/should-i-move-from-c-to-python-or-another-language,2008-08-12 12:24:41,Jarod Elliott,14.3k,c|c++|java|python,no
1082953,shlex alternative for Java,13,3,1169,https://stackoverflow.com/questions/1082953/shlex-alternative-for-java,Jul 4 '09 at 20:52,Geo,81.5k,c|java|python|shell,no
39853185,Custom headers for WebSocket JS,13,2,8227,https://stackoverflow.com/questions/39853185/custom-headers-for-websocket-js,2016-10-04 13:07:32,maxxdev,281,java|javascript|php|python,no
8576823,Can MongoDB and its drivers preserve the ordering of document elements,13,4,4787,https://stackoverflow.com/questions/8576823/can-mongodb-and-its-drivers-preserve-the-ordering-of-document-elements,2011-12-20 14:17:41,Adrian Ratnapala,4909,javascript|php|python|shell,no
38395045,Stream audio from PC to smartphones?,12,5,1467,https://stackoverflow.com/questions/38395045/stream-audio-from-pc-to-smartphones,Jul 15 '16 at 11:30,ErikBrandsma,1147,c#|c++|java|javascript,no
1919372,Nested Methods? Why are they useful? [closed],12,8,7088,https://stackoverflow.com/questions/1919372/nested-methods-why-are-they-useful,Dec 17 '09 at 4:02,Bob Dylan,3983,c#|java|php|python,no
4752574,Python as a web scripting language?,12,7,14290,https://stackoverflow.com/questions/4752574/python-as-a-web-scripting-language,Jan 20 '11 at 21:06,Blender,244k,c++|java|php|python,no
2901490,Speed up math code in C# by writing a C dll?,12,12,2346,https://stackoverflow.com/questions/2901490/speed-up-math-code-in-c-sharp-by-writing-a-c-dll,May 25 '10 at 1:47,Projectile Fish,885,c|c#|c++|java,yes
6923264,Difference in volatile in C# and C,12,2,1108,https://stackoverflow.com/questions/6923264/difference-in-volatile-in-c-sharp-and-c,Aug 3 '11 at 7:46,,,c|c#|c++|java,no
8424684,Optimistic reads and Locking STM (Software Transactional Memory) with C/C++,12,1,970,https://stackoverflow.com/questions/8424684/optimistic-reads-and-locking-stm-software-transactional-memory-with-c-c,2011-12-08 00:34:02,Jason,29.4k,c|c#|c++|java,no
20338779,Simple assignment coming up with wrong value,12,3,409,https://stackoverflow.com/questions/20338779/simple-assignment-coming-up-with-wrong-value,2013-12-02 21:58:25,Steve Prentice,20.3k,c|c#|c++|java,no
68042,How do I convert jstring to wchar_t *,12,10,19128,https://stackoverflow.com/questions/68042/how-do-i-convert-jstring-to-wchar-t,2008-09-15 23:51:29,,,c|c#|c++|java,no
9002790,why main method in c# is always placed inside the class but not in c++,12,6,4193,https://stackoverflow.com/questions/9002790/why-main-method-in-c-sharp-is-always-placed-inside-the-class-but-not-in-c,2012-01-25 12:33:17,r_rohit,131,c|c#|c++|java,no
2285864,Why is .NET faster than C++ in this case?,12,13,3054,https://stackoverflow.com/questions/2285864/why-is-net-faster-than-c-in-this-case,2010-02-18 02:16:06,,,c|c#|c++|java,no
1633779,Moving development from Windows to Linux,12,10,1662,https://stackoverflow.com/questions/1633779/moving-development-from-windows-to-linux,2009-10-27 21:27:00,dutt,6675,c|c#|c++|java,no
4547163,C++ to C Wrapper using SWIG (for FLTK),12,1,3697,https://stackoverflow.com/questions/4547163/c-to-c-wrapper-using-swig-for-fltk,2010-12-28 15:35:40,Artem,205,c|c#|c++|python,yes
49065313,OpenCV digits merging into surrounding boxes,12,3,726,https://stackoverflow.com/questions/49065313/opencv-digits-merging-into-surrounding-boxes,2018-03-02 08:29:24,MetalloyD,1957,c|c#|c++|python,no
9066765,Is it acceptable to use exceptions instead of verbose null-checks?,12,9,653,https://stackoverflow.com/questions/9066765/is-it-acceptable-to-use-exceptions-instead-of-verbose-null-checks,Jan 30 '12 at 16:00,Mister Smith,23.7k,c|c#|java|python,no
2638664,Is there any free OCaml to C translator? [closed],12,4,6543,https://stackoverflow.com/questions/2638664/is-there-any-free-ocaml-to-c-translator,2010-04-14 15:22:53,Rella,56.4k,c|c++|java|javascript,no
7060091,How long does SHA-1 take to create hashes?,12,3,9242,https://stackoverflow.com/questions/7060091/how-long-does-sha-1-take-to-create-hashes,2011-08-14 22:18:31,Test Tester,1249,c|c++|java|php,no
1855320,What is the best way to call Java code from Python?,12,3,8798,https://stackoverflow.com/questions/1855320/what-is-the-best-way-to-call-java-code-from-python,2009-12-06 12:54:15,Martha Yi,5327,c|c++|java|python,yes
54952245,how to use c++ code in flutter (android) application?,12,1,8113,https://stackoverflow.com/questions/54952245/how-to-use-c-code-in-flutter-android-application,2019-03-01 21:01:18,Endy Berm¡Ì¡Òdez R,141,c|c++|java|python,no
25049338,Python with Numpy/Scipy vs. Pure C++ for Big Data Analysis [closed],12,3,15215,https://stackoverflow.com/questions/25049338/python-with-numpy-scipy-vs-pure-c-for-big-data-analysis,2014-07-31 00:58:13,warship,2385,c|c++|java|python,no
19181984,Cython VS C++ Performance Comparison? [closed],12,1,12512,https://stackoverflow.com/questions/19181984/cython-vs-c-performance-comparison,2013-10-04 13:06:39,ChangeMyName,4286,c|c++|java|python,no
2121617,Can Someone Explain Threads to Me? [closed],12,10,3195,https://stackoverflow.com/questions/2121617/can-someone-explain-threads-to-me,2010-01-23 01:06:04,Orm,457,c|c++|java|python,no
45197124,Android OpenGLES Rendering using C++ and Java,12,2,954,https://stackoverflow.com/questions/45197124/android-opengles-rendering-using-c-and-java,2017-07-19 17:19:59,Hakes,601,c|c++|java|shell,yes
5500522,How to prepend to a file (add at the top),12,8,2520,https://stackoverflow.com/questions/5500522/how-to-prepend-to-a-file-add-at-the-top,2011-03-31 13:21:14,Roman Lu¡Ö¡ãtrik,62k,c|c++|java|shell,no
2070951,main function does not return anything. Why? [duplicate],12,8,4628,https://stackoverflow.com/questions/2070951/main-function-does-not-return-anything-why,2010-01-15 10:59:28,gameover,10.4k,c|c++|java|shell,no
27596116,What does (~0L) mean?,12,2,61528,https://stackoverflow.com/questions/27596116/what-does-0l-mean,2014-12-22 03:12:35,Noitidart,28.5k,c|c++|javascript|python,no
24713283,How to find in my program a ¡°const char* + int¡± expression,12,9,1371,https://stackoverflow.com/questions/24713283/how-to-find-in-my-program-a-const-char-int-expression,2014-07-12 13:10:14,vz0,29.3k,c|c++|php|python,no
10126134,error compiling: linux/module.h: No such file or directory,12,5,44417,https://stackoverflow.com/questions/10126134/error-compiling-linux-module-h-no-such-file-or-directory,2012-04-12 14:53:37,Uzair Farooq,897,c|c++|php|shell,no
47599162,pybind11: how to package c++ and python code into a single package?,12,2,4614,https://stackoverflow.com/questions/47599162/pybind11-how-to-package-c-and-python-code-into-a-single-package,2017-12-01 18:11:44,seninp,602,c|c++|python|shell,yes
2384314,List of evented / asynchronous languages,12,4,4052,https://stackoverflow.com/questions/2384314/list-of-evented-asynchronous-languages,2010-03-05 03:07:00,Sean Clark Hess,13.8k,c|java|javascript|python,no
8045630,Alternatives to php for in-line web programming?,12,5,7779,https://stackoverflow.com/questions/8045630/alternatives-to-php-for-in-line-web-programming,Nov 8 '11 at 3:32,Ming,1468,java|javascript|php|python,no
462184,Open source minimal web server? [closed],11,13,18127,https://stackoverflow.com/questions/462184/open-source-minimal-web-server,2009-01-20 17:09:40,Tim,19.3k,c#|c++|java|javascript,no
5975606,PHP and ESB (with Mule) (ESB: Enterprise Service Bus),11,4,8456,https://stackoverflow.com/questions/5975606/php-and-esb-with-mule-esb-enterprise-service-bus,May 12 '11 at 8:53,Raffael,16.8k,c#|c++|java|php,no
21282318,Java Vs C#: Java and C# subclasses with method overrides output different results in same scenario,11,2,404,https://stackoverflow.com/questions/21282318/java-vs-c-java-and-c-sharp-subclasses-with-method-overrides-output-different-r,Jan 22 '14 at 11:58,Faizan Mubasher,3476,c#|c++|java|php,no
3621297,How to deal with Python ~ static typing? [closed],11,7,1998,https://stackoverflow.com/questions/3621297/how-to-deal-with-python-static-typing,2010-09-01 19:07:32,Etam,4189,c#|c++|java|python,no
4149086,Python-style pickling for C++?,11,5,2981,https://stackoverflow.com/questions/4149086/python-style-pickling-for-c,2010-11-10 21:07:54,Roni Choudhury,113,c#|c++|java|python,no
1114447,How to use C#-like attributes in C++,11,9,5756,https://stackoverflow.com/questions/1114447/how-to-use-c-like-attributes-in-c,2009-07-11 19:17:51,changelog,4566,c#|c++|java|python,no
7473202,Dynamic code execution on WinRT in Windows 8 (either C++ or .NET/C#)?,11,9,8295,https://stackoverflow.com/questions/7473202/dynamic-code-execution-on-winrt-in-windows-8-either-c-or-net-c,2011-09-19 15:16:59,Jeremy Bell,5036,c#|c++|javascript|python,no
7605217,Java's MessageDigest SHA1-algorithm returns different result than SHA1-function of php,11,4,26292,https://stackoverflow.com/questions/7605217/javas-messagedigest-sha1-algorithm-returns-different-result-than-sha1-function,Sep 30 '11 at 1:54,Igor,1183,c#|java|javascript|php,no
732476,Django or Ruby on Rails [closed],11,16,6284,https://stackoverflow.com/questions/732476/django-or-ruby-on-rails,Apr 9 '09 at 1:33,NathanD,7361,c#|java|php|python,no
7005597,How do you use the standard library in IronPython?,11,3,6718,https://stackoverflow.com/questions/7005597/how-do-you-use-the-standard-library-in-ironpython,Aug 10 '11 at 3:35,Doug,23.3k,c#|java|python|shell,no
3839216,how to write a desktop application which uses HTML and CSS for user interface and python/perl/c++/java for the processing?,11,10,4412,https://stackoverflow.com/questions/3839216/how-to-write-a-desktop-application-which-uses-html-and-css-for-user-interface-an,2010-10-01 12:41:40,balki,21.1k,c++|java|javascript|python,yes
25766861,Increase C++ regex replace performance,11,2,1901,https://stackoverflow.com/questions/25766861/increase-c-regex-replace-performance,2014-09-10 13:33:46,user1219263,124,c++|php|python|shell,no
14794196,Creating struct like data structure in Java,11,3,74435,https://stackoverflow.com/questions/14794196/creating-struct-like-data-structure-in-java,Feb 10 '13 at 2:48,bardockyo,1305,c|c#|c++|java,no
138355,Calling .NET assembly from Java: JVM crashes,11,4,14886,https://stackoverflow.com/questions/138355/calling-net-assembly-from-java-jvm-crashes,Sep 26 '08 at 8:55,Kcats,864,c|c#|c++|java,yes
16582677,Why can I define a function in another function?,11,4,559,https://stackoverflow.com/questions/16582677/why-can-i-define-a-function-in-another-function,2013-05-16 08:37:02,Ezio,917,c|c#|c++|java,no
3383817,Limit floating point precision?,11,9,41951,https://stackoverflow.com/questions/3383817/limit-floating-point-precision,2010-08-01 21:29:09,jmasterx,45.6k,c|c#|c++|java,no
2667648,What does it mean to be ¡°terminated by a zero¡±?,11,7,2048,https://stackoverflow.com/questions/2667648/what-does-it-mean-to-be-terminated-by-a-zero,2010-04-19 13:17:39,numerical25,9632,c|c#|c++|java,no
1712562,Isn't there a point where encapsulation gets ridiculous?,11,13,1486,https://stackoverflow.com/questions/1712562/isnt-there-a-point-where-encapsulation-gets-ridiculous,2009-11-11 02:12:26,y2k,55.1k,c|c#|c++|java,no
9498381,C++ Rvalue references and move semantics,11,6,3622,https://stackoverflow.com/questions/9498381/c-rvalue-references-and-move-semantics,2012-02-29 11:35:34,MetallicPriest,24.4k,c|c#|c++|java,no
7876594,"String vs byte array, Performance",11,2,7833,https://stackoverflow.com/questions/7876594/string-vs-byte-array-performance,2011-10-24 13:46:37,user997112,23.5k,c|c#|c++|java,no
4334339,Disadvantages to using lots of if statements,11,9,7282,https://stackoverflow.com/questions/4334339/disadvantages-to-using-lots-of-if-statements,2010-12-02 11:17:54,Chris,113,c|c#|c++|java,no
1009778,"Eye-Tracking library in C#, C/C++ or Objective-C [closed]",11,2,7628,https://stackoverflow.com/questions/1009778/eye-tracking-library-in-c-c-c-or-objective-c,2009-06-17 22:09:45,Mac,2577,c|c#|c++|php,no
4743559,How to execute child console programs without showing the console window from the Win32 GUI program?,11,1,11343,https://stackoverflow.com/questions/4743559/how-to-execute-child-console-programs-without-showing-the-console-window-from-th,2011-01-20 04:51:57,9dan,3978,c|c#|c++|shell,no
39041536,Calling a java method in Node js,11,3,8890,https://stackoverflow.com/questions/39041536/calling-a-java-method-in-node-js,2016-08-19 14:27:37,User146378,187,c|c++|java|javascript,yes
18217739,what is the c/c++ virtual machine referred to in the asm.js spec,11,1,478,https://stackoverflow.com/questions/18217739/what-is-the-c-c-virtual-machine-referred-to-in-the-asm-js-spec,2013-08-13 19:38:56,James Cat,235,c|c++|java|javascript,no
624749,Running Java on a Web Server,11,5,18331,https://stackoverflow.com/questions/624749/running-java-on-a-web-server,Mar 9 '09 at 1:45,Vincent,335,c|c++|java|php,yes
4073119,Topological Sort with Grouping,11,2,3534,https://stackoverflow.com/questions/4073119/topological-sort-with-grouping,2010-11-01 21:16:41,Mr. Llama,17.9k,c|c++|java|php,no
5126346,What kind of things can be done with Java but not Python?,11,4,10729,https://stackoverflow.com/questions/5126346/what-kind-of-things-can-be-done-with-java-but-not-python,2011-02-26 10:26:28,kakarukeys,14.5k,c|c++|java|python,no
30308490,JNI wrapper for C function using SWIG - what should be the typemap?,11,1,1391,https://stackoverflow.com/questions/30308490/jni-wrapper-for-c-function-using-swig-what-should-be-the-typemap,May 18 '15 at 16:32,jojek,776,c|c++|java|python,yes
4009737,Library for audio resampling,11,2,14870,https://stackoverflow.com/questions/4009737/library-for-audio-resampling,2010-10-24 18:35:06,lornova,5601,c|c++|java|python,no
1801459,Algorithm - How to delete duplicate elements in a list efficiently?,11,16,18542,https://stackoverflow.com/questions/1801459/algorithm-how-to-delete-duplicate-elements-in-a-list-efficiently,2009-11-26 03:59:32,psihodelia,25.2k,c|c++|java|python,no
7720731,Is there any enhanced gdb console for Eclipse?,11,2,1047,https://stackoverflow.com/questions/7720731/is-there-any-enhanced-gdb-console-for-eclipse,2011-10-11 02:14:45,solotim,1624,c|c++|java|shell,no
1665015,How to handle changing data structures on program version update?,11,9,4501,https://stackoverflow.com/questions/1665015/how-to-handle-changing-data-structures-on-program-version-update,2009-11-03 03:12:01,Mawg says reinstate Monica,33.1k,c|c++|php|python,no
304393,How do I create a sqllite3 in-memory database?,11,3,4071,https://stackoverflow.com/questions/304393/how-do-i-create-a-sqllite3-in-memory-database,2008-11-20 05:16:51,David Nehme,20.3k,c|c++|php|python,no
11840022,Is it possible to programmatically convert SQLite database to SQL statements in C/C++?,11,3,2984,https://stackoverflow.com/questions/11840022/is-it-possible-to-programmatically-convert-sqlite-database-to-sql-statements-in,2012-08-07 05:53:26,dlanod,7375,c|c++|python|shell,no
2966618,C++ code generation with Python,11,8,19080,https://stackoverflow.com/questions/2966618/c-code-generation-with-python,2010-06-03 13:57:43,user357525,111,c|c++|python|shell,yes
438594,How to call java objects and functions from CPython?,11,6,8654,https://stackoverflow.com/questions/438594/how-to-call-java-objects-and-functions-from-cpython,2009-01-13 10:49:01,nosklo,181k,c|java|python|shell,yes
3970290,Java OR PHP Server Side Web App and Why? [closed],11,8,16874,https://stackoverflow.com/questions/3970290/java-or-php-server-side-web-app-and-why,Oct 19 '10 at 16:02,Chris ,831,java|javascript|php|python,no
25214473,Disable images in Selenium Python,11,4,12757,https://stackoverflow.com/questions/25214473/disable-images-in-selenium-python,2014-08-09 01:42:37,Jack,467,java|javascript|php|python,no
36762098,"How to decrypt password from JavaScript CryptoJS.AES.encrypt(password, passphrase) in Python",11,1,7418,https://stackoverflow.com/questions/36762098/how-to-decrypt-password-from-javascript-cryptojs-aes-encryptpassword-passphras,2016-04-21 07:05:47,Bing,329,java|javascript|php|python,yes
4761293,PHP vs. JavaScript switch indentation,11,8,2653,https://stackoverflow.com/questions/4761293/php-vs-javascript-switch-indentation,2011-01-21 16:36:50,claviska,11.6k,java|javascript|php|python,no
2726551,Call Python From PHP And Get Return Code,11,2,20033,https://stackoverflow.com/questions/2726551/call-python-from-php-and-get-return-code,Apr 28 '10 at 2:59,seaboy,143,java|php|python|shell,yes
5631600,Executing unix shell commands using PHP,11,7,36112,https://stackoverflow.com/questions/5631600/executing-unix-shell-commands-using-php,Apr 12 '11 at 7:09,user478636,3064,java|php|python|shell,yes
48552343,How can I execute a python script from an html button?,11,8,99617,https://stackoverflow.com/questions/48552343/how-can-i-execute-a-python-script-from-an-html-button,2018-01-31 22:14:41,Justin Smith,161,javascript|php|python|shell,no
1475914,Multi language testing framework,10,9,1067,https://stackoverflow.com/questions/1475914/multi-language-testing-framework,Sep 25 '09 at 7:35,Santiago Cepas,3812,c#|c++|java|python,no
10156388,What are the alternatives to ZeroMQ for moving protocol buffer payloads around?,10,3,13130,https://stackoverflow.com/questions/10156388/what-are-the-alternatives-to-zeromq-for-moving-protocol-buffer-payloads-around,2012-04-14 18:56:45,mahonya,6878,c#|c++|java|python,no
31007635,Is there a way for CMake to utilize dependencies generated by `swig -MM`?,10,1,1631,https://stackoverflow.com/questions/31007635/is-there-a-way-for-cmake-to-utilize-dependencies-generated-by-swig-mm,2015-06-23 15:52:08,taranaki,705,c#|c++|java|python,no
580509,".NET, Java to JavaScript compiler",10,9,2471,https://stackoverflow.com/questions/580509/net-java-to-javascript-compiler,2009-02-24 04:49:13,Graviton,74.8k,c#|java|javascript|php,yes
2363103,Would it be fair to say learning Java would make me a better PHP OOP Developer?,10,6,474,https://stackoverflow.com/questions/2363103/would-it-be-fair-to-say-learning-java-would-make-me-a-better-php-oop-developer,Mar 2 '10 at 12:40,Imran,9992,c#|java|php|python,no
1807143,Javascript (or similar) gaming scripts for C# XNA,10,3,1728,https://stackoverflow.com/questions/1807143/javascript-or-similar-gaming-scripts-for-c-sharp-xna,2009-11-27 06:46:32,mauris,38.4k,c#|javascript|php|python,no
52842946,How to use Firebase with a linux based client app for bidirectional messages communication with server,10,3,1739,https://stackoverflow.com/questions/52842946/how-to-use-firebase-with-a-linux-based-client-app-for-bidirectional-messages-com,2018-10-16 19:41:52,Mercury,4345,c++|java|javascript|python,no
3425080,What should a developer know before building cellphone apps? [closed],10,6,818,https://stackoverflow.com/questions/3425080/what-should-a-developer-know-before-building-cellphone-apps,Aug 6 '10 at 15:08,Ither,2457,c|c#|c++|java,no
8875251,Performance differences between VALA vs AOT compilations?,10,1,2268,https://stackoverflow.com/questions/8875251/performance-differences-between-vala-vs-aot-compilations,Jan 16 '12 at 2:38,lepe,21.6k,c|c#|c++|java,no
17231577,"What are the kinds of covariance in C#? (Or, covariance: by example)",10,3,1565,https://stackoverflow.com/questions/17231577/what-are-the-kinds-of-covariance-in-c-or-covariance-by-example,Jun 21 '13 at 9:15,Cristian Diaconescu,30.3k,c|c#|c++|java,no
6832073,What is current best practice around use of strings in cross-platform C and C++ APIs?,10,4,554,https://stackoverflow.com/questions/6832073/what-is-current-best-practice-around-use-of-strings-in-cross-platform-c-and-c,2011-07-26 14:57:34,Philip P.,2275,c|c#|c++|java,no
4086438,How can I make a portable executable?,10,12,7864,https://stackoverflow.com/questions/4086438/how-can-i-make-a-portable-executable,2010-11-03 11:11:08,Stefan,217,c|c#|c++|java,no
3370004,What is static block in c or c++? [duplicate],10,5,25861,https://stackoverflow.com/questions/3370004/what-is-static-block-in-c-or-c,2010-07-30 08:58:20,Abhineet,6039,c|c#|c++|java,no
37720431,What is the C/C++ equivalence of java.io.Serializable?,10,4,2016,https://stackoverflow.com/questions/37720431/what-is-the-c-c-equivalence-of-java-io-serializable,2016-06-09 08:17:53,alvas,86k,c|c#|c++|java,no
463618,"As a Java developer, C or C++? [closed]",10,11,2243,https://stackoverflow.com/questions/463618/as-a-java-developer-c-or-c,2009-01-21 00:02:05,,,c|c#|c++|java,no
8841891,Is there any free C++ and/or C# compiler that runs on an Android-enabled Tablet PC? [closed],10,3,12110,https://stackoverflow.com/questions/8841891/is-there-any-free-c-and-or-c-sharp-compiler-that-runs-on-an-android-enabled-ta,2012-01-12 20:33:42,user366312,17k,c|c#|c++|php,no
62649203,How did python implement Type free variables from a statically typed language [duplicate],10,2,898,https://stackoverflow.com/questions/62649203/how-did-python-implement-type-free-variables-from-a-statically-typed-language,Jun 30 at 1:58,Ankush Dua,101,c|c#|java|python,no
19552571,Why is ¡°int + string¡± possible in statically-typed C# but not in dynamically-typed Python?,10,6,661,https://stackoverflow.com/questions/19552571/why-is-int-string-possible-in-statically-typed-c-sharp-but-not-in-dynamicall,Oct 23 '13 at 21:23,Salvador Dali,167k,c|c#|javascript|python,no
964139,Huge Integer JavaScript Library,10,4,1891,https://stackoverflow.com/questions/964139/huge-integer-javascript-library,2009-06-08 09:54:23,Jibran,885,c|c++|java|javascript,no
7156356,Why are @ and $ characters not used for anything in C and C++? [closed],10,5,1091,https://stackoverflow.com/questions/7156356/why-are-and-characters-not-used-for-anything-in-c-and-c,2011-08-23 04:41:56,Timo,4843,c|c++|java|javascript,no
4976295,java vs php benchmark [closed],10,3,11955,https://stackoverflow.com/questions/4976295/java-vs-php-benchmark,Feb 12 '11 at 4:20,regality,6124,c|c++|java|php,no
5960256,Are arrays in C++ same as C?,10,5,361,https://stackoverflow.com/questions/5960256/are-arrays-in-c-same-as-c,2011-05-11 06:41:46,user744621,103,c|c++|java|php,no
3532058,Thread-ring benchmark,10,7,1398,https://stackoverflow.com/questions/3532058/thread-ring-benchmark,2010-08-20 14:55:15,Daniel,23.5k,c|c++|java|php,no
3875437,"In regards to for(), why use i++ rather than ++i?",10,13,1098,https://stackoverflow.com/questions/3875437/in-regards-to-for-why-use-i-rather-than-i,Oct 6 '10 at 17:51,Rich K,207,c|c++|java|php,no
16730284,DLL written in C vs the same written in C++,10,3,3625,https://stackoverflow.com/questions/16730284/dll-written-in-c-vs-the-same-written-in-c,2013-05-24 08:00:53,Anish Ramaswamy,2196,c|c++|java|python,no
383371,"What is the best way to implement a cross-platform, multi-threaded server in C/C++?",10,11,4692,https://stackoverflow.com/questions/383371/what-is-the-best-way-to-implement-a-cross-platform-multi-threaded-server-in-c-c,2008-12-20 14:39:08,William Brendel,29.4k,c|c++|java|python,no
248134,How can I experiment with garbage collection?,10,7,718,https://stackoverflow.com/questions/248134/how-can-i-experiment-with-garbage-collection,2008-10-29 19:39:58,Claudiu,200k,c|c++|java|python,no
5626787,Calling C++ functions from Java,10,3,14605,https://stackoverflow.com/questions/5626787/calling-c-functions-from-java,2011-04-11 19:57:11,,,c|c++|java|python,yes
4167233,How do I pass arrays from Java to C++ using Swig?,10,4,5989,https://stackoverflow.com/questions/4167233/how-do-i-pass-arrays-from-java-to-c-using-swig,2010-11-12 17:12:44,Jason,9546,c|c++|java|python,yes
22923696,How to wrap a c++ function which takes in a function pointer in python using SWIG,10,1,4923,https://stackoverflow.com/questions/22923696/how-to-wrap-a-c-function-which-takes-in-a-function-pointer-in-python-using-swi,2014-04-07 21:43:27,kchow462,863,c|c++|java|python,yes
2763117,how to find 2 to the power of n . n ranges from 0 to 200,10,8,9956,https://stackoverflow.com/questions/2763117/how-to-find-2-to-the-power-of-n-n-ranges-from-0-to-200,2010-05-04 05:59:57,mousey,10.3k,c|c++|java|python,no
13791470,using cmd with in responsive mode in c++ or java,10,3,441,https://stackoverflow.com/questions/13791470/using-cmd-with-in-responsive-mode-in-c-or-java,2012-12-09 20:27:46,,,c|c++|java|shell,no
19526590,defining a function inside a function in c,10,8,372,https://stackoverflow.com/questions/19526590/defining-a-function-inside-a-function-in-c,2013-10-22 19:26:32,morazow,251,c|c++|javascript|python,no
11888989,"How to use OpenSSL to extend {D,E,N} RSA key to {D,E,N,p,q,etc.}?",10,3,1796,https://stackoverflow.com/questions/11888989/how-to-use-openssl-to-extend-d-e-n-rsa-key-to-d-e-n-p-q-etc,2012-08-09 17:40:37,Dave M.,1116,c|c++|javascript|python,no
1524264,"Algorithms and Data Structures best suited for a spell checker, dictionary and a thesaurus",10,6,9436,https://stackoverflow.com/questions/1524264/algorithms-and-data-structures-best-suited-for-a-spell-checker-dictionary-and-a,2009-10-06 08:21:31,Vivek Sharma,3656,c|c++|php|python,no
11237072,Ctypes not finding symbols in shared library created using CMake,10,1,9116,https://stackoverflow.com/questions/11237072/ctypes-not-finding-symbols-in-shared-library-created-using-cmake,2012-06-28 01:45:18,Maverick,347,c|c++|php|python,no
1408678,Getting another program's output as input on the fly,10,6,7391,https://stackoverflow.com/questions/1408678/getting-another-programs-output-as-input-on-the-fly,Sep 11 '09 at 2:12,Andrea Ambu,31.7k,c|c++|python|shell,no
17079851,Google c style settings for gnu indent?,10,2,7442,https://stackoverflow.com/questions/17079851/google-c-style-settings-for-gnu-indent,2013-06-13 05:33:11,Hongxu Chen,4682,c|c++|python|shell,no
2406416,Implementing a Patricia Trie for use as a dictionary,10,2,7197,https://stackoverflow.com/questions/2406416/implementing-a-patricia-trie-for-use-as-a-dictionary,2010-03-09 03:20:46,Regis Frey,877,c|java|javascript|python,no
6325094,E-commerce from scratch or not,10,8,11983,https://stackoverflow.com/questions/6325094/e-commerce-from-scratch-or-not,Jun 12 '11 at 22:22,Fred Collins,4504,c|javascript|php|python,no
10328457,How to export the whole page or html content with Highcharts not just the chart?,10,3,9849,https://stackoverflow.com/questions/10328457/how-to-export-the-whole-page-or-html-content-with-highcharts-not-just-the-chart,2012-04-26 06:45:28,Rinzler,2132,c|javascript|php|python,no
28653933,How to build a REST client frontend for a REST API backend?,10,3,21978,https://stackoverflow.com/questions/28653933/how-to-build-a-rest-client-frontend-for-a-rest-api-backend,2015-02-22 02:46:34,heapoverflow,562,javascript|php|python|shell,no
26810188,Protocol buffers and enums combinations?,9,5,11998,https://stackoverflow.com/questions/26810188/protocol-buffers-and-enums-combinations,Nov 7 '14 at 21:12,Royi Namir,125k,c#|c++|java|python,no
6084954,What is the closest thing to Apache Hadoop in other languages?,9,2,706,https://stackoverflow.com/questions/6084954/what-is-the-closest-thing-to-apache-hadoop-in-other-languages,2011-05-21 22:55:24,algorithmicCoder,6063,c#|c++|java|python,no
3823913,why C# and C++ use _<variableName> coding convention?,9,10,2542,https://stackoverflow.com/questions/3823913/why-c-sharp-and-c-use-variablename-coding-convention,2010-09-29 16:49:14,JPCF,2094,c#|c++|java|python,no
4650762,Programming Contest Question: Counting Polyominos,9,7,2772,https://stackoverflow.com/questions/4650762/programming-contest-question-counting-polyominos,2011-01-10 19:41:09,Martijn Courteaux,62k,c#|c++|java|python,no
2459999,Planning a programming project by example (C# or C++),9,6,12067,https://stackoverflow.com/questions/2459999/planning-a-programming-project-by-example-c-or-c,2010-03-17 05:05:44,Lunan,183,c#|c++|javascript|php,no
28480045,Remove all string after a space [closed],9,6,20152,https://stackoverflow.com/questions/28480045/remove-all-string-after-a-space,2015-02-12 14:28:56,Gonzalo Rivera,123,c#|java|javascript|php,no
4613430,How to encode url in javascript and decode it in C#,9,3,17000,https://stackoverflow.com/questions/4613430/how-to-encode-url-in-javascript-and-decode-it-in-c-sharp,2011-01-06 09:27:20,Poornima,203,c#|java|javascript|php,no
5600048,Can JavaScript talk to Selenium 2?,9,4,3950,https://stackoverflow.com/questions/5600048/can-javascript-talk-to-selenium-2,2011-04-08 19:43:49,Bjorn,56.8k,c#|java|javascript|python,no
1196672,WMD markdown editor - HTML to Markdown conversion,9,4,3588,https://stackoverflow.com/questions/1196672/wmd-markdown-editor-html-to-markdown-conversion,2009-07-28 20:53:00,,,c#|javascript|php|python,no
3955738,"Streaming with Node.js, or any other Comet solution",9,4,2017,https://stackoverflow.com/questions/3955738/streaming-with-node-js-or-any-other-comet-solution,2010-10-17 23:13:34,A Wizard Did It,3284,c#|javascript|php|python,no
6072548,Python and Java usage in 2004 [closed],9,0,813,https://stackoverflow.com/questions/6072548/python-and-java-usage-in-2004,2011-05-20 13:24:11,Gabriel Llamas,16.4k,c++|java|php|python,no
29995397,compilation failure when running theano - windows 8.1 64 bit with Anaconda python distribution,9,2,6944,https://stackoverflow.com/questions/29995397/compilation-failure-when-running-theano-windows-8-1-64-bit-with-anaconda-pytho,2015-05-01 21:27:34,Alejandro Simkievich,2696,c++|php|python|shell,no
58514855,Are object initializations in Java ??¨²Foo f = new Foo() ??¨´ essentially the same as using malloc for a pointer in C?,9,1,136,https://stackoverflow.com/questions/58514855/are-object-initializations-in-java-foo-f-new-foo-essentially-the-same-as,Oct 23 '19 at 3:02,Jules,225,c|c#|c++|java,no
39346343,Java equivalent of C# Delegates (queues methods of various classes to be executed),9,3,13159,https://stackoverflow.com/questions/39346343/java-equivalent-of-c-sharp-delegates-queues-methods-of-various-classes-to-be-ex,Sep 6 '16 at 10:09,James Yeoman,505,c|c#|c++|java,no
14114179,Why is there a distinction between logical and bitwise operators in Java and C#?,9,6,10947,https://stackoverflow.com/questions/14114179/why-is-there-a-distinction-between-logical-and-bitwise-operators-in-java-and-c,Jan 1 '13 at 20:59,Askaga,5047,c|c#|c++|java,no
2913346,Ways not to write function headers twice?,9,8,737,https://stackoverflow.com/questions/2913346/ways-not-to-write-function-headers-twice,2010-05-26 13:26:36,mee,91,c|c#|c++|java,no
1771117,Why doesn't C++ reimplement C standard functions with C++ elements/style?,9,10,2511,https://stackoverflow.com/questions/1771117/why-doesnt-c-reimplement-c-standard-functions-with-c-elements-style,2009-11-20 15:15:59,Jichao,34k,c|c#|c++|java,no
671074,Why it is not allowed to pass arrays by value to a function in C and C++?,9,6,3005,https://stackoverflow.com/questions/671074/why-it-is-not-allowed-to-pass-arrays-by-value-to-a-function-in-c-and-c,2009-03-22 14:17:39,Kazoom,5029,c|c#|c++|java,no
345936,Will .NET take over C/C++ any time? [closed],9,15,2207,https://stackoverflow.com/questions/345936/will-net-take-over-c-c-any-time,2008-12-06 04:49:32,shahkalpesh,31.5k,c|c#|c++|java,no
16315959,Garbage collection vs manual memory management,9,6,7432,https://stackoverflow.com/questions/16315959/garbage-collection-vs-manual-memory-management,2013-05-01 09:47:43,Nick,2634,c|c#|c++|java,no
718316,After 17 years is it too late to fix C++ runtime extensibility? [closed],9,0,674,https://stackoverflow.com/questions/718316/after-17-years-is-it-too-late-to-fix-c-runtime-extensibility,2009-04-05 04:03:17,RogerV,3528,c|c#|c++|java,no
6718088,Using ctypes in python to access a C# dll's methods,9,5,13174,https://stackoverflow.com/questions/6718088/using-ctypes-in-python-to-access-a-c-sharp-dlls-methods,Jul 16 '11 at 14:45,Daniel Torramilans,255,c|c#|c++|python,yes
8128221,What is the C++ equivalent for AutoResetEvent under Linux?,9,7,4889,https://stackoverflow.com/questions/8128221/what-is-the-c-equivalent-for-autoresetevent-under-linux,2011-11-14 21:15:52,derekhh,4354,c|c#|c++|python,no
1138635,Convert .NET DateTimeFormatInfo to Javascript jQuery formatDate?,9,5,5872,https://stackoverflow.com/questions/1138635/convert-net-datetimeformatinfo-to-javascript-jquery-formatdate,2009-07-16 16:04:11,mattanja,1262,c|c#|javascript|php,no
2484578,what are the advantages of C# over Python,9,10,6914,https://stackoverflow.com/questions/2484578/what-are-the-advantages-of-c-sharp-over-python,Mar 20 '10 at 20:12,Kefka,1639,c|c#|python|shell,no
2740068,How can I make Swig correctly wrap a char* buffer that is modified in C as a Java Something-or-other?,9,3,6466,https://stackoverflow.com/questions/2740068/how-can-i-make-swig-correctly-wrap-a-char-buffer-that-is-modified-in-c-as-a-jav,Apr 29 '10 at 19:09,Ukko,2206,c|c++|java|javascript,no
13474948,Using C/C++ as scripting language,9,1,4099,https://stackoverflow.com/questions/13474948/using-c-c-as-scripting-language,2012-11-20 14:06:53,McBob,883,c|c++|java|javascript,no
1978540,Web interface for c++ applications,9,5,5403,https://stackoverflow.com/questions/1978540/web-interface-for-c-applications,2009-12-30 05:23:04,Rwik,91,c|c++|java|javascript,no
3045522,Best of both worlds: browser and desktop game?,9,10,3216,https://stackoverflow.com/questions/3045522/best-of-both-worlds-browser-and-desktop-game,2010-06-15 13:23:09,Ricket,30.1k,c|c++|java|javascript,no
11573538,Tutorial or example for zookeeper C binding [closed],9,1,9707,https://stackoverflow.com/questions/11573538/tutorial-or-example-for-zookeeper-c-binding,2012-07-20 05:46:38,Paul Joseph,2232,c|c++|java|php,no
2187482,"Is ¡°long x = 1/2¡± equal to 1 or 0, and why? [duplicate]",9,6,8485,https://stackoverflow.com/questions/2187482/is-long-x-1-2-equal-to-1-or-0-and-why,Feb 2 '10 at 20:33,user69514,23k,c|c++|java|python,no
83299,What's the easiest way to use C source code in a Java application?,9,7,5708,https://stackoverflow.com/questions/83299/whats-the-easiest-way-to-use-c-source-code-in-a-java-application,Sep 17 '08 at 13:38,Marlo Guthrie,2079,c|c++|java|python,no
19146810,is #define in C similar to a static variable in Java?,9,8,1183,https://stackoverflow.com/questions/19146810/is-define-in-c-similar-to-a-static-variable-in-java,Oct 2 '13 at 21:05,Rohan,1210,c|c++|java|python,no
27266338,What does the order parameter in numpy.array() do AKA what is contiguous order?,9,1,5636,https://stackoverflow.com/questions/27266338/what-does-the-order-parameter-in-numpy-array-do-aka-what-is-contiguous-order,Dec 3 '14 at 7:52,Horse SMith,831,c|c++|java|python,no
12353973,sizeof char* array in C/C++,9,6,63261,https://stackoverflow.com/questions/12353973/sizeof-char-array-in-c-c,2012-09-10 14:39:00,Abalieno,121,c|c++|java|python,no
10786985,Doc string facility in C++ [closed],9,3,4860,https://stackoverflow.com/questions/10786985/doc-string-facility-in-c,2012-05-28 15:23:00,smilingbuddha,12.2k,c|c++|java|python,no
2964852,Why infinite recursion leads to seg fault,9,8,3801,https://stackoverflow.com/questions/2964852/why-infinite-recursion-leads-to-seg-fault,2010-06-03 10:02:39,Pqr,111,c|c++|java|python,no
2576004,Any C/C++ to non-native bytecode compiler/interpreters?,9,2,1237,https://stackoverflow.com/questions/2576004/any-c-c-to-non-native-bytecode-compiler-interpreters,2010-04-04 21:43:32,Matt,515,c|c++|java|python,no
5039196,Design pattern used in projects [closed],9,3,5416,https://stackoverflow.com/questions/5039196/design-pattern-used-in-projects,2011-02-18 08:43:57,ashmish2,2655,c|c++|java|python,no
5429381,Free C/C++ IDE for Windows 7 that works with GCC [closed],9,9,53852,https://stackoverflow.com/questions/5429381/free-c-c-ide-for-windows-7-that-works-with-gcc,2011-03-25 06:46:32,Kushal,2832,c|c++|java|shell,no
5318441,Is it possible to modify PYTHONPATH at runtime?,9,7,8587,https://stackoverflow.com/questions/5318441/is-it-possible-to-modify-pythonpath-at-runtime,2011-03-15 21:43:11,Skrymsli,4307,c|c++|php|python,no
16268140,"Python, using ctypes to create C++ class wrapper",9,1,5242,https://stackoverflow.com/questions/16268140/python-using-ctypes-to-create-c-class-wrapper,Apr 28 '13 at 21:32,springRoll,324,c|c++|python|shell,yes
4350698,openCV: How to split a video into image sequence?,9,2,18046,https://stackoverflow.com/questions/4350698/opencv-how-to-split-a-video-into-image-sequence,2010-12-03 23:02:48,meroz,91,c|c++|python|shell,no
8786842,Python alternative to Java applet?,9,6,10117,https://stackoverflow.com/questions/8786842/python-alternative-to-java-applet,2012-01-09 10:16:28,hershey92,753,c|java|javascript|python,no
4559618,about Speed: Python VS Java,9,3,7125,https://stackoverflow.com/questions/4559618/about-speed-python-vs-java,2010-12-30 02:43:24,Josh Morrison,6678,c|java|php|python,no
783781,Python equivalent of PHP's compact() and extract(),9,6,6833,https://stackoverflow.com/questions/783781/python-equivalent-of-phps-compact-and-extract,Apr 23 '09 at 22:21,Turadg,6799,c|javascript|php|python,no
21510857,Best approach to decode Youtube cipher signature using PHP or JS,9,3,21896,https://stackoverflow.com/questions/21510857/best-approach-to-decode-youtube-cipher-signature-using-php-or-js,2014-02-02 12:59:00,user2572943,125,c|javascript|php|python,no
8552962,Symmetric-key encryption algorithm,9,4,3470,https://stackoverflow.com/questions/8552962/symmetric-key-encryption-algorithm,2011-12-18 16:11:02,Diogo Cardoso,18.5k,java|javascript|php|python,no
47308303,Change input text value in before submitting form,9,9,8213,https://stackoverflow.com/questions/47308303/change-input-text-value-in-before-submitting-form,2017-11-15 13:11:25,Shell Suite,662,java|javascript|php|shell,no
12988863,Parsing complex HTML tables,9,6,1540,https://stackoverflow.com/questions/12988863/parsing-complex-html-tables,2012-10-20 13:23:20,MCL,3745,java|javascript|php|shell,no
3330571,How can I validate CSS within a script? [closed],9,3,5066,https://stackoverflow.com/questions/3330571/how-can-i-validate-css-within-a-script,Jul 25 '10 at 18:57,JAL,19.6k,java|php|python|shell,no
39615324,Find malicious PDF files using PHP validation?,9,3,1053,https://stackoverflow.com/questions/39615324/find-malicious-pdf-files-using-php-validation,2016-09-21 11:28:05,Sundar,4147,javascript|php|python|shell,no
35457486,Performance and memory differences between C# and Javascript? [closed],8,1,9267,https://stackoverflow.com/questions/35457486/performance-and-memory-differences-between-c-sharp-and-javascript,2016-02-17 13:01:19,Brendan Hill,2642,c#|c++|java|javascript,no
1280178,Methods defined outside class?,8,7,5471,https://stackoverflow.com/questions/1280178/methods-defined-outside-class,2009-08-14 20:56:20,zenna,8360,c#|c++|java|php,no
2350890,How to read using C++ (C#) sound stream sent by flash?,8,5,2069,https://stackoverflow.com/questions/2350890/how-to-read-using-c-c-sound-stream-sent-by-flash,2010-02-28 11:29:39,Oleg,232,c#|c++|java|php,no
1664394,Significant whitespace in C# like Python or Haskell? [closed],8,9,1277,https://stackoverflow.com/questions/1664394/significant-whitespace-in-c-sharp-like-python-or-haskell,Nov 2 '09 at 23:36,Kevin Won,6875,c#|c++|java|python,no
4846359,Hide curly braces in C#,8,10,775,https://stackoverflow.com/questions/4846359/hide-curly-braces-in-c-sharp,Jan 30 '11 at 23:38,Joe,8288,c#|c++|java|python,no
10659208,How to design a class to prevent circular dependencies from calling derived members before construction?,8,4,3578,https://stackoverflow.com/questions/10659208/how-to-design-a-class-to-prevent-circular-dependencies-from-calling-derived-memb,May 18 '12 at 20:21,user541686,182k,c#|c++|java|python,no
1196473,Desktop Version of Google's Annotated Time Line Component?,8,4,2127,https://stackoverflow.com/questions/1196473/desktop-version-of-googles-annotated-time-line-component,2009-07-28 20:14:21,JP Richardson,34.6k,c#|c++|java|python,no
113424,Converting Reverse Polish Notation,8,7,10680,https://stackoverflow.com/questions/113424/converting-reverse-polish-notation,2008-09-22 06:16:10,Iwasakabukiman,1413,c#|c++|java|shell,no
11760186,Capture external process output,8,4,960,https://stackoverflow.com/questions/11760186/capture-external-process-output,2012-08-01 13:20:42,sara,3440,c#|c++|java|shell,no
43543552,How to design my online Game Server for Unity3d?,8,1,3355,https://stackoverflow.com/questions/43543552/how-to-design-my-online-game-server-for-unity3d,Apr 21 '17 at 13:07,rsinha,131,c#|c++|php|python,no
7250018,Why does PHP not have an attribute 'const' like C++ does?,8,4,1934,https://stackoverflow.com/questions/7250018/why-does-php-not-have-an-attribute-const-like-c-does,2011-08-30 21:26:40,Ed Heal,53.8k,c#|c++|php|python,no
5108248,"How to generate random meaningless, but at the same time easy to remember words?",8,7,3317,https://stackoverflow.com/questions/5108248/how-to-generate-random-meaningless-but-at-the-same-time-easy-to-remember-words,Feb 24 '11 at 17:30,xchg.ca,1065,c#|java|php|python,no
6352209,"Elliot Wave Calculator, Chart Patterns Recognition",8,1,7913,https://stackoverflow.com/questions/6352209/elliot-wave-calculator-chart-patterns-recognition,2011-06-15 02:04:40,Vikas,101,c++|java|php|python,no
12005610,Javascript C++ binding?,8,9,12579,https://stackoverflow.com/questions/12005610/javascript-c-binding,2012-08-17 12:15:28,Homunculus Reticulli,50.3k,c++|javascript|php|python,yes
333927,Why didn't header files catch on in other programming languages? [closed],8,12,1207,https://stackoverflow.com/questions/333927/why-didnt-header-files-catch-on-in-other-programming-languages,,,,c|c#|c++|java,no
7352611,Java's and C#'s implementation of String,8,3,1643,https://stackoverflow.com/questions/7352611/javas-and-cs-implementation-of-string,Sep 8 '11 at 18:14,Daniel,5777,c|c#|c++|java,no
8385606,Are there any C# to C converter tools? [closed],8,3,24144,https://stackoverflow.com/questions/8385606/are-there-any-c-sharp-to-c-converter-tools,Dec 5 '11 at 12:53,Amir Saniyan,10k,c|c#|c++|java,no
12148862,Is there a debugger that lets me step backwards through the code? [duplicate],8,5,1913,https://stackoverflow.com/questions/12148862/is-there-a-debugger-that-lets-me-step-backwards-through-the-code,2012-08-27 20:08:13,Spidey,2188,c|c#|c++|java,no
4719853,C++ memory management of reference types,8,6,4795,https://stackoverflow.com/questions/4719853/c-memory-management-of-reference-types,2011-01-18 02:06:33,Russel,2125,c|c#|c++|java,no
2840940,Is it secure to use malloc?,8,12,5072,https://stackoverflow.com/questions/2840940/is-it-secure-to-use-malloc,2010-05-15 16:57:28,Felix,2840,c|c#|c++|java,no
2824973,Read/Write file metadata using C/C++,8,2,14618,https://stackoverflow.com/questions/2824973/read-write-file-metadata-using-c-c,2010-05-13 07:07:10,Rajendra Uppal,15.4k,c|c#|c++|java,no
1054171,What does it take to become a Java expert? [closed],8,12,7047,https://stackoverflow.com/questions/1054171/what-does-it-take-to-become-a-java-expert,2009-06-28 03:31:41,Nizar Grira,713,c|c#|c++|java,no
18702195,What can a void variable be used for?,8,5,4600,https://stackoverflow.com/questions/18702195/what-can-a-void-variable-be-used-for,2013-09-09 15:52:29,Taking1n1,105,c|c#|c++|java,no
11394618,Automatically selecting buffer size for File I/O,8,2,3726,https://stackoverflow.com/questions/11394618/automatically-selecting-buffer-size-for-file-i-o,2012-07-09 12:02:11,Rahul De,273,c|c#|c++|java,no
2546706,Pointers in C# to make int array?,8,3,17419,https://stackoverflow.com/questions/2546706/pointers-in-c-sharp-to-make-int-array,2010-03-30 16:03:57,y2k,55.1k,c|c#|c++|java,no
33779069,How to call C# function from java [duplicate],8,1,4736,https://stackoverflow.com/questions/33779069/how-to-call-c-sharp-function-from-java,2015-11-18 11:38:50,MorganM,113,c|c#|c++|java,no
2218039,Why does a function need to be declared before it's defined or used?,8,5,3284,https://stackoverflow.com/questions/2218039/why-does-a-function-need-to-be-declared-before-its-defined-or-used,Feb 7 '10 at 19:44,norris,307,c|c#|c++|java,no
3031489,Call C methods from C++/Java/C# code?,8,5,1200,https://stackoverflow.com/questions/3031489/call-c-methods-from-c-java-c-code,Jun 13 '10 at 7:49,Mohit Deshpande,46.6k,c|c#|c++|java,yes
15551718,Algorithm for Math.Random [closed],8,8,1755,https://stackoverflow.com/questions/15551718/algorithm-for-math-random,Mar 21 '13 at 15:30,Billa,4666,c|c#|c++|java,no
56466822,Can C++ be called from C# compiled to wasm?,8,1,465,https://stackoverflow.com/questions/56466822/can-c-be-called-from-c-sharp-compiled-to-wasm,2019-06-05 19:27:12,Stan Wijckmans,101,c|c#|c++|javascript,yes
10656419,Is there a difference between i==0 and 0==i?,8,8,959,https://stackoverflow.com/questions/10656419/is-there-a-difference-between-i-0-and-0-i,May 18 '12 at 16:32,Rafik Bari,4265,c|c#|c++|php,no
4187229,Is it possible to sandbox and run C++ or C# code that's entered in a textfield in a browser?,8,5,2182,https://stackoverflow.com/questions/4187229/is-it-possible-to-sandbox-and-run-c-or-c-sharp-code-thats-entered-in-a-textfi,2010-11-15 17:41:01,BeachRunnerFred,16.8k,c|c#|c++|python,no
1811456,Calling a Function From a String With the Function¡¯s Name in C++,8,8,8785,https://stackoverflow.com/questions/1811456/calling-a-function-from-a-string-with-the-function-s-name-in-c,2009-11-28 03:34:20,ticpete,81,c|c#|c++|python,no
6527229,How do i change the hosts file in a windows program?,8,6,22356,https://stackoverflow.com/questions/6527229/how-do-i-change-the-hosts-file-in-a-windows-program,2011-06-29 21:02:34,JRDH,97,c|c#|c++|shell,no
25576975,JavaScript DI/IoC equivalents to standard DI patterns for statically typed languages,8,1,528,https://stackoverflow.com/questions/25576975/javascript-di-ioc-equivalents-to-standard-di-patterns-for-statically-typed-langu,2014-08-29 22:15:27,Kaleb Pederson,42.5k,c|c#|java|javascript,no
2945359,Simulating python's With statement in java,8,5,6522,https://stackoverflow.com/questions/2945359/simulating-pythons-with-statement-in-java,2010-05-31 18:36:56,Andriy Drozdyuk,46.9k,c|c#|java|python,no
1684145,Call Ruby or Python API in C# .NET,8,4,4468,https://stackoverflow.com/questions/1684145/call-ruby-or-python-api-in-c-sharp-net,Nov 5 '09 at 22:37,robotshapes,759,c|c#|java|python,yes
2960103,How do I launch a subprocess in C# with an argv? (Or convert agrv to a legal arg string),8,5,6683,https://stackoverflow.com/questions/2960103/how-do-i-launch-a-subprocess-in-c-sharp-with-an-argv-or-convert-agrv-to-a-lega,Jun 2 '10 at 17:42,lucas,111,c|c#|python|shell,no
2394098,Graph colouring algorithm: typical scheduling problem,8,3,10849,https://stackoverflow.com/questions/2394098/graph-colouring-algorithm-typical-scheduling-problem,2010-03-06 21:06:19,neverMind,1755,c|c++|java|php,no
3113409,"Conquering Complexity, Eckel on Java and Python and Chunk Theory [closed]",8,5,1204,https://stackoverflow.com/questions/3113409/conquering-complexity-eckel-on-java-and-python-and-chunk-theory,2010-06-24 19:52:25,Warren  P,55.6k,c|c++|java|python,no
18212862,Numerical precision for difference of squares,8,6,808,https://stackoverflow.com/questions/18212862/numerical-precision-for-difference-of-squares,2013-08-13 15:13:29,cschwan,3073,c|c++|java|python,no
3219112,Checking whether two numbers are permutation of each other?,8,9,7963,https://stackoverflow.com/questions/3219112/checking-whether-two-numbers-are-permutation-of-each-other,2010-07-10 11:59:27,Ravi Gupta,5496,c|c++|java|python,no
2326958,Why would someone use C instead of C++? [duplicate],8,5,3621,https://stackoverflow.com/questions/2326958/why-would-someone-use-c-instead-of-c,2010-02-24 15:05:00,Nick Bolton,33.2k,c|c++|java|python,no
845772,How to check if the binary representation of an integer is a palindrome?,8,16,21385,https://stackoverflow.com/questions/845772/how-to-check-if-the-binary-representation-of-an-integer-is-a-palindrome,2009-05-10 18:07:05,yesraaj,40.4k,c|c++|java|python,no
11113704,running c++ code from python,8,4,26516,https://stackoverflow.com/questions/11113704/running-c-code-from-python,2012-06-20 06:08:15,frazman,25.4k,c|c++|java|python,yes
4255806,SWIG C++ bindings with callback,8,2,3034,https://stackoverflow.com/questions/4255806/swig-c-bindings-with-callback,2010-11-23 12:03:01,whatnick,5032,c|c++|java|python,yes
25876369,What is the point of the process fork creates being a copy of the parent?,8,4,1676,https://stackoverflow.com/questions/25876369/what-is-the-point-of-the-process-fork-creates-being-a-copy-of-the-parent,2014-09-16 18:53:36,Celeritas,12.3k,c|c++|java|shell,no
46027121,node-gyp - not finding library headers,8,1,2488,https://stackoverflow.com/questions/46027121/node-gyp-not-finding-library-headers,2017-09-03 19:28:46,AJ_,2297,c|c++|javascript|python,no
3780398,Integrating a script language into a C++ application [closed],8,9,7510,https://stackoverflow.com/questions/3780398/integrating-a-script-language-into-a-c-application,2010-09-23 16:17:24,Robin,1272,c|c++|javascript|python,no
2885502,C++ Structure within itself?,8,8,926,https://stackoverflow.com/questions/2885502/c-structure-within-itself,2010-05-21 20:54:29,Douglas,81,c|c++|javascript|python,no
6430349,Using Blender for physics simulations,8,2,3221,https://stackoverflow.com/questions/6430349/using-blender-for-physics-simulations,2011-06-21 18:42:32,Anon,4673,c|c++|php|python,no
903555,C or C++: Libraries for factoring integers?,8,2,3457,https://stackoverflow.com/questions/903555/c-or-c-libraries-for-factoring-integers,2009-05-24 11:13:49,,,c|c++|php|python,no
6439061,Why Python is not better in multiprocessing or multithreading applications than Java?,8,2,6963,https://stackoverflow.com/questions/6439061/why-python-is-not-better-in-multiprocessing-or-multithreading-applications-than,2011-06-22 11:29:17,Nava,4450,c|java|php|python,no
4666392,PHP alternative for Python's fabric,8,6,7252,https://stackoverflow.com/questions/4666392/php-alternative-for-pythons-fabric,Jan 12 '11 at 7:49,Crischan,218,c|java|php|python,no
157274,How to 3270 screen-scrape from a Linux-based web app [closed],8,5,6470,https://stackoverflow.com/questions/157274/how-to-3270-screen-scrape-from-a-linux-based-web-app,Oct 1 '08 at 12:03,Peter Howe,1333,c|java|php|python,no
11138929,Calling C functions inside javascript,8,5,17105,https://stackoverflow.com/questions/11138929/calling-c-functions-inside-javascript,2015-10-13 11:09:34,ahmet,4409,c|javascript|php|python,yes
2642364,A web framework where AJAX was not an after thought,8,4,483,https://stackoverflow.com/questions/2642364/a-web-framework-where-ajax-was-not-an-after-thought,Apr 15 '10 at 2:24,Pirate for Profit,801,java|javascript|php|python,no
5928674,Identify EAN / UPC barcode numbers from image in PHP / JS?,8,3,5560,https://stackoverflow.com/questions/5928674/identify-ean-upc-barcode-numbers-from-image-in-php-js,2011-05-08 16:21:38,codinghands,1371,java|javascript|php|python,no
5753070,is progress bar possible with php and javascript using ajax,8,5,5346,https://stackoverflow.com/questions/5753070/is-progress-bar-possible-with-php-and-javascript-using-ajax,2011-04-22 07:03:34,hasExams,205,java|javascript|php|python,no
3410274,Protect website from Backdoor/PHP.C99Shell aka Trojan.Script.224490,8,3,13381,https://stackoverflow.com/questions/3410274/protect-website-from-backdoor-php-c99shell-aka-trojan-script-224490,2010-08-04 22:13:56,caw,28k,java|javascript|php|shell,no
34892493,Any equivalent to subprocess in PHP?,8,1,2437,https://stackoverflow.com/questions/34892493/any-equivalent-to-subprocess-in-php,Jan 20 '16 at 5:53,NoBugs,8142,java|php|python|shell,no
16122911,Efficient reloading data / pushing data from server to client,8,2,16968,https://stackoverflow.com/questions/16122911/efficient-reloading-data-pushing-data-from-server-to-client,2013-04-20 17:01:48,,,javascript|php|python|shell,no
1614811,How do I measure the strength of a password?,8,6,8875,https://stackoverflow.com/questions/1614811/how-do-i-measure-the-strength-of-a-password,2009-10-23 17:17:40,OrangeRind,4568,javascript|php|python|shell,no
13021622,Need to ping 1000 urls every 2 minutes,8,7,4263,https://stackoverflow.com/questions/13021622/need-to-ping-1000-urls-every-2-minutes,2012-10-22 23:46:17,Srichand Yella,3992,javascript|php|python|shell,no
4546943,Speed of different constructs in programming languages (Java/C#/C++/Python/¡­),7,4,537,https://stackoverflow.com/questions/4546943/speed-of-different-constructs-in-programming-languages-java-c-c-python,Dec 28 '10 at 15:00,Felix Dombek,10.7k,c#|c++|java|python,no
19391601,Best way to download and process a Very Large Compressed MS Access File to be loaded in Oracle,7,7,2214,https://stackoverflow.com/questions/19391601/best-way-to-download-and-process-a-very-large-compressed-ms-access-file-to-be-lo,Oct 15 '13 at 21:39,Hector Sanchez,2196,c#|c++|java|shell,no
1179697,C# books or web sites for C++ developers [closed],7,7,4090,https://stackoverflow.com/questions/1179697/c-sharp-books-or-web-sites-for-c-developers,2009-07-24 19:30:48,Zoman,1829,c#|c++|java|shell,no
11764391,Websocket connection setup,7,1,2293,https://stackoverflow.com/questions/11764391/websocket-connection-setup,2012-08-01 17:23:26,SysAdmin,4952,c#|c++|javascript|python,no
12800996,C# as a scripting language [duplicate],7,3,5523,https://stackoverflow.com/questions/12800996/c-sharp-as-a-scripting-language,2012-10-09 13:19:52,Sanctus2099,1543,c#|c++|javascript|python,no
3384498,Why is String class final? [duplicate],7,2,2552,https://stackoverflow.com/questions/3384498/why-is-string-class-final,Aug 2 '10 at 1:37,Blessed Geek,18.5k,c#|java|javascript|python,no
2568625,IndexOf method returns 0 when it should had return -1 in C# / Java,7,8,7592,https://stackoverflow.com/questions/2568625/indexof-method-returns-0-when-it-should-had-return-1-in-c-sharp-java,Apr 2 '10 at 19:12,jcgarciam,292,c#|java|php|python,no
521305,Why should I learn C#? [closed],7,19,3134,https://stackoverflow.com/questions/521305/why-should-i-learn-c,Feb 6 '09 at 17:39,Agusti-N,3862,c#|java|php|python,no
102496,"Compatible encryption between C# and PHP, ColdFusion, Ruby, Python",7,8,6906,https://stackoverflow.com/questions/102496/compatible-encryption-between-c-sharp-and-php-coldfusion-ruby-python,Sep 19 '08 at 14:54,Paul Shannon,1107,c#|java|php|python,no
1430778,Fast parsing of PHP in C#,7,2,4830,https://stackoverflow.com/questions/1430778/fast-parsing-of-php-in-c-sharp,Sep 16 '09 at 3:22,,,c#|java|php|shell,no
2627419,Automating HP Quality Center with Python or Java,7,6,31389,https://stackoverflow.com/questions/2627419/automating-hp-quality-center-with-python-or-java,2010-04-13 06:29:14,Hari,601,c#|java|python|shell,no
18312479,Get all images from a board from a Pinterest web address,7,5,9056,https://stackoverflow.com/questions/18312479/get-all-images-from-a-board-from-a-pinterest-web-address,2013-08-19 11:17:00,Nick Bull,7841,c#|javascript|php|python,no
3135947,Access own bank account via self-written application,7,6,11253,https://stackoverflow.com/questions/3135947/access-own-bank-account-via-self-written-application,2010-06-28 20:37:31,InsertNickHere,3467,c++|java|javascript|python,no
2145407,The best way of developing on Symbian,7,4,2237,https://stackoverflow.com/questions/2145407/the-best-way-of-developing-on-symbian,2010-01-27 08:31:31,Mickey Shine,11.3k,c++|java|javascript|python,no
14254527,Parsing javadoc with Python-Sphinx,7,3,4683,https://stackoverflow.com/questions/14254527/parsing-javadoc-with-python-sphinx,2013-01-10 09:28:07,Jon,6525,c++|java|python|shell,yes
48219981,How to programmatically send a unix socket command to a system server autospawned by browser or convert JavaScript to C++ souce code for Chromium?,7,0,523,https://stackoverflow.com/questions/48219981/how-to-programmatically-send-a-unix-socket-command-to-a-system-server-autospawne,2018-01-12 05:16:32,guest271314,1,c++|javascript|php|shell,no
1788696,How does the code behave different for Java and C compiler?,7,6,753,https://stackoverflow.com/questions/1788696/how-does-the-code-behave-different-for-java-and-c-compiler,Nov 24 '09 at 8:35,vipin k.,2285,c|c#|c++|java,no
31957961,Check division by 3 with binary operations?,7,2,2609,https://stackoverflow.com/questions/31957961/check-division-by-3-with-binary-operations,Aug 12 '15 at 6:51,Royi Namir,125k,c|c#|c++|java,no
21096878,Convincing a colleague about their if not being nested,7,2,306,https://stackoverflow.com/questions/21096878/convincing-a-colleague-about-their-if-not-being-nested,2014-01-13 16:53:38,Vittorio Romeo,80.3k,c|c#|c++|java,no
6153034,Wrapping a C++ object in extern ¡°C¡±,7,6,533,https://stackoverflow.com/questions/6153034/wrapping-a-c-object-in-extern-c,2011-05-27 13:39:43,Andreas W.P.,71,c|c#|c++|java,no
4294023,Why is swap() sometimes implemented by passing an array?,7,2,234,https://stackoverflow.com/questions/4294023/why-is-swap-sometimes-implemented-by-passing-an-array,2010-11-27 21:32:21,Fast Fish,375,c|c#|c++|java,no
4178392,How to separate logging logic from business logic in a C program? And in a C++ one?,7,6,1626,https://stackoverflow.com/questions/4178392/how-to-separate-logging-logic-from-business-logic-in-a-c-program-and-in-a-c-o,2010-11-14 16:22:42,devoured elysium,86.3k,c|c#|c++|java,no
3646161,What are the differences between using pure C with a C compiler and the ¡°C part¡± of a C++ compiler?,7,4,2463,https://stackoverflow.com/questions/3646161/what-are-the-differences-between-using-pure-c-with-a-c-compiler-and-the-c-part,2010-09-05 13:15:04,jokoon,5043,c|c#|c++|java,no
1301056,Looking for the most elegant code dispatcher,7,5,5958,https://stackoverflow.com/questions/1301056/looking-for-the-most-elegant-code-dispatcher,2009-08-19 16:19:46,Gunther Piez,27.2k,c|c#|c++|java,no
9311652,Terminal based RPG,7,3,1191,https://stackoverflow.com/questions/9311652/terminal-based-rpg,2012-02-16 12:56:23,lilroo,2511,c|c#|c++|java,no
35297710,SendKeys Ctrl + C to external applications (text into Clipboard),7,2,3699,https://stackoverflow.com/questions/35297710/sendkeys-ctrl-c-to-external-applications-text-into-clipboard,2016-02-09 16:56:15,Oscar Hermosilla,423,c|c#|c++|java,no
22851088,Cache friendliness in C#,7,3,2152,https://stackoverflow.com/questions/22851088/cache-friendliness-in-c-sharp,2014-04-03 23:51:53,elnigno,1591,c|c#|c++|java,no
4097257,Number of unset bit left of most significant set bit?,7,10,2669,https://stackoverflow.com/questions/4097257/number-of-unset-bit-left-of-most-significant-set-bit,2010-11-04 13:45:42,thr,17.5k,c|c#|c++|java,no
11122424,Turn off outlining permanently for VS2010 ( C/C++ ),7,3,1456,https://stackoverflow.com/questions/11122424/turn-off-outlining-permanently-for-vs2010-c-c,2012-06-20 15:03:22,Kalin Dinovski,71,c|c#|c++|javascript,no
10459953,Dynamic calls to WinRT interfaces,7,1,738,https://stackoverflow.com/questions/10459953/dynamic-calls-to-winrt-interfaces,2012-05-05 07:51:08,Martin v. L¡Ì?wis,110k,c|c#|c++|javascript,no
7943992,can c/c++ do preemeptive multitasking in a single thread? [closed],7,6,2325,https://stackoverflow.com/questions/7943992/can-c-c-do-preemeptive-multitasking-in-a-single-thread,2011-10-30 08:40:03,Will,66.6k,c|c#|c++|javascript,no
984962,Best Programming Language for Medical Image Processing [closed],7,8,9630,https://stackoverflow.com/questions/984962/best-programming-language-for-medical-image-processing,2009-06-12 04:16:08,Bekh,219,c|c#|c++|python,no
482612,ORM (object relational manager) solution with multiple programming language support,7,3,1537,https://stackoverflow.com/questions/482612/orm-object-relational-manager-solution-with-multiple-programming-language-supp,2009-01-27 08:10:48,Ber,32.8k,c|c#|c++|python,no
44314441,How do I compile C++ to JavaScript in a browser?,7,1,4627,https://stackoverflow.com/questions/44314441/how-do-i-compile-c-to-javascript-in-a-browser,2017-06-01 18:15:04,Jason McCarrell,2337,c|c++|java|javascript,yes
895554,SpiderMonkey vs JavaScriptCore vs?,7,3,4730,https://stackoverflow.com/questions/895554/spidermonkey-vs-javascriptcore-vs,2009-05-21 22:24:37,Milan Babu¡Ö¡ãkov,53.5k,c|c++|java|javascript,no
664729,firefox cache hash key generation algorithm bug,7,6,2625,https://stackoverflow.com/questions/664729/firefox-cache-hash-key-generation-algorithm-bug,2009-03-20 01:48:05,jedierikb,11k,c|c++|java|javascript,no
18494237,Floating point mismatch between compilers (Visual Studio 2010 and GCC),7,8,7456,https://stackoverflow.com/questions/18494237/floating-point-mismatch-between-compilers-visual-studio-2010-and-gcc,2013-08-28 17:15:57,aardvarkk,12.6k,c|c++|java|php,no
49255915,Decoding a hex string,7,5,1287,https://stackoverflow.com/questions/49255915/decoding-a-hex-string,2018-03-13 12:12:55,R.W,431,c|c++|java|python,no
5320457,Choosing between Django-Apache and Java-Tomcat for a web application [closed],7,3,15073,https://stackoverflow.com/questions/5320457/choosing-between-django-apache-and-java-tomcat-for-a-web-application,2011-03-16 02:40:30,viksit,6482,c|c++|java|python,no
2383936,High volume SVM (machine learning) system,7,5,1879,https://stackoverflow.com/questions/2383936/high-volume-svm-machine-learning-system,Mar 5 '10 at 1:19,malangi,2536,c|c++|java|python,no
4700178,Should I bundle C libraries with my Python application?,7,3,510,https://stackoverflow.com/questions/4700178/should-i-bundle-c-libraries-with-my-python-application,Jan 15 '11 at 14:47,oceanhug,1152,c|c++|java|python,no
4749325,Parsing binary message stream in C/C++,7,5,8200,https://stackoverflow.com/questions/4749325/parsing-binary-message-stream-in-c-c,2011-01-20 15:55:12,gaga,71,c|c++|java|python,no
16514559,How can I improve my algorithm for generating combinations of a multiset?,7,3,819,https://stackoverflow.com/questions/16514559/how-can-i-improve-my-algorithm-for-generating-combinations-of-a-multiset,2013-05-13 03:45:12,Tyler Durden,10.1k,c|c++|java|python,no
12865587,parsing C ++ source code in java environment [closed],7,6,4056,https://stackoverflow.com/questions/12865587/parsing-c-source-code-in-java-environment,2012-10-12 19:11:23,Salman9,225,c|c++|java|python,no
12115106,How are linked lists implemented without the use of pointer?,7,7,4865,https://stackoverflow.com/questions/12115106/how-are-linked-lists-implemented-without-the-use-of-pointer,2012-08-24 18:53:55,mak04,73,c|c++|java|python,no
765629,Learning OpenGL through Java,7,5,1637,https://stackoverflow.com/questions/765629/learning-opengl-through-java,2009-04-19 16:06:43,andandandand,19.7k,c|c++|java|python,no
1076300,Extending Python with C/C++,7,9,20982,https://stackoverflow.com/questions/1076300/extending-python-with-c-c,2009-07-02 19:42:30,,,c|c++|java|python,yes
6970359,Find an efficient way to integrate different language libraries into one project using Python as the ¡°glue¡±,7,5,333,https://stackoverflow.com/questions/6970359/find-an-efficient-way-to-integrate-different-language-libraries-into-one-project,2011-08-07 02:35:10,Alexandros,3179,c|c++|java|python,no
10811645,changing the directory from inside a c program under windows using system command,7,5,14842,https://stackoverflow.com/questions/10811645/changing-the-directory-from-inside-a-c-program-under-windows-using-system-comman,2012-05-30 07:16:35,Abdullah,481,c|c++|java|shell,no
9132101,"Thread Safety of datatstructures, Where to add synchronization primitives?",7,7,658,https://stackoverflow.com/questions/9132101/thread-safety-of-datatstructures-where-to-add-synchronization-primitives,2012-02-03 16:38:46,creatiwit,223,c|c++|java|shell,no
555292,Thread communication theory,7,5,2810,https://stackoverflow.com/questions/555292/thread-communication-theory,2009-02-17 02:04:12,C-o-r-E,553,c|c++|java|shell,no
1210115,How to call c++ functionality from java,7,4,8056,https://stackoverflow.com/questions/1210115/how-to-call-c-functionality-from-java,2009-07-31 00:34:46,Janusz,170k,c|c++|java|shell,yes
14291248,Why is the minimum value of int 1 farther from zero than the positive value?,7,3,320,https://stackoverflow.com/questions/14291248/why-is-the-minimum-value-of-int-1-farther-from-zero-than-the-positive-value,2013-01-12 07:22:24,sumit sharma,1017,c|c++|java|shell,no
45329327,Why 2.4 mod 0.8 returns 0.8 [duplicate],7,2,233,https://stackoverflow.com/questions/45329327/why-2-4-mod-0-8-returns-0-8,2017-07-26 14:06:16,murilolobato,199,c|c++|javascript|php,no
6055305,platform independent GUI,7,6,3966,https://stackoverflow.com/questions/6055305/platform-independent-gui,2011-05-19 07:35:50,user739711,1722,c|c++|javascript|php,no
15926129,char** vs char* c[] for accessing a string array,7,5,7041,https://stackoverflow.com/questions/15926129/char-vs-char-c-for-accessing-a-string-array,2013-04-10 12:40:43,tez,3713,c|c++|javascript|python,no
1847131,How many digits in this base?,7,13,3186,https://stackoverflow.com/questions/1847131/how-many-digits-in-this-base,2009-12-04 14:05:04,whacko__Cracko,5940,c|c++|javascript|python,no
2103728,Selecting An Embedded Language,7,7,2383,https://stackoverflow.com/questions/2103728/selecting-an-embedded-language,2010-01-20 18:04:49,Rune Aamodt,2389,c|c++|javascript|python,no
9850663,Comparing Same Float Values In C [duplicate],7,7,19419,https://stackoverflow.com/questions/9850663/comparing-same-float-values-in-c,2012-03-24 09:41:05,gursahib.singh.sahni,1439,c|c++|php|shell,no
4110964,How does heap-spray attack work?,7,1,5108,https://stackoverflow.com/questions/4110964/how-does-heap-spray-attack-work,2010-11-05 23:31:35,Piotr Czapla,22.3k,c|c++|php|shell,no
9743485,Natural Sort of Directory Filenames in C++,7,4,7362,https://stackoverflow.com/questions/9743485/natural-sort-of-directory-filenames-in-c,2012-03-16 19:38:10,Abhinav,1438,c|c++|python|shell,no
6863658,Best practice for dependencies on #defines?,7,6,877,https://stackoverflow.com/questions/6863658/best-practice-for-dependencies-on-defines,2011-07-28 18:12:27,Walter Nissen,13.4k,c|c++|python|shell,no
5816950,Automatic tracing of program execution,7,8,13694,https://stackoverflow.com/questions/5816950/automatic-tracing-of-program-execution,2011-04-28 10:09:15,hari,1349,c|c++|python|shell,no
3063973,Generating code at compile-time using scripts,7,7,1780,https://stackoverflow.com/questions/3063973/generating-code-at-compile-time-using-scripts,2010-06-17 17:22:28,Manux,3113,c|c++|python|shell,no
29959708,How to get local IP address in javascript html5,7,4,58238,https://stackoverflow.com/questions/29959708/how-to-get-local-ip-address-in-javascript-html5,2015-04-30 05:30:42,rachana,3058,c|java|javascript|php,no
10647940,How to make json api,7,4,5325,https://stackoverflow.com/questions/10647940/how-to-make-json-api,2012-05-18 06:45:26,Om3ga,22.1k,c|java|javascript|php,no
3329094,EXTENDS challenge: preprocessor function macros and class-like oop,7,1,616,https://stackoverflow.com/questions/3329094/extends-challenge-preprocessor-function-macros-and-class-like-oop,2010-07-25 11:57:37,Dagg Nabbit,64.7k,c|java|javascript|shell,no
36394472,Go c-shared library callback into other languages,7,2,540,https://stackoverflow.com/questions/36394472/go-c-shared-library-callback-into-other-languages,2016-04-04 04:14:34,jim,7428,c|java|php|python,no
14922014,Python very slow as compared to Java for this algorithm,7,3,1974,https://stackoverflow.com/questions/14922014/python-very-slow-as-compared-to-java-for-this-algorithm,2013-02-17 14:18:38,Peter,42.4k,c|java|php|python,no
10404921,"How could a distributed queue-like-thing be implemented on top of a RBDMS or NOSQL datastore or other messaging system (e.g., rabbitmq)?",7,6,2326,https://stackoverflow.com/questions/10404921/how-could-a-distributed-queue-like-thing-be-implemented-on-top-of-a-rbdms-or-nos,2012-05-01 21:53:47,les2,11.9k,c|java|python|shell,no
3220547,websocket handshake problem,7,2,10520,https://stackoverflow.com/questions/3220547/websocket-handshake-problem,2010-07-10 19:25:35,lowerkey,6945,c|javascript|php|python,no
20248493,PHP: Outputting the system / Shell_exec command output in web browser,7,7,6109,https://stackoverflow.com/questions/20248493/php-outputting-the-system-shell-exec-command-output-in-web-browser,2013-11-27 16:56:40,user2723949,259,c|javascript|php|shell,yes
21452645,Finding minimal distance between unsorted and sorted lists,7,4,1599,https://stackoverflow.com/questions/21452645/finding-minimal-distance-between-unsorted-and-sorted-lists,2014-01-30 09:38:10,georg,186k,c|javascript|python|shell,no
3610866,PHP to Java migration,7,7,4680,https://stackoverflow.com/questions/3610866/php-to-java-migration,Aug 31 '10 at 16:00,Timo Westk¡Ì¡ìmper,19.6k,java|javascript|php|python,yes
731470,What's easiest way to get Python script output on the web?,7,9,14368,https://stackoverflow.com/questions/731470/whats-easiest-way-to-get-python-script-output-on-the-web,2009-04-08 19:31:04,timepilot,749,java|javascript|php|python,no
1194910,Embedded script languages for PHP?,7,3,2099,https://stackoverflow.com/questions/1194910/embedded-script-languages-for-php,2009-07-28 15:27:04,Rolf,73,java|javascript|php|shell,yes
666340,Is there any reason to write terse code in Java/C#/C++?,6,12,3386,https://stackoverflow.com/questions/666340/is-there-any-reason-to-write-terse-code-in-java-c-c,Mar 20 '09 at 14:20,Yuval Adam,143k,c#|c++|java|javascript,no
733412,How deep would you expect the immutability of an immutable list to be?,6,7,719,https://stackoverflow.com/questions/733412/how-deep-would-you-expect-the-immutability-of-an-immutable-list-to-be,Apr 9 '09 at 9:00,jjujuma,18.8k,c#|c++|java|javascript,no
30766338,Should I migrate away from Applets and if so to what?,6,5,2337,https://stackoverflow.com/questions/30766338/should-i-migrate-away-from-applets-and-if-so-to-what,2015-06-10 20:09:17,Alex Ward,331,c#|c++|java|javascript,no
21912088,JSON data structure - JSON to objects - best practice,6,4,3062,https://stackoverflow.com/questions/21912088/json-data-structure-json-to-objects-best-practice,2014-02-20 15:22:50,bakunin,151,c#|c++|java|javascript,no
36688180,Porting socket server from Node.js to C#,6,3,1023,https://stackoverflow.com/questions/36688180/porting-socket-server-from-node-js-to-c-sharp,2016-04-18 07:50:07,TheFlash,95.3k,c#|c++|java|javascript,no
1606329,What features should C# 4.0 onwards have to encourage switching from Java? [closed],6,9,924,https://stackoverflow.com/questions/1606329/what-features-should-c-sharp-4-0-onwards-have-to-encourage-switching-from-java,Oct 22 '09 at 10:29,NT_,2612,c#|c++|java|python,no
124115,Is it worth learning Java when you already know C# fairly well?,6,11,5213,https://stackoverflow.com/questions/124115/is-it-worth-learning-java-when-you-already-know-c-sharp-fairly-well,Sep 23 '08 at 21:48,ljs,33.3k,c#|c++|java|python,no
623845,Why doesn't Java have a way of specifying unescaped String literals?,6,8,2698,https://stackoverflow.com/questions/623845/why-doesnt-java-have-a-way-of-specifying-unescaped-string-literals,Mar 8 '09 at 16:41,shsteimer,26k,c#|c++|java|python,no
33296122,Generation of C# files with Google Protocol Fails,6,3,4775,https://stackoverflow.com/questions/33296122/generation-of-c-sharp-files-with-google-protocol-fails,2015-10-23 06:30:51,Ram,735,c#|c++|java|python,no
8206359,Continuous Integration for stack with Visual C++ and C#,6,5,1362,https://stackoverflow.com/questions/8206359/continuous-integration-for-stack-with-visual-c-and-c-sharp,2011-11-21 01:32:35,unj2,45.7k,c#|c++|java|shell,no
36095566,CefSharp 3 set proxy at Runtime,6,4,10933,https://stackoverflow.com/questions/36095566/cefsharp-3-set-proxy-at-runtime,2016-03-18 22:53:37,Aladdin,329,c#|c++|javascript|php,no
5382966,Javascript Interpreter for .NET,6,6,3795,https://stackoverflow.com/questions/5382966/javascript-interpreter-for-net,2011-03-21 20:03:01,Hounshell,5083,c#|c++|javascript|shell,no
16410733,Any mature parser generators for both php and javascript on the market?,6,1,144,https://stackoverflow.com/questions/16410733/any-mature-parser-generators-for-both-php-and-javascript-on-the-market,2013-05-07 03:27:50,zerkms,222k,c#|java|javascript|php,no
32345603,Detect from selenium if angular is doing ¡­ stuff,6,3,4704,https://stackoverflow.com/questions/32345603/detect-from-selenium-if-angular-is-doing-stuff,2015-09-02 05:57:49,Neil Cronin,421,c#|java|javascript|python,no
6549076,C# Scripting inside Java,6,3,981,https://stackoverflow.com/questions/6549076/c-sharp-scripting-inside-java,Jul 1 '11 at 14:10,GaiusSensei,1816,c#|java|javascript|shell,yes
8362210,Regex matches in C# but not in java,6,3,1323,https://stackoverflow.com/questions/8362210/regex-matches-in-c-sharp-but-not-in-java,Dec 2 '11 at 20:26,Tudor,57.2k,c#|java|php|python,no
6445553,Why compiling into intermediate code?,6,6,1318,https://stackoverflow.com/questions/6445553/why-compiling-into-intermediate-code,Jun 22 '11 at 19:42,DrStrangeLove,9277,c#|java|php|python,no
12778859,Cross Language Messaging [closed],6,2,556,https://stackoverflow.com/questions/12778859/cross-language-messaging,Oct 8 '12 at 9:28,nablex,4161,c#|java|php|shell,no
1020581,How can I programmatically determine my processor type?,6,7,9878,https://stackoverflow.com/questions/1020581/how-can-i-programmatically-determine-my-processor-type,,,,c#|java|php|shell,no
3553864,migrating to C# from Java,6,9,292,https://stackoverflow.com/questions/3553864/migrating-to-c-sharp-from-java,Aug 24 '10 at 5:57,shana,61,c#|java|php|shell,no
48823661,How to switch to window authentication popup and enter credentials? [duplicate],6,6,7213,https://stackoverflow.com/questions/48823661/how-to-switch-to-window-authentication-popup-and-enter-credentials,2018-02-16 09:29:38,Shoaib Akhtar,1197,c#|java|python|shell,no
13450500,Using photoshop files from web application,6,5,1219,https://stackoverflow.com/questions/13450500/using-photoshop-files-from-web-application,Nov 19 '12 at 9:03,Ehsan,2075,c#|javascript|php|shell,no
6065557,Unicode to PHP exec,6,3,3436,https://stackoverflow.com/questions/6065557/unicode-to-php-exec,May 19 '11 at 22:30,cryptic_star,1750,c#|php|python|shell,no
3781642,From zero to Java > Spring > Hibernate for web,6,6,1630,https://stackoverflow.com/questions/3781642/from-zero-to-java-spring-hibernate-for-web,Sep 23 '10 at 19:00,Jhon Doe,63,c++|java|javascript|php,no
27643735,AWS Lambda Java compatiblity [closed],6,1,1988,https://stackoverflow.com/questions/27643735/aws-lambda-java-compatiblity,2014-12-25 02:17:55,orbatschow,1252,c++|java|javascript|python,no
12052844,Extract translator comments with xgettext from JavaScript (in Python mode),6,2,2631,https://stackoverflow.com/questions/12052844/extract-translator-comments-with-xgettext-from-javascript-in-python-mode,2012-08-21 10:21:00,ragulka,4102,c++|java|javascript|python,no
10456641,template type as struct data member in SWIG,6,1,659,https://stackoverflow.com/questions/10456641/template-type-as-struct-data-member-in-swig,2012-05-04 21:57:00,HighCommander4,42.5k,c++|java|php|python,no
12729828,Difference between runtime dynamic binding and class inheritance,6,1,1455,https://stackoverflow.com/questions/12729828/difference-between-runtime-dynamic-binding-and-class-inheritance,2012-10-04 14:41:58,ming.kernel,2875,c++|java|python|shell,no
3074103,From the web to games [closed],6,6,455,https://stackoverflow.com/questions/3074103/from-the-web-to-games,2010-06-19 02:38:53,Eber Freitas Dias,869,c++|javascript|php|python,no
1991361,Find all combinations of a given set of numbers,6,9,16513,https://stackoverflow.com/questions/1991361/find-all-combinations-of-a-given-set-of-numbers,Jan 2 '10 at 11:38,alan,63,c|c#|c++|java,no
17514805,Behaviour of PreIncrement and PostIncrement operator in C and Java [duplicate],6,2,737,https://stackoverflow.com/questions/17514805/behaviour-of-preincrement-and-postincrement-operator-in-c-and-java,Jul 7 '13 at 18:06,Jainendra,22.5k,c|c#|c++|java,no
184825,Monitoring memory usage for a C DLL called with Java via JNI?,6,4,6297,https://stackoverflow.com/questions/184825/monitoring-memory-usage-for-a-c-dll-called-with-java-via-jni,Oct 8 '08 at 20:48,lawsonj2019,163,c|c#|c++|java,yes
6009235,Getting JNA to work with Java => C#?,6,3,5194,https://stackoverflow.com/questions/6009235/getting-jna-to-work-with-java-c,May 15 '11 at 15:11,Shaul Behr,32.5k,c|c#|c++|java,yes
1675735,High-performance Math library for .NET /C# and Java [closed],6,6,9735,https://stackoverflow.com/questions/1675735/high-performance-math-library-for-net-c-and-java,,,,c|c#|c++|java,no
2875660,Should I learn a operating system specific language or something like Java? [closed],6,8,372,https://stackoverflow.com/questions/2875660/should-i-learn-a-operating-system-specific-language-or-something-like-java,May 20 '10 at 16:09,Ben,195,c|c#|c++|java,no
693457,How do languages like C# and Java avoid C/C++-like independent compilation?,6,6,1795,https://stackoverflow.com/questions/693457/how-do-languages-like-c-sharp-and-java-avoid-c-c-like-independent-compilation,Mar 28 '09 at 20:23,Jason Baker,164k,c|c#|c++|java,no
25921371,how does a swap method work in C# at a memory level?,6,2,304,https://stackoverflow.com/questions/25921371/how-does-a-swap-method-work-in-c-sharp-at-a-memory-level,Sep 18 '14 at 20:01,brain storm,23.7k,c|c#|c++|java,no
7080970,Convert raw grayscale binary to JPEG,6,3,2942,https://stackoverflow.com/questions/7080970/convert-raw-grayscale-binary-to-jpeg,Aug 16 '11 at 15:42,Thomas Matthews,50.7k,c|c#|c++|java,no
21689124,mkstemp() and fdopen() in Cygwin 1.7.28,6,4,2398,https://stackoverflow.com/questions/21689124/mkstemp-and-fdopen-in-cygwin-1-7-28,2014-02-10 22:21:15,Alex Reynolds,89.7k,c|c#|c++|java,no
17070607,"Why does adding extra check in loop make big difference on some machines, and small difference on others?",6,1,789,https://stackoverflow.com/questions/17070607/why-does-adding-extra-check-in-loop-make-big-difference-on-some-machines-and-sm,2013-06-12 16:26:02,TooTone,6535,c|c#|c++|java,no
1507743,What's the rationale behind headers?,6,9,886,https://stackoverflow.com/questions/1507743/whats-the-rationale-behind-headers,2009-10-02 04:37:50,RCIX,34.5k,c|c#|c++|java,no
323419,Simple script to count NLOC?,6,14,2944,https://stackoverflow.com/questions/323419/simple-script-to-count-nloc,2008-11-27 10:28:08,Markus Schnell,1025,c|c#|c++|java,no
6942130,Complete code in try/catch block,6,5,2096,https://stackoverflow.com/questions/6942130/complete-code-in-try-catch-block,2011-07-28 09:13:13,Labeeb Panampullan,31.6k,c|c#|c++|java,no
2081738,"Can I use the C++ Boost shared_ptr to program as if I was coding in Java, as in, not care about memory management?",6,3,788,https://stackoverflow.com/questions/2081738/can-i-use-the-c-boost-shared-ptr-to-program-as-if-i-was-coding-in-java-as-in,2010-01-17 16:48:55,zxcvbnm,1755,c|c#|c++|java,no
492286,Free static code scanner for C/C++/C# [closed],6,10,5198,https://stackoverflow.com/questions/492286/free-static-code-scanner-for-c-c-c,2009-01-29 16:13:33,wishi,5998,c|c#|c++|java,no
15857544,What are the Differences between C++ Templates and Java/C# Generics and what are the limits? [closed],6,4,5630,https://stackoverflow.com/questions/15857544/what-are-the-differences-between-c-templates-and-java-c-generics-and-what-are,2013-04-07 00:30:56,Quonux,2776,c|c#|c++|java,no
4203591,Why there is a convention of declaring default namespace/libraries in any programming language?,6,7,239,https://stackoverflow.com/questions/4203591/why-there-is-a-convention-of-declaring-default-namespace-libraries-in-any-progra,Nov 17 '10 at 10:47,InfantPro'Aravind',11.1k,c|c#|c++|java,no
8907498,What is the name of this code construction: condition ? true_expression: false_expression,6,9,394,https://stackoverflow.com/questions/8907498/what-is-the-name-of-this-code-construction-condition-true-expression-false-e,Jan 18 '12 at 9:01,Markus,2907,c|c#|c++|java,no
4627588,C Code Parser for .NET,6,3,2458,https://stackoverflow.com/questions/4627588/c-code-parser-for-net,Jan 7 '11 at 16:16,user541686,182k,c|c#|c++|javascript,no
14468697,Where is memory allocated with a const char pointer? [duplicate],6,3,7079,https://stackoverflow.com/questions/14468697/where-is-memory-allocated-with-a-const-char-pointer,2013-01-22 21:52:32,Josh,4974,c|c#|c++|php,no
2293481,Understanding c++ code; what do *datatype and classname::method mean?,6,3,392,https://stackoverflow.com/questions/2293481/understanding-c-code-what-do-datatype-and-classnamemethod-mean,2010-02-19 01:19:21,numerical25,9632,c|c#|c++|php,no
11474970,Optimization to find complex number as input,6,3,1378,https://stackoverflow.com/questions/11474970/optimization-to-find-complex-number-as-input,2012-07-13 16:58:28,Nicholas Kinar,1360,c|c#|c++|python,no
100854,Reuse define statement from .h file in C# code,6,7,10617,https://stackoverflow.com/questions/100854/reuse-define-statement-from-h-file-in-c-sharp-code,2008-09-19 10:02:03,tomash,12.2k,c|c#|c++|python,yes
7156613,c++ text file reading performance,6,3,3041,https://stackoverflow.com/questions/7156613/c-text-file-reading-performance,2011-08-23 05:25:52,tk.,1086,c|c#|c++|python,no
38597272,Extracting data from irregular form using openCV and OCR,6,2,2682,https://stackoverflow.com/questions/38597272/extracting-data-from-irregular-form-using-opencv-and-ocr,2016-07-26 18:23:08,crld,337,c|c#|c++|python,no
22011819,How to display C program errors in asp.net web page using c#,6,2,304,https://stackoverflow.com/questions/22011819/how-to-display-c-program-errors-in-asp-net-web-page-using-c-sharp,2014-02-25 10:46:29,Balaji Kondalrayal,1623,c|c#|c++|shell,no
3703704,top gotchas for someone moving from a static lang (java/c#) to dynamic language like python,6,3,238,https://stackoverflow.com/questions/3703704/top-gotchas-for-someone-moving-from-a-static-lang-java-c-to-dynamic-language,2010-09-13 19:29:52,Blankman,227k,c|c#|java|python,no
448095,Porting library from Java to Python,6,7,1436,https://stackoverflow.com/questions/448095/porting-library-from-java-to-python,2009-01-15 19:23:22,Mike Griffith,1192,c|c#|java|python,yes
21973661,OS X UDP send error: 55 No buffer space available,6,2,4402,https://stackoverflow.com/questions/21973661/os-x-udp-send-error-55-no-buffer-space-available,Feb 23 '14 at 19:54,Kr0e,1941,c|c#|java|python,no
13173029,Can C programs have Python GUI?,6,3,3757,https://stackoverflow.com/questions/13173029/can-c-programs-have-python-gui,Nov 1 '12 at 7:52,rathin2j,99,c|c#|java|python,yes
3108597,How can I make sure a string is clean for insertion into javascript Alert('error message'),6,8,821,https://stackoverflow.com/questions/3108597/how-can-i-make-sure-a-string-is-clean-for-insertion-into-javascript-alerterror,2010-06-24 09:18:10,user373186,69,c|c#|javascript|php,no
3454476,"3D Graphics Theory and Code without OpenGL, DirectX, XNA, et al [closed]",6,4,2462,https://stackoverflow.com/questions/3454476/3d-graphics-theory-and-code-without-opengl-directx-xna-et-al,Aug 11 '10 at 0:25,GrayGnome,71,c|c++|java|javascript,no
11771644,Using IPC to combine multiple languages,6,2,1129,https://stackoverflow.com/questions/11771644/using-ipc-to-combine-multiple-languages,Aug 2 '12 at 5:41,darasan,215,c|c++|java|javascript,no
22548148,"Hoisting/Reordering in C, C++ and Java: Must variable declarations always be on top in a context?",6,3,3347,https://stackoverflow.com/questions/22548148/hoisting-reordering-in-c-c-and-java-must-variable-declarations-always-be-on,Mar 21 '14 at 0:50,Night0,175,c|c++|java|javascript,no
5340274,Oracle created in C or Java? [closed],6,3,10718,https://stackoverflow.com/questions/5340274/oracle-created-in-c-or-java,Mar 17 '11 at 14:17,,,c|c++|java|php,no
363805,What is the best way to convert an existing php class into Java?,6,15,18532,https://stackoverflow.com/questions/363805/what-is-the-best-way-to-convert-an-existing-php-class-into-java,Dec 12 '08 at 19:01,WolfmanDragon,7349,c|c++|java|php,no
25334539,Using C for calculation in PHP application: is it worth it?,6,1,262,https://stackoverflow.com/questions/25334539/using-c-for-calculation-in-php-application-is-it-worth-it,Aug 15 '14 at 21:34,carla,1582,c|c++|java|php,yes
18268608,performance overhead of the gettext internationalization system in C/C++,6,2,1082,https://stackoverflow.com/questions/18268608/performance-overhead-of-the-gettext-internationalization-system-in-c-c,2013-08-16 08:02:45,Robby75,2545,c|c++|java|php,no
559025,Compiler-Programming: What are the most fundamental ingredients?,6,8,861,https://stackoverflow.com/questions/559025/compiler-programming-what-are-the-most-fundamental-ingredients,2009-02-17 22:31:24,prinzdezibel,10.4k,c|c++|java|php,no
32887240,How to parse freedict files (*.dict and *.index),6,2,1109,https://stackoverflow.com/questions/32887240/how-to-parse-freedict-files-dict-and-index,2015-10-01 12:07:57,BloodyD,915,c|c++|java|python,no
10882488,What is the best way to use python code from Scala (or Java)? [duplicate],6,1,6830,https://stackoverflow.com/questions/10882488/what-is-the-best-way-to-use-python-code-from-scala-or-java,2012-06-04 13:51:25,Jus12,16.4k,c|c++|java|python,no
21261458,How do programming languages call code written in another language?,6,3,1919,https://stackoverflow.com/questions/21261458/how-do-programming-languages-call-code-written-in-another-language,Jan 21 '14 at 14:52,Igglyboo,767,c|c++|java|python,yes
29125901,Passing R functions to C as C functions,6,1,248,https://stackoverflow.com/questions/29125901/passing-r-functions-to-c-as-c-functions,2015-03-18 15:20:27,Drmanifold,85,c|c++|java|python,no
7330287,Best and safe way to transfer data over a pipe on different platform,6,3,1031,https://stackoverflow.com/questions/7330287/best-and-safe-way-to-transfer-data-over-a-pipe-on-different-platform,2011-09-07 07:30:51,HokageSama,303,c|c++|java|python,no
53575779,Mandatory class recompilation when dependency changes,6,2,367,https://stackoverflow.com/questions/53575779/mandatory-class-recompilation-when-dependency-changes,2018-12-01 22:54:56,bastiat,1129,c|c++|java|python,no
1046068,Would one have to know the machine architecture to write code?,6,11,1170,https://stackoverflow.com/questions/1046068/would-one-have-to-know-the-machine-architecture-to-write-code,2009-06-25 20:30:22,g06lin,3775,c|c++|java|python,no
26838194,Persisting sha256 hash objects?,6,1,1208,https://stackoverflow.com/questions/26838194/persisting-sha256-hash-objects,Nov 10 '14 at 6:43,Devesh Saini,499,c|c++|java|python,no
4571085,Android ADB API from C/C++ Applications,6,1,2057,https://stackoverflow.com/questions/4571085/android-adb-api-from-c-c-applications,2010-12-31 16:16:15,Sam,869,c|c++|java|shell,no
836469,Cross platform programming [closed],6,12,4746,https://stackoverflow.com/questions/836469/cross-platform-programming,2009-05-07 19:11:23,juan,71.4k,c|c++|java|shell,no
9367700,"JNI: Library is Found on Path, but Method is not (java.lang.UnsatisfiedLinkError)",6,5,3349,https://stackoverflow.com/questions/9367700/jni-library-is-found-on-path-but-method-is-not-java-lang-unsatisfiedlinkerror,2012-02-20 20:07:09,msknapp,1329,c|c++|java|shell,yes
1396340,What does the ¡°|¡± in ¡°int style = SWT.APPLICATION_MODAL | SWT.OK;¡± do (and how to Google it)?,6,7,1226,https://stackoverflow.com/questions/1396340/what-does-the-in-int-style-swt-application-modal-swt-ok-do-and-how-t,2009-09-08 21:08:37,Delirium tremens,4181,c|c++|java|shell,no
3074908,"Making a barebones, PHP-enabled web server in C?",6,4,1724,https://stackoverflow.com/questions/3074908/making-a-barebones-php-enabled-web-server-in-c,Jun 19 '10 at 8:31,guitar-,831,c|c++|javascript|php,no
827616,Strategies for authenticating users one time without pre-shared identifier,6,4,287,https://stackoverflow.com/questions/827616/strategies-for-authenticating-users-one-time-without-pre-shared-identifier,2009-05-06 01:07:41,Tyson of the Northwest,1940,c|c++|javascript|php,no
14083180,"Why bother using Apache or Nginx, etc?",6,3,525,https://stackoverflow.com/questions/14083180/why-bother-using-apache-or-nginx-etc,2012-12-29 15:35:19,Gary,243,c|c++|javascript|php,no
230687,Counterpart of PHP's isset() in C/C++,6,8,12239,https://stackoverflow.com/questions/230687/counterpart-of-phps-isset-in-c-c,2008-10-23 17:42:28,VarunGupta,5147,c|c++|javascript|php,no
3876921,Metaclass to parametrize Inheritance,6,2,1284,https://stackoverflow.com/questions/3876921/metaclass-to-parametrize-inheritance,2010-10-06 21:10:26,dsimcha,62.9k,c|c++|javascript|python,no
8193067,Passing data between PHP and C executable in linux,6,4,2166,https://stackoverflow.com/questions/8193067/passing-data-between-php-and-c-executable-in-linux,Nov 19 '11 at 9:18,tom91136,7436,c|c++|php|shell,yes
10251554,"scripting full-screen, curses-style, updating tabular output (a la top) on unixen",6,3,1870,https://stackoverflow.com/questions/10251554/scripting-full-screen-curses-style-updating-tabular-output-a-la-top-on-unixe,Apr 20 '12 at 18:28,Vendetta,12.1k,c|c++|python|shell,no
11527227,Installing openCV 2.4 for C/C++ for Visual Studio,6,3,12074,https://stackoverflow.com/questions/11527227/installing-opencv-2-4-for-c-c-for-visual-studio,2012-07-17 16:54:52,Jaroslaw Pawlak,5220,c|c++|python|shell,no
28366147,How can I manually compile Cython code that uses C++?,6,1,2231,https://stackoverflow.com/questions/28366147/how-can-i-manually-compile-cython-code-that-uses-c,2015-02-06 12:47:13,ali_m,58k,c|c++|python|shell,yes
25530727,c++ python API : second call of PyImport_Import results in SIGSEGV,6,1,958,https://stackoverflow.com/questions/25530727/c-python-api-second-call-of-pyimport-import-results-in-sigsegv,2014-08-27 15:07:23,Arnox,121,c|c++|python|shell,yes
10121957,(Swig to python) import error:dynamic module does not define init function,6,3,10780,https://stackoverflow.com/questions/10121957/swig-to-python-import-errordynamic-module-does-not-define-init-function,2012-04-12 10:41:04,user1328842,75,c|c++|python|shell,yes
19235489,Android webview cookie returns null,6,4,6842,https://stackoverflow.com/questions/19235489/android-webview-cookie-returns-null,2013-10-07 21:54:59,kirgy,1214,c|java|javascript|php,no
32570109,how parse utf-8 json in jquery,6,2,1882,https://stackoverflow.com/questions/32570109/how-parse-utf-8-json-in-jquery,2015-09-14 17:03:11,mohammad eslahi sani,518,c|java|javascript|php,no
19999710,Returning every second row of an SQL query,6,4,512,https://stackoverflow.com/questions/19999710/returning-every-second-row-of-an-sql-query,2013-11-15 11:09:59,bisslad,85,c|java|javascript|php,no
7813366,Comparing three integer values,6,5,17184,https://stackoverflow.com/questions/7813366/comparing-three-integer-values,2011-10-18 20:35:28,user979431,327,c|java|javascript|python,no
2753878,How to evaluate javascript code in Python,6,6,11172,https://stackoverflow.com/questions/2753878/how-to-evaluate-javascript-code-in-python,2010-05-02 15:10:15,overboming,1492,c|java|javascript|python,no
22845913,Function to replicate the output of java.lang.String.hashCode() in python and node.js,6,2,2126,https://stackoverflow.com/questions/22845913/function-to-replicate-the-output-of-java-lang-string-hashcode-in-python-and-no,2014-04-03 18:26:06,balyanrobin,71,c|java|javascript|python,no
21318601,How to decode a Base64 string in Scala or Java?,6,3,9082,https://stackoverflow.com/questions/21318601/how-to-decode-a-base64-string-in-scala-or-java,2014-01-23 20:26:22,Daniel Cukier,10.1k,c|java|php|python,no
27973396,pyjnius ¡°Class not found¡± when importing jar file,6,6,7058,https://stackoverflow.com/questions/27973396/pyjnius-class-not-found-when-importing-jar-file,2015-01-15 21:34:28,FaustoW,534,c|java|python|shell,no
9041185,How do ¡°binary¡± numbers relate to my everyday programming?,6,8,1098,https://stackoverflow.com/questions/9041185/how-do-binary-numbers-relate-to-my-everyday-programming,Jan 27 '12 at 22:57,Jonathan Coe,1401,c|javascript|php|python,no
12486885,Javascript and PHP countdown Timer that displays the same for everyone,6,4,5954,https://stackoverflow.com/questions/12486885/javascript-and-php-countdown-timer-that-displays-the-same-for-everyone,2012-09-19 00:15:22,myth024,176,c|javascript|php|shell,no
50633415,Get Jupyter notebook name [duplicate],6,0,851,https://stackoverflow.com/questions/50633415/get-jupyter-notebook-name,2018-05-31 22:02:57,Apogentus,5113,c|javascript|python|shell,no
36972368,Calculate the closest colourblind-friendly colour?,6,3,250,https://stackoverflow.com/questions/36972368/calculate-the-closest-colourblind-friendly-colour,May 1 '16 at 21:49,Bob Ortiz,356,java|javascript|php|python,no
9351365,php javascript minifier,6,4,2451,https://stackoverflow.com/questions/9351365/php-javascript-minifier,2012-02-19 17:25:14,qwertymk,29.2k,java|javascript|php|python,yes
6644748,Using remote chrome devtools from Python,6,2,3013,https://stackoverflow.com/questions/6644748/using-remote-chrome-devtools-from-python,2011-07-11 00:47:28,Jesse Aldridge,6774,java|javascript|python|shell,no
4410204,Make PHP execute and communicate with a Java application on a web server,6,4,1839,https://stackoverflow.com/questions/4410204/make-php-execute-and-communicate-with-a-java-application-on-a-web-server,Dec 10 '10 at 15:10,tHeSiD,2330,java|php|python|shell,yes
7236644,"Merging 2 very large text files, update each line, without using memory",6,5,1150,https://stackoverflow.com/questions/7236644/merging-2-very-large-text-files-update-each-line-without-using-memory,Aug 29 '11 at 22:16,Brucial,61,java|php|python|shell,no
690108,How to prevent every malicious file upload on my server? (check file type)?,6,6,13992,https://stackoverflow.com/questions/690108/how-to-prevent-every-malicious-file-upload-on-my-server-check-file-type,Mar 27 '09 at 14:58,Strae,16.4k,javascript|php|python|shell,no
207696,Great Eclipse Set-up for PHP Development,6,10,2594,https://stackoverflow.com/questions/207696/great-eclipse-set-up-for-php-development,2008-10-16 07:34:29,Richard Turner,10.7k,javascript|php|python|shell,no
6922245,Dollar notation in script languages - why? [closed],6,4,605,https://stackoverflow.com/questions/6922245/dollar-notation-in-script-languages-why,2011-08-03 05:55:01,Jakub M.,25.6k,javascript|php|python|shell,no
89228,Calling an external command from Python,4989,61,3480200,https://stackoverflow.com/questions/89228/calling-an-external-command-from-python,Sep 18 '08 at 1:35,freshWoWer,51.4k,c|javascript|php|python|shell,yes
17134522,Does anyone have benchmarks (code & results) comparing performance of Android apps written in Xamarin C# and Java? [closed],550,7,54487,https://stackoverflow.com/questions/17134522/does-anyone-have-benchmarks-code-results-comparing-performance-of-android-ap,,,,c|c#|c++|java|shell,no
12193170,What's the purpose of using braces (i.e. {}) for a single-line if or loop?,323,23,35565,https://stackoverflow.com/questions/12193170/whats-the-purpose-of-using-braces-i-e-for-a-single-line-if-or-loop,2012-08-30 08:50:09,JAN,17.8k,c|c#|c++|java|python,no
35301,What is the difference between the | and || or operators?,309,12,131912,https://stackoverflow.com/questions/35301/what-is-the-difference-between-the-and-or-operators,Aug 29 '08 at 21:11,GloryFish,11.5k,c|c#|c++|java|php,no
19820297,Why does changing the sum order returns a different result?,297,6,12302,https://stackoverflow.com/questions/19820297/why-does-changing-the-sum-order-returns-a-different-result,2013-11-06 18:50:17,Marlon Bernardes,9953,c|c#|java|javascript|python,no
6357038,Is multiplication and division using shift operators in C actually faster?,294,19,100785,https://stackoverflow.com/questions/6357038/is-multiplication-and-division-using-shift-operators-in-c-actually-faster,2011-06-15 11:31:04,eku,3007,c|c++|php|python|shell,no
24430504,How to avoid ¡°if¡± chains?,267,50,39719,https://stackoverflow.com/questions/24430504/how-to-avoid-if-chains,2014-06-26 12:25:25,ABCplus,3701,c|c#|c++|java|python,no
7586063,How to calculate the angle between a line and the horizontal axis?,248,9,223028,https://stackoverflow.com/questions/7586063/how-to-calculate-the-angle-between-a-line-and-the-horizontal-axis,Sep 28 '11 at 15:58,orlp,87.4k,c#|c++|java|javascript|python,no
6481668,Protecting executable from reverse engineering?,210,24,62195,https://stackoverflow.com/questions/6481668/protecting-executable-from-reverse-engineering,2011-06-26 01:49:24,graphitemaster,2975,c|c++|java|php|shell,no
1647631,C state-machine design [closed],193,27,84208,https://stackoverflow.com/questions/1647631/c-state-machine-design,2009-10-30 02:08:33,jldupont,78.6k,c|c++|java|php|python,no
35677724,"TensorFlow, why was python the chosen language?",146,4,62196,https://stackoverflow.com/questions/35677724/tensorflow-why-was-python-the-chosen-language,2016-02-28 01:40:08,Ollegn,1949,c|c++|java|php|python,no
598552,Should I learn C before learning C++? [closed],116,14,156953,https://stackoverflow.com/questions/598552/should-i-learn-c-before-learning-c,2009-02-28 19:46:08,Ross,41.9k,c|c#|c++|java|php,no
2592137,What is the point of function pointers?,96,17,13077,https://stackoverflow.com/questions/2592137/what-is-the-point-of-function-pointers,2010-04-07 11:55:18,gramm,18.6k,c|c#|c++|java|python,no
8878676,Compile error: ¡°g++: error trying to exec 'cc1plus': execvp: No such file or directory¡±,96,9,126838,https://stackoverflow.com/questions/8878676/compile-error-g-error-trying-to-exec-cc1plus-execvp-no-such-file-or-dir,2012-01-16 10:26:44,Zeyi Fan,1473,c|c++|php|python|shell,yes
9378500,Why is splitting a string slower in C++ than Python?,93,8,15419,https://stackoverflow.com/questions/9378500/why-is-splitting-a-string-slower-in-c-than-python,2012-02-21 13:32:49,JJC,6635,c|c#|c++|java|python,no
58730,Open source PDF library for C/C++ application? [closed],91,10,173358,https://stackoverflow.com/questions/58730/open-source-pdf-library-for-c-c-application,2008-09-12 11:31:20,ChrisN,15.4k,c|c#|c++|php|python,no
801657,Is Python faster and lighter than C++? [closed],91,8,186227,https://stackoverflow.com/questions/801657/is-python-faster-and-lighter-than-c,2009-04-29 09:51:34,Alex,35.4k,c|c++|java|python|shell,no
46959685,Why would uint32_t be preferred rather than uint_fast32_t?,81,11,9273,https://stackoverflow.com/questions/46959685/why-would-uint32-t-be-preferred-rather-than-uint-fast32-t,2017-10-26 16:46:33,Joost,3724,c|c#|c++|java|shell,no
812717,Is there any reason to use C instead of C++ for embedded development?,81,31,43929,https://stackoverflow.com/questions/812717/is-there-any-reason-to-use-c-instead-of-c-for-embedded-development,2009-05-01 18:51:58,Piotr Czapla,22.3k,c|c++|java|javascript|python,no
2568446,The best cross platform (portable) arbitrary precision math library [closed],81,5,25098,https://stackoverflow.com/questions/2568446/the-best-cross-platform-portable-arbitrary-precision-math-library,2010-04-02 18:36:40,Siu Ching Pong -Asuka Kenji-,6605,c|c++|java|php|python,no
6955114,Is C notably faster than C++ [closed],77,4,69926,https://stackoverflow.com/questions/6955114/is-c-notably-faster-than-c,2011-08-05 10:49:27,Will03uk,2860,c|c++|java|javascript|python,no
5326269,Is C# really slower than say C++?,76,12,22605,https://stackoverflow.com/questions/5326269/is-c-sharp-really-slower-than-say-c,2011-03-16 13:49:45,Yochai Timmer,43.2k,c|c#|c++|java|python,no
4773807,Searching in a sorted and rotated array,76,23,38756,https://stackoverflow.com/questions/4773807/searching-in-a-sorted-and-rotated-array,2011-01-23 12:35:14,Jones,763,c|c++|java|javascript|python,no
178026,Why is ¡°null¡± present in C# and Java?,73,25,5855,https://stackoverflow.com/questions/178026/why-is-null-present-in-c-sharp-and-java,Oct 7 '08 at 11:30,sthiers,3263,c|c#|c++|java|javascript,no
2534803,Use of String.Format in JavaScript?,73,19,141555,https://stackoverflow.com/questions/2534803/use-of-string-format-in-javascript,2010-03-28 22:17:56,chobo2,71.9k,c|c#|java|javascript|php,no
3033329,Why are Python Programs often slower than the Equivalent Program Written in C or C++?,70,9,30266,https://stackoverflow.com/questions/3033329/why-are-python-programs-often-slower-than-the-equivalent-program-written-in-c-or,2010-06-13 18:09:11,Riemannliness,881,c|c#|c++|java|python,no
302736,How much null checking is enough?,66,18,11067,https://stackoverflow.com/questions/302736/how-much-null-checking-is-enough,2008-11-19 17:39:01,James Schek,17.1k,c|c#|c++|java|python,no
11812850,Does Arduino use C or C++? [closed],66,3,111173,https://stackoverflow.com/questions/11812850/does-arduino-use-c-or-c,2012-08-04 23:43:14,memilanuk,3330,c|c++|java|javascript|python,no
456884,"Extending python - to swig, not to swig or Cython",65,10,29010,https://stackoverflow.com/questions/456884/extending-python-to-swig-not-to-swig-or-cython,2009-01-19 08:32:06,RSabet,5504,c|c#|c++|java|python,yes
404795,LBYL vs EAFP in Java?,64,5,19811,https://stackoverflow.com/questions/404795/lbyl-vs-eafp-in-java,2009-01-01 09:50:56,ryeguy,58.3k,c|c#|c++|java|python,no
41124338,Does React Native compile JavaScript into Java for Android?,62,6,25850,https://stackoverflow.com/questions/41124338/does-react-native-compile-javascript-into-java-for-android,2016-12-13 15:06:16,unlimited101,3071,c|c#|c++|java|javascript,no
8378583,Enhanced FOR loops in C++,61,7,33108,https://stackoverflow.com/questions/8378583/enhanced-for-loops-in-c,2011-12-04 21:05:57,Daniel Gratzer,48.4k,c|c#|c++|java|python,no
8310039,Why do std::string operations perform poorly?,61,12,16714,https://stackoverflow.com/questions/8310039/why-do-stdstring-operations-perform-poorly,2011-11-29 11:33:13,Wu Shu,605,c|c++|java|javascript|python,no
1701055,What is the maximum length in chars needed to represent any double value?,56,11,28902,https://stackoverflow.com/questions/1701055/what-is-the-maximum-length-in-chars-needed-to-represent-any-double-value,2009-11-09 13:43:07,martin,906,c|c#|c++|java|shell,no
1141228,Javadoc-like Documentation for C++,54,5,35648,https://stackoverflow.com/questions/1141228/javadoc-like-documentation-for-c,2009-07-17 02:44:53,DHamrick,7846,c#|c++|java|php|python,no
328577,Python for C++ Developers [closed],54,8,40018,https://stackoverflow.com/questions/328577/python-for-c-developers,2008-11-30 07:14:02,Stefan Mai,20.9k,c#|c++|java|php|python,no
1119696,Java Python Integration,54,10,72378,https://stackoverflow.com/questions/1119696/java-python-integration,2009-07-13 14:15:23,Jeff Storey,51.8k,c|c++|java|php|python,yes
5192223,Convert javascript code to c code [closed],54,6,60101,https://stackoverflow.com/questions/5192223/convert-javascript-code-to-c-code,2020-09-23 19:33:38,Wassim AZIRAR,9859,c|c++|javascript|php|python,no
556807,Does a Java to C++ converter/tool exist? [closed],53,10,89034,https://stackoverflow.com/questions/556807/does-a-java-to-c-converter-tool-exist,2009-02-17 13:36:30,n00ki3,12.4k,c|c#|c++|java|javascript,no
6606657,Why not have all the functions as virtual in C++?,53,11,6888,https://stackoverflow.com/questions/6606657/why-not-have-all-the-functions-as-virtual-in-c,2011-07-07 06:24:07,codeObserver,6023,c|c#|c++|java|python,no
1149929,How to add two numbers without using ++ or + or another arithmetic operator,53,21,42251,https://stackoverflow.com/questions/1149929/how-to-add-two-numbers-without-using-or-or-another-arithmetic-operator,2009-07-19 13:45:57,Vivek Sharma,3656,c|c#|c++|javascript|python,no
1695807,Why isn't C/C++'s ¡°#pragma once¡± an ISO standard?,53,9,8617,https://stackoverflow.com/questions/1695807/why-isnt-c-cs-pragma-once-an-iso-standard,2009-11-08 08:52:00,doc,7221,c|c++|java|php|python,no
3044620,Python vs. Java performance (runtime speed) [duplicate],51,4,124574,https://stackoverflow.com/questions/3044620/python-vs-java-performance-runtime-speed,2010-06-15 11:18:36,Bijan,5833,c|c#|c++|java|python,no
22037744,Named numbers as variables [closed],48,10,2906,https://stackoverflow.com/questions/22037744/named-numbers-as-variables,2014-02-26 09:56:05,Jack0x539,586,c#|c++|java|php|python,no
2214122,From PHP to Java. Any advice? [closed],48,7,18052,https://stackoverflow.com/questions/2214122/from-php-to-java-any-advice,Feb 6 '10 at 18:16,Michael Ekoka,14.5k,c#|java|php|python|shell,no
2470552,Is there anything wrong with a class with all static methods?,46,16,4581,https://stackoverflow.com/questions/2470552/is-there-anything-wrong-with-a-class-with-all-static-methods,Mar 18 '10 at 14:28,MatthewMartin,29.4k,c|c#|java|php|shell,no
2069488,How can I perform multiplication without the '*' operator?,45,33,43078,https://stackoverflow.com/questions/2069488/how-can-i-perform-multiplication-without-the-operator,2010-01-15 04:20:07,Race,625,c|c#|c++|java|javascript,no
10940669,Matlab Coder vs hand coding?,45,6,18139,https://stackoverflow.com/questions/10940669/matlab-coder-vs-hand-coding,2012-06-07 22:21:42,s5s,7060,c|c#|c++|java|python,no
145607,Text difference algorithm,42,11,17337,https://stackoverflow.com/questions/145607/text-difference-algorithm,Sep 28 '08 at 10:12,Graviton,74.5k,c#|c++|java|javascript|python,no
276761,Exposing a C++ API to Python,41,5,12385,https://stackoverflow.com/questions/276761/exposing-a-c-api-to-python,2008-11-10 00:34:50,Marcos Lara,1815,c|c++|java|python|shell,yes
538056,JIT compiler vs offline compilers,40,10,8321,https://stackoverflow.com/questions/538056/jit-compiler-vs-offline-compilers,2009-02-11 18:12:02,Joan Venge,251k,c#|c++|java|javascript|python,no
9169249,"Why we use if, else if instead of multiple if block if the body is a return statement",40,13,54541,https://stackoverflow.com/questions/9169249/why-we-use-if-else-if-instead-of-multiple-if-block-if-the-body-is-a-return-stat,2012-02-07 00:11:02,Lily,5406,c|c++|java|javascript|php,no
11817950,What is data serialization ?,39,5,34609,https://stackoverflow.com/questions/11817950/what-is-data-serialization,2012-08-05 16:11:03,,,c#|c++|java|javascript|php,no
14520830,"x > -1 vs x >= 0, is there a performance difference",39,10,2205,https://stackoverflow.com/questions/14520830/x-1-vs-x-0-is-there-a-performance-difference,2013-01-25 11:25:11,Cheiron,3192,c|c#|c++|java|javascript,no
1916218,Find the longest common starting substring in a set of strings [closed],39,31,34578,https://stackoverflow.com/questions/1916218/find-the-longest-common-starting-substring-in-a-set-of-strings,2009-12-16 17:22:46,mislav,13.6k,c|java|javascript|python|shell,no
693880,Create Random Number Sequence with No Repeats,38,28,69956,https://stackoverflow.com/questions/693880/create-random-number-sequence-with-no-repeats,2009-03-29 00:40:36,Unknown,41.9k,c|c#|c++|java|shell,no
7033844,Nodejs: Where or How to write complicated business logic?,37,6,16011,https://stackoverflow.com/questions/7033844/nodejs-where-or-how-to-write-complicated-business-logic,2011-08-11 22:44:43,Vishal,16.6k,c++|java|javascript|php|python,yes
787375,Why would you want to use C# if its slower than C++? [closed],36,11,10829,https://stackoverflow.com/questions/787375/why-would-you-want-to-use-c-sharp-if-its-slower-than-c,2009-04-24 20:08:32,Gordon Gustafson,34.6k,c#|c++|java|javascript|python,no
32426267,Visual Studio /**/ comment shortcut?,36,8,81252,https://stackoverflow.com/questions/32426267/visual-studio-comment-shortcut,2015-09-06 17:24:24,Zia Khattak,395,c|c#|c++|java|javascript,no
40192296,"When a user closes a <div>, hide that <div> on all site pages",36,12,2947,https://stackoverflow.com/questions/40192296/when-a-user-closes-a-div-hide-that-div-on-all-site-pages,2016-10-22 12:41:43,Michael Benjamin,233k,c|java|javascript|php|shell,no
46373895,How to open a huge excel file efficiently,35,11,14308,https://stackoverflow.com/questions/46373895/how-to-open-a-huge-excel-file-efficiently,2017-09-22 22:11:50,David542,89.6k,c|c#|c++|java|python,no
389069,Programmatically reading a web page,34,6,79264,https://stackoverflow.com/questions/389069/programmatically-reading-a-web-page,2008-12-23 15:01:03,Howard May,6363,c|c#|c++|java|python,no
2447118,Programming in Python vs. programming in Java,32,13,6019,https://stackoverflow.com/questions/2447118/programming-in-python-vs-programming-in-java,2010-03-15 12:45:02,Yossale,12.7k,c|c#|c++|java|python,no
708527,Implementing A Plugin System in C or C++ [closed],32,11,29980,https://stackoverflow.com/questions/708527/implementing-a-plugin-system-in-c-or-c,2009-04-02 06:34:03,ixo,521,c|c++|javascript|python|shell,no
1599176,What are first-class objects in Java and C#?,31,7,19951,https://stackoverflow.com/questions/1599176/what-are-first-class-objects-in-java-and-c,Oct 21 '09 at 7:05,peter.murray.rust,34k,c#|c++|java|javascript|python,no
14330370,Is C/C++ one language or two languages?,31,8,3751,https://stackoverflow.com/questions/14330370/is-c-c-one-language-or-two-languages,2013-01-15 02:46:40,Scott O'Donnell,565,c|c#|c++|java|javascript,no
1143993,What are the schools of OOP? [closed],30,9,3037,https://stackoverflow.com/questions/1143993/what-are-the-schools-of-oop,2009-07-17 15:25:43,AraK,84.6k,c|c#|c++|java|javascript,no
25323202,C++ and PHP vs C# and Java - unequal results,30,4,4848,https://stackoverflow.com/questions/25323202/c-and-php-vs-c-sharp-and-java-unequal-results,2014-08-15 08:11:18,Dmitry K.,2129,c|c#|c++|java|php,no
977105,Ever done a total rewrite of a large C++ application in C#? [closed],30,15,5121,https://stackoverflow.com/questions/977105/ever-done-a-total-rewrite-of-a-large-c-application-in-c,2009-06-10 17:38:02,Dana Holt,12.2k,c|c#|c++|java|shell,no
486087,How to call an external program with parameters?,29,5,69309,https://stackoverflow.com/questions/486087/how-to-call-an-external-program-with-parameters,2009-01-28 01:09:59,Will,732,c|c#|c++|python|shell,no
6645796,node.js performance with zeromq vs. Python vs. Java,29,6,25469,https://stackoverflow.com/questions/6645796/node-js-performance-with-zeromq-vs-python-vs-java,2011-07-11 04:36:46,Scott A,6999,c|c++|java|javascript|python,no
28000637,CPU Flame Graphs for Python,28,2,2556,https://stackoverflow.com/questions/28000637/cpu-flame-graphs-for-python,Jan 17 '15 at 14:48,Croad Langshan,2209,c|c++|java|javascript|python,no
2482348,Run C or C++ file as a script,28,12,13817,https://stackoverflow.com/questions/2482348/run-c-or-c-file-as-a-script,2010-03-20 07:48:05,Brendan Long,47.5k,c|c++|java|php|shell,yes
8979784,Why does (x += x += 1) evaluate differently in C and Javascript?,27,6,2419,https://stackoverflow.com/questions/8979784/why-does-x-x-1-evaluate-differently-in-c-and-javascript,2020-04-14 14:56:57,KT.,8221,c|c#|c++|java|javascript,no
3655430,selection based on percentage weighting,27,13,21146,https://stackoverflow.com/questions/3655430/selection-based-on-percentage-weighting,Sep 7 '10 at 2:52,Corey Goldberg,50.5k,c|c#|java|php|python,no
1203451,How to write an application for the system tray in Linux,26,4,9504,https://stackoverflow.com/questions/1203451/how-to-write-an-application-for-the-system-tray-in-linux,2009-07-29 22:31:39,,,c|c#|c++|php|python,no
828092,Python-style integer division & modulus in C,26,6,8491,https://stackoverflow.com/questions/828092/python-style-integer-division-modulus-in-c,2009-05-06 05:02:42,user102008,27.5k,c|c++|java|javascript|python,no
2717348,Why do C# and Java require everything to be in a class?,25,3,5082,https://stackoverflow.com/questions/2717348/why-do-c-sharp-and-java-require-everything-to-be-in-a-class,Apr 26 '10 at 22:23,Javier,4146,c|c#|c++|java|python,no
1551842,Why are most of the biggest open source projects in C? [closed],25,16,6175,https://stackoverflow.com/questions/1551842/why-are-most-of-the-biggest-open-source-projects-in-c,2009-10-11 21:32:56,tomzx,1855,c|c#|c++|java|python,no
11060,How should I unit test a code-generator?,24,8,6502,https://stackoverflow.com/questions/11060/how-should-i-unit-test-a-code-generator,2008-08-14 13:59:21,jkp,66.8k,c#|c++|javascript|python|shell,yes
280624,Which is faster - C# unsafe code or raw C++,24,10,16981,https://stackoverflow.com/questions/280624/which-is-faster-c-sharp-unsafe-code-or-raw-c,2008-11-11 11:05:51,geometrikal,1876,c|c#|c++|java|php,yes
1594917,What features should Java 7 onwards have to encourage switching from C#? [closed],24,24,3041,https://stackoverflow.com/questions/1594917/what-features-should-java-7-onwards-have-to-encourage-switching-from-c,Oct 20 '09 at 14:15,NT_,2612,c|c#|java|php|shell,no
7506329,Embed Java into a C++ application?,24,6,28815,https://stackoverflow.com/questions/7506329/embed-java-into-a-c-application,2011-09-21 20:39:33,Niklas R,13.7k,c|c++|java|python|shell,yes
1746207,How to IPC between PHP clients and a C Daemon Server?,24,7,13507,https://stackoverflow.com/questions/1746207/how-to-ipc-between-php-clients-and-a-c-daemon-server,Nov 17 '09 at 2:23,Alex Recarey,15.7k,c|c++|javascript|php|python,yes
2140369,What is type safety and what are the ??¨²type safe??¨´ alternatives? [duplicate],23,10,24738,https://stackoverflow.com/questions/2140369/what-is-type-safety-and-what-are-the-type-safe-alternatives,2010-01-26 15:25:42,Dr Deo,4655,c|c#|c++|java|php,no
1569559,C vs. Java for game programming [closed],23,18,21676,https://stackoverflow.com/questions/1569559/c-vs-java-for-game-programming,Oct 14 '09 at 23:29,Jonathan,501,c|c#|c++|java|python,no
4124810,Explain ¡°C fundamentally has a corrupt type system¡±,23,7,3134,https://stackoverflow.com/questions/4124810/explain-c-fundamentally-has-a-corrupt-type-system,2010-11-08 14:39:19,Ian Mackinnon,10.9k,c|c#|c++|java|python,no
28982396,Failed to write core dump. Core dumps have been disabled,23,3,62881,https://stackoverflow.com/questions/28982396/failed-to-write-core-dump-core-dumps-have-been-disabled,2015-03-11 09:10:34,Omurhan Soysal,249,c|c++|java|php|shell,no
6369313,Difference between Javascript and PHP [closed],22,2,52096,https://stackoverflow.com/questions/6369313/difference-between-javascript-and-php,2011-06-16 08:55:11,Kraken,19.4k,c#|java|javascript|php|python,no
694080,How do I read JPEG and PNG pixels in C++ on Linux?,22,9,65026,https://stackoverflow.com/questions/694080/how-do-i-read-jpeg-and-png-pixels-in-c-on-linux,2009-03-29 03:55:06,Nick Bolton,33.2k,c|c#|c++|java|python,no
646928,Is it wise to use PHP for a daemon?,22,17,6165,https://stackoverflow.com/questions/646928/is-it-wise-to-use-php-for-a-daemon,Mar 14 '09 at 23:29,Abs,48.4k,c|java|javascript|php|python,no
51047722,Heatmap/Contours based on Transportation Time (Reverse Isochronic Contours),21,2,1465,https://stackoverflow.com/questions/51047722/heatmap-contours-based-on-transportation-time-reverse-isochronic-contours,2018-06-26 16:37:45,M--,17.4k,c#|c++|java|python|shell,no
4717484,Is python exception handling more efficient than PHP and/or other languages?,21,6,1039,https://stackoverflow.com/questions/4717484/is-python-exception-handling-more-efficient-than-php-and-or-other-languages,Jan 17 '11 at 20:22,keithjgrant,11k,c#|c++|php|python|shell,no
1072530,Learning Python for a .NET developer [closed],21,8,12758,https://stackoverflow.com/questions/1072530/learning-python-for-a-net-developer,Jul 2 '09 at 4:42,Abhijeet Patel,5716,c#|java|javascript|python|shell,no
4759485,Java or Python for math? [closed],21,8,11034,https://stackoverflow.com/questions/4759485/java-or-python-for-math,2011-01-21 13:47:00,Dhaivat Pandya,219,c|c#|c++|java|python,no
2107392,Real world solutions using Dependency Injection,21,8,3638,https://stackoverflow.com/questions/2107392/real-world-solutions-using-dependency-injection,Jan 21 '10 at 6:47,medopal,9077,c|c#|c++|java|python,no
33741691,Can we use QT with C# to create GUI?,20,3,50803,https://stackoverflow.com/questions/33741691/can-we-use-qt-with-c-sharp-to-create-gui,2015-11-16 17:58:27,FxMax,268,c#|c++|java|javascript|python,no
301493,Which language is easiest and fastest to work with XML content?,20,9,14555,https://stackoverflow.com/questions/301493/which-language-is-easiest-and-fastest-to-work-with-xml-content,2008-11-19 10:35:18,Varun Mahajan,6115,c#|java|javascript|php|python,no
25268,What are the best practices when using SWIG with C#?,20,3,9057,https://stackoverflow.com/questions/25268/what-are-the-best-practices-when-using-swig-with-c,Aug 24 '08 at 18:31,Dale Ragan,17.9k,c|c#|c++|java|php,yes
1883455,Learn Java from Python background [closed],20,9,15522,https://stackoverflow.com/questions/1883455/learn-java-from-python-background,2009-12-10 19:41:37,Nick Meharry,2033,c|c#|c++|java|python,no
2896106,Why optional parameters must appear at the end of the declaration,20,6,16476,https://stackoverflow.com/questions/2896106/why-optional-parameters-must-appear-at-the-end-of-the-declaration,May 24 '10 at 10:03,Incognito,15.8k,c|c#|c++|java|python,no
1617699,"How to obtain all subsequence combinations of a String (in Java, or C++ etc)",20,12,31680,https://stackoverflow.com/questions/1617699/how-to-obtain-all-subsequence-combinations-of-a-string-in-java-or-c-etc,2009-10-24 11:15:24,AhmetB - Google,31.6k,c|c#|c++|java|python,no
23062537,How to convert HTML to JSON using PHP?,20,2,42868,https://stackoverflow.com/questions/23062537/how-to-convert-html-to-json-using-php,2014-04-14 14:18:44,Ganesh Babu,3174,c|c++|java|javascript|php,yes
1502244,How can I use C++ code to interact with PHP? [closed],20,4,38744,https://stackoverflow.com/questions/1502244/how-can-i-use-c-code-to-interact-with-php,2009-10-01 06:36:59,qodeninja,9692,c|c++|php|python|shell,no
31994034,"WebAssembly, JavaScript, and other languages",19,2,5008,https://stackoverflow.com/questions/31994034/webassembly-javascript-and-other-languages,2015-08-13 16:45:38,Patryk Go??biowski,3617,c#|c++|java|javascript|python,no
7414890,"To ¡°if, if, if¡± or to ¡°if, else if, else if, else¡± [closed]",19,10,2397,https://stackoverflow.com/questions/7414890/to-if-if-if-or-to-if-else-if-else-if-else,2011-09-14 10:34:26,qonf,888,c|c#|c++|java|python,no
5174725,How do you explain C++ pointers to a C#/Java developer? [closed],19,10,1837,https://stackoverflow.com/questions/5174725/how-do-you-explain-c-pointers-to-a-c-java-developer,2011-03-02 23:14:30,Michael Hedgpeth,6980,c|c#|c++|java|python,no
2339459,Is there any reason a .Net windows programmer needs to learn C or C++ anymore?,19,14,1036,https://stackoverflow.com/questions/2339459/is-there-any-reason-a-net-windows-programmer-needs-to-learn-c-or-c-anymore,2010-02-26 04:13:36,ajl,704,c|c++|java|php|python,no
3014668,Is there programming language with better approach for switch's break statements?,18,17,1371,https://stackoverflow.com/questions/3014668/is-there-programming-language-with-better-approach-for-switchs-break-statements,Jun 10 '10 at 13:17,m_vitaly,11k,c|c#|c++|java|python,no
4973854,C or C++ for a Robot?,18,7,4344,https://stackoverflow.com/questions/4973854/c-or-c-for-a-robot,2011-02-11 20:45:03,Thaskalas,181,c|c#|c++|java|python,no
4756544,Which scripting language is better for embedding in multi-threaded C/C++ application [closed],18,12,3887,https://stackoverflow.com/questions/4756544/which-scripting-language-is-better-for-embedding-in-multi-threaded-c-c-applica,2011-01-21 07:51:36,John,5239,c|c#|c++|javascript|python,no
656669,Will Vala survive? [closed],18,6,5060,https://stackoverflow.com/questions/656669/will-vala-survive,Mar 18 '09 at 1:33,Kredns,33.1k,c|c#|c++|php|python,no
12173856,Implementing python slice notation,18,6,1759,https://stackoverflow.com/questions/12173856/implementing-python-slice-notation,Aug 29 '12 at 8:35,georg,185k,c|c#|javascript|php|python,no
3516560,"Coming from C, how should I learn Python? [closed]",18,7,19211,https://stackoverflow.com/questions/3516560/coming-from-c-how-should-i-learn-python,Aug 18 '10 at 20:49,spencer nelson,3325,c|c++|java|php|python,no
3422064,Javascript interpreter for Linux,17,4,19129,https://stackoverflow.com/questions/3422064/javascript-interpreter-for-linux,2010-08-06 08:21:17,Madalina,1217,c++|java|javascript|python|shell,no
3584945,non-technical benefits of having string-type immutable,17,8,2688,https://stackoverflow.com/questions/3584945/non-technical-benefits-of-having-string-type-immutable,2010-08-27 14:06:32,Albert,54.5k,c|c#|c++|java|python,no
29903320,Why is my computation so much faster in C# than Python,17,5,30390,https://stackoverflow.com/questions/29903320/why-is-my-computation-so-much-faster-in-c-sharp-than-python,Apr 27 '15 at 18:28,ssd,1799,c|c#|java|javascript|python,no
329745,"Programming coordinates-based game, like dots or checkers",17,11,5416,https://stackoverflow.com/questions/329745/programming-coordinates-based-game-like-dots-or-checkers,2018-12-05 05:54:21,Coocoo4Cocoa,40.5k,c|c#|java|javascript|python,no
916962,How does Python OOP compare to PHP OOP?,17,6,3546,https://stackoverflow.com/questions/916962/how-does-python-oop-compare-to-php-oop,May 27 '09 at 17:09,Thomas Schultz,2246,c|c#|java|php|python,no
1283370,Any Javascript Engine for .NET/C#? [closed],16,8,12900,https://stackoverflow.com/questions/1283370/any-javascript-engine-for-net-c,2009-08-16 02:59:47,Alon Gubkin,51.4k,c#|c++|java|javascript|python,no
29707809,Does namespace pollution in Java or C# exist (like in C++)?,16,4,1477,https://stackoverflow.com/questions/29707809/does-namespace-pollution-in-java-or-c-sharp-exist-like-in-c,2015-04-17 19:26:00,matrixanomaly,5565,c#|c++|java|javascript|python,no
4534612,what is the point of heterogenous arrays?,16,8,11784,https://stackoverflow.com/questions/4534612/what-is-the-point-of-heterogenous-arrays,2010-12-26 16:47:47,Aaron Yodaiken,16.9k,c#|java|javascript|php|python,no
2311476,What's the reason high-level languages like C#/Java mask the bit shift count operand?,16,3,1784,https://stackoverflow.com/questions/2311476/whats-the-reason-high-level-languages-like-c-java-mask-the-bit-shift-count-ope,Feb 22 '10 at 14:31,polygenelubricants,335k,c|c#|c++|java|javascript,no
1424660,Garbage collection vs. non garbage collection programming languages,16,10,5006,https://stackoverflow.com/questions/1424660/garbage-collection-vs-non-garbage-collection-programming-languages,Sep 15 '09 at 1:20,user69514,23k,c|c#|c++|java|python,no
313446,Can anyone quantify performance differences between C++ and Java?,16,13,4060,https://stackoverflow.com/questions/313446/can-anyone-quantify-performance-differences-between-c-and-java,2008-11-24 04:55:02,,,c|c#|c++|java|python,no
24401621,Java's System.exit(0); vs C++ return 0;,16,5,14999,https://stackoverflow.com/questions/24401621/javas-system-exit0-vs-c-return-0,2014-06-25 06:25:12,user3437460,15.7k,c|c#|c++|java|shell,no
2576121,Shift from Java to c++,16,16,6678,https://stackoverflow.com/questions/2576121/shift-from-java-to-c,2010-04-04 22:32:35,zengr,35.5k,c|c#|c++|java|shell,no
3774108,Python vs Lua for embedded scripting/text processing engine,16,4,8491,https://stackoverflow.com/questions/3774108/python-vs-lua-for-embedded-scripting-text-processing-engine,2010-09-22 22:30:44,Wade Tandy,3666,c|c#|c++|javascript|python,yes
10912349,Similar code detector,16,6,32399,https://stackoverflow.com/questions/10912349/similar-code-detector,2012-06-06 10:23:24,¡Ö?imon T¡Ì¡Ýth,32.5k,c|c++|java|javascript|python,no
2699180,Execute javascript in PHP,16,10,55615,https://stackoverflow.com/questions/2699180/execute-javascript-in-php,2010-04-23 14:08:30,Thomas Bonini,39.2k,c|java|javascript|php|python,yes
45608424,atoi() for int128_t type,15,5,2354,https://stackoverflow.com/questions/45608424/atoi-for-int128-t-type,2017-08-10 08:33:00,Abhinav Gauniyal,5330,c|c#|c++|java|javascript,no
180358,Delphi versus C++ Builder - Which is Better Choice for a Java Programmer Doing Win32,15,12,13644,https://stackoverflow.com/questions/180358/delphi-versus-c-builder-which-is-better-choice-for-a-java-programmer-doing-w,2008-10-07 20:51:12,MB.,6799,c|c#|c++|java|javascript,no
1711490,Returning a C++ class to Java via JNI,15,3,20642,https://stackoverflow.com/questions/1711490/returning-a-c-class-to-java-via-jni,2009-11-10 21:51:32,tomzx,1855,c|c#|c++|java|python,yes
25904993,How to check if a struct is NULL in C or C++,15,6,60437,https://stackoverflow.com/questions/25904993/how-to-check-if-a-struct-is-null-in-c-or-c,2014-09-18 05:44:01,user2101801,619,c|c#|c++|java|shell,no
527700,What is a good desktop programming language to learn for a web developer? [closed],15,26,9200,https://stackoverflow.com/questions/527700/what-is-a-good-desktop-programming-language-to-learn-for-a-web-developer,2009-02-09 10:52:58,Sam152,17.2k,c|c#|c++|php|shell,no
3775674,Is it possible to build a interactive C shell?,15,3,9170,https://stackoverflow.com/questions/3775674/is-it-possible-to-build-a-interactive-c-shell,Sep 23 '10 at 5:37,Mino Yarre,151,c|c++|java|python|shell,yes
1158396,How to implement a scripting language into a C application?,15,8,4442,https://stackoverflow.com/questions/1158396/how-to-implement-a-scripting-language-into-a-c-application,Jul 21 '09 at 10:32,Michael Stum,163k,c|c++|javascript|php|python,yes
940896,Example usage where Lua fits much better than C/C++ [closed],15,9,23836,https://stackoverflow.com/questions/940896/example-usage-where-lua-fits-much-better-than-c-c,2009-06-02 17:41:25,bugmenot77,581,c|c++|javascript|python|shell,no
34206654,Are the new async and await keywords in ES7 copied from C#? [closed],14,1,1586,https://stackoverflow.com/questions/34206654/are-the-new-async-and-await-keywords-in-es7-copied-from-c,2015-12-10 16:13:35,sean2078,3555,c#|c++|java|javascript|python,no
667410,The Benefits of Using Function Pointers,14,11,12978,https://stackoverflow.com/questions/667410/the-benefits-of-using-function-pointers,2009-03-20 18:38:19,Brock Woolf,42.8k,c|c#|c++|java|javascript,no
14094621,Change all accented letters to normal letters in C++,14,7,10221,https://stackoverflow.com/questions/14094621/change-all-accented-letters-to-normal-letters-in-c,2012-12-30 21:02:25,OneMore,921,c|c#|c++|java|php,no
2527885,Is there anything RAD comparable to VCL? [closed],14,8,1413,https://stackoverflow.com/questions/2527885/is-there-anything-rad-comparable-to-vcl,2010-03-27 02:20:47,Mawg says reinstate Monica,33.1k,c|c#|c++|java|php,no
4132066,Python based build tools,14,1,2029,https://stackoverflow.com/questions/4132066/python-based-build-tools,2010-11-09 09:20:17,costy.petrisor,723,c|c#|c++|java|python,yes
1518915,"In managed code, how do I achieve good locality of reference?",14,6,2217,https://stackoverflow.com/questions/1518915/in-managed-code-how-do-i-achieve-good-locality-of-reference,Oct 5 '09 at 8:58,Hanno Fietz,27.8k,c|c#|c++|java|python,no
30101191,I need to call c++ function from javascript. Is it possible or not?,14,4,4535,https://stackoverflow.com/questions/30101191/i-need-to-call-c-function-from-javascript-is-it-possible-or-not,2015-05-07 12:32:47,Ayan,143,c|c++|java|javascript|python,yes
4314243,Converting FORTRAN to C / C++,14,11,33407,https://stackoverflow.com/questions/4314243/converting-fortran-to-c-c,2010-11-30 13:25:22,OddCore,1134,c|c++|java|python|shell,yes
2997450,The importance of knowing c++ for web application development [closed],13,14,1956,https://stackoverflow.com/questions/2997450/the-importance-of-knowing-c-for-web-application-development,2010-06-08 13:00:04,neitony,291,c#|c++|java|php|python,no
131589,Linux/C++ programmer to C#/Windows programmer,13,7,3854,https://stackoverflow.com/questions/131589/linux-c-programmer-to-c-windows-programmer,2008-09-25 05:21:13,heisen,213,c#|c++|java|python|shell,no
3703463,Is anyone using Maven/NAR for any large scale C/C++ projects? [closed],13,4,3588,https://stackoverflow.com/questions/3703463/is-anyone-using-maven-nar-for-any-large-scale-c-c-projects,2010-09-13 18:54:52,user143506,1433,c|c#|c++|java|javascript,no
1856680,Origin of term ¡°reference¡± as in ¡°pass-by-reference¡±,13,9,1246,https://stackoverflow.com/questions/1856680/origin-of-term-reference-as-in-pass-by-reference,2009-12-06 21:30:05,Paul Biggar,23.5k,c|c#|c++|java|php,no
2881526,Interpreted vs. Compiled vs. Late-Binding,13,5,1698,https://stackoverflow.com/questions/2881526/interpreted-vs-compiled-vs-late-binding,2010-05-21 11:15:54,,,c|c#|c++|java|python,no
3533759,Performance differences between Python and C,13,14,12902,https://stackoverflow.com/questions/3533759/performance-differences-between-python-and-c,Aug 20 '10 at 18:27,Pablo Hevia-Koch,502,c|c#|c++|java|python,no
340128,IronPython For Unit Testing over C#,13,8,3161,https://stackoverflow.com/questions/340128/ironpython-for-unit-testing-over-c-sharp,Dec 4 '08 at 10:21,Krish,863,c|c#|c++|javascript|python,no
8219836,Is it good practice to use the comma operator?,13,10,1080,https://stackoverflow.com/questions/8219836/is-it-good-practice-to-use-the-comma-operator,2011-11-21 23:08:01,John Humphreys - w00te,30.7k,c|c#|c++|javascript|python,no
808692,Creating an interactive shell for .NET apps and embed scripting languages like python/iron python into it,13,6,4510,https://stackoverflow.com/questions/808692/creating-an-interactive-shell-for-net-apps-and-embed-scripting-languages-like-p,Apr 30 '09 at 19:43,Developer,14.5k,c|c#|c++|python|shell,yes
1412529,How do I programmatically check whether a GIF image is animated?,13,12,12805,https://stackoverflow.com/questions/1412529/how-do-i-programmatically-check-whether-a-gif-image-is-animated,Sep 11 '09 at 18:21,Joel Verhagen,4619,c|c#|php|python|shell,no
30399175,Is it possible to implement Python yield functionality in freestanding C?,13,3,1383,https://stackoverflow.com/questions/30399175/is-it-possible-to-implement-python-yield-functionality-in-freestanding-c,May 22 '15 at 14:20,tinkerbeast,1318,c|c++|java|javascript|python,no
9558436,Rendering LaTeX to an image,13,3,7869,https://stackoverflow.com/questions/9558436/rendering-latex-to-an-image,Mar 4 '12 at 20:16,Daniel,1271,c|c++|javascript|php|shell,no
1199470,combine javascript files at deployment in python,13,6,5955,https://stackoverflow.com/questions/1199470/combine-javascript-files-at-deployment-in-python,2009-07-29 11:06:42,Diarmuid Bourke,464,c|java|javascript|python|shell,yes
2289642,The best learning route into Object Oriented Programming from C? [closed],12,16,6413,https://stackoverflow.com/questions/2289642/the-best-learning-route-into-object-oriented-programming-from-c,,,,c|c#|c++|java|javascript,no
4575192,Why is C++ backward compatible with C ? Why isn't there some ¡°pure¡± C++ language?,12,10,5922,https://stackoverflow.com/questions/4575192/why-is-c-backward-compatible-with-c-why-isnt-there-some-pure-c-language,2011-01-01 18:41:01,jokoon,5043,c|c#|c++|java|python,no
779979,C# popularity industry-wide or is SO atypical? [closed],12,7,3620,https://stackoverflow.com/questions/779979/c-sharp-popularity-industry-wide-or-is-so-atypical,2009-04-23 01:36:37,SPWorley,10.5k,c|c#|c++|java|python,no
8811120,How to get every possible pattern of an array of letters [duplicate],12,15,4933,https://stackoverflow.com/questions/8811120/how-to-get-every-possible-pattern-of-an-array-of-letters,2012-01-10 21:58:44,John,4464,c|c#|c++|javascript|python,no
3185593,Is the primary implementation of *any* popular programming language interpreter written in C++?,12,10,899,https://stackoverflow.com/questions/3185593/is-the-primary-implementation-of-any-popular-programming-language-interpreter,2010-07-06 10:56:53,Thomas Larsen,267,c|c++|java|javascript|python,no
2190339,How scalable is Jetty?,12,1,4857,https://stackoverflow.com/questions/2190339/how-scalable-is-jetty,Feb 3 '10 at 7:31,David Titarenco,29.8k,c|c++|java|php|python,no
952317,What is the Java equivalent to C#'s Windows Forms for building GUI apps easily and rapidly,11,12,18472,https://stackoverflow.com/questions/952317/what-is-the-java-equivalent-to-cs-windows-forms-for-building-gui-apps-easily-a,Jun 4 '09 at 18:34,JimDel,4167,c#|c++|java|php|python,no
726410,Serialize in C++ then deserialize in C#?,11,7,10294,https://stackoverflow.com/questions/726410/serialize-in-c-then-deserialize-in-c,2009-04-07 15:45:28,scottm,25.9k,c#|c++|java|php|python,yes
976003,What compilers target JavaScript runtimes?,11,9,2605,https://stackoverflow.com/questions/976003/what-compilers-target-javascript-runtimes,2009-06-10 14:40:42,Matthew Willis,463,c++|java|javascript|php|python,no
480510,Is C# a superset of C?,11,8,2925,https://stackoverflow.com/questions/480510/is-c-sharp-a-superset-of-c,Jan 26 '09 at 16:59,Robert Gould,63.9k,c|c#|c++|java|javascript,no
2603279,Are C/C++/ObjC/Swift/JS Apple's only allowed languages for iPhone development?,11,7,871,https://stackoverflow.com/questions/2603279/are-c-c-objc-swift-js-apples-only-allowed-languages-for-iphone-development,2010-04-08 20:37:12,fbrereto,33.8k,c|c#|c++|java|javascript,no
20420636,Naming two kinds of scope in Java,11,4,183,https://stackoverflow.com/questions/20420636/naming-two-kinds-of-scope-in-java,2013-12-06 09:41:57,user3073853,265,c|c#|c++|java|javascript,no
2338402,faster implementation of sum ( for Codility test ),11,22,27363,https://stackoverflow.com/questions/2338402/faster-implementation-of-sum-for-codility-test,2010-02-25 23:23:04,OscarRyz,180k,c|c#|c++|java|javascript,no
6166660,Google App Engine - Go vs. Python recommendations? [closed],11,6,7218,https://stackoverflow.com/questions/6166660/google-app-engine-go-vs-python-recommendations,2011-05-29 08:15:54,isNaN1247,16.9k,c|c#|c++|java|python,no
2675471,Productivity research material [closed],11,9,850,https://stackoverflow.com/questions/2675471/productivity-research-material,Apr 20 '10 at 13:33,Rune FS,20.2k,c|c#|c++|java|python,no
2476748,Writing 'bits' to C++ file streams,11,7,4917,https://stackoverflow.com/questions/2476748/writing-bits-to-c-file-streams,Mar 19 '10 at 11:18,sorush-r,8738,c|c#|c++|java|python,no
24836384,Download External Resource - Rename File,11,3,4253,https://stackoverflow.com/questions/24836384/download-external-resource-rename-file,2014-07-19 03:17:16,David,3909,c|c#|java|javascript|php,yes
4157177,How to rearrange data in array so that two similar items are not next to each other?,11,8,1891,https://stackoverflow.com/questions/4157177/how-to-rearrange-data-in-array-so-that-two-similar-items-are-not-next-to-each-ot,2010-11-11 17:18:11,Mark K,1144,c|c++|java|javascript|php,no
6334618,Ease of embedding javascript,11,8,3939,https://stackoverflow.com/questions/6334618/ease-of-embedding-javascript,2011-06-13 18:31:30,deft_code,49.2k,c|c++|java|javascript|python,yes
2209355,Is using Java the proper language/platform for developing a GUI based accounting app?,10,13,1511,https://stackoverflow.com/questions/2209355/is-using-java-the-proper-language-platform-for-developing-a-gui-based-accounting,2010-02-05 18:17:30,Awaken,1163,c#|c++|java|javascript|php,no
18550800,What is the proper way to do a C# LINQ Where/Select in C++?,10,3,3020,https://stackoverflow.com/questions/18550800/what-is-the-proper-way-to-do-a-c-sharp-linq-where-select-in-c,2013-08-31 17:18:23,Jeff,1163,c#|c++|java|javascript|php,no
2685626,Explain Type Classes in Haskell,10,6,2278,https://stackoverflow.com/questions/2685626/explain-type-classes-in-haskell,2010-04-21 18:39:19,Tsubasa Gomamoto,155,c#|c++|java|javascript|shell,no
7433663,(C/C++) How to generate executable file that can run on both Windows and Linux?,10,8,12849,https://stackoverflow.com/questions/7433663/c-c-how-to-generate-executable-file-that-can-run-on-both-windows-and-linux,2011-09-15 15:45:31,,,c|c#|c++|java|python,no
4651249,how to convert C# to C++ [closed],10,9,85559,https://stackoverflow.com/questions/4651249/how-to-convert-c-sharp-to-c,2011-01-10 20:34:49,make,707,c|c#|c++|java|python,no
19347,What is the best way to go from Java/C# to C++? [closed],10,10,822,https://stackoverflow.com/questions/19347/what-is-the-best-way-to-go-from-java-c-to-c,2008-08-21 04:46:02,Bryan Denny,26k,c|c#|c++|java|python,no
1183420,Web service: PHP or Ruby on Rails or Python? [closed],10,5,7862,https://stackoverflow.com/questions/1183420/web-service-php-or-ruby-on-rails-or-python,Jul 26 '09 at 0:21,Codezy,5279,c|c#|java|php|python,no
15996288,In-place interleaving of the two halves of a string,10,6,776,https://stackoverflow.com/questions/15996288/in-place-interleaving-of-the-two-halves-of-a-string,2013-04-14 06:10:24,Nawaz,316k,c|c++|java|python|shell,no
44722848,C++ non-blocking proxy check/open,10,2,199,https://stackoverflow.com/questions/44722848/c-non-blocking-proxy-check-open,2017-06-23 13:37:35,Damian,713,c|c++|javascript|php|shell,yes
200310,What is the technical term for C# or Java type languages?,9,9,992,https://stackoverflow.com/questions/200310/what-is-the-technical-term-for-c-sharp-or-java-type-languages,Oct 14 '08 at 7:56,danmine,10.3k,c#|c++|java|javascript|python,no
16132844,How should a basic class hierarchy be constructed? [closed],9,5,18576,https://stackoverflow.com/questions/16132844/how-should-a-basic-class-hierarchy-be-constructed,2013-04-21 15:30:31,Skamah One,2296,c#|c++|java|php|python,no
1843219,how to transition from C# to python?,9,16,7877,https://stackoverflow.com/questions/1843219/how-to-transition-from-c-sharp-to-python,Dec 3 '09 at 21:57,billy r,101,c#|c++|java|python|shell,no
1768717,Non-browser emulation of JavaScript - is it possible?,9,8,9070,https://stackoverflow.com/questions/1768717/non-browser-emulation-of-javascript-is-it-possible,2009-11-20 06:34:24,Talvi Watia,985,c++|java|javascript|php|shell,yes
832017,"What tools do web developers use with PHP, Ruby on Rails, Python, etc?",9,26,6049,https://stackoverflow.com/questions/832017/what-tools-do-web-developers-use-with-php-ruby-on-rails-python-etc,,,,c++|javascript|php|python|shell,no
1443669,Is it possible to run C code directly in the browser?,9,10,8746,https://stackoverflow.com/questions/1443669/is-it-possible-to-run-c-code-directly-in-the-browser,2009-09-18 10:19:59,Gordon Potter,5484,c|c#|c++|java|javascript,no
8318791,Is there a reason some languages allow a negative modulus?,9,6,815,https://stackoverflow.com/questions/8318791/is-there-a-reason-some-languages-allow-a-negative-modulus,Nov 29 '11 at 22:42,eversor,2646,c|c#|c++|java|python,no
25903590,C vs C++ file handling,9,3,5876,https://stackoverflow.com/questions/25903590/c-vs-c-file-handling,2014-09-18 03:12:42,0aslam0,1257,c|c#|c++|java|python,no
2306971,advanced c or c++ book [closed],9,16,7658,https://stackoverflow.com/questions/2306971/advanced-c-or-c-book,2010-02-21 18:47:14,scatman,12.8k,c|c#|c++|java|python,no
2153017,Reading Source Code Aloud,9,3,1474,https://stackoverflow.com/questions/2153017/reading-source-code-aloud,2010-01-28 07:49:03,Jon Purdy,45.4k,c|c#|c++|java|python,no
2261347,AMQP C++ implementation,9,6,5798,https://stackoverflow.com/questions/2261347/amqp-c-implementation,2010-02-14 14:13:37,Hacker_PK,237,c|c#|c++|java|python,yes
4870740,Creating a Digital Audio Workstation,9,3,16860,https://stackoverflow.com/questions/4870740/creating-a-digital-audio-workstation,Feb 2 '11 at 4:21,Jon Egeland,11k,c|c#|c++|java|shell,no
802499,How can I enumerate/list all installed applications in Windows XP?,9,7,32298,https://stackoverflow.com/questions/802499/how-can-i-enumerate-list-all-installed-applications-in-windows-xp,2009-04-29 14:02:12,sharkin,11.2k,c|c#|c++|php|python,no
907997,Physical distance between two places,9,6,4099,https://stackoverflow.com/questions/907997/physical-distance-between-two-places,May 25 '09 at 20:43,PieroP,93,c|c#|java|php|python,no
4379439,Tired of non-semantic testing to make up for dynamic typing - suggestions?,9,3,431,https://stackoverflow.com/questions/4379439/tired-of-non-semantic-testing-to-make-up-for-dynamic-typing-suggestions,Dec 7 '10 at 17:07,Alexandre,4487,c|c#|java|php|python,no
1084045,Should web developers still learn JavaScript? [closed],9,10,1484,https://stackoverflow.com/questions/1084045/should-web-developers-still-learn-javascript,2009-07-05 13:19:06,Nizar Grira,713,c|c++|java|javascript|php,no
1335739,How to determine if a list is subset of another list?,9,13,6742,https://stackoverflow.com/questions/1335739/how-to-determine-if-a-list-is-subset-of-another-list,2009-08-26 15:53:06,,,c|c++|java|php|python,no
7801053,Scripting language interpreter source code to learn from,9,6,3280,https://stackoverflow.com/questions/7801053/scripting-language-interpreter-source-code-to-learn-from,2011-10-18 00:09:15,slartibartfast,4025,c|c++|javascript|php|python,no
6188798,Choosing embedded scripting language for C++,9,6,9579,https://stackoverflow.com/questions/6188798/choosing-embedded-scripting-language-for-c,2011-05-31 14:05:12,suyuti,187,c|c++|javascript|php|python,yes
2457465,Do Java or C++ lack any OO features?,8,9,794,https://stackoverflow.com/questions/2457465/do-java-or-c-lack-any-oo-features,2010-03-16 19:33:08,tsvallender,2000,c#|c++|java|javascript|python,no
39688996,How can I run python script in android studio with java [duplicate],8,0,1214,https://stackoverflow.com/questions/39688996/how-can-i-run-python-script-in-android-studio-with-java,2016-09-25 16:09:08,Ashkan Rahmani,728,c++|java|javascript|python|shell,no
1105422,What is the case against F#? [closed],8,12,3166,https://stackoverflow.com/questions/1105422/what-is-the-case-against-f,Jul 9 '09 at 17:39,user128807,10k,c|c#|c++|java|php,no
14682715,How do the ¡°random¡± generators in different languages (i.e. Java and C++) compare?,8,5,3080,https://stackoverflow.com/questions/14682715/how-do-the-random-generators-in-different-languages-i-e-java-and-c-compar,2013-02-04 08:12:47,Bluefire,10.4k,c|c#|c++|java|php,no
1278870,what value does null really have?,8,8,1333,https://stackoverflow.com/questions/1278870/what-value-does-null-really-have,Aug 14 '09 at 16:34,Gordon Gustafson,34.3k,c|c#|c++|java|python,no
3210759,Linux developers knowing C++? [closed],8,11,2095,https://stackoverflow.com/questions/3210759/linux-developers-knowing-c,2010-07-09 07:49:30,inquam,11.6k,c|c#|c++|java|python,no
5222066,GameDevelopment: (Java & OpenGL) or (C++ & OpenGL & SDL)? [closed],8,8,14426,https://stackoverflow.com/questions/5222066/gamedevelopment-java-opengl-or-c-opengl-sdl,2011-03-07 16:18:47,Martijn Courteaux,62k,c|c#|c++|java|python,no
499731,Should I learn C++ and Java simultaneously? [closed],8,15,31711,https://stackoverflow.com/questions/499731/should-i-learn-c-and-java-simultaneously,2009-01-31 22:46:36,Jami,293,c|c#|c++|java|python,no
615100,Should I learn Python after C++? [closed],8,17,8373,https://stackoverflow.com/questions/615100/should-i-learn-python-after-c,2009-03-05 14:52:34,chester89,7276,c|c#|c++|java|python,no
4176087,Is serialization a must in order to transfer data across the wire?,8,11,2242,https://stackoverflow.com/questions/4176087/is-serialization-a-must-in-order-to-transfer-data-across-the-wire,Nov 14 '10 at 3:35,user770022,2371,c|c#|c++|java|python,no
35333721,Python private instance data revisited,8,2,165,https://stackoverflow.com/questions/35333721/python-private-instance-data-revisited,2016-02-11 07:58:53,cdlane,29.9k,c|c#|java|javascript|python,no
2105832,Google App Engine ¡ª Java or Python? [closed],8,10,1735,https://stackoverflow.com/questions/2105832/google-app-engine-java-or-python,2010-01-20 23:24:02,Michael Balint,2215,c|c++|java|javascript|python,no
6666499,Python to Objective C (Expected Learning Curve),8,5,5596,https://stackoverflow.com/questions/6666499/python-to-objective-c-expected-learning-curve,Jul 12 '11 at 15:11,Ben,9664,c|c++|java|javascript|python,no
1760455,Convert latex to html in Java or C++?,8,5,3439,https://stackoverflow.com/questions/1760455/convert-latex-to-html-in-java-or-c,2009-11-19 02:03:37,Shane,89.7k,c|c++|java|javascript|python,no
3792279,Testing C/C++ source code [duplicate],8,6,1240,https://stackoverflow.com/questions/3792279/testing-c-c-source-code,2010-09-25 02:55:23,Yanick Rochon,43.5k,c|c++|java|php|python,no
11512752,Equivalent to late static binding(PHP) in other popular languages,8,5,2797,https://stackoverflow.com/questions/11512752/equivalent-to-late-static-bindingphp-in-other-popular-languages,Jul 16 '12 at 21:21,jetru,1650,c|c++|java|php|python,no
1673844,C/C++ compiler feedback optimization,8,3,1927,https://stackoverflow.com/questions/1673844/c-c-compiler-feedback-optimization,2009-11-04 13:46:58,Lothar,10.4k,c|c++|javascript|php|python,no
1886913,How do you try out small/simple C or C++ source codes?,8,18,1183,https://stackoverflow.com/questions/1886913/how-do-you-try-out-small-simple-c-or-c-source-codes,2009-12-11 09:40:09,PythontoBeLoved,453,c|c++|php|python|shell,no
31277102,playing 40.000 unit army for game [closed],7,3,256,https://stackoverflow.com/questions/31277102/playing-40-000-unit-army-for-game,2015-07-07 18:57:39,mansim,597,c#|c++|java|javascript|php,no
28380744,Why does Facebook use PHP instead of ASP.NET MVC? [closed],7,2,2841,https://stackoverflow.com/questions/28380744/why-does-facebook-use-php-instead-of-asp-net-mvc,Feb 7 '15 at 9:57,DevTec,220,c#|c++|java|php|python,no
2081989,Open Source CMS (.Net vs Java) [closed],7,3,1268,https://stackoverflow.com/questions/2081989/open-source-cms-net-vs-java,,,,c#|java|javascript|php|python,no
3238733,Best editor/IDE(?) for Javascript / PHP development [duplicate],7,6,15258,https://stackoverflow.com/questions/3238733/best-editor-ide-for-javascript-php-development,2010-07-13 15:30:50,Dan Harris,1301,c#|java|javascript|php|python,no
3596875,"Will Javascript V8 kill all the other server-side dynamic languages? Ruby, Python, PHP? [closed]",7,1,1750,https://stackoverflow.com/questions/3596875/will-javascript-v8-kill-all-the-other-server-side-dynamic-languages-ruby-pytho,2010-08-29 22:26:48,user142913,783,c#|java|javascript|php|python,no
4495749,Best approach for (cross-platform) real-time data streaming in PHP?,7,3,10969,https://stackoverflow.com/questions/4495749/best-approach-for-cross-platform-real-time-data-streaming-in-php,2010-12-21 02:11:39,mindplay.dk,6152,c++|java|javascript|php|python,no
1326423,What could C# learn from Java? [closed],7,7,632,https://stackoverflow.com/questions/1326423/what-could-c-sharp-learn-from-java,,,,c|c#|c++|java|javascript,no
672781,Python Programming - Rules/Advice for developing enterprise-level software in Python?,7,2,1767,https://stackoverflow.com/questions/672781/python-programming-rules-advice-for-developing-enterprise-level-software-in-py,2009-03-23 09:59:44,HipsterZipster,1196,c|c#|c++|java|python,no
2248892,What are the dangers of a language that is ¡°owned¡±? [closed],7,7,846,https://stackoverflow.com/questions/2248892/what-are-the-dangers-of-a-language-that-is-owned,Feb 12 '10 at 0:43,User1,33.7k,c|c#|c++|java|python,no
9649283,How do integers multiply in C++?,7,8,2565,https://stackoverflow.com/questions/9649283/how-do-integers-multiply-in-c,2012-03-10 19:04:03,fdh,4832,c|c#|c++|java|python,no
109937,"What is the best way to go in the long term: C, Objective C, or C++? [closed]",7,14,1719,https://stackoverflow.com/questions/109937/what-is-the-best-way-to-go-in-the-long-term-c-objective-c-or-c,2008-09-21 01:28:06,dragonmantank,13.9k,c|c#|c++|java|python,no
27846924,Is there a bit-wise trick for checking the divisibility of a number by 2 or 3?,7,2,525,https://stackoverflow.com/questions/27846924/is-there-a-bit-wise-trick-for-checking-the-divisibility-of-a-number-by-2-or-3,Jan 8 '15 at 18:19,barak manos,26.8k,c|c#|c++|java|python,no
1114305,IDE for Objective C,7,10,22791,https://stackoverflow.com/questions/1114305/ide-for-objective-c,2009-07-11 18:08:32,voidone,123,c|c#|c++|javascript|python,no
15587572,Tools for compiling Python / Boo / Ruby like syntax to C / C++ / LLVM / Javascript (using JS ArrayBuffer for speed),7,2,1397,https://stackoverflow.com/questions/15587572/tools-for-compiling-python-boo-ruby-like-syntax-to-c-c-llvm-javascri,2013-03-23 13:55:31,Luke Stanley,1254,c|c++|java|javascript|python,no
3617080,C++ from a Java-view: I must have missed a few things,7,8,398,https://stackoverflow.com/questions/3617080/c-from-a-java-view-i-must-have-missed-a-few-things,2010-09-01 10:27:56,Paul Hoang,944,c|c++|java|javascript|python,no
5248844,Programming language to access RFID,7,6,12497,https://stackoverflow.com/questions/5248844/programming-language-to-access-rfid,Mar 9 '11 at 16:27,amerr,95,c|c++|java|php|python,no
3998400,Is it worth writing part of code in C instead of C++ as micro-optimization?,7,5,677,https://stackoverflow.com/questions/3998400/is-it-worth-writing-part-of-code-in-c-instead-of-c-as-micro-optimization,2010-10-22 15:32:21,Benoit Thiery,5905,c|c++|java|php|python,no
26575303,Create function call dynamically in C++,7,3,5988,https://stackoverflow.com/questions/26575303/create-function-call-dynamically-in-c,2014-10-26 16:37:12,ruabmbua,373,c|c++|java|python|shell,no
9980892,Sorted insertion into small (255 element) list,7,7,1634,https://stackoverflow.com/questions/9980892/sorted-insertion-into-small-255-element-list,2012-04-02 17:25:54,Arne,1041,c|c++|java|python|shell,no
63069595,How to transpile python Compare ast nodes to c?,7,3,313,https://stackoverflow.com/questions/63069595/how-to-transpile-python-compare-ast-nodes-to-c,Jul 24 at 8:15,BPL,8843,c|c++|javascript|python|shell,yes
6144555,How to get PHP standard functions in C?,7,4,1011,https://stackoverflow.com/questions/6144555/how-to-get-php-standard-functions-in-c,May 26 '11 at 20:19,,,c|java|javascript|php|python,no
6465801,Options for client side zip file extraction before upload,6,3,541,https://stackoverflow.com/questions/6465801/options-for-client-side-zip-file-extraction-before-upload,2011-06-24 09:17:44,Toenex,223,c#|c++|java|javascript|php,no
884391,What are the deficiencies of the Java/C# type system?,6,8,2143,https://stackoverflow.com/questions/884391/what-are-the-deficiencies-of-the-java-c-type-system,May 19 '09 at 18:42,Camilo D¡Ì¡Ùaz Repka,4717,c#|c++|java|javascript|python,no
34304936,Is the python ¡°elif¡± compiled differently from else: if?,6,4,440,https://stackoverflow.com/questions/34304936/is-the-python-elif-compiled-differently-from-else-if,2015-12-16 06:01:24,hargasinski,783,c#|c++|java|javascript|python,no
10891761,What is the sense in giving names to constructors [closed],6,8,259,https://stackoverflow.com/questions/10891761/what-is-the-sense-in-giving-names-to-constructors,2012-06-05 04:52:47,VaidAbhishek,4975,c#|c++|java|php|python,no
5436983,Can the switch statement have more than one variable?,6,11,1602,https://stackoverflow.com/questions/5436983/can-the-switch-statement-have-more-than-one-variable,Mar 25 '11 at 19:07,Bartlomiej Lewandowski,8879,c#|c++|java|php|python,no
46888778,Autocomplete TextBox using php,6,1,9358,https://stackoverflow.com/questions/46888778/autocomplete-textbox-using-php,2017-10-23 11:56:58,Aamir Shaikh,63,c++|java|javascript|php|python,yes
11764313,What is the difference between Modules in js and Classes in php?,6,1,1145,https://stackoverflow.com/questions/11764313/what-is-the-difference-between-modules-in-js-and-classes-in-php,2012-08-01 17:17:36,,,c++|java|javascript|php|python,no
18721066,Execute python in a php script using shell_exec(),6,6,17829,https://stackoverflow.com/questions/18721066/execute-python-in-a-php-script-using-shell-exec,Sep 10 '13 at 14:03,Cyrille,61,c++|java|php|python|shell,yes
659693,"Best way to serialize a C structure to be deserialized by Java, etc",6,8,5114,https://stackoverflow.com/questions/659693/best-way-to-serialize-a-c-structure-to-be-deserialized-by-java-etc,Mar 18 '09 at 19:12,,,c|c#|c++|java|javascript,yes
35513009,Nested Ternary-operator Associativity in php vs java,6,1,183,https://stackoverflow.com/questions/35513009/nested-ternary-operator-associativity-in-php-vs-java,Feb 19 '16 at 19:04,Miao Liu,440,c|c#|c++|java|php,no
15010360,Why do languages like Java distinguish between string and char while others do not? [closed],6,5,877,https://stackoverflow.com/questions/15010360/why-do-languages-like-java-distinguish-between-string-and-char-while-others-do-n,2013-02-21 19:10:11,Eva,3629,c|c#|c++|java|python,no
3031225,Which programming language for compute-intensive trading portfolio simulation?,6,7,855,https://stackoverflow.com/questions/3031225/which-programming-language-for-compute-intensive-trading-portfolio-simulation,2010-06-13 05:45:43,Bijan,5833,c|c#|c++|java|python,no
8076152,Extensible Provisioning Protocol implementations?,6,4,1343,https://stackoverflow.com/questions/8076152/extensible-provisioning-protocol-implementations,Nov 10 '11 at 7:25,adamo,1709,c|c#|c++|java|python,no
10590336,Is there a C/C++ IDE that wouldn't prompt to save before compiling?,6,4,327,https://stackoverflow.com/questions/10590336/is-there-a-c-c-ide-that-wouldnt-prompt-to-save-before-compiling,2012-05-14 20:10:03,Py42,181,c|c#|c++|java|python,no
4110939,"Alternative to C, C++? [closed]",6,10,3181,https://stackoverflow.com/questions/4110939/alternative-to-c-c,2010-11-05 23:24:42,name_masked,8482,c|c#|c++|java|python,no
1220223,are there any tutorials to help a proficient c++ programmer learn c?,6,6,395,https://stackoverflow.com/questions/1220223/are-there-any-tutorials-to-help-a-proficient-c-programmer-learn-c,2009-08-02 23:59:28,compound eye,1170,c|c#|c++|java|python,no
197379,How do I create a symlink in Windows Vista?,6,3,3068,https://stackoverflow.com/questions/197379/how-do-i-create-a-symlink-in-windows-vista,2008-10-13 12:22:27,David Arno,39.5k,c|c#|c++|java|python,yes
3048636,what is the best video processing programming language? [closed],6,4,6622,https://stackoverflow.com/questions/3048636/what-is-the-best-video-processing-programming-language,2010-06-15 20:06:44,Anas Al HAmdan,69,c|c#|c++|java|python,no
13021985,"What is the equivalent of CPython string concatenation, in C++? [duplicate]",6,1,481,https://stackoverflow.com/questions/13021985/what-is-the-equivalent-of-cpython-string-concatenation-in-c,2012-10-23 00:30:17,Cheers and hth. - Alf,133k,c|c#|c++|java|python,no
4683937,The use of getters and setters for different programming languages [closed],6,10,1756,https://stackoverflow.com/questions/4683937/the-use-of-getters-and-setters-for-different-programming-languages,2011-01-13 18:47:11,leonhart88,105,c|c#|c++|java|python,no
4405074,Differences between the C++ and the Java object model [closed],6,6,1698,https://stackoverflow.com/questions/4405074/differences-between-the-c-and-the-java-object-model,2010-12-10 02:14:06,Ali,49.2k,c|c#|c++|java|shell,no
103480,"iPhone programming - impressions, opinions?",6,7,2672,https://stackoverflow.com/questions/103480/iphone-programming-impressions-opinions,2008-09-19 16:29:48,Andrew Queisser,1155,c|c#|c++|java|shell,no
4188550,Equivalent to PHP's include in C#,6,10,3926,https://stackoverflow.com/questions/4188550/equivalent-to-phps-include-in-c-sharp,Nov 15 '10 at 20:33,Amra,191,c|c#|c++|javascript|php,no
23207117,Why do compilers only look backward for type and function declarations?,6,3,218,https://stackoverflow.com/questions/23207117/why-do-compilers-only-look-backward-for-type-and-function-declarations,2014-04-21 22:28:12,BonzaiThePenguin,1255,c|c#|c++|javascript|php,no
8048974,if(value == null) vs if(null == value) [duplicate],6,7,7663,https://stackoverflow.com/questions/8048974/ifvalue-null-vs-ifnull-value,2011-11-08 10:26:46,kamui,2968,c|c#|c++|javascript|php,no
20270828,Commenting methods in c,6,6,177,https://stackoverflow.com/questions/20270828/commenting-methods-in-c,Nov 28 '13 at 16:27,user2991252,757,c|c#|java|php|python,no
14270101,"Double Underscore in PHP, Wordpress, phpMyAdmin, C, i18n, L10n etc?",6,1,489,https://stackoverflow.com/questions/14270101/double-underscore-in-php-wordpress-phpmyadmin-c-i18n-l10n-etc,2013-01-11 01:09:58,Runium,1027,c|c++|java|javascript|php,no
32381773,"Arrays in different languages - store references, or raw objects?",6,4,330,https://stackoverflow.com/questions/32381773/arrays-in-different-languages-store-references-or-raw-objects,Sep 3 '15 at 17:14,bob,1709,c|c++|java|javascript|python,no
795549,Difference between class(java) and closure(javascript)?,6,5,2209,https://stackoverflow.com/questions/795549/difference-between-classjava-and-closurejavascript,2009-04-27 22:35:24,,,c|c++|java|javascript|shell,no
1891551,Network programming: Python vs. C for a complete beginner [closed],6,9,7891,https://stackoverflow.com/questions/1891551/network-programming-python-vs-c-for-a-complete-beginner,Dec 11 '09 at 23:32,gsin,61,c|c++|java|php|python,no
7498892,About command line arguments of main function,6,4,2748,https://stackoverflow.com/questions/7498892/about-command-line-arguments-of-main-function,2011-09-21 11:23:22,javas,63,c|c++|java|php|shell,no
2140629,What's the real utility of make and ant?,6,8,478,https://stackoverflow.com/questions/2140629/whats-the-real-utility-of-make-and-ant,2010-01-26 16:07:51,Gabriel,83,c|c++|java|php|shell,no
3167661,Picking a front-end/interpreter for a scientific code,6,3,426,https://stackoverflow.com/questions/3167661/picking-a-front-end-interpreter-for-a-scientific-code,2010-07-02 16:58:27,MarkD,4372,c|c++|php|python|shell,yes
31353604,GLIBCXX_3.4.9 not found when running ffmpeg from php in lampp server,6,2,1801,https://stackoverflow.com/questions/31353604/glibcxx-3-4-9-not-found-when-running-ffmpeg-from-php-in-lampp-server,2015-07-11 04:59:24,Rafaf Tahsin,4730,c|c++|php|python|shell,no
1543820,Comprehensions in Python and Javascript are only very basic?,6,4,432,https://stackoverflow.com/questions/1543820/comprehensions-in-python-and-javascript-are-only-very-basic,2009-10-09 13:39:13,RD1,3195,c|java|javascript|python|shell,no
1002164,Write applications in C or C++ for Android? [closed],287,20,319257,https://stackoverflow.com/questions/1002164/write-applications-in-c-or-c-for-android,2009-06-16 15:14:50,Robert Gould,64.3k,c|c#|c++|java|php|shell,no
4418708,What's the rationale for null terminated strings?,281,18,26294,https://stackoverflow.com/questions/4418708/whats-the-rationale-for-null-terminated-strings,2010-12-11 20:13:28,Billy ONeal,95.4k,c|c#|c++|java|python|shell,no
2553522,Interview question: Check if one string is a rotation of other string [closed],235,26,110746,https://stackoverflow.com/questions/2553522/interview-question-check-if-one-string-is-a-rotation-of-other-string,,,,c|c#|c++|java|php|python,no
9601427,Is inline assembly language slower than native C++ code?,186,22,58426,https://stackoverflow.com/questions/9601427/is-inline-assembly-language-slower-than-native-c-code,2012-03-07 12:22:06,user957121,2736,c|c#|c++|java|javascript|shell,no
2611246,"Is ¡°for(;;)¡± faster than ¡°while (TRUE)¡±? If not, why do people use it?",164,20,40782,https://stackoverflow.com/questions/2611246/is-for-faster-than-while-true-if-not-why-do-people-use-it,2010-04-09 22:04:48,Chris Cooper,15.9k,c|c#|c++|java|javascript|php,no
1085898,Choosing Java vs Python on Google App Engine,161,15,71123,https://stackoverflow.com/questions/1085898/choosing-java-vs-python-on-google-app-engine,2009-07-06 08:05:58,Viet,15.9k,c|c++|java|javascript|php|python,no
94977,Why aren't variables declared in ¡°try¡± in scope in ¡°catch¡± or ¡°finally¡±?,139,28,69359,https://stackoverflow.com/questions/94977/why-arent-variables-declared-in-try-in-scope-in-catch-or-finally,Sep 18 '08 at 17:56,Jon Schneider,19.6k,c|c#|c++|java|javascript|python,no
9629677,How can I use a C++ library from node.js?,132,8,103408,https://stackoverflow.com/questions/9629677/how-can-i-use-a-c-library-from-node-js,2012-03-09 06:07:35,MaiaVictor,42.3k,c|c++|java|javascript|python|shell,yes
3652554,Calling Java from Python,123,9,167955,https://stackoverflow.com/questions/3652554/calling-java-from-python,2010-09-06 15:19:24,David Portabella,10.7k,c|c#|c++|java|python|shell,yes
8898765,Calling Python in Java?,117,11,176385,https://stackoverflow.com/questions/8898765/calling-python-in-java,2012-01-17 17:10:28,Shahab,1747,c|c++|java|javascript|python|shell,yes
2683588,What is the fastest way to compute sin and cos together?,100,19,20995,https://stackoverflow.com/questions/2683588/what-is-the-fastest-way-to-compute-sin-and-cos-together,2010-04-21 14:05:53,Danvil,19.7k,c|c#|c++|java|javascript|php,no
2045774,Developing C wrapper API for Object-Oriented C++ code,81,6,44879,https://stackoverflow.com/questions/2045774/developing-c-wrapper-api-for-object-oriented-c-code,2010-01-11 23:47:23,theactiveactor,6154,c|c#|c++|java|php|python,yes
3723374,How fast is Javascript compared to Java? [closed],76,7,56290,https://stackoverflow.com/questions/3723374/how-fast-is-javascript-compared-to-java,2010-09-16 02:49:23,never_had_a_name,76.5k,c|c++|java|javascript|php|python,no
683273,Advice for C# programmer writing Python [closed],72,10,11367,https://stackoverflow.com/questions/683273/advice-for-c-sharp-programmer-writing-python,Mar 25 '09 at 20:18,Gern Blanston,41.3k,c#|java|javascript|php|python|shell,no
13270491,How do I get the intersection between two arrays as a new array?,70,22,79607,https://stackoverflow.com/questions/13270491/how-do-i-get-the-intersection-between-two-arrays-as-a-new-array,2012-11-07 13:11:01,Ranjan Sarma,1505,c|c#|c++|java|php|python,no
1995734,How are exceptions implemented under the hood?,66,10,8236,https://stackoverflow.com/questions/1995734/how-are-exceptions-implemented-under-the-hood,2010-01-03 18:06:17,Hamish Grubijan,9514,c|c#|c++|java|javascript|python,no
1482282,Java vs Python on Hadoop,53,3,39938,https://stackoverflow.com/questions/1482282/java-vs-python-on-hadoop,2009-09-26 21:55:05,jnoss,2012,c|c#|c++|java|php|python,no
526797,Good tools for creating a C/C++ parser/analyzer [closed],51,14,60827,https://stackoverflow.com/questions/526797/good-tools-for-creating-a-c-c-parser-analyzer,2009-02-09 00:48:13,Matt Ball,1304,c|c#|c++|java|python|shell,no
5091023,Choosing between WPF/C# and Qt/C++ [closed],46,7,47118,https://stackoverflow.com/questions/5091023/choosing-between-wpf-c-and-qt-c,2011-02-23 12:39:38,kumarharsh,16.3k,c|c#|c++|java|php|python,no
1318851,PHP vs. Java are there energy consumption differences?,46,12,3030,https://stackoverflow.com/questions/1318851/php-vs-java-are-there-energy-consumption-differences,Aug 23 '09 at 15:49,Thomaschaaf,16.5k,c|c++|java|javascript|php|python,no
241327,Remove C and C++ comments using Python?,46,12,37274,https://stackoverflow.com/questions/241327/remove-c-and-c-comments-using-python,2008-10-27 20:47:24,TomZ,717,c|c++|java|javascript|python|shell,no
1932883,How to design a C / C++ library to be usable in many client languages? [closed],43,7,6630,https://stackoverflow.com/questions/1932883/how-to-design-a-c-c-library-to-be-usable-in-many-client-languages,2009-12-19 13:09:45,Lena Schimmel,6796,c|c#|c++|java|php|python,no
692225,"What are the differences between C, C# and C++ in terms of real-world application [closed]",42,8,111895,https://stackoverflow.com/questions/692225/what-are-the-differences-between-c-c-sharp-and-c-in-terms-of-real-world-appli,2009-03-28 04:51:32,jerebear,5983,c|c#|c++|java|javascript|python,no
4034962,Which language has the best Git API Bindings? [closed],41,4,13477,https://stackoverflow.com/questions/4034962/which-language-has-the-best-git-api-bindings,Oct 27 '10 at 15:34,Daniel Upton,5013,c|c#|java|php|python|shell,no
1269795,Unusual Speed Difference between Python and C++,38,17,11348,https://stackoverflow.com/questions/1269795/unusual-speed-difference-between-python-and-c,2009-08-13 02:58:19,Keegan Jay,871,c|c#|c++|javascript|python|shell,no
15430004,Core difference between object oriented and object based language,34,8,82330,https://stackoverflow.com/questions/15430004/core-difference-between-object-oriented-and-object-based-language,2013-03-15 10:30:38,,,c|c#|c++|java|javascript|python,no
2561362,Learning Python coming from PHP [closed],29,3,15538,https://stackoverflow.com/questions/2561362/learning-python-coming-from-php,,,,c++|java|javascript|php|python|shell,no
251007,How difficult is it to turn a ¡°Java School¡± programmer into a C or C++ programmer? [closed],28,22,6439,https://stackoverflow.com/questions/251007/how-difficult-is-it-to-turn-a-java-school-programmer-into-a-c-or-c-programme,2008-10-30 17:17:59,Doug T.,57.8k,c|c#|c++|java|javascript|python,no
2061593,Why do C languages require parens around a simple condition in an if statement?,27,13,2814,https://stackoverflow.com/questions/2061593/why-do-c-languages-require-parens-around-a-simple-condition-in-an-if-statement,2020-04-09 15:55:16,,,c|c#|c++|java|javascript|python,no
2951757,Why do Java and C# not have implicit conversions to boolean?,27,7,3443,https://stackoverflow.com/questions/2951757/why-do-java-and-c-sharp-not-have-implicit-conversions-to-boolean,Jun 1 '10 at 17:06,Shaun,271,c|c#|c++|java|javascript|shell,no
1255945,C# vs. C++ in a cross-platform project,27,18,7375,https://stackoverflow.com/questions/1255945/c-sharp-vs-c-in-a-cross-platform-project,2009-08-10 16:45:01,Tony the Pony,36.3k,c|c#|c++|java|php|python,no
16313224,Write PHP non blocking applications,27,5,7489,https://stackoverflow.com/questions/16313224/write-php-non-blocking-applications,May 1 '13 at 5:29,Gonzalo Bahamondez,1346,c|c#|java|javascript|php|python,no
18296192,Vim [compile and] run shortcut,27,4,15919,https://stackoverflow.com/questions/18296192/vim-compile-and-run-shortcut,Aug 18 '13 at 6:00,,,c|c++|java|php|python|shell,no
1501338,What advantages can I get from learning C++ if I'm mainly a C# Programmer? [closed],26,18,13380,https://stackoverflow.com/questions/1501338/what-advantages-can-i-get-from-learning-c-if-im-mainly-a-c-sharp-programmer,2009-10-01 00:30:32,Sergio Tapia,34.8k,c|c#|c++|java|python|shell,no
29867018,Why should labels in a case statement be constant?,24,4,2730,https://stackoverflow.com/questions/29867018/why-should-labels-in-a-case-statement-be-constant,2015-04-25 15:19:52,frogatto,25.3k,c|c#|c++|java|javascript|python,no
4551023,"As Java is to Scala, C++ is to ¡­?",22,12,4633,https://stackoverflow.com/questions/4551023/as-java-is-to-scala-c-is-to,2010-12-29 02:17:19,Marcus P S,851,c|c#|c++|java|python|shell,no
783858,_Underscores in Function Names,22,5,28072,https://stackoverflow.com/questions/783858/underscores-in-function-names,2009-04-23 22:45:02,Alan Storm,155k,c|c++|java|javascript|php|python,no
5918670,REPL Environment for the Web [closed],21,7,8035,https://stackoverflow.com/questions/5918670/repl-environment-for-the-web,2011-05-07 02:00:14,paradox870,1946,c#|c++|java|javascript|php|python,no
112112,Javascript interpreter to replace Python,21,12,10567,https://stackoverflow.com/questions/112112/javascript-interpreter-to-replace-python,2008-09-21 20:52:55,Matthias Wandel,5817,c|java|javascript|php|python|shell,no
1451304,Python generators in various languages [closed],19,9,3353,https://stackoverflow.com/questions/1451304/python-generators-in-various-languages,2009-09-20 15:42:09,Vijay Mathew,24.7k,c|c#|c++|javascript|python|shell,no
6855620,What's the equivalent of .get in javascript?,18,4,4866,https://stackoverflow.com/questions/6855620/whats-the-equivalent-of-get-in-javascript,2011-07-28 07:47:59,TIMEX,201k,c#|c++|java|javascript|php|python,no
250394,Does anyone know of any C/C++/C# code libraries that do audio synthesizer emulation? [closed],18,12,12405,https://stackoverflow.com/questions/250394/does-anyone-know-of-any-c-c-c-code-libraries-that-do-audio-synthesizer-emulat,2008-10-30 14:41:07,MusiGenesis,70.6k,c|c#|c++|java|python|shell,no
27974945,Can we programmatically compare different images of same resolutions?,17,1,3006,https://stackoverflow.com/questions/27974945/can-we-programmatically-compare-different-images-of-same-resolutions,2015-01-15 23:32:13,SteveS,178,c|c#|c++|java|php|python,no
1513920,Scripting language for C/C++?,16,12,17486,https://stackoverflow.com/questions/1513920/scripting-language-for-c-c,2009-10-03 14:44:56,rjoshi,1599,c|c#|c++|java|javascript|python,no
1475637,"How do you bind a language (python, for example) to another (say, C++)?",16,6,2943,https://stackoverflow.com/questions/1475637/how-do-you-bind-a-language-python-for-example-to-another-say-c,2009-09-25 05:55:40,larryq,12.9k,c|c#|c++|java|php|python,no
1428598,Can a JSON object returned by PHP contain a date object,15,5,16046,https://stackoverflow.com/questions/1428598/can-a-json-object-returned-by-php-contain-a-date-object,2009-09-15 17:41:16,Eric,83.8k,c#|c++|java|javascript|php|python,yes
21878079,Communicate with Cash Drawer from Website,15,4,18190,https://stackoverflow.com/questions/21878079/communicate-with-cash-drawer-from-website,Feb 19 '14 at 10:43,The Humble Rat,3970,c|c#|c++|java|javascript|php,no
9354010,Character size in Java vs. C,15,5,10921,https://stackoverflow.com/questions/9354010/character-size-in-java-vs-c,Feb 19 '12 at 22:43,ion3023,151,c|c#|c++|java|javascript|python,no
30686330,Running C# code from C++ application (Android NDK) for free,15,3,1401,https://stackoverflow.com/questions/30686330/running-c-sharp-code-from-c-application-android-ndk-for-free,2015-06-06 18:38:53,kiwibonga,547,c|c#|c++|java|javascript|shell,yes
10356605,Google Drive API for C or C++,15,1,14556,https://stackoverflow.com/questions/10356605/google-drive-api-for-c-or-c,2012-04-27 19:19:49,davide.gironi,217,c|c#|c++|java|php|python,no
271488,Linking languages,15,9,853,https://stackoverflow.com/questions/271488/linking-languages,2008-11-07 08:07:10,Ben,55.9k,c|c#|c++|java|php|python,no
3361405,GUI with C++ ? or C# and Java the way to go? [closed],15,13,12733,https://stackoverflow.com/questions/3361405/gui-with-c-or-c-sharp-and-java-the-way-to-go,2010-07-29 10:15:35,Ahmed,3188,c|c#|c++|java|php|python,no
1590976,Multicore programming: what's necessary to do it?,15,15,7720,https://stackoverflow.com/questions/1590976/multicore-programming-whats-necessary-to-do-it,Oct 19 '09 at 20:34,Nope,27.5k,c|c#|c++|java|python|shell,no
29251668,Cross platform desktop development with HTML5 GUI,14,8,12245,https://stackoverflow.com/questions/29251668/cross-platform-desktop-development-with-html5-gui,Mar 25 '15 at 9:19,ccalboni,9949,c#|java|javascript|php|python|shell,no
4894048,Can a python program be run on a computer without Python? What about C/C++?,14,7,34663,https://stackoverflow.com/questions/4894048/can-a-python-program-be-run-on-a-computer-without-python-what-about-c-c,2011-02-04 02:42:57,Justin,149,c|c#|c++|java|javascript|python,no
2612766,Making use of C++ to speed up PHP,13,7,10010,https://stackoverflow.com/questions/2612766/making-use-of-c-to-speed-up-php,2010-04-10 08:34:43,yretuta,7394,c|c++|java|javascript|php|python,no
5700186,Meta programming into several output languages,12,5,518,https://stackoverflow.com/questions/5700186/meta-programming-into-several-output-languages,2011-04-18 08:17:19,Roel,17.8k,c#|c++|java|javascript|php|python,yes
7428974,What is .NET's relation to the Windows Kernel/OS & other OS's,12,5,2701,https://stackoverflow.com/questions/7428974/what-is-nets-relation-to-the-windows-kernel-os-other-oss,2011-09-15 09:52:03,user593747,1373,c|c#|c++|java|javascript|python,no
5730330,codility absolute distinct count from an array,12,32,25082,https://stackoverflow.com/questions/5730330/codility-absolute-distinct-count-from-an-array,Apr 20 '11 at 12:32,yahh,1137,c|c#|c++|java|javascript|python,no
165945,What is the best approach for IPC between Java and C++?,12,5,12080,https://stackoverflow.com/questions/165945/what-is-the-best-approach-for-ipc-between-java-and-c,2008-10-03 06:52:01,,,c|c#|c++|java|php|python,yes
14082287,Why are floating point numbers printed so differently?,12,5,1224,https://stackoverflow.com/questions/14082287/why-are-floating-point-numbers-printed-so-differently,2012-12-29 13:50:00,raina77ow,86.7k,c|c++|java|javascript|php|python,no
6133820,Are Regular Expressions universal? [closed],11,6,2239,https://stackoverflow.com/questions/6133820/are-regular-expressions-universal,2011-05-26 04:50:52,Ibrahim Azhar Armar,22.2k,c#|c++|java|javascript|php|python,no
4259057,"SVG / vector graphical objects boolean operations (union, intersection, subtraction)",11,2,3281,https://stackoverflow.com/questions/4259057/svg-vector-graphical-objects-boolean-operations-union-intersection-subtract,Nov 23 '10 at 17:40,GreyCat,14.9k,c|c#|c++|java|javascript|python,no
1281879,What high level languages are easily interfaced with C / C++?,11,16,1103,https://stackoverflow.com/questions/1281879/what-high-level-languages-are-easily-interfaced-with-c-c,2009-08-15 13:19:02,¡Ö?ukasz Lew,41.5k,c|c#|c++|java|php|python,no
2504536,Why allow concatenation of string literals?,11,10,2755,https://stackoverflow.com/questions/2504536/why-allow-concatenation-of-string-literals,2010-03-24 00:08:04,deft_code,49.2k,c|c#|c++|java|php|python,no
789278,Differences between UNIX and Windows development,11,13,2223,https://stackoverflow.com/questions/789278/differences-between-unix-and-windows-development,2009-04-25 16:35:46,Richard,601,c|c#|c++|java|python|shell,no
3927456,Security exploits in ¡°safe¡± languages,11,12,5461,https://stackoverflow.com/questions/3927456/security-exploits-in-safe-languages,2010-10-13 19:52:38,Channel72,21.8k,c|c++|java|javascript|php|shell,no
1691201,What is a scripting engine?,10,6,7504,https://stackoverflow.com/questions/1691201/what-is-a-scripting-engine,2009-11-06 23:22:45,zxcvbnm,1735,c#|c++|java|javascript|python|shell,no
15976080,list of all header files included by a C file,10,3,6267,https://stackoverflow.com/questions/15976080/list-of-all-header-files-included-by-a-c-file,2013-04-12 16:08:31,carte blanche,7340,c|c#|c++|java|php|python,no
648334,Should I learn GTK+ or GTKMM?,10,7,11932,https://stackoverflow.com/questions/648334/should-i-learn-gtk-or-gtkmm,2009-03-15 18:54:27,Kredns,33.2k,c|c#|c++|java|php|python,no
209334,How to start Linux Programming [closed],10,11,6716,https://stackoverflow.com/questions/209334/how-to-start-linux-programming,2008-10-16 16:32:58,Vinay,4665,c|c++|java|php|python|shell,no
2756,Lightweight IDE for Linux [closed],10,15,79858,https://stackoverflow.com/questions/2756/lightweight-ide-for-linux,2008-08-05 19:57:11,Mario Marinato,4411,c|c++|java|php|python|shell,no
4021029,PHP Communication with C++ Application,9,5,17357,https://stackoverflow.com/questions/4021029/php-communication-with-c-application,2010-10-26 05:51:10,Josh Renwald,1339,c#|c++|java|php|python|shell,yes
3134531,Are Interfaces just ¡°Syntactic Sugar¡±?,9,9,1162,https://stackoverflow.com/questions/3134531/are-interfaces-just-syntactic-sugar,Jun 28 '10 at 17:12,Somebody still uses you MS-DOS,11.8k,c|c#|c++|java|php|python,no
2749889,Looking forward to a programming future but confused where to start [closed],9,9,795,https://stackoverflow.com/questions/2749889/looking-forward-to-a-programming-future-but-confused-where-to-start,2010-05-01 12:25:57,Kraivyne,103,c|c#|c++|java|php|python,no
756984,What can be done in VC++ (native) that can't be done with VC#?,9,14,706,https://stackoverflow.com/questions/756984/what-can-be-done-in-vc-native-that-cant-be-done-with-vc,2009-04-16 16:39:10,Phillip,440,c|c#|c++|java|python|shell,no
11154668,Is the Visitor pattern useful for dynamically typed languages?,8,6,1990,https://stackoverflow.com/questions/11154668/is-the-visitor-pattern-useful-for-dynamically-typed-languages,Jun 22 '12 at 10:43,alexis,41.2k,c#|c++|java|javascript|php|python,no
18042223,What is bool in C/C++? A keyword or a macro?,8,6,19144,https://stackoverflow.com/questions/18042223/what-is-bool-in-c-c-a-keyword-or-a-macro,2013-08-04 11:02:23,iammilind,60.2k,c|c#|c++|java|javascript|php,no
2029351,Is new-ing objects obsolete?,8,8,759,https://stackoverflow.com/questions/2029351/is-new-ing-objects-obsolete,,,,c|c#|c++|java|php|python,no
2334966,win32 application aren't so object oriented and why there are so many pointers?,8,9,1967,https://stackoverflow.com/questions/2334966/win32-application-arent-so-object-oriented-and-why-there-are-so-many-pointers,2010-02-25 15:04:08,numerical25,9632,c|c#|c++|php|python|shell,no
1769297,3-way merge in JavaScript or PHP,7,3,2283,https://stackoverflow.com/questions/1769297/3-way-merge-in-javascript-or-php,2009-11-20 09:23:02,Andreas Gohr,3917,c#|c++|java|javascript|php|python,no
4130632,Saving a web page as image,7,4,3741,https://stackoverflow.com/questions/4130632/saving-a-web-page-as-image,2010-11-09 04:55:04,Favonius,13.3k,c#|c++|java|javascript|php|python,no
2713289,How to execute Javascript function in C++,7,4,34648,https://stackoverflow.com/questions/2713289/how-to-execute-javascript-function-in-c,2010-04-26 12:11:47,,,c|c#|c++|java|javascript|php,yes
1217274,"Is LINQ (or linq) a niche tool, or is it on the path to becoming foundational?",7,8,699,https://stackoverflow.com/questions/1217274/is-linq-or-linq-a-niche-tool-or-is-it-on-the-path-to-becoming-foundational,2009-08-01 19:16:26,Cheeso,176k,c|c#|c++|java|php|python,no
2916549,~1s latency control app: is this suitable for Java?,7,3,229,https://stackoverflow.com/questions/2916549/1s-latency-control-app-is-this-suitable-for-java,2010-05-26 20:31:55,Alexander Torstling,16k,c|c#|c++|java|php|python,no
1843205,Are there tools to integrate Java and C++?,7,5,5951,https://stackoverflow.com/questions/1843205/are-there-tools-to-integrate-java-and-c,2009-12-03 21:55:20,,,c|c#|c++|java|php|python,yes
56787106,Does managed languages lock flush and reload variables of native libraries?,7,1,105,https://stackoverflow.com/questions/56787106/does-managed-languages-lock-flush-and-reload-variables-of-native-libraries,Jun 27 '19 at 8:36,Jenix,2539,c|c#|c++|java|php|python,yes
4041985,Selecting a Build Server,7,4,3246,https://stackoverflow.com/questions/4041985/selecting-a-build-server,Oct 28 '10 at 10:33,neurovelho,71,c|c#|c++|java|python|shell,no
2046572,Has anyone used Lua to build a web application? [closed],7,7,7563,https://stackoverflow.com/questions/2046572/has-anyone-used-lua-to-build-a-web-application,Jan 12 '10 at 3:42,TeddyK,95,c|c++|java|javascript|php|python,no
1303270,Lua vs PHP/Python/JSP/etc [closed],7,6,10764,https://stackoverflow.com/questions/1303270/lua-vs-php-python-jsp-etc,Aug 20 '09 at 0:00,,,c|c++|java|javascript|php|python,no
6632606,where does node.js fit within the web development context?,7,3,1716,https://stackoverflow.com/questions/6632606/where-does-node-js-fit-within-the-web-development-context,2011-07-09 03:56:41,Benny Tjia,4858,c|c++|java|javascript|php|python,no
51052417,How does printf extract digits from a floating point number?,7,3,526,https://stackoverflow.com/questions/51052417/how-does-printf-extract-digits-from-a-floating-point-number,2018-06-26 22:59:00,J. Antonio Perez,8653,c|c++|java|javascript|php|python,no
6378022,Java .NET interop,6,4,7239,https://stackoverflow.com/questions/6378022/java-net-interop,Jun 16 '11 at 20:13,StrangeWill,2057,c|c#|c++|java|javascript|php,yes
2626953,What are the main differences between C# and Java? [duplicate],6,4,2424,https://stackoverflow.com/questions/2626953/what-are-the-main-differences-between-c-sharp-and-java,Apr 13 '10 at 4:19,Lars Andren,7635,c|c#|c++|java|javascript|python,no
3345916,"Big picture questions regarding Django, Java, Python, HTML and web-site development in general [closed]",6,8,1770,https://stackoverflow.com/questions/3345916/big-picture-questions-regarding-django-java-python-html-and-web-site-developm,2010-07-27 16:49:57,Mark,1184,c|c++|java|javascript|php|python,no
9887372,Call python from javascript [duplicate],6,1,9419,https://stackoverflow.com/questions/9887372/call-python-from-javascript,2012-03-27 10:04:47,user,903,c|c++|java|javascript|php|python,no
3265357,Compiled vs. Interpreted Languages,288,12,214419,https://stackoverflow.com/questions/3265357/compiled-vs-interpreted-languages,2010-07-16 13:35:33,chimeracoder,16.1k,c|c++|java|javascript|php|python|shell,no
138361,How much faster is C++ than C#?,253,29,165384,https://stackoverflow.com/questions/138361/how-much-faster-is-c-than-c,2008-09-26 08:57:46,Trap,10.8k,c|c#|c++|java|javascript|php|python,no
441824,Java ¡°Virtual Machine¡± vs. Python ¡°Interpreter¡± parlance?,208,13,61423,https://stackoverflow.com/questions/441824/java-virtual-machine-vs-python-interpreter-parlance,2009-01-14 03:39:32,twils,2244,c|c#|c++|java|javascript|python|shell,no
146850,Is D a credible alternative to Java and C++? [closed],163,13,43161,https://stackoverflow.com/questions/146850/is-d-a-credible-alternative-to-java-and-c,2008-09-28 22:00:33,Mark Kegel,4300,c|c#|c++|java|javascript|php|python,no
2657268,What's the difference between compiled and interpreted language?,118,7,151819,https://stackoverflow.com/questions/2657268/whats-the-difference-between-compiled-and-interpreted-language,2010-04-17 04:44:03,SIr Codealot,4643,c|c#|c++|java|javascript|python|shell,no
3455456,What kinds of patterns could I enforce on the code to make it easier to translate to another programming language? [closed],95,6,20203,https://stackoverflow.com/questions/3455456/what-kinds-of-patterns-could-i-enforce-on-the-code-to-make-it-easier-to-translat,Aug 11 '10 at 5:14,NullUserException,74.7k,c|c#|c++|java|javascript|php|python,no
1994703,Which programming languages can I use on Android Dalvik?,64,8,20412,https://stackoverflow.com/questions/1994703/which-programming-languages-can-i-use-on-android-dalvik,2010-01-03 11:35:32,mjn,35.1k,c|c#|c++|java|javascript|python|shell,no
6498850,Programming languages that compile into C/C++ source? [closed],61,14,22597,https://stackoverflow.com/questions/6498850/programming-languages-that-compile-into-c-c-source,2011-06-27 20:55:25,Jeff,10.9k,c|c#|c++|java|javascript|php|python,no
2940064,Studies of relative costs for development in different languages,59,8,4864,https://stackoverflow.com/questions/2940064/studies-of-relative-costs-for-development-in-different-languages,May 30 '10 at 19:54,mmmm,2351,c|c#|c++|java|javascript|php|python,no
494389,Why doesn't Sun do a C# to Java byte code compiler?,46,18,11628,https://stackoverflow.com/questions/494389/why-doesnt-sun-do-a-c-sharp-to-java-byte-code-compiler,Jan 30 '09 at 3:31,Joe Erickson,6706,c|c#|c++|java|javascript|php|python,no
3086467,"Confused, are languages like python, ruby single threaded? unlike say java? (for web apps)",45,13,27719,https://stackoverflow.com/questions/3086467/confused-are-languages-like-python-ruby-single-threaded-unlike-say-java-for,2010-06-21 16:29:18,Blankman,227k,c|c#|c++|java|javascript|php|python,no
1984856,Java Runtime Performance Vs Native C / C++ Code?,44,9,26836,https://stackoverflow.com/questions/1984856/java-runtime-performance-vs-native-c-c-code,2009-12-31 10:30:33,D.C.,14.7k,c|c#|c++|java|javascript|php|python,no
6190289,CoffeeScript-like language for C/C++,37,8,6142,https://stackoverflow.com/questions/6190289/coffeescript-like-language-for-c-c,2011-05-31 15:59:09,Ian,4175,c|c#|c++|java|javascript|php|python,no
3538477,C for Java Programmer? [duplicate],26,7,6290,https://stackoverflow.com/questions/3538477/c-for-java-programmer,2010-08-21 18:39:39,lucas1000001,2610,c|c#|c++|java|php|python|shell,no
805957,FastCGI C++ vs. A Script Language (PHP/Python/Perl),24,16,16057,https://stackoverflow.com/questions/805957/fastcgi-c-vs-a-script-language-php-python-perl,2009-04-30 08:43:03,The Unknown,16.6k,c|c#|c++|java|javascript|php|python,no
1419041,Can learning C or C++ be dangerous to my computer? [closed],21,12,14266,https://stackoverflow.com/questions/1419041/can-learning-c-or-c-be-dangerous-to-my-computer,2009-09-13 22:50:07,Gordon Potter,5484,c|c++|java|javascript|php|python|shell,no
1544903,I want to learn game development. Which language should I use? [closed],20,29,33682,https://stackoverflow.com/questions/1544903/i-want-to-learn-game-development-which-language-should-i-use,2009-10-09 16:48:11,Moeb,9471,c|c#|c++|java|javascript|php|python,no
977404,"C++ slow, python fast? (in terms of development time) [closed]",19,13,5327,https://stackoverflow.com/questions/977404/c-slow-python-fast-in-terms-of-development-time,2009-06-10 18:33:13,,,c|c#|c++|java|php|python|shell,no
1925576,Is it worth learning C as a web developer? Will I ever use it? [closed],13,20,3264,https://stackoverflow.com/questions/1925576/is-it-worth-learning-c-as-a-web-developer-will-i-ever-use-it,Dec 18 '09 at 0:39,Imran,9992,c|c#|c++|java|javascript|php|python,no
671991,Is there a reason I should not start with C#,12,19,1892,https://stackoverflow.com/questions/671991/is-there-a-reason-i-should-not-start-with-c-sharp,Mar 23 '09 at 1:44,Mackristo,2471,c|c#|c++|java|javascript|php|python,no
3981496,"Game Development, the language for beginners? [closed]",12,21,3715,https://stackoverflow.com/questions/3981496/game-development-the-language-for-beginners,2010-10-20 19:20:04,Jonathan Musso,1356,c|c#|c++|java|javascript|php|python,no
1514619,Can I declare a function that can take pointer to itself as an argument?,11,8,3511,https://stackoverflow.com/questions/1514619/can-i-declare-a-function-that-can-take-pointer-to-itself-as-an-argument,2009-10-03 19:30:56,P Shved,83k,c|c#|c++|javascript|php|python|shell,no
637291,Learn C# or Java for Web Development [closed],10,7,12100,https://stackoverflow.com/questions/637291/learn-c-sharp-or-java-for-web-development,Mar 12 '09 at 3:48,Mackristo,2471,c|c#|java|javascript|php|python|shell,no
8649738,C's heritage: bitwise operators vs equality operators precedence [closed],9,0,527,https://stackoverflow.com/questions/8649738/cs-heritage-bitwise-operators-vs-equality-operators-precedence,2016-07-07 20:27:44,Zaur Nasibov,20.3k,c|c#|c++|java|javascript|php|python,no
13438547,Linux C or C++ library to diff and patch strings? [closed],9,3,4939,https://stackoverflow.com/questions/13438547/linux-c-or-c-library-to-diff-and-patch-strings,2012-11-18 08:18:27,Andrew Tomazos,55.6k,c|c#|c++|java|javascript|python|shell,no
1792360,What are the limits of Python? [closed],9,11,9335,https://stackoverflow.com/questions/1792360/what-are-the-limits-of-python,2009-11-24 19:26:02,taabouzeid,859,c|c#|c++|java|javascript|php|python,no
12109795,Is there a cross-OS GUI framework that supports embedding HTML pages?,9,9,4554,https://stackoverflow.com/questions/12109795/is-there-a-cross-os-gui-framework-that-supports-embedding-html-pages,2012-08-24 12:54:20,Madd0g,3489,c|c#|c++|java|javascript|php|python,no
4992989,How do languages handle side effects of compound operators?,9,4,485,https://stackoverflow.com/questions/4992989/how-do-languages-handle-side-effects-of-compound-operators,2011-02-14 13:56:16,Kos,62.6k,c|c#|c++|java|javascript|php|python,no
1029435,PHP desktop applications [closed],8,4,1595,https://stackoverflow.com/questions/1029435/php-desktop-applications,Jun 22 '09 at 21:15,Christwo,527,c|c#|c++|java|javascript|php|python,no
1057178,Is it worth learning C to get a deeper understanding of OS'es and computers in general?,8,18,1403,https://stackoverflow.com/questions/1057178/is-it-worth-learning-c-to-get-a-deeper-understanding-of-oses-and-computers-in-g,Jun 29 '09 at 8:27,,,c|c#|c++|java|javascript|php|python,no
1354631,Considering moving to .NET from java [closed],8,11,3459,https://stackoverflow.com/questions/1354631/considering-moving-to-net-from-java,Aug 30 '09 at 18:59,,,c|c#|c++|java|javascript|php|python,no
3521949,Is there any code editor that works on touch screen mobile phones?,7,4,3797,https://stackoverflow.com/questions/3521949/is-there-any-code-editor-that-works-on-touch-screen-mobile-phones,,,,c|c#|c++|java|javascript|php|python,no
143388,Java: Scripting language (macro) to embed into a Java desktop application,7,9,3099,https://stackoverflow.com/questions/143388/java-scripting-language-macro-to-embed-into-a-java-desktop-application,2008-09-27 10:42:07,Eugene Yokota,88.3k,c|c#|c++|java|javascript|python|shell,yes
9041436,Interpreters written in standard C or C++,7,4,2099,https://stackoverflow.com/questions/9041436/interpreters-written-in-standard-c-or-c,2012-01-27 23:27:40,math4tots,7193,c|c++|java|javascript|php|python|shell,no
467762,Which language/platform to develop desktop application based on following criteria [closed],6,8,3999,https://stackoverflow.com/questions/467762/which-language-platform-to-develop-desktop-application-based-on-following-criter,2009-01-22 01:27:25,Prembo,2166,c|c#|c++|java|javascript|python|shell,no
145110,C++ performance vs. Java/C#,119,31,407946,https://stackoverflow.com/questions/145110/c-performance-vs-java-c,,,,c|c#|c++|java|javascript|php|python|shell,no
1056051,How do you call Python code from C code?,41,9,60706,https://stackoverflow.com/questions/1056051/how-do-you-call-python-code-from-c-code,Jun 28 '09 at 23:37,pgb,458,c|c#|c++|java|javascript|php|python|shell,yes
2605274,"How do you use scripting language (PHP, Python, etc) to improve your productivity?",14,10,2688,https://stackoverflow.com/questions/2605274/how-do-you-use-scripting-language-php-python-etc-to-improve-your-productivit,Apr 9 '10 at 5:31,Edwin Yip,3685,c|c#|c++|java|javascript|php|python|shell,no
8250421,"Why Javascript is used in MongoDB or CouchDB instead of other languages such as Java, C++?",10,7,2037,https://stackoverflow.com/questions/8250421/why-javascript-is-used-in-mongodb-or-couchdb-instead-of-other-languages-such-as,2011-11-23 23:19:53,jeff musk,921,c|c#|c++|java|javascript|php|python|shell,no
754622,Should I learn C before learning Javascript? [closed],6,13,12281,https://stackoverflow.com/questions/754622/should-i-learn-c-before-learning-javascript,2014-06-22 04:22:08,Jitendra Vyas,129k,c|c#|c++|java|javascript|php|python|shell,no
